objectid,district,state,dist_code,lst_day_mean,lst_afternoon_mean,ndvi_mean,evi_mean,viirs_ntl_mean,pop_total,children_pct,elderly_pct,female_pct,built_surface_mean,smod_mean,ghsl_pop_2025,building_height_mean,green_fraction,forest_fraction,urban_lc_fraction,healthcare_travel_min,cropland_fraction,mpi_poverty_pct,literacy_pct,outdoor_workers_pct,sc_st_pct,exposure_score,sensitivity_score,adaptive_score,hvi_score,hvi_tier
28,NICOBARS,ANDAMAN AND NICOBAR ISLANDS,638,27.041254963203905,27.23066621733405,0.6430732755136169,0.4330362684407141,0.2777731002572464,257.11266564545326,7.98,8.27,43.1,0.9008309044242389,10.927328490016093,344.51052611339594,0.0121827781446741,0.8448514377691747,0.68095445251664,0.0,659.6546606192883,0.0,5.28,87.5,46.48,64.28,14.14,8.56,42.51,16.82,Very Low
29,NORTH AND MIDDLE ANDAMAN,ANDAMAN AND NICOBAR ISLANDS,639,29.49498680578609,30.36514153741841,0.6550101533239,0.4461343753123537,0.2479006990438579,911.7012125301618,7.24,9.89,47.36,0.1827997433457968,11.071886408389911,1100.2611358154948,0.0073456202845321,0.9306989401951472,0.8422373166360608,0.0014104918468039,103.1644614887543,0.0005641967387215,25.83,75.8,40.69,24.67,10.18,6.63,68.42,25.01,Low
30,SOUTH ANDAMANS,ANDAMAN AND NICOBAR ISLANDS,640,28.610763378869706,29.04760646628525,0.6384026431384039,0.4398085816353373,0.368147228692869,2278.0812489842856,6.65,6.69,45.81,9.700976770661772,11.45907161370025,2460.533905248357,0.073266278020406,0.9089326373413452,0.8234909408003122,0.0093074798953589,172.25708521432412,0.0023162726479992,25.83,75.8,40.69,24.67,10.97,2.85,69.43,24.2,Low
1,ALLURI SITHARAMA RAJU,ANDHRA PRADESH,555N002,31.88017303924763,35.1447624820047,0.6278678342344647,0.4060178118131878,0.4418352699492031,8632.753477047912,6.77,10.7,49.83,0.6568180399624088,11.464958973579034,9680.99088833876,0.0149181018151583,0.959813711536539,0.3729997770000617,0.0001948685399247,52.10720990393556,0.0342036777700709,25.83,75.8,40.69,24.67,25.15,13.56,67.59,33.62,Low
2,ANAKAPALLI,ANDHRA PRADESH,544N001,33.850353747360664,37.10277553392075,0.6121403155970107,0.3998074247811288,1.293808454718142,18481.81420310512,6.77,10.29,49.79,24.12989434890341,14.353966255165286,22543.971132792187,0.1715822941537252,0.407189702987847,0.0603680986126138,0.0105438760399856,17.4025151504539,0.450197011045174,25.83,75.8,40.69,24.67,50.86,46.46,66.78,57.25,Moderate
3,ANANTHAPURAMU,ANDHRA PRADESH,553,39.57673439205779,45.12226889770659,0.3252223012876904,0.2053558234431082,0.7850910369318138,21331.19600220672,6.97,11.99,49.12,21.11607506649232,11.905262063266436,25603.481773547428,0.094463233545566,0.1800631413545525,0.0,0.0058830038291149,25.86323232106316,0.7996155712160987,25.83,75.8,40.69,24.67,84.72,71.93,67.04,81.62,Very High
4,ANNAMAYYA,ANDHRA PRADESH,555N005,36.86546151523224,41.896789951520375,0.4469913528165642,0.2737719137781331,0.7135588459353392,16124.634885962398,7.06,12.35,49.53,11.842854643499711,12.370542116636129,19116.486391285445,0.0581177254644999,0.2892502756803271,0.0543374125330038,0.0028955897035605,38.22176059710258,0.6967234625617286,25.83,75.8,40.69,24.67,69.97,64.1,67.3,72.49,High
5,BAPATLA,ANDHRA PRADESH,555N004,37.11352585640587,41.59582484311088,0.4034902392939522,0.241871773855136,1.1648273555910449,14418.62312942143,6.72,12.32,49.54,22.61639615472329,13.015347478034986,16510.352858024507,0.1631147649626147,0.084152148956155,0.0,0.0366389390314139,12.939504474111096,0.850120986289509,25.83,75.8,40.69,24.67,80.27,74.5,66.72,80.73,Very High
6,CHITTOOR,ANDHRA PRADESH,554,34.8051469926206,40.08093374898394,0.5257517845651448,0.3229342902858373,1.0303291562881975,17710.739634852136,6.89,12.64,49.66,14.572919040185733,14.037657757538849,20204.06926516725,0.1808926129852785,0.1411482901026946,0.0374049600455262,0.0033243437184357,18.82902065659814,0.8512502139709727,9.64,72.6,46.32,22.64,67.76,76.15,76.33,80.21,Very High
7,DR.B.R.AMBEDKAR KONASEEMA,ANDHRA PRADESH,545N002,31.72942385933556,33.76138857856678,0.4623650736520528,0.2830432208812042,1.2937266377414105,15991.181637401349,6.44,11.74,49.83,30.89359800048674,15.303958462047298,18034.449549110963,0.2373032138396113,0.5717677968534497,0.0060987025630464,0.0170042873457772,11.821642130034109,0.2735164348254791,25.83,75.8,40.69,24.67,54.86,35.49,66.58,54.32,Moderate
8,EAST GODAVARI,ANDHRA PRADESH,545,34.030733879055965,37.912456375160126,0.5079213934875766,0.3312052705896782,1.4513310980528065,16458.741888431134,6.34,12.07,49.83,73.85078858176229,14.765395125968622,20417.365020390716,0.3426952292190048,0.0652779257578419,0.011315435584518,0.0346302146174867,10.919068139066953,0.6473972626407772,8.51,72.6,40.62,22.48,69.39,58.81,75.94,73.63,High
9,ELURU,ANDHRA PRADESH,555N003,33.84688005371816,37.72309887008103,0.5231252900711365,0.322800293669253,0.8766129934150665,17903.729946976197,6.17,12.42,49.74,19.27382624657561,13.104837247218583,21543.3297551636,0.1449737081171905,0.3500070207193648,0.1148316818062178,0.0096073001837893,18.899475648791704,0.5030280049957958,25.83,75.8,40.69,24.67,58.41,51.53,66.84,62.44,High
10,GUNTUR,ANDHRA PRADESH,548,37.8567198618665,43.34808862048912,0.3863562310742911,0.2245844970249721,2.08996608041736,19950.206233813748,6.4,12.2,49.82,126.23273764058668,14.544075490835782,22797.214750195173,0.3708376537029496,0.0751584064420165,0.0,0.0501875519904012,10.048841281928,0.8483364617768113,7.26,72.6,48.73,24.64,83.3,77.42,75.88,86.9,Very High
11,KAKINADA,ANDHRA PRADESH,545N001,33.1149091393999,36.07623753829785,0.5504022630002522,0.3626952529487331,1.5705143040406755,19022.81684618237,6.44,11.72,49.83,67.21347849988085,14.42712240400475,23408.52312909513,0.3127897932463721,0.3261954105187372,0.0611801106262497,0.0397103966296453,17.127999460325487,0.4990258176564169,25.83,75.8,40.69,24.67,56.3,51.64,66.55,61.5,High
12,KRISHNA,ANDHRA PRADESH,547,35.75751595388741,39.67454674929395,0.377456781691443,0.2093693037620355,1.5659911600011631,16131.635262307758,6.2,11.98,49.53,43.872792671767634,13.860638981367911,18149.06533165156,0.2138293423663882,0.2516996670755213,0.0,0.0327911142261939,14.910760026732335,0.6133792808052487,8.69,72.6,45.36,22.21,76.04,57.51,76.21,75.93,High
13,KURNOOL,ANDHRA PRADESH,552,40.93703644281408,46.87675595325687,0.2966440377754353,0.1772866252530247,0.8166325882111548,22590.387953947586,8.01,9.52,49.37,18.344715090842666,12.071796180008,26366.62473509347,0.0862745373146247,0.2627039629246092,0.0,0.0073951054577534,23.53370456874452,0.7270044167119446,19.64,72.6,50.07,20.25,86.15,67.21,76.55,84.17,Very High
14,NANDYAL,ANDHRA PRADESH,552N001,38.80746590268041,44.29605917887647,0.3712271765131204,0.2209915983064598,0.6717821967579393,17340.041745008573,8.0,9.52,49.37,9.09787896650801,11.82771837088188,19673.91834478374,0.062780721100251,0.3892421712819144,0.1337856515414074,0.0061443066080847,41.10722860918685,0.6020740607971918,25.83,75.8,40.69,24.67,72.67,54.56,67.33,69.71,High
15,NTR,ANDHRA PRADESH,547N001,36.81636055066601,41.83540174030225,0.4677946143742895,0.2885201947886077,1.517163738775147,19802.241067483134,6.2,11.97,49.53,74.4944899795093,13.30657794901386,23159.461402890654,0.2777597775346592,0.0932375885397027,0.032735269128892,0.0314824238183726,13.534343776317105,0.8028637113299016,25.83,75.8,40.69,24.67,74.93,72.5,66.55,77.65,High
16,PALNADU,ANDHRA PRADESH,548N001,37.71489200563092,43.231212206232286,0.4052212534476059,0.2474551148326776,0.932088294559468,20308.885732522664,6.41,12.21,49.81,18.804796323358687,12.30750915854184,23394.208769573943,0.0857787006568942,0.1315605888736082,0.0373251265690746,0.0125536223846192,21.744236996679227,0.8370766272782306,25.83,75.8,40.69,24.67,78.83,74.92,66.99,80.42,Very High
17,PARVATHIPURAM MANYAM,ANDHRA PRADESH,555N001,33.39830223046835,37.752562273470105,0.5903788377518432,0.3799479218463543,0.5103587407486515,8866.600735291671,6.65,12.24,50.24,4.805310573925071,12.85355838438936,11068.58429606741,0.0277184616068514,0.4575295856328513,0.1077117962097344,0.0018205758731369,37.84135527626549,0.4550134171852165,25.83,75.8,40.69,24.67,50.07,45.53,67.34,56.78,Moderate
18,PRAKASAM,ANDHRA PRADESH,549,38.08587841232831,43.56326776298649,0.406014685110881,0.2478928492595196,0.6596976037295575,21486.898341108517,7.0,12.43,49.3,10.809144515143176,11.790528921340616,26227.255441027984,0.0566134980221675,0.2485889782971554,0.0880692760877207,0.005098937274126,36.2269675711466,0.7435408199133238,13.84,72.6,50.05,27.64,74.59,71.16,76.81,81.16,Very High
19,SRI POTTI SRIRAMULU NELLORE,ANDHRA PRADESH,550,36.74991739991894,41.31275927141797,0.4342328158314453,0.2650040395773337,0.8643528232444989,23485.2962602854,6.55,11.65,49.36,18.45305390747609,12.21463663977422,26725.6915226026,0.0901624370777201,0.3259850146285077,0.0125475893910917,0.0062950322611327,28.619119740187696,0.6547635859611345,11.27,72.6,44.36,32.14,70.22,62.84,76.63,75.9,High
20,SRI SATHYA SAI,ANDHRA PRADESH,553N001,38.21522033905466,43.401704673679866,0.3702622075130194,0.2351219902437991,0.7928601853036942,17914.87655553802,6.95,12.03,49.12,10.604307689187596,12.369447069893363,21005.187654716832,0.0690330979067537,0.0208303141257508,0.0003232224560597,0.0040941511100895,29.739557974800967,0.973060147685199,25.83,75.8,40.69,24.67,84.96,83.25,67.14,86.39,Very High
21,SRIKAKULAM,ANDHRA PRADESH,542,35.25614134856303,38.1935814103938,0.4843312076594387,0.3005058099534345,0.9767363362013912,18858.766548038344,6.57,12.91,50.18,22.402920201642484,14.906385151144413,23762.328721554408,0.1373199415640523,0.1462282810835661,0.0256100618036059,0.0154763025103706,13.721212175063988,0.7591166773128886,14.01,72.6,47.73,15.6,69.67,71.16,76.32,78.95,High
22,TIRUPATI,ANDHRA PRADESH,555N006,35.60679018148623,40.14473734529602,0.4857509326231828,0.2914087079444459,1.2136778850870922,20768.973322059537,6.75,12.25,49.56,20.81940119439996,12.711184900072691,20234.505160741504,0.1190913045647138,0.3075397055478495,0.0874155379036897,0.0068238683751611,26.263361860883467,0.6227216976714106,25.83,75.8,40.69,24.67,65.13,60.35,67.0,68.86,High
23,VISAKHAPATNAM,ANDHRA PRADESH,544,34.293036149625685,37.0360292798954,0.5402832144765055,0.3264616227996162,6.076371191168892,17153.112856773987,6.77,10.32,49.8,487.9866522460698,18.146411322654615,22954.74146271176,1.5422912122117278,0.4266917783952113,0.0796912003281928,0.1719954500531448,10.062503287949289,0.3741361627538365,15.1,72.6,44.05,22.09,56.76,42.6,74.02,61.05,High
24,VIZIANAGARAM,ANDHRA PRADESH,543,35.46670475221379,39.904651569658455,0.524419446453688,0.330906702350323,0.9796631007142892,16937.16496011795,6.54,12.34,50.23,20.513904628819663,14.50527019711492,21414.85533865768,0.15038374623181,0.0865438109135321,0.0123807953904741,0.0074037512339585,16.340136247845347,0.8536604782982523,19.0,72.6,49.39,20.61,69.85,78.56,76.34,82.05,Very High
25,WEST GODAVARI,ANDHRA PRADESH,546,32.030607189820344,34.29738256438013,0.4453067044786299,0.2650916971449978,1.4530195793659153,17124.525653480065,6.15,12.66,49.82,67.01146330191811,16.330902532737404,22215.035452891083,0.3318780054814635,0.3793517086509475,0.0008508636265809,0.0298719867332008,9.200233844579522,0.5542175307937554,9.11,72.6,45.04,23.39,62.61,56.0,75.93,69.71,High
27,YSR KADAPA,ANDHRA PRADESH,551,38.78904795301462,44.13568760976053,0.3712691883111215,0.2243085395580931,0.7356372969135396,19066.2426054582,7.25,11.98,49.38,18.11691253851569,12.083316686438335,22914.644433006382,0.0775459122672347,0.4023403860368444,0.0550519327324082,0.009865377769197,35.685916228530544,0.5755101296821011,25.83,75.8,40.69,24.67,73.62,55.94,67.22,70.62,High
31,>NJ>W,ARUNACHAL PRADESH,628,13.523669916537274,15.349622085852957,0.433507015340583,0.2298690205473501,0.2957207499999801,185.17494358095652,10.74,7.45,45.0,0.0,11.018346837132436,313.9255240160424,0.0010954831725192,0.96333553861972,0.6891313749244613,0.0,902.8372344184714,0.0,25.83,75.8,40.69,24.67,14.0,3.17,77.64,28.92,Low
32,CH>NGL>NG,ARUNACHAL PRADESH,229,23.990429636608148,25.29116098111972,0.6007774445533773,0.3677780036026137,0.4276843638726027,1568.463670547851,11.28,6.49,47.36,2.528256623193542,11.338440614588269,2291.723219176876,0.0605379696587483,0.9266361273019332,0.8652569028239949,0.0,350.5707228703868,0.0238339035934894,25.83,75.8,40.69,24.67,9.94,5.69,72.33,26.12,Low
33,DIB>NG VALLEY,ARUNACHAL PRADESH,230,12.526037455130956,14.355101197481469,0.3919037319937537,0.2080205054582053,0.2916706955876824,85.7032065151299,9.04,5.33,44.98,0.2018419211105081,11.004612121904556,110.32136900056264,0.0006828211133643,0.9433849361629209,0.6345295050127099,0.0,839.6864823633068,0.0,25.83,75.8,40.69,24.67,17.9,0.41,77.64,29.39,Low
34,EAST KAMENG,ARUNACHAL PRADESH,231,18.078836500588853,18.67877236641303,0.4992186451185417,0.291295274104536,0.3561559549966602,714.7078404595807,11.47,4.3,49.19,0.5807342680218754,11.100023283827936,816.9562938266471,0.0043931185375439,0.9491411923629046,0.8682395116938696,0.0,745.3602029307668,0.0,44.03,68.3,40.3,92.01,9.82,15.41,100.0,41.36,Moderate
35,EAST SIANG,ARUNACHAL PRADESH,232,26.642518897301684,29.211412663194142,0.5970003973976133,0.3631426234367907,0.4551086877077674,755.6262501480234,8.28,7.31,48.78,16.123035782241548,11.370100897898723,1064.600185034613,0.0880251412174545,0.7774054532177275,0.5394160058419986,0.0031472739053966,144.24440791795115,0.0666543244160572,8.84,68.3,40.54,70.53,24.63,14.09,91.32,43.33,Moderate
36,KURUNG KUMEY,ARUNACHAL PRADESH,233,14.58767330234854,15.069286722919513,0.3941676865926931,0.2243085756916365,0.3014109138017094,716.3924991251153,11.7,3.36,50.15,0.0,11.072728759331149,599.2996306755865,0.0024357031674457,0.9069236629613416,0.7757861685682351,0.0,931.1086306016648,0.0,39.55,68.3,41.32,98.58,16.01,16.39,100.0,44.29,Moderate
38,LOWER DIB>NG VALLEY,ARUNACHAL PRADESH,235,22.101965821646427,23.530606444164203,0.5569156692185631,0.3086716593866143,0.3506012841207701,510.642500955296,9.52,5.49,47.32,4.756010714559644,11.109633466871983,825.0464082156936,0.0246626667309729,0.8900498950767701,0.6968338161571936,0.0010030149449226,414.4955691388984,0.0174032926423936,25.83,75.8,40.69,24.67,16.81,3.28,73.42,28.39,Low
39,PAPUMPARE,ARUNACHAL PRADESH,237,23.19622033460888,24.59077943994224,0.5553985833667026,0.3471033391302041,0.7007837633780135,2069.280629820301,9.38,3.05,48.6,21.47644712214254,11.42919026707342,2406.251731594936,0.1042202018380897,0.979173827038059,0.8821148376373595,0.0037987654544313,256.58615674574173,0.0064451323130225,25.83,75.8,40.69,24.67,9.79,2.55,70.75,24.13,Low
40,TAWANG,ARUNACHAL PRADESH,238,11.349853860714797,12.87816387832402,0.3955261421613334,0.2114737885568577,0.3907868013411453,535.5759286060562,7.38,6.63,40.77,0.5268972986658601,11.222349126866344,684.256915801177,0.0215206520898241,0.8769046832033421,0.4447151326755232,0.0,305.3514607743988,0.0,31.25,68.3,57.15,69.65,23.41,15.87,94.03,44.67,Moderate
41,TIR>P,ARUNACHAL PRADESH,239,24.98430277021663,26.50114396786723,0.6842089140735658,0.4336130274771864,0.4414031913100667,578.8611328328063,11.47,7.62,47.0,4.730362349582167,11.348629320619793,778.4187414474097,0.0422402176552885,1.0,0.9666101021528184,0.0,110.49325357662896,0.0,25.83,75.8,40.69,24.67,1.21,4.85,68.49,20.64,Low
42,UPPER SIANG,ARUNACHAL PRADESH,240,17.00096930694643,19.18826149208317,0.4816049870785837,0.2589910218897569,0.2907198763849902,303.8064111183973,8.67,9.35,46.41,0.6298685178159062,11.021517632186104,448.6305423041964,0.0035160536785163,0.98846883081668,0.8513464914403602,0.0,682.8114117091825,0.0,15.88,68.3,49.95,80.6,10.77,16.76,100.0,42.3,Moderate
43,UPPER SUBANSIRI,ARUNACHAL PRADESH,241,16.320006355370317,17.451100623901063,0.4623613681971967,0.2555262661956495,0.2844105171651614,841.9042819211926,9.37,4.11,49.34,0.6565264718947235,11.069250425697325,1000.5786616689708,0.0079393814549019,0.9739514890151588,0.8466986479483242,0.0,597.7782497313052,0.0,29.78,68.3,39.99,93.86,10.89,13.11,98.77,40.35,Moderate
44,WEST KAMENG,ARUNACHAL PRADESH,242,19.506809966204408,21.248686679450085,0.5452280174869907,0.3304982175190578,0.4216242965151627,751.8683139489343,9.03,5.27,44.01,2.4550371191205542,11.141350619282145,955.4466040639196,0.0175333495966721,0.999449987082348,0.9031707209490106,0.0,223.92288195695784,0.0002763567360379,22.44,68.3,50.62,55.25,6.23,8.51,92.72,34.09,Low
45,SHI YOMI,ARUNACHAL PRADESH,725,13.931180168203811,15.519025808791415,0.4459021760245185,0.2468756207226683,0.2726562450777832,112.2506744395421,8.37,6.97,47.51,0.2119019830850499,11.02725393138024,196.0137504702909,0.0047440742481727,0.9957334338787676,0.8398400533816882,0.0,468.9959793552977,0.0,25.83,75.8,40.69,24.67,9.1,3.41,74.33,25.66,Low
46,NAMSAI,ARUNACHAL PRADESH,678,28.421273074772675,31.19899761913596,0.6578970018707626,0.4226488001109366,0.5216186836799904,1029.6448411684044,10.51,5.84,47.26,14.426802546717385,11.846659500578806,1506.3405967206431,0.1917140032989497,0.6550252191169178,0.3940409500578798,0.0,103.51906351746412,0.0847114271539606,25.83,75.8,40.69,24.67,28.24,9.09,68.14,33.28,Low
47,WEST SIANG,ARUNACHAL PRADESH,243,22.442589571808952,24.929772324521323,0.5880756613416255,0.33715703282942,0.3621783885779241,418.8058725077951,8.31,6.97,47.49,10.80497909295594,11.211445480862016,686.3910770864534,0.0861245059936366,0.9993438404631716,0.9642225796075908,0.0006561595368285,417.3255504429948,0.0,14.49,68.3,43.8,82.64,6.9,12.31,95.73,37.15,Low
48,SIANG,ARUNACHAL PRADESH,679,21.15062854263897,23.7707546155623,0.5780939308084686,0.3173740042996661,0.3094342537886095,412.20602718773824,8.28,7.19,48.07,1.168326236586848,11.06997162300243,547.0140637150065,0.0237268777133438,1.0,0.949382867724836,0.0,355.689831864399,0.0,25.83,75.8,40.69,24.67,6.93,4.03,72.47,24.27,Low
49,LONGDING,ARUNACHAL PRADESH,666,25.51909599281869,27.19157152101868,0.6833342561570923,0.4486890831348843,0.3909250074211873,524.0738905438315,11.55,7.62,48.82,1.4131240892777943,11.372558519142396,584.4788285379293,0.053581211265191,1.0,0.8154518113822105,0.0,164.70815830664372,0.0,25.83,75.8,40.69,24.67,3.87,5.82,69.34,22.47,Low
50,PAKKE KESSANG,ARUNACHAL PRADESH,723,24.609489052701,26.5219722801806,0.6041061867709707,0.3703109728088045,0.374172653739063,141.46494202349228,11.71,4.37,49.94,0.0,11.041166997118086,177.67337416961524,0.0059932705844198,0.9999152373722112,0.950426761404259,0.0,376.3077647623536,6.265063793090747e-05,25.83,75.8,40.69,24.67,6.74,2.54,72.83,23.73,Low
51,LOWER SIANG,ARUNACHAL PRADESH,719,25.90179301781813,28.38032496831099,0.6576431042916001,0.3836772241118418,0.353156999679633,188.47554684136367,8.49,7.14,48.07,0.496584441308794,11.070859786425506,192.5039103582613,0.0144328343348029,0.973507342928929,0.9531906084955016,0.0,260.5310214688996,0.0099152804708286,25.83,75.8,40.69,24.67,6.68,4.65,70.95,23.8,Low
52,LEPA RADA,ARUNACHAL PRADESH,724,24.28208064747852,27.248274716118765,0.672973655542442,0.3768191510568038,0.3736194044521018,184.62649272646684,8.31,6.97,47.49,7.464157022531155,11.201052740220875,234.48255628922104,0.0513624452427987,1.0,0.9681485503506888,0.0,198.15391574818133,0.0,25.83,75.8,40.69,24.67,4.27,3.5,69.89,21.91,Low
53,BICHOM,ARUNACHAL PRADESH,NOT AVAILABLE,15.594837335104357,15.116965511457783,0.4332686875548888,0.2567379229628541,0.3530741487470508,123.10513744727412,9.31,5.12,44.54,0.0,11.029598504340749,102.03892484258968,0.0011800529404142,0.9430464802028764,0.8358273328026949,0.0,737.9144294866857,0.0,25.83,75.8,40.69,24.67,11.43,0.0,77.64,26.57,Low
54,KRA DAADI,ARUNACHAL PRADESH,677,20.57160378918684,23.474799042456844,0.5074704297319184,0.2917182632924173,0.3002784727014649,869.5793104665512,9.31,3.98,49.41,0.1161038457471182,11.165964609256568,958.1704675223656,0.0073997545529732,1.0,0.9826071885978824,0.0,672.8456266595833,0.0,25.83,75.8,40.69,24.67,10.01,2.0,77.62,26.8,Low
55,KAMLE,ARUNACHAL PRADESH,718,22.891721032285027,25.80742186676411,0.5755256550041811,0.3412892410520195,0.3634305668021617,403.74575620724585,8.59,4.27,49.13,1.7813299091384738,11.091766088680254,351.34324095085265,0.0115028907684855,1.0,0.986976883000125,0.0,234.9263276128136,0.0,25.83,75.8,40.69,24.67,7.77,1.52,70.54,22.8,Low
56,KEYI PANYOR,ARUNACHAL PRADESH,NOT AVAILABLE,22.35480693858484,24.28925275181913,0.5703695562874379,0.3543032571537667,0.4180648932780789,358.9482998177773,8.02,4.22,48.93,1.7081549366363558,11.137461158444898,435.9474072291312,0.0292117133242643,1.0,0.9713123791794944,0.0,182.4513677389621,0.0,25.83,75.8,40.69,24.67,6.3,1.3,69.67,21.75,Low
57,LOWER SUBANSIRI,ARUNACHAL PRADESH,236,19.78314849175808,21.32470509221574,0.452964695534832,0.2743417213455179,0.8113705302933465,538.4938382962168,7.87,4.36,48.97,4.372153545868574,12.054549861584189,497.2068874499525,0.0575253299559256,0.9967469095640858,0.9186727391021472,0.0032530904359141,100.0887487716213,0.0,15.8,68.3,36.37,87.81,12.0,8.49,90.66,35.6,Low
1428,LOHIT,ARUNACHAL PRADESH,234,22.11086724277573,23.131629334077463,0.5401547680315366,0.3034099850459912,0.3318366631055794,474.5461258323367,10.58,5.82,46.15,2.1609101611476387,11.108004258853656,573.2378885063781,0.0230324305935175,0.9462949998987062,0.7696133492102433,0.0005739998334274,490.07392817145694,0.0058964414261307,31.97,68.3,41.82,32.53,14.29,5.07,97.01,37.74,Low
58,KOKRAJHAR,ASSAM,294,29.370927210003583,31.961179002378937,0.6238930416348355,0.4184712030487894,0.6762391073893107,11232.925835101025,10.89,7.18,48.36,33.46420652001489,15.211215901663126,13538.797123357406,0.5335174116332765,0.4775347832005605,0.2106342597228145,0.0023378180889518,42.86735584887243,0.1753847330803509,32.14,78.8,38.45,34.74,39.46,23.93,57.67,39.65,Low
59,CHIRANG,ASSAM,612,29.04342136438728,31.515547870217805,0.6350482557799395,0.4274671404314043,0.8380298287236949,5198.329623195208,9.89,7.24,48.59,41.61348171224434,14.178083944875285,6680.794022472756,0.5622190611870058,0.402963190475668,0.2381503460833889,0.0055724361857332,65.66720954611318,0.1546460735166678,36.2,78.8,40.21,44.35,39.96,22.97,57.99,39.6,Low
60,UDALGURI,ASSAM,617,29.275270989689595,32.22141366702753,0.5615609476495587,0.3525482283497919,0.6794175064763983,7823.248114322308,8.91,7.6,48.7,45.54945898548513,16.0266712184437,10177.975932005247,0.8290202817952496,0.1469299765710561,0.0517689545700303,0.0004418920604993,24.917152298133168,0.3782249455866246,29.46,78.8,41.49,36.7,57.83,38.84,56.91,52.95,Moderate
61,BAKSA,ASSAM,616,28.93443340667875,31.65663463903934,0.618535995204068,0.4011324531056363,0.595636413108437,6535.605287541074,8.54,8.23,48.76,32.77098857426729,16.630941481268632,8021.328873414355,0.7678757807047228,0.3116246638998974,0.179973668909933,0.0001002452667526,32.68818615641338,0.1847988077496275,23.59,78.8,42.81,42.53,45.65,26.55,57.13,43.03,Moderate
62,DHUBRI,ASSAM,285,28.77246500675968,31.29021856719428,0.425850774645593,0.2731408976826318,0.8317043354968401,12962.370849394909,12.57,6.97,48.27,66.25668542311995,18.33221100093475,16785.015576849913,0.904362280384668,0.2387562088747961,0.0017082424531241,0.0033999890027309,30.619035340961304,0.3759581370626297,51.06,78.8,34.36,3.94,63.71,36.67,56.88,54.46,Moderate
63,DARANG,ASSAM,283,28.11248623647933,31.162567424879747,0.4494748687434343,0.2732320113402163,0.7714196622020335,9751.803230706855,10.77,7.68,48.28,93.0766973876509,17.128728345233046,12730.81668280525,1.0307705786017252,0.1289002828152795,0.0005621036342755,0.00560781037489,26.95886413115871,0.4192257077546054,25.83,75.8,40.69,24.67,65.8,40.4,65.56,60.39,High
64,KARBI ANGLONG,ASSAM,292,28.01271068981391,30.65217870756344,0.6855215581162898,0.4666618472314728,0.507675206172149,6020.301284051183,10.27,6.27,48.06,13.144125944526536,11.894840798952696,6503.985147664689,0.1779720791595659,0.8777412322673992,0.6431594077521998,0.0009789773466747,173.95863900331076,0.1145322153405654,37.59,78.8,40.1,61.04,13.09,20.73,60.35,28.66,Low
65,DIMA HASAO,ASSAM,299,27.660248256649226,29.832271731056263,0.6839832579233297,0.4628369433091981,0.4491569005036876,2526.178355393557,10.04,6.28,47.52,6.167533307556936,11.343678339518448,2852.8001936447163,0.0414379399974966,0.9826869360661128,0.6561511026635202,0.0005528675033153,137.77964055311884,0.0154701722561691,31.07,78.8,39.71,72.95,9.33,12.94,59.98,23.78,Low
66,CACHAR,ASSAM,282,28.19735743021777,30.93686205690345,0.6390927887216469,0.4088945855722064,0.6753904051646805,18282.938432234747,9.71,8.27,48.42,40.87356403685887,15.354840885774118,22998.42205049176,0.5017171172972218,0.6929079044143477,0.4136679424537281,0.0040615938125108,77.56602825475699,0.2851117055414758,42.29,78.8,35.01,16.27,27.78,31.89,58.28,38.38,Low
67,KARIMGANJ,ASSAM,293,28.64721684001767,31.32211025886194,0.6217100061064029,0.3903905298410012,0.6964707635288006,11863.567310830544,11.42,8.36,48.49,63.9626397680306,17.43038470348915,14602.985007256992,0.8942966583528492,0.6160033048984157,0.1601368165291909,0.0,28.7800311527446,0.3466403788885909,46.02,78.8,32.49,13.01,37.04,34.87,56.86,42.81,Moderate
68,HAILAKANDI,ASSAM,289,28.52884922560909,31.585160106433865,0.629400437137149,0.405461108527664,0.5655903178521768,6559.991799449686,11.11,7.77,48.13,30.92900418785763,16.058445601947753,8420.080844087954,0.6230345141241342,0.6318426840773224,0.1651704941778891,0.0013629913115985,33.12739716710862,0.3490727650283156,51.07,78.8,32.5,10.82,35.54,32.22,57.37,41.32,Moderate
69,WEST KARBI ANGLONG,ASSAM,710,28.667057711052674,31.14522812198393,0.6713771861893325,0.4533999459938856,0.4875541031774884,3169.3305711579374,10.39,6.27,48.08,6.4345744887756,12.053100524209508,3834.665953448606,0.1616747525330873,0.8731440443530215,0.2625681003297187,0.0,67.26064295115656,0.1231572010735883,25.83,75.8,40.69,24.67,22.54,13.38,67.6,32.48,Low
70,JORHAT,ASSAM,290,28.964915592249834,31.588646490823063,0.5740671854787475,0.3670762726491937,1.0657447532794448,8713.77153578967,7.27,9.35,48.48,87.60859238090605,16.48097844891272,12011.159319580656,0.8607167630643987,0.2296725349412641,0.09080333580832,0.0052460990904891,22.36466610965522,0.3986623850019543,20.24,78.8,45.65,20.93,53.03,40.15,56.81,51.48,Moderate
71,GOLAGHAT,ASSAM,288,29.22954404471052,31.82420401608152,0.5573620503865955,0.3527317697678439,1.4222570653910689,10833.110396623844,8.14,8.1,48.47,50.247231321336265,15.224811273385686,13720.574506450088,0.9502058363520616,0.2335830125397505,0.0374236235944676,0.0005542791436713,30.15682810486169,0.4804654640620615,20.6,78.8,44.98,16.32,55.49,43.62,56.8,53.91,Moderate
72,SONITPUR,ASSAM,301,29.03716994741797,31.97904011679473,0.5027295280403297,0.3167848412990406,0.8359962684140415,11570.762086854113,9.35,8.02,48.23,57.36990364857052,14.894556853804485,16071.729616768842,0.6356153202306544,0.2863763855349402,0.1108335650490409,0.0041189630366333,50.78839196369485,0.370065176532756,25.32,78.8,40.05,17.74,55.93,34.94,57.63,50.88,Moderate
73,DHEMAJI,ASSAM,284,28.724724524602465,31.770660021250634,0.5128263368703981,0.3150384225451061,0.5355307927097303,6269.89629950058,9.78,7.34,48.2,40.07779235165419,13.905411102721956,8469.637172237088,0.5686463584221298,0.1656507817537517,0.0497779014720227,0.0,37.07227263321188,0.5303911248766884,27.71,78.8,46.17,53.89,60.2,51.88,57.52,59.51,Moderate
74,CHARAIDEO,ASSAM,708,28.43783337149997,31.443196426690907,0.6430700986072926,0.4027536725349516,0.8918445662289662,3988.311450726497,7.79,8.63,48.23,42.35547311614131,16.422039895495484,4875.445489017488,0.9502003593696468,0.2776467280619348,0.0844607799439076,0.0,33.40877585813287,0.2463673704493559,25.83,75.8,40.69,24.67,47.32,26.62,65.79,47.29,Moderate
75,TINSUKIA,ASSAM,302,28.18824383773671,31.20747013551013,0.5912947449038689,0.3621353562940667,1.6237063882269205,12065.727719699004,8.81,7.51,48.16,41.54688138943927,14.283393438257413,14540.652968994884,0.5528807746943664,0.684167956778617,0.2099378489508342,0.0041434032777118,42.66593946030535,0.0868074581258998,36.7,78.8,41.96,9.02,36.14,15.42,57.63,34.8,Low
76,LAKHIMPUR,ASSAM,295,28.63920035645343,31.17450563271647,0.5492835922128058,0.3391005263885968,0.6065905900103954,9796.798143966258,9.71,7.85,48.58,62.45516073846605,15.379082659552587,13334.978980115064,0.7367883788563421,0.2403474295279432,0.0569934696468758,0.0015157837672041,39.60685867718438,0.4109295737140505,24.23,78.8,41.26,31.79,55.13,40.13,57.29,52.53,Moderate
77,MAJULI,ASSAM,706,27.09380182953881,29.700054396702427,0.3294898558650915,0.2035881834619721,0.412208983915287,2028.8166368970683,7.54,9.01,48.48,1.664693104236762,12.638631191541725,2127.9006668835973,0.168378902209301,0.267879114537397,0.0,0.0,62.47386450122349,0.2912542601726935,25.83,75.8,40.69,24.67,67.7,27.67,67.51,56.76,Moderate
78,SIBSAGAR,ASSAM,300,28.24630029266285,31.47377458376048,0.5702082531794384,0.3529799999287521,1.3859750230031809,7179.730806772794,7.78,8.65,48.23,71.551672544619,17.118356310783376,10623.61152483607,0.8324870200517455,0.236090627337822,0.0071155284813508,0.0065405578711125,21.44123694755473,0.496864379608849,25.83,75.8,40.69,24.67,54.89,45.4,65.79,58.07,Moderate
79,NAGAON,ASSAM,297,29.323276553915164,32.134241763127,0.5516743492428481,0.3504935115470429,0.8625983649888342,20122.901695590062,10.75,8.03,48.46,88.46489612103572,18.465570960149137,24804.089926663637,0.9273939328180112,0.2795684295024424,0.0575844569313868,0.0048572089416182,19.96312410518697,0.5665097484319518,30.51,78.8,34.71,13.51,54.18,51.35,56.67,56.48,Moderate
80,MARIGAON,ASSAM,296,28.83637767775684,31.62084832382222,0.4945117241602388,0.3091435919564164,0.7271563258985624,9742.423608381268,11.24,7.72,48.61,56.36581800829741,17.037368456408494,12297.526458674996,0.6842801032344837,0.2096265702419034,0.0323418291826982,0.001181373218964,25.64440063247028,0.6123474349144429,25.83,75.8,40.69,24.67,60.14,54.07,66.09,63.88,High
81,KAMRUP METRO,ASSAM,618,29.291334207498256,31.998025020226745,0.5820272098603341,0.3779956490722677,3.9961650452801374,12190.138966911676,6.61,8.08,47.78,434.1346337662902,17.123351163788914,18066.35755364545,1.5686603420471923,0.7078787048091736,0.1787686525441764,0.0916495035005645,20.45408334159952,0.1507100320659643,25.83,75.8,40.69,24.67,36.99,22.02,64.6,40.7,Moderate
82,NALBARI,ASSAM,298,28.69007893745371,31.44053113582981,0.5181804643207166,0.3087445567249436,0.7839294286791592,8432.52808596456,7.93,9.54,48.14,118.40529785018146,19.33637122883372,11405.876813761197,1.1175201200605371,0.2469512905232964,0.0,0.0031776453481601,20.12757204620596,0.2300282494335139,16.94,78.8,34.68,10.83,58.74,23.41,56.37,46.79,Moderate
83,GOALPARA,ASSAM,287,29.14221785094312,31.752686713579447,0.5138965328138535,0.3275789560386108,0.8700034758925087,8980.357921883753,11.37,6.89,48.55,100.52978879224112,16.637694353537608,12352.259654071684,0.8444294717924036,0.3639226972627606,0.0320436695489694,0.0,19.238390945305632,0.3479981425023723,40.15,78.8,35.96,27.44,54.24,34.96,56.79,49.85,Moderate
84,BONGAIGAON,ASSAM,281,28.57855807925152,31.2469964174166,0.499881883303277,0.3101604696686222,0.8800416928956526,7115.582705959386,10.32,7.47,48.62,93.03485110553332,17.162492050666803,8843.333197556276,0.9848209146474018,0.3894144068030932,0.0454840107035659,0.0039539291979391,22.609442935726385,0.0803043941763262,33.77,78.8,34.62,13.75,53.97,12.85,56.62,40.62,Moderate
85,KAMRUP RURAL,ASSAM,291,28.80689547731312,31.34602679016286,0.5698741497653932,0.3655175740965216,0.9763894829735588,13686.188144538946,8.54,8.47,48.16,94.020856065338,15.623660049947777,17841.62885214761,0.7656540508233125,0.5028231607962481,0.0743127692095485,0.0009655378135334,26.39957214289217,0.3072675504159881,25.83,75.8,40.69,24.67,45.18,33.32,65.98,49.23,Moderate
86,DIBRUGARH,ASSAM,NOT AVAILABLE,27.475890072779563,30.563557522191573,0.4735226274271271,0.2887063366509885,1.8930517398050712,13150.362658269843,7.88,7.91,48.42,64.12878098035425,15.604171968240616,17545.852045037973,0.7159574543211843,0.3199309543446333,0.0435766385312774,0.0075576172503763,25.96222467217963,0.1693202641231374,28.97,78.8,42.26,12.2,57.14,22.05,57.1,45.88,Moderate
87,HOJAI,ASSAM,NOT AVAILABLE,31.599371050479263,35.347601110965634,0.5079368902454486,0.3325223327329975,0.8403786875982201,9606.100249472034,10.74,8.02,48.45,128.60196420892302,17.51747151344507,12835.145660419596,1.032138143133411,0.2638036367654937,0.2259753176584208,0.007963983096656,30.311592731420195,0.7227837183993235,25.83,75.8,40.69,24.67,56.42,62.17,65.61,65.47,High
88,TAMULPUR,ASSAM,616,28.966948933281373,32.151418244298426,0.5685348570963156,0.350080354328896,0.7270564286061847,4302.016325925113,8.33,8.26,48.77,35.14760812059787,16.9891560697326,5690.224730451597,1.0578592531835385,0.1277647639991076,0.0264963189597475,0.0,16.646329874406877,0.1762158587500397,25.83,75.8,40.69,24.67,58.59,22.11,65.35,49.88,Moderate
89,BISWANATH,ASSAM,705,28.601159050584226,31.48728597997994,0.5137416002546369,0.3225963744278757,0.6560935031507825,6909.054841850583,9.33,8.02,48.23,37.39587774850781,15.12953113274787,9571.700003410791,0.6543792609273656,0.1966397794600161,0.0494519468368023,0.0012009758517509,46.43387971150664,0.3971823379624543,25.83,75.8,40.69,24.67,58.7,36.97,66.48,56.45,Moderate
90,BARPETA,ASSAM,NOT AVAILABLE,28.176532862036243,30.640258351764007,0.4344707301270306,0.2690421171719325,0.6989375235323828,13306.963153167806,11.07,7.76,48.33,99.6979370579692,18.682797502525887,17141.06547091932,1.0569752033561828,0.3722392807527153,0.0,0.0029284541550896,28.02664339343373,0.2507064599646375,39.41,78.8,33.17,7.24,59.01,26.88,56.59,48.42,Moderate
91,BAJALI,ASSAM,NOT AVAILABLE,29.07097306582552,31.67750749423441,0.5526070957769502,0.326907825323311,0.833625784872234,3043.523169823257,10.88,7.8,48.36,110.36646227746014,18.763128737673,3541.3891925220214,1.190509468026005,0.1396384306762737,0.0,0.0022021732697455,11.230781351553356,0.3132040932895655,25.83,75.8,40.69,24.67,60.25,32.09,65.05,54.51,Moderate
92,SOUTH SALMARA MANCACHAR,ASSAM,707,29.77280001242049,32.333165187411744,0.4293512060968985,0.2703023205837602,1.0990086696757553,3461.104686932471,12.62,6.92,48.29,92.07746246312354,21.443793756329523,5109.07469725223,0.9894014537993184,0.2396635991369819,0.0,0.0002641891594381,26.927019603572383,0.5618532869534583,25.83,75.8,40.69,24.67,64.8,50.25,65.63,64.04,High
93,ARARIA,BIHAR,188,30.87716203318839,33.78378327035395,0.4985976646591961,0.3400819804230301,1.1561332555550636,31254.46342848052,13.33,7.23,47.37,40.91904489451497,20.46524584376121,42473.58254650208,0.538076648810195,0.0015962661144629,0.0,0.0044407497317646,23.8237436888038,0.9835465652735124,64.65,74.3,38.05,14.99,67.59,90.31,70.77,83.66,Very High
94,ARWAL,BIHAR,611,38.94066942958784,42.68425811144985,0.2928743023176304,0.1789361298225447,1.55153810882401,5102.575445365439,11.49,9.66,47.61,7.837845329903363,18.223411745790607,7468.309206742252,0.1763306965873332,0.0491875079696846,0.0,0.0180572264942812,14.571648615429066,0.9276712997100418,52.18,74.3,33.72,20.25,89.54,77.21,71.2,87.45,Very High
95,AURANGABAD,BIHAR,189,39.68381523752748,43.25000965111693,0.2959515350163286,0.1873079394424518,1.491002636942884,27407.63538348597,11.27,9.3,47.55,34.12255640306819,18.06661485106589,37275.37516432465,0.2561908730491402,0.0439935891594616,0.0237104615697982,0.0162983292148864,19.98838910252024,0.9384945245203932,43.94,74.3,32.98,24.14,89.39,83.13,71.16,89.8,Very High
96,BANKA,BIHAR,190,36.79356139394248,40.425703994392975,0.3963216032046873,0.2667346293289439,1.0056520387172745,24039.51761825528,11.77,9.26,47.07,4.719585446857429,18.406746029423303,31156.759936921568,0.2361475775462041,0.0053405383384393,0.0038011240650838,0.0130879479666269,20.31083449537452,0.9803774433079964,57.83,74.3,37.9,16.63,80.79,87.91,71.19,88.25,Very High
97,BEGUSARAI,BIHAR,191,35.06574886115386,38.64800635938633,0.3230822713176027,0.2224517322581917,2.6915247016164336,33306.68396580006,11.84,8.41,46.72,109.86520266431071,20.624190314196568,42177.1296440481,0.5961368513309363,0.052842652433548,0.0,0.0336448049972322,16.988966464412396,0.8538661466104084,50.68,74.3,31.58,14.61,82.38,78.0,70.57,84.6,Very High
98,BHAGALPUR,BIHAR,192,34.60129308645272,37.50475039789876,0.3601989336522909,0.2430369437799497,1.9318763489702808,30156.063971601256,11.5,8.7,46.31,54.37360749688709,17.543370918191755,37799.70310854185,0.3550176033875907,0.0551459562994829,0.0,0.030603628765338,20.460587300646583,0.8498287053607824,45.6,74.3,32.38,12.7,79.22,74.46,71.01,82.03,Very High
99,BHOJPUR,BIHAR,193,38.18422461809782,41.82195504914042,0.2690560291163167,0.171743699043971,1.9494564108926835,28449.360072022297,10.42,9.62,47.15,39.90422641845552,18.196232297140817,37117.41365621013,0.2625301586544955,0.0255915798224518,0.0,0.017459398473917,16.06712986004271,0.9417683560464362,40.5,74.3,30.15,16.1,90.58,80.76,71.08,89.28,Very High
100,BUXAR,BIHAR,194,38.67316329624544,42.41208421087594,0.2621612215838431,0.1692617747880822,1.7804421198739389,17750.920158100605,10.72,10.3,47.55,42.51074881029365,17.72757590077764,24293.073358876463,0.2539870573399871,0.0064376792850155,0.0,0.0130867698021854,13.641275831251177,0.9681473743554032,41.84,74.3,31.55,16.32,92.03,81.02,71.06,89.97,Very High
101,DARBHANGA,BIHAR,195,34.104246095655135,37.6909246213624,0.3653662595359088,0.2539455221978152,1.9743594545425416,39652.27373711456,11.84,8.88,47.24,72.39961374595211,20.8486096390354,54403.642091991824,0.5763134155655063,0.0028487283360494,0.0,0.0152351108560289,15.901686453104636,0.9777799189788148,56.45,74.3,31.08,15.71,79.87,90.2,70.58,88.56,Very High
102,GAYA,BIHAR,196,38.670406770878834,42.351232339201125,0.3530039175803931,0.2279219695146457,1.6700340408986598,46681.70646730788,11.56,8.39,47.83,34.59180848959386,18.40416374165437,61191.234168247545,0.331164006512967,0.045174568782364,0.0381281158969033,0.0127617424813197,19.39553265865018,0.9418815821704102,54.67,74.3,37.89,30.46,84.23,93.07,71.03,91.7,Very High
103,GOPALGANJ,BIHAR,197,35.606772516159445,38.717443196476346,0.3043440232708585,0.2046310667339738,1.6607207742267884,24935.56369478353,10.94,9.9,50.15,59.90227280922101,21.76268314082764,34363.75833538278,0.7312508151293234,0.035640024931019,0.0,0.0105870980259509,12.006318922173085,0.944907942383934,42.75,74.3,28.42,14.87,84.57,83.49,70.27,87.61,Very High
104,JAHANABAD,BIHAR,239,37.878018763899554,41.64562050635608,0.3402590712193168,0.2152058803530883,2.232743030392587,12124.59741703202,11.07,9.54,47.46,27.516627163415347,21.15820392721353,16357.598226718055,0.3553472992987367,0.0009608898970905,0.0,0.0153742383534492,10.964117717377093,0.9836648717494598,25.83,75.8,40.69,24.67,86.62,84.1,66.38,87.11,Very High
105,JAMUI,BIHAR,198,36.97107313084871,40.77364635860008,0.3823237372531126,0.2532733656248731,1.047784894646717,19052.981202419505,11.69,8.46,47.42,19.02701800857746,16.528471013606715,25978.85523616018,0.2418656264983396,0.1257297879172603,0.0957212058741856,0.0093305435027305,32.007834577320395,0.8531442160343649,64.01,74.3,41.33,21.67,76.73,79.01,71.37,83.02,Very High
106,KAIMUR,BIHAR,200,39.76354785478623,43.24700253255053,0.2966110773664916,0.1838742194111925,1.0660435038470633,16675.968063130353,11.53,9.57,47.46,12.860601613308573,14.89262813205504,22004.1455193536,0.1568170180084032,0.2446239837290608,0.0168096276792597,0.0043264749515127,36.532281126549,0.7491567085281395,25.83,75.8,40.69,24.67,83.65,66.02,67.11,78.8,High
107,KATIHAR,BIHAR,201,31.60088466005701,34.11671234273144,0.458312655096418,0.321473710537505,1.193652021362651,32273.979938477176,13.11,7.1,47.31,46.11054069776876,19.34781822690812,42662.76057489008,0.5209182379038602,0.0216566503113838,0.0,0.004371194615504,17.64697395240172,0.9194770790407474,62.38,74.3,33.0,14.43,69.79,82.96,70.7,81.52,Very High
108,KHAGARIA,BIHAR,202,33.26774761266654,36.13443326939158,0.3704867497598264,0.2531880096473118,1.2967663538904703,17697.329145021078,13.22,7.77,46.45,34.92593824923069,17.736211795133173,24840.70279753829,0.2906065988745664,0.0100219931660719,0.0,0.0073790375866039,22.24300388100761,0.9609267334956864,58.23,74.3,33.64,14.87,78.24,80.71,71.14,84.24,Very High
109,KISHANGANJ,BIHAR,203,30.54476126668565,33.60803972979726,0.4900760088900741,0.3293170113631863,1.240193305541902,18831.469767082443,13.26,6.78,48.09,31.562767732010386,20.31063938637355,25340.251397587737,0.5787240502707734,0.0022967758671004,0.0,0.0029056466459866,21.4036598589622,0.9705111992592677,64.75,74.3,31.3,10.49,68.1,81.99,70.67,80.43,Very High
110,LAKHISARAI,BIHAR,204,36.60512189401054,40.421775540374206,0.3556768547006567,0.2332061772608366,1.520606572315768,10138.140770367554,11.94,8.76,46.91,33.40999393937639,15.642057828208888,13385.500632750332,0.2430740292572318,0.0985213818221889,0.0813805462680768,0.0177410982777969,30.807535318787767,0.8771230306597962,43.9,74.3,32.63,16.14,79.36,70.28,71.35,80.52,Very High
111,MADHEPURA,BIHAR,205,32.045040754904406,34.82414892199841,0.485231136076752,0.3448866234583226,1.4329440055135354,21582.95797801017,12.95,7.6,47.11,28.34842997883448,20.918441372652097,29543.601793870475,0.5789915259839107,0.0012449162661892,0.0,0.0029901442500307,20.821899630257523,0.9888465665131206,64.43,74.3,38.84,17.92,68.98,89.02,70.66,83.65,Very High
112,MADHUBANI,BIHAR,206,33.43038346662397,37.02356629321525,0.4053758117371168,0.2817000069829953,1.5673277626300748,44287.227068493296,11.52,9.0,47.61,33.42967735231464,20.57242487340682,60700.29265159314,0.5098468350417743,0.0020162982442818,0.0,0.009934615184784,15.557779409845612,0.987328694581773,55.41,74.3,36.48,13.17,76.5,94.0,70.68,88.78,Very High
113,MUNGER,BIHAR,207,35.317370660486795,38.46008067254174,0.3795197725108069,0.2577258647189443,1.6223662599099808,14556.989662240405,10.79,8.98,46.28,51.21464629400207,16.6835204164633,19088.61338307728,0.2793007074822156,0.241618800916019,0.1597952722403673,0.0421468884133598,26.3425514057272,0.6411733053021484,40.73,74.3,31.19,15.01,69.96,54.15,71.22,70.03,High
114,MUZAFFARPUR,BIHAR,208,33.9181431990711,37.173279397060384,0.3930490072150827,0.2645092200703813,2.127430449581699,53420.57130446718,11.29,9.99,46.93,95.95574408781827,24.30399891680178,68511.24241481084,0.8955109668311241,0.0152242187267797,0.0,0.0140353426439943,14.465466661770478,0.9625482017698844,48.0,74.3,32.23,15.79,77.73,95.23,70.05,89.52,Very High
115,NALANDA,BIHAR,209,37.04363390909163,41.015056273165314,0.3714055231460993,0.2426779027749658,2.069450282272692,31150.83623387252,11.4,9.68,47.5,38.19636630849634,19.975355983293696,43272.85441421595,0.2962049089737694,0.0045409896298073,0.0022465001537157,0.0204854419891574,12.80905769956439,0.9749735683810348,46.61,74.3,36.33,21.17,83.35,89.51,70.98,89.86,Very High
116,NAWADA,BIHAR,210,37.32735514905208,40.98796130303493,0.3895910586485053,0.2580510109647114,1.4282012076020938,23843.994341293743,10.97,8.63,47.9,32.00071421356123,17.846893668966278,31914.182850496163,0.261361270843652,0.1588086576341889,0.1047219191003754,0.0116109499467185,27.11155585437459,0.828854796968434,51.72,74.3,36.82,25.56,75.42,76.66,71.26,81.48,Very High
117,PASHCHIMI CHAMPARAN,BIHAR,211,33.86630825646688,37.34538334801387,0.4160878866285454,0.2738148018369471,0.9813342247345606,42419.82676883178,12.38,8.2,47.08,20.11474523413479,17.22436927898312,55232.78356865871,0.2601014178891344,0.1960663945563752,0.1333298305285399,0.0064939340510536,29.402865156898592,0.7867802816920143,25.83,75.8,40.69,24.67,68.39,75.95,66.83,76.5,High
118,PATNA,BIHAR,230,36.91579041629301,40.61334134370326,0.3039865842412275,0.191706604989047,4.36467052039236,59890.6488014567,10.23,9.13,46.8,174.19557701313315,19.607062475575155,86079.50102593275,0.661239448194153,0.0505490539488818,0.0,0.0589539689199706,12.472949825609556,0.8396910817342551,29.2,74.3,32.23,15.93,86.71,82.23,70.39,88.02,Very High
119,PURBI CHAMPARAN,BIHAR,213,34.11813257091863,37.6380440006453,0.3558597912977271,0.2388287607644496,1.63886045785831,54793.391581233474,12.65,8.28,46.93,45.04180833371424,21.827858275523795,73331.06955754069,0.5498104658960963,0.0180381560488166,0.0,0.0079893182753128,15.311265569181082,0.9692750983611748,25.83,75.8,40.69,24.67,80.4,94.79,66.14,88.84,Very High
120,PURNIA,BIHAR,214,31.3514018616686,34.08736746406275,0.4792066954933071,0.3307636601960415,1.4353067876473309,35672.569681331246,13.25,7.15,47.35,47.16072121761513,20.037252777173325,46827.2315984489,0.5647402004969484,0.005019086744909,0.0,0.0092016590323331,23.17359917815796,0.9792249174147,63.31,74.3,35.02,16.25,69.02,89.85,70.72,84.04,Very High
121,ROHTAS,BIHAR,215,39.4615685307805,42.86432887554693,0.2951225394006215,0.1851783842875358,1.4481629920287198,31297.4385152105,10.71,9.31,47.37,17.90684313131351,16.719739921217037,42635.47934041828,0.1609854326135469,0.135605858709025,0.0257906592142875,0.0260662901535866,24.17285701929143,0.8338054958253777,40.74,74.3,31.25,19.64,86.45,74.19,71.38,85.03,Very High
122,SAHARSA,BIHAR,216,32.38466936872815,35.345977780455335,0.4489840508538615,0.3125348033288355,1.6168630798951822,20921.62637951607,13.11,7.95,47.03,39.53182892204705,20.28413222687582,28124.36964949702,0.521124871826178,0.0096748287934708,0.0,0.00698737635084,20.4430946758486,0.972004122868218,61.46,74.3,34.19,17.01,71.95,85.29,70.74,83.38,Very High
123,SAMASTIPUR,BIHAR,217,34.08720439703582,37.6184802703348,0.3795057804684583,0.2608750230168256,1.854576198005497,47059.34302195555,12.12,8.91,47.19,85.69065693776372,25.230896546642946,61083.869160274015,0.7705934089082623,0.0075716511067372,0.0,0.0038180593417465,13.31485418045837,0.957106695155196,55.87,74.3,31.52,18.89,78.84,93.91,70.23,89.51,Very High
124,SARAN,BIHAR,218,35.60770729303479,38.7627867060928,0.3047275329827141,0.2046330238171423,1.9844088433752536,40327.93715081962,10.76,10.53,48.43,74.23952252067961,23.344429757614886,55535.58167980184,0.7402831247109412,0.0361204215120091,0.0,0.0159457006929036,10.922378676357802,0.9139141974434428,42.8,74.3,26.32,12.93,84.61,86.2,70.24,88.72,Very High
125,SHEIKHPURA,BIHAR,219,37.42349300228142,41.71650609304251,0.3416264968863679,0.2219727275024781,1.8569789091566276,7112.906448351166,12.08,9.15,47.55,22.05842214214524,17.277686626287426,9428.290293495013,0.1883008969534173,0.0013033811239745,0.0,0.0148892126044621,18.771521078711007,0.9838074062715634,52.7,74.3,35.3,20.7,86.0,81.57,71.25,87.81,Very High
126,SHEOHAR,BIHAR,220,33.82549163328317,37.40308931794284,0.3888631780400718,0.2696417593134643,1.6015468683426397,7340.16831794253,12.56,10.17,46.72,21.937052038669048,23.80260430675759,9677.935881219046,0.4455475452087605,0.0,0.0,0.0040346186098761,8.503009833450767,0.993948072085186,60.03,74.3,32.97,14.78,78.07,85.71,70.67,86.03,Very High
127,SITAMARHI,BIHAR,221,33.90040455182945,37.60669370688517,0.3890001967107179,0.2685784959956805,1.544790954443483,35952.698351855375,12.47,8.92,46.86,59.80037234560185,22.39430984450506,49672.17154473132,0.5095018496989943,0.0016272172829619,0.0,0.0080355818179207,12.841430737189224,0.9903372008991174,63.46,74.3,32.56,11.94,78.22,91.81,70.64,88.56,Very High
128,SIWAN,BIHAR,222,36.08297092584591,39.3176688402951,0.2972118338778555,0.2008803459237922,1.5789384758516392,33656.59243774974,10.27,10.7,49.37,70.63941194781229,24.61654307605525,46268.54014764687,0.7858665475441203,0.0008058539760993,0.0,0.0095975628447593,9.42435392629565,0.9803687650998862,40.55,74.3,28.0,14.22,86.58,89.94,70.14,91.02,Very High
129,SUPAUL,BIHAR,223,31.534037639603785,34.3880701930873,0.4981906421800063,0.3444357887993464,1.2836983691368946,25095.278838427905,12.69,7.96,47.6,27.83258821997483,20.189143047296632,32278.17108409584,0.5927737821974456,0.0747095504723873,0.0,0.0010778824312397,19.93353892840769,0.9046225964668608,63.9,74.3,39.37,16.35,65.86,84.39,70.62,80.47,Very High
130,VAISHALI,BIHAR,224,34.18517197547466,37.49529450331101,0.3729270328496013,0.2541042714258144,2.304551040499372,40346.49001485972,11.34,9.97,46.82,157.87061828690872,25.823102163317344,53372.31275448357,1.069775892656076,0.0321793670197134,0.0,0.0126119609312645,11.577794724218498,0.8947415095750397,47.56,74.3,30.34,21.18,78.7,87.41,69.72,86.59,Very High
844,CHANDIGARH,CHANDIGARH,055,35.42054935004317,39.369877098035886,0.417404613652805,0.258170549440568,25.56760852190913,7845.378329080697,7.21,7.72,44.71,1795.1756445067304,29.09666871040264,11015.621143811342,5.177880402659088,0.1446965052115267,0.0,0.8029254620303061,1.5424914752694667,0.0523780327581676,5.97,88.2,38.29,18.86,78.91,14.63,21.56,37.22,Low
132,KAWARDHA (KABIRDHAM),CHHATTISGARH,382,38.889554744854486,43.14628877227059,0.4005488745636656,0.2337743384362574,0.8018204144867996,9824.104376468908,11.52,8.54,49.46,3.2098982785602503,13.063778412028704,11053.269973019022,0.1036709781655518,0.4361224862636413,0.1629895624357992,0.0002197472647928,33.61226084514556,0.5635672823037097,25.83,75.8,40.69,24.67,68.58,50.02,67.15,66.11,High
133,GAURELA-PENDRA-MARWAHI,CHHATTISGARH,734,36.97337773665278,40.95233505278716,0.4267970915343533,0.266849247430415,0.8210416873803158,3241.1716650347494,10.02,9.2,48.82,6.034822287563646,12.870622169515874,4462.672707332866,0.2112002143671575,0.3249400284830861,0.1393559356910396,0.0,36.694380401555456,0.6736791374931632,25.83,75.8,40.69,24.67,67.81,55.69,67.03,68.06,High
134,SURAJPUR,CHHATTISGARH,648,37.2931876371147,41.36599247845637,0.4013949960909881,0.2462835402814462,0.7428328271595556,7849.832909205271,10.28,9.78,49.1,8.448655119573518,12.69329876156699,10369.053790718404,0.1765861745545288,0.4624642480508837,0.1496454172171619,0.0,72.36773138440942,0.5365405707905087,25.83,75.8,40.69,24.67,65.69,48.28,67.66,64.43,High
135,BALRAMPUR,CHHATTISGARH,649,36.83189107664664,40.12370949375523,0.4176823576887473,0.2577332240343866,0.6205069055693918,7366.326498441545,10.31,9.77,48.86,2.147463486390381,12.16868219063469,9409.500588017332,0.1130284462474586,0.5235110359315744,0.1846040342309405,0.0002887439863949,53.705844485716,0.4717047945143187,25.83,75.8,40.69,24.67,61.21,43.22,67.46,60.44,High
136,MUNGELI,CHHATTISGARH,647,37.477240851166606,41.50303382769821,0.4205407245688039,0.250988196138306,1.0027599397115776,6834.110793767528,10.02,9.21,48.94,7.3301973313629265,13.821297321346115,9189.725931245212,0.1600300638365351,0.4064266358963824,0.3126262672253538,0.000995177616439,43.543939145916696,0.5900089370852613,25.83,75.8,40.69,24.67,63.43,51.51,67.22,64.64,High
137,DAKSHIN BASTAR DANTEWARA,CHHATTISGARH,376,34.02089838484023,38.35551103825463,0.5215892965055123,0.3351637276218374,0.7055194527477653,2698.825408445973,9.22,5.49,50.12,7.241588783825802,11.7752336485226,3640.78698981376,0.0917577383955415,0.9983343479658144,0.2339346228310598,0.0,57.16762063007039,0.0016656520341857,25.83,75.8,40.69,24.67,36.46,4.59,67.55,34.56,Low
138,BIJAPUR,CHHATTISGARH,417,35.00421229973139,39.65466761407359,0.546976722451813,0.3559146578238585,0.3908636407116566,2480.571568752081,9.98,4.67,49.18,2.05425304866652,11.179377561444996,3280.6008207603613,0.0164605961449817,0.9952890741438688,0.4681051584901988,0.0,99.905395808453,0.0047109258561311,41.2,74.1,52.71,83.97,31.17,19.75,73.43,41.0,Moderate
139,BASTAR,CHHATTISGARH,414,34.27161668497872,38.69954878976065,0.4550289843907302,0.2872067267363426,0.7019227611564443,8009.546207096942,9.88,7.66,49.98,7.010195860479278,12.181442345901372,10076.162023264324,0.0995440235028637,0.6557208930134494,0.1956672543072783,0.0010446438447263,42.14731558975884,0.3425380339120067,46.95,74.1,51.41,68.62,52.3,47.05,72.36,60.37,High
140,SUKMA,CHHATTISGARH,642,35.52122616546018,40.17681159354237,0.5366567579489541,0.3410818003005298,0.3990736023111162,2403.20160943038,9.3,5.7,49.97,2.1231611122266623,11.350381012070269,3144.0401867141604,0.0272437011667268,0.944997826361803,0.2635362220072246,0.0003448073034243,67.49976596349012,0.0545816439465696,25.83,75.8,40.69,24.67,38.36,8.13,67.82,36.89,Low
141,KONDAGAON,CHHATTISGARH,643,34.268527959970484,38.467757303457496,0.4828368523858589,0.3017653999049858,0.4746348247770702,5644.799059725769,9.87,7.66,50.35,4.777059233791603,11.843042942730024,7120.78908447305,0.0924063313165323,0.7383408877921004,0.1073185594207878,0.0003682166904683,44.67336107138074,0.2605010346167007,25.83,75.8,40.69,24.67,49.84,26.18,67.34,48.78,Moderate
142,NARAYANPUR,CHHATTISGARH,637,32.5356411603892,36.24270854078211,0.5784233894425004,0.371492921981908,0.3989650995689792,1130.6034856767749,10.26,5.88,49.43,1.6640070669364266,11.160648808840763,1311.903911881132,0.0169280239679999,0.998232495739121,0.6098020626274131,0.0,137.7570393204135,0.001767504260879,51.52,74.1,50.84,80.92,23.45,20.95,74.04,38.59,Low
143,UTTAR BASTAR KANKER,CHHATTISGARH,413,35.863765146417656,40.30102161693028,0.4681714235753248,0.2913597446394852,0.532109875996816,7487.418937512306,8.61,8.89,49.8,3.970834337344793,11.993720704304051,10059.259284808764,0.0921654871214453,0.7265938819914216,0.2050409611204309,0.0003897177679207,48.60452459255687,0.2726903618465795,27.03,74.1,51.99,59.59,50.99,38.8,72.48,56.51,Moderate
144,GARIYABAND,CHHATTISGARH,645,35.731160584651064,40.06170339516123,0.4744865274850085,0.288808047811478,0.5486684827488919,6698.15632592235,9.49,8.78,49.64,1.9104756183249545,12.234879331255836,7791.099880924131,0.0436845074401601,0.6240321632373355,0.2808102092768931,0.0006988726715879,73.7104043528493,0.3739217851291065,25.83,75.8,40.69,24.67,52.26,35.38,67.89,53.75,Moderate
145,DHAMTARI,CHHATTISGARH,412,36.22419921744597,40.47689685955784,0.4369907391660996,0.2626520538976138,0.753723491822139,7706.779838326136,8.36,9.74,49.87,8.905285219072253,12.68944163244432,10234.257144856429,0.0918439154626768,0.5190532008966215,0.289999025411719,0.0019500706800033,40.72128673057736,0.4673061396379365,18.59,74.1,50.38,33.29,58.21,47.65,72.35,63.03,High
146,BALOD,CHHATTISGARH,646,37.66394992403416,42.47888138912737,0.3764785596599614,0.2218101321366879,0.8548850450081844,8271.807843016051,8.41,9.65,49.88,8.553974561249733,13.219140311350918,10728.498627182144,0.1046057869490082,0.3390567275041066,0.0757827599117846,0.0005518871293428,20.061003696332342,0.6560563660721436,25.83,75.8,40.69,24.67,73.61,56.84,66.93,70.87,High
147,MAHASAMUND,CHHATTISGARH,385,37.016901465743146,41.54586332200103,0.386319362950566,0.2368448278299606,0.9883468323513792,10169.013746252474,8.47,11.12,50.13,6.586990190621799,12.995358287672872,12734.7475486261,0.0924583765030744,0.093146603235801,0.0460098346423477,0.0009623342231926,39.519125893766414,0.9047197249423709,29.85,74.1,48.34,40.62,79.72,82.64,72.33,86.12,Very High
148,DURG,CHHATTISGARH,378,39.19218496152445,44.0828324935836,0.2990213039138156,0.1671231045138771,3.433229392791486,17228.372813313144,8.42,9.63,48.87,149.0936750604268,15.084220596760542,22887.65046372185,0.542054057478522,0.0257404069426713,0.0,0.0605076171076848,16.264995965379523,0.912944172888862,19.98,74.1,44.76,25.58,91.65,78.88,71.24,89.02,Very High
149,RAIPUR,CHHATTISGARH,387,38.97617790350035,44.18807127991614,0.2786892284481243,0.154774482518598,3.955088553694399,24113.33116568726,9.5,8.7,48.64,143.65858728276498,15.45297933803062,31330.270698736505,0.5680222322447467,0.0456301330925837,0.0,0.047539684229111,15.226664240118463,0.9068301826783048,21.82,74.1,43.25,29.55,92.27,80.04,71.18,89.72,Very High
150,BEMETARA,CHHATTISGARH,650,40.40112910421221,44.9717632294304,0.3107499057626062,0.1695442628671345,1.1330448528109027,7910.556215583576,8.45,9.62,49.64,8.342068028106265,13.3978970921756,10583.654978818991,0.1125830943457372,0.0020300097197472,0.0,0.000647983152438,20.10910981871185,0.9973220071278146,25.83,75.8,40.69,24.67,92.63,80.19,66.92,88.19,Very High
151,BILASPUR,CHHATTISGARH,406,37.622706791382704,42.17786730064078,0.3681240873289429,0.2212424692613196,2.0273845605812952,15711.8447140738,10.02,9.22,48.82,57.89424065296666,14.213399114040726,21759.027349169395,0.3457761980939478,0.1940228342538282,0.098129573581119,0.0106614917726527,34.33099580008566,0.7908491666598688,25.66,74.1,45.17,39.47,77.75,72.47,71.84,80.96,Very High
152,KORBA,CHHATTISGARH,404,36.57385226319681,40.67669922471933,0.415168453151741,0.2486670656812856,1.2444749433988227,12243.72923137739,9.28,7.98,48.75,20.978730116968816,12.616534581641009,15889.404036445334,0.1560007802339353,0.5280129605076787,0.2048785307203442,0.0147541493657025,64.54931429861851,0.446772345604077,31.85,74.1,43.19,51.24,61.4,47.01,72.63,64.18,High
153,JASHPUR,CHHATTISGARH,402,35.70276473644775,39.269163989290206,0.4217674942203993,0.2587183058999122,0.6649657099991673,8080.917566803098,9.3,10.94,49.78,2.4369625154599337,12.416072921080657,10792.63925394919,0.1131450095050619,0.3775231752970672,0.1100009409727196,0.0010978015064173,55.74866086134338,0.6177701160594512,45.85,74.1,57.22,68.01,65.86,71.87,72.56,76.15,High
154,SURGUJA,CHHATTISGARH,401,36.34520805709527,40.16677425081679,0.396599031312601,0.2394859129376561,0.8407379692282608,8340.663294359394,10.27,9.8,49.05,18.776165774288003,13.184305200677528,10780.51405636628,0.1844626129418782,0.3207727448897562,0.0721947490813045,0.0022877669958658,56.99734588720455,0.6634901096692698,47.37,74.1,48.98,60.01,70.88,69.69,72.47,77.27,High
155,KHAIRGARH-CHHUIKHADAN-GANDAI,CHHATTISGARH,759,39.45508665988919,43.93283025833824,0.3668773965581389,0.2091558957340118,0.664611975246202,3575.783685893756,8.91,9.23,49.99,3.594920664726316,12.499331831126971,4490.306857838184,0.0760061175588993,0.4059978718743151,0.2345288392326227,0.0,38.50052745854933,0.5940021281256845,25.83,75.8,40.69,24.67,71.03,50.46,67.27,67.34,High
156,RAJNANDGAON,CHHATTISGARH,388,38.76733898620414,43.90889576555594,0.34517664679738,0.1987485654982607,1.146075765216522,8938.599975342218,8.89,9.24,49.98,13.678480334429116,13.142286419119156,10651.564468076456,0.1406623717420135,0.2162503976648006,0.0779702072321971,0.0051704795977027,28.8159081439782,0.7778089088077871,23.14,74.1,52.05,36.55,80.72,71.35,72.08,81.81,Very High
157,MOHLA-MANPUR-AMBAGARH CHOWKI,CHHATTISGARH,761,36.8616981460952,41.72564699494519,0.4408842778854716,0.2697422763549078,0.5141637703738817,2924.645001409805,8.89,9.24,50.01,0.0007489646664904,12.09283784180692,3656.1759595970666,0.0391297324287015,0.6986738919728618,0.108999324463242,0.0,47.91203013275325,0.301326108027139,25.83,75.8,40.69,24.67,56.92,29.71,67.48,53.17,Moderate
158,JANJGIR - CHAMPA,CHHATTISGARH,379,37.13995005207325,41.59791282870789,0.3515009160433605,0.2136481167931348,1.5411212484449872,10134.98891317589,8.91,11.24,49.32,24.222512195121958,14.727078048780498,11835.369422075646,0.270670013179624,0.0146439024390243,0.0074634146341463,0.0041463414634146,17.579628812411563,0.9812097560975608,23.16,74.1,52.26,36.12,85.25,88.59,71.69,90.56,Very High
159,SAKTI,CHHATTISGARH,762,37.1317833047906,41.658008706338215,0.3413506914481692,0.2078342632665853,1.3663318473198909,7275.780802351349,8.9,11.26,49.32,4.4372054430799865,15.732428365969689,9301.169859824744,0.2333253583202241,0.0247239738909171,0.0048412435003872,0.001039938046244,22.52889266081426,0.9738997676734154,25.83,75.8,40.69,24.67,85.62,81.57,66.76,85.82,Very High
160,RAIGARH,CHHATTISGARH,403,36.48336182620991,40.79647413954262,0.4109892654956522,0.241277776982074,1.5738264066427232,10362.027772047366,8.47,11.0,49.46,16.98742729615254,12.54904669582416,13363.57424388059,0.1376632757838295,0.3611546939960652,0.1125501781870879,0.0079686151145879,54.6524181593154,0.6265642638861584,30.82,74.1,46.2,48.9,68.74,63.2,72.5,73.75,High
161,KOREA,CHHATTISGARH,384,37.00026166461432,40.82800058312186,0.4309092765401268,0.2554128323627709,0.727233233211983,2959.6918511230174,9.39,8.05,48.71,9.52935816571667,12.42906731037634,3964.4858856509295,0.1276919179723754,0.6161881028450594,0.0896227847771723,0.0,80.45954125076958,0.38381189715494,25.83,75.8,40.69,24.67,60.45,33.74,67.87,56.42,Moderate
162,MANENDRAGARH-CHIRMIRI-BHARATPUR,CHHATTISGARH,760,37.72594563862278,41.84759063155267,0.4145190816307846,0.2441586511441602,0.6451539629752985,3636.225293560589,9.38,8.02,48.7,9.300928400374836,11.694415715128592,4938.189325740038,0.1239406572317327,0.7357017665637038,0.1002169159754278,0.0015487800645541,99.59632403529534,0.2627494533717422,25.83,75.8,40.69,24.67,58.64,25.1,68.18,52.28,Moderate
163,SARANGARH-BILAIGARH,CHHATTISGARH,386,38.112500849838206,42.92717788810057,0.3482199996110949,0.2074704738827281,0.828374185964381,6391.6919161273,8.83,10.21,49.53,6.917039933034944,14.408904569837004,8373.090636361167,0.1337599229464573,0.2127973266808544,0.1006192947205579,0.0013290649161533,30.065990434161176,0.7817097553364847,25.83,75.8,40.69,24.67,78.99,66.18,67.04,76.93,High
164,BALODA BAZAR,CHHATTISGARH,644,38.64497050268094,43.54748130315804,0.3345515062683201,0.1946489627816054,1.2499415586516955,12185.044485539136,9.49,8.73,49.66,14.029522000777984,13.417153971123277,14486.281311995785,0.1343396986048846,0.2770207994874495,0.1436569571882937,0.0018671487083266,28.29908281164374,0.7206452646271423,25.83,75.8,40.69,24.67,77.9,61.7,67.01,74.64,High
179,DADRA AND NAGAR HAVELI,DADRA & NAGAR HAVELI & DAMAN & DIU,496,39.55944560299002,44.15105363699757,0.3595691470548281,0.2217377484725435,3.5133369356617288,5513.430292690501,9.86,5.22,43.45,182.39637927732855,18.70111361527245,7198.501165858901,1.1692793926839455,0.0236790549000545,0.0,0.0209539381619455,12.441264055566478,0.936077599540413,25.83,75.8,40.69,24.67,87.22,70.8,65.11,81.39,Very High
180,DAMAN,DADRA & NAGAR HAVELI & DAMAN & DIU,495,35.36630840144545,39.03076128474324,0.3409184230558198,0.1969642354157432,9.807063625924618,1451.976471029544,7.21,4.74,34.67,723.4674984596428,23.04148695830767,1678.8993694097385,2.0343416028258794,0.350944752515917,0.0,0.1846375025672622,1.834080926211734,0.232131854590265,25.83,75.8,40.69,24.67,75.34,22.25,63.56,56.05,Moderate
181,DIU,DADRA & NAGAR HAVELI & DAMAN & DIU,494,34.03428770839828,35.46553456226765,0.3332773063445783,0.1857791555465959,3.423335434402379,625.016343815654,7.8,9.23,50.1,254.4663479923517,21.42323135755257,1278.929427629763,1.041384776304146,0.69321223709369,0.0,0.0607074569789674,6.074706554503869,0.0475143403441682,25.83,75.8,40.69,24.67,62.67,16.23,65.21,49.08,Moderate
165,NAZUL,DELHI,95,34.35033868361349,38.1631579816937,0.4093610979737564,0.257700163057758,25.23478010769001,4289.827021280924,7.64,8.37,46.47,646.9229378216722,30.0,3019.1904433413,1.8529954420573396,0.0055640561969675,0.0,0.9944359438030324,1.415172778999612,0.0,25.83,75.8,40.69,24.67,82.35,15.82,63.84,56.4,Moderate
166,SOUTH WEST,DELHI,97,37.582545959592046,41.303057497544806,0.3054745847431251,0.2054907590438885,18.28510746594567,15078.903170898848,7.51,7.5,45.25,967.3540789968346,22.30931735771717,20842.33646826294,2.308758330953208,0.0739155216531852,0.0,0.2863968760232357,3.0152728992895232,0.639687602323579,25.83,75.8,40.69,24.67,87.58,58.3,63.14,75.62,High
167,WEST,DELHI,96,36.40715147532335,40.13455398274834,0.2786309914292936,0.1790501884741585,35.535769402692395,25327.907624169893,7.21,9.39,46.24,3310.5335983887417,30.0,37931.66067083549,7.960814949326853,0.0576757081949203,0.0,0.8714655645941775,1.0976568225388534,0.0708587272109021,25.83,75.8,40.69,24.67,91.75,29.62,55.23,62.37,High
168,CENTRAL,DELHI,95,35.49453989384328,38.70421914082771,0.3223787336228125,0.2051393959472921,39.49312055430584,12903.021295446504,7.17,8.18,46.24,2746.860852647606,29.454576213838603,21871.00696328688,7.194001864537917,0.0242767721197766,0.0,0.9024699712400608,1.0305890219049436,0.0732532566401624,25.83,75.8,40.69,24.67,88.85,24.55,55.32,59.15,Moderate
169,EAST,DELHI,093,35.43906050336781,39.92137683914056,0.2791564813808264,0.179239673394451,46.41236817871751,9599.93866666906,7.55,8.73,46.42,3844.675616914882,30.0,16010.374697408592,11.094250731344312,0.0,0.0,1.0,0.418296965662196,0.0,25.83,75.8,40.69,24.67,92.82,19.46,55.23,58.65,Moderate
170,NEW DELHI,DELHI,94,35.74539965219754,39.38603828152323,0.3852955675378157,0.243302866366136,46.13937357659692,9457.56413946712,7.27,7.25,45.24,1781.893672051377,30.0,13311.09821342171,6.129424080594609,0.1088266882931854,0.0,0.876509655217763,1.482961665663483,0.0146636564890515,25.83,75.8,40.69,24.67,82.86,17.46,57.02,54.49,Moderate
171,NORTH,DELHI,91,36.52809196118172,40.05366189086335,0.3079373993010731,0.1949994833678884,18.88571361885455,18157.84044178701,7.8,7.93,45.97,1158.3485506395962,24.31928177443962,27733.775175645347,3.024282851049617,0.0299260650158432,0.0,0.4896608379298204,3.03480584025383,0.4804130970543359,25.83,75.8,40.69,24.67,88.69,50.27,62.0,72.33,High
172,SHAHADARA,DELHI,671,36.21286999616649,40.581070207052825,0.2244212690604468,0.1391245250923044,43.88687585896367,13244.263494813207,7.95,8.23,46.41,4351.185724324868,30.0,19890.982273988662,9.924764734999076,0.0,0.0,1.0,0.3656705890586488,0.0,25.83,75.8,40.69,24.67,97.31,20.06,55.23,60.73,High
173,NORTH EAST,DELHI,92,35.18096974948186,39.65732238583766,0.2768056762591457,0.1783687016122171,23.62368820354365,13087.546629225037,8.72,7.01,46.46,2970.5214395099533,29.75086140888208,18219.712815463805,4.653416779240276,0.0,0.0,0.9374042879019908,2.682748802879092,0.0625957120980091,25.83,75.8,40.69,24.67,91.8,23.17,59.39,61.45,High
174,SOUTH EAST,DELHI,670,35.171670150961425,38.66115715547526,0.3367667263176341,0.2161283590018904,37.087135283470126,14722.676413730544,7.83,7.37,45.82,2456.9358118310247,30.0,23058.209621008795,7.633491286254509,0.0190249303761366,0.0,0.9527228802469552,0.9017531139532308,0.0282521893769083,25.83,75.8,40.69,24.67,87.81,21.15,55.23,57.29,Moderate
175,SOUTH,DELHI,98,34.89109527489243,38.47426806459982,0.4185581039116869,0.2683966301895847,21.12621246785376,13636.617524090936,7.74,7.35,45.79,1246.812764578834,26.94058315334773,21346.032765128803,3.89440364652267,0.0503887688984881,0.0,0.4591576673866089,2.275459569599922,0.4904535637149027,25.83,75.8,40.69,24.67,79.29,50.31,60.6,67.93,High
176,NORTH WEST,DELHI,90,36.918300292443256,40.43890318753648,0.2714727401224264,0.172355787918135,26.07130210161605,19696.903151736533,7.77,8.07,45.99,1893.2280022259324,25.067779632721194,29465.46336051585,4.807779546513714,0.0184084585420144,0.0,0.5370061213132999,3.148309016076471,0.4445854201446856,25.83,75.8,40.69,24.67,92.38,49.47,59.15,72.34,High
177,NORTH GOA,GOA,585,32.45023969700697,35.08814256301916,0.5143689522629237,0.3139278746415921,2.5695296515478536,7548.474553860753,6.01,13.18,48.92,55.00398609090277,15.671514498025356,8965.46754702958,0.5258753696447644,0.7740161435598976,0.1989819337629043,0.0016563604240282,13.32170878650808,0.0398241010184992,3.33,92.6,40.06,9.07,42.83,11.93,16.05,19.11,Very Low
178,SOUTH GOA,GOA,586,31.60908928267254,33.95087718407345,0.5515932281102196,0.346459523818491,1.5387175124251808,6185.255527230003,6.6,12.5,49.48,49.20245537684547,13.916567845232194,7104.262630735502,0.3819765607935492,0.8021422184356668,0.3900837007955602,0.0117108196998131,26.000328954722335,0.020485779307751,4.37,92.6,38.97,15.69,34.3,9.68,16.49,14.88,Very Low
182,AHMADABAD,GUJARAT,474,41.57265409870372,47.279832374486176,0.2515778243496225,0.160055235097506,3.613591331392152,74411.17476535363,7.87,9.44,47.21,183.5361768862996,13.110161129751829,97240.30557550048,0.5450661931643244,0.2868778191561271,0.0,0.0536233914678662,20.095139935717192,0.6338556837874706,5.85,84.6,35.97,11.76,88.62,64.47,39.99,69.1,High
183,AMRELI,GUJARAT,480,43.31479543887723,49.40908063162912,0.2608626860674583,0.142881407359901,0.8620807968981818,14069.001809078638,7.35,12.21,48.87,21.25339020715221,11.887292672855974,19524.80693739244,0.1121228713473569,0.0211640967676132,0.0,0.0206344153943637,18.426673896599123,0.947755678430685,11.95,84.6,43.4,9.26,98.77,76.91,40.65,78.62,High
184,ANAND,GUJARAT,482,38.39440133621625,43.40150625324809,0.3772036839780702,0.2509104131270391,1.831706329379864,23971.880466715807,7.96,10.16,47.87,106.21293108836852,16.112597525841153,24256.37338792206,0.7340796188713704,0.0492979275936333,0.0,0.0430221787826956,15.084051024542177,0.7619125009234051,14.81,84.6,40.37,6.18,83.4,65.2,39.6,67.11,High
185,ARVALLI,GUJARAT,672,40.74535592067537,45.627690489863255,0.3541226276201835,0.2295238840960494,0.9311238503732886,10889.767747884516,9.49,9.8,48.6,39.18622763708633,14.98637568563001,13675.606700701568,0.4376411259625141,0.0056525567802384,9.054956796537376e-06,0.0118336966634747,18.9773650950828,0.9815290200046632,25.83,75.8,40.69,24.67,88.72,80.94,66.38,86.68,Very High
186,BANAS KANTHA,GUJARAT,469,39.40791196754312,45.11598901879172,0.3546030542054439,0.2487366276155425,0.92759096583296,32277.146498864066,10.74,7.62,48.05,57.73604270542641,14.711149502056584,40838.28126891751,0.7530195424085504,0.0397128063377021,0.0,0.0026137070003041,26.540078940039912,0.9520020235150964,31.24,84.6,40.01,19.6,85.77,82.39,39.76,75.17,High
187,BHARUCH,GUJARAT,488,39.73216556238948,45.011574825718114,0.316423942552504,0.1896322382218483,3.1025147037153253,14398.422376978631,7.45,9.38,47.75,63.83494123954015,12.712351352325236,19569.91708846619,0.2272570368620405,0.0923886066259119,0.0,0.0734739230925923,16.14947818182791,0.7926709186281071,17.38,84.6,40.43,35.49,88.76,66.67,40.43,70.24,High
188,BHAVNAGAR,GUJARAT,481,42.23937385479539,47.14303984555316,0.2652751985275901,0.1537373034896422,1.1199374131786186,23924.90732167666,7.86,9.5,47.93,41.854038530418016,13.095872250287243,31493.653182532675,0.2660748618883188,0.0842853569609147,0.0,0.0354500158558056,21.447065261274304,0.8381087130218031,17.9,84.6,39.95,5.77,94.59,68.36,40.45,73.33,High
189,BOTAD,GUJARAT,676,44.00928016798844,50.63677938808568,0.251808951810731,0.142075935353804,0.9715513082656472,6189.640108964436,7.89,9.51,48.03,26.78655776421964,12.184034812507957,8447.885814434907,0.1398577220419733,0.0336258494738182,0.0,0.0152196186484828,20.299330744736796,0.9507855100316054,25.83,75.8,40.69,24.67,98.74,74.97,66.88,88.53,Very High
190,CHHOTAUDEPUR,GUJARAT,668,39.94824382653754,45.1995366406024,0.3620916133699728,0.2259729387267202,0.7399801190827839,10312.361005666451,7.84,9.97,48.91,19.04760065716547,14.936137211472426,13615.32924410276,0.3412867956156801,0.0140848010654931,6.471451504821235e-05,0.0047909616785692,26.588684855049998,0.9779563573660776,25.83,75.8,40.69,24.67,87.7,80.46,66.66,86.17,Very High
191,DAHOD,GUJARAT,485,41.26365537370705,46.39680780005207,0.3002107372460652,0.1878883459231594,0.9473039753483564,23540.33371838636,12.94,7.4,49.17,71.20735551767524,18.36532562471237,28328.693481338403,0.8195478977264165,0.0130324943261836,0.0026704959577145,0.0052886486144826,20.240079672011674,0.9816788570593336,25.83,75.8,40.69,24.67,92.88,84.87,65.79,89.74,Very High
192,DANGS,GUJARAT,489,40.09759793631502,44.30845197541107,0.3695107376031236,0.226593865962562,0.4761957217676782,2351.458450775872,11.7,6.96,49.66,1.1421124805868554,11.891976175527876,2863.299150791526,0.1138957678371611,0.6623372600204872,0.1296839374814129,0.0015798995473019,25.439137351796177,0.3360828404322112,25.83,75.8,40.69,24.67,65.07,29.75,67.0,56.32,Moderate
193,DEVBHUMI DWARKA,GUJARAT,674,40.534571465095766,45.023329513385406,0.2120454335450845,0.1280732804489829,1.2472999760124226,7657.196419658439,7.84,10.31,48.35,34.808036513957056,12.241871053350094,10014.377601311073,0.2826234385948399,0.1789376935825797,0.0,0.0112058336072401,26.740823496167906,0.7647357538003485,25.83,75.8,40.69,24.67,92.76,63.55,66.75,81.37,Very High
194,GANDHINAGAR,GUJARAT,473,40.11275195759213,45.56492200586549,0.3780523952653282,0.252650132665686,4.776485578682864,11096.490570652722,7.76,9.6,47.86,143.8124850836338,15.531914204471818,15127.98176901385,0.712661527595874,0.0035185576641141,0.0,0.043949580977968,7.82802132986236,0.9498912383822812,16.57,84.6,38.44,9.11,86.86,73.44,39.52,71.86,High
195,GIR SOMNATH,GUJARAT,675,38.81280850153535,42.37032904613043,0.3785267690329992,0.2285203594431903,1.538403630713438,10957.913321347804,7.23,10.37,48.73,39.28819347308109,14.440337577397097,15125.928838647029,0.5162896773740844,0.1989261907747772,0.0,0.0093159013892544,15.767119812535633,0.7745786139427082,25.83,75.8,40.69,24.67,79.58,66.49,66.2,76.95,High
197,JAMNAGAR,GUJARAT,477,42.24433493459324,47.30043687543432,0.2277659575098571,0.1311902181273109,2.2956148935028686,12102.094722376838,7.85,10.29,48.04,61.76481341988262,12.01610123276202,17176.745046873235,0.2655237985134474,0.0407753201977331,0.0,0.0306734442132167,26.766904145592083,0.9165853519150468,13.05,84.6,39.23,9.17,98.38,70.22,40.54,75.67,High
198,JUNAGADH,GUJARAT,479,40.89978224454469,45.765718474994365,0.3197057033947427,0.1859466094892119,0.9193257503446608,14659.92505991113,7.23,10.38,48.42,29.716477998721103,12.557210890062782,18145.563630888628,0.2888164851150795,0.1212242278246707,0.0013563525169056,0.0110493972357594,21.618661826030653,0.866734080440274,10.08,84.6,40.97,11.72,88.62,68.61,40.42,70.98,High
199,KACHCHH,GUJARAT,468,41.52832138923088,47.40475410154216,0.1426934914540137,0.0940880421665589,0.7953851365059846,21018.23455242126,10.03,8.28,47.17,11.115520548300026,11.052289829521088,26117.109265772997,0.062392123522498,0.3908856360549765,0.0,0.0031036794348421,116.80738650112896,0.1094225017417534,28.3,84.6,37.1,13.53,91.46,16.02,42.32,51.41,Moderate
200,KHEDA,GUJARAT,483,38.97949571760466,44.14474294473538,0.3918004937311519,0.2580982979561583,1.85466583611394,17541.886103295335,9.21,9.54,48.18,57.43661166544376,15.803759984781122,22372.626330847583,0.6213455011086485,0.0015992373832713,0.0,0.0238777639107521,11.532802067492907,0.9725955518205176,25.5,84.6,40.61,6.78,84.63,79.26,39.73,73.42,High
201,MAHESANA,GUJARAT,471,40.28250399157224,45.98129417201756,0.3558850827206287,0.2416531090871918,2.165403753452239,18997.544180608744,7.65,10.56,48.01,79.20440369973613,14.051006998340895,25549.13804886052,0.4428003117642747,0.0049084742029802,0.0,0.0104752442698705,12.948814456294777,0.9839175000627524,10.43,84.6,39.9,8.44,88.11,78.04,40.03,74.46,High
202,MAHISAGAR,GUJARAT,669,39.41220503895359,44.18801355195754,0.3743959502463399,0.2472401906739474,0.7742440225198624,8863.560148099588,9.26,9.52,48.33,30.717774301165157,16.076972203767596,12195.223064703989,0.466816639040604,0.0216354843088089,0.0,0.0064693569933491,18.01456261742065,0.9641985098190498,25.83,75.8,40.69,24.67,85.27,79.19,66.32,84.52,Very High
203,MORBI,GUJARAT,673,41.35425360252117,47.20657956918873,0.2503032234964895,0.1510541828174659,1.8239753645994048,9521.625232991551,7.49,10.32,48.24,60.13320404758301,12.398629137685734,12203.600493843423,0.2235895691319684,0.0796913031859187,0.0,0.0169443782366579,23.542957708682437,0.8832325771200339,25.83,75.8,40.69,24.67,94.91,72.33,66.79,85.85,Very High
204,NARMADA,GUJARAT,487,39.82667699945521,44.455590197397385,0.3527374093356845,0.2188476577536414,0.7551980623092214,6032.0734391350325,8.58,9.56,48.66,5.162214329833232,13.265921607988489,8207.095638685305,0.1353828021518262,0.1018105311920939,0.0019688079061148,0.0056580708256125,29.84415334368449,0.8684540354128066,37.11,84.6,49.94,83.03,85.27,84.95,40.8,76.44,High
205,NAVSARI,GUJARAT,490,36.59259553218324,40.61941698413949,0.4233765597572194,0.2617213511076189,1.5277682694440256,12592.50950724448,6.58,11.25,48.74,66.05122287351699,16.798141080046378,16749.67760847303,0.741811874131386,0.1680721067704326,0.0083449557191237,0.0297417265984709,9.003186694762196,0.6276683922393897,9.75,84.6,44.51,50.77,75.23,62.15,39.49,62.48,High
206,PANCH MAHALS,GUJARAT,484,39.89280236234094,44.96806300224903,0.3563741615316964,0.2329882445706642,1.3585547859102811,16739.54859252771,9.77,9.22,48.5,50.0729826798846,16.493140103605132,21724.9789155215,0.5581194461392484,0.0131774435299376,0.0,0.0212907693251641,17.591359634680888,0.9627762146432106,41.52,84.6,45.91,34.38,87.53,87.53,39.93,78.06,High
207,PATAN,GUJARAT,470,41.45312441615869,47.870342823423485,0.2602594953295729,0.1781315621564055,0.8509929181746536,12583.748931350869,8.96,9.74,48.11,24.551913290595454,12.335184868349131,16652.58631773349,0.1815351764366193,0.3439574754310792,0.0,0.0044100834024596,24.75407735410379,0.6390822332316466,21.1,84.6,41.29,10.17,85.65,53.06,40.64,63.49,High
208,PORBANDAR,GUJARAT,478,39.74888525205219,43.5617263894168,0.2611294572460544,0.1570850986049225,1.0690212484427075,5608.09733722736,7.11,11.03,48.5,58.17546285192979,12.861803566753997,7518.711891047625,0.454559694343542,0.1384550754216261,0.0,0.0194655668887854,25.516188587277927,0.8023864051402398,8.45,84.6,39.49,11.08,89.81,61.42,40.22,68.44,High
209,RAJKOT,GUJARAT,476,43.31925580684804,49.43737184272424,0.2426691333581027,0.1359842246963207,1.7520389906509872,30475.758869903104,7.48,10.32,47.79,78.58991771525054,12.801621363853128,39957.4360265017,0.3478316725713301,0.0168363113438356,0.0,0.034059877814971,16.58540758931963,0.9472093253263464,8.57,84.6,38.88,8.26,99.94,77.1,40.24,79.01,High
210,SABAR KANTHA,GUJARAT,472,40.50291761649993,45.379496179375295,0.3566560059261439,0.228511051204265,1.0686935534397328,13538.043363314686,9.49,9.79,48.53,46.243629385696366,14.277221701854169,17505.842300438144,0.4259544617093743,0.0106318375730896,0.0049468281431193,0.0101225431612233,20.99244007634112,0.9717083998104714,24.85,84.6,44.67,30.05,88.19,82.98,40.19,76.58,High
211,SURAT,GUJARAT,492,37.17578131738267,41.74085337165966,0.4041409970864472,0.2477191939469974,4.308150032218628,67740.68991297069,7.99,6.44,43.67,188.83531343774555,15.217783513805632,89397.09610587129,0.6648013184309965,0.2216494585831191,0.02559478655487,0.105400910305382,11.82285236976599,0.6208957378105682,9.22,84.6,41.99,16.69,75.85,63.32,39.66,63.28,High
212,SURENDRANAGAR,GUJARAT,475,42.28496829063109,48.68497644043328,0.2513806498009059,0.1533335015373703,0.9993639782306756,15270.829679031292,8.85,9.94,47.93,17.90722547235294,11.841014899068254,20024.78837317645,0.1068806347945263,0.3064660452857473,0.0,0.0104246298422771,26.035821573745952,0.6785641174908926,24.97,84.6,41.2,11.44,89.13,57.18,40.78,66.66,High
213,TAPI,GUJARAT,493,37.832138179352896,42.36377594267342,0.3570248785295232,0.2160110132258201,0.8767002885185381,8167.66072767704,7.27,10.07,49.7,15.138926238287114,14.243767415766811,10695.126317786177,0.3319400414874854,0.2196148478540068,0.0560213927049671,0.0084291152210904,23.21666761211421,0.6705377386046995,27.59,84.6,55.87,85.19,78.57,74.54,40.38,69.27,High
214,VADODARA,GUJARAT,486,38.69580850445709,43.9264563909186,0.3713376521592568,0.2387047591741038,3.753927743257273,29640.778801071632,7.79,9.97,47.75,144.09453563632937,14.338584185305914,39627.18332083318,0.5339044421470451,0.0218233846061508,0.0,0.0796498372844913,12.416318144136753,0.886514869470122,21.24,84.6,40.65,32.92,85.65,79.63,39.88,74.05,High
215,VALSAD,GUJARAT,491,38.27307324583031,42.44936265142128,0.3884367280736334,0.2363215098411419,1.9196765028392884,18161.01231005566,8.35,8.67,47.45,87.81834308766281,16.82435031959812,22576.235664841777,0.8269553515846509,0.1416511723132915,0.0003154539010513,0.0300670865296236,13.64789654856394,0.7712179860680717,19.95,84.6,43.57,55.17,80.4,72.47,39.43,68.79,High
196,ISLAND,GUJARAT and DNH & DD ISLANDS,NOT AVAILABLE,32.1094558440731,33.357355286596544,0.2511609983894826,0.133358847413336,0.5416743405886951,122.00503265583048,7.94,10.19,48.06,0.0,10.584567806963951,0.3763289433197511,0.0,0.650007635919364,0.0,0.0,58.44294962587941,0.0,25.83,75.8,40.69,24.67,66.78,7.2,67.71,48.09,Moderate
216,AMBALA,HARYANA,70,35.673551323228146,39.53256983056303,0.3339761487579887,0.2114684098272008,3.495619348971724,11343.44911232882,7.32,11.42,46.77,154.77545483526504,15.826383454942272,16210.35549260613,0.4792024254592398,0.0150857504642541,0.0,0.0412221976997964,8.114337467886761,0.94141815417472,1.99,82.2,32.98,26.25,84.51,72.73,47.05,73.69,High
217,BHIWANI,HARYANA,81,40.6259157023048,45.01567378724334,0.2274073296739454,0.1514446179217934,1.362292607255537,10943.55932141006,8.38,10.82,46.76,74.06774414546487,12.734192859195456,14606.18193253458,0.3421525672611034,0.025669164101902,0.0,0.0114154585549303,12.726168657627174,0.958821471557142,12.78,82.2,38.12,20.87,95.76,74.58,47.35,79.17,High
218,CHARKI DADRI,HARYANA,081N001,40.65042095699841,45.11651352972709,0.2543980365028767,0.169232502229672,1.5022764823849135,4718.26587444123,8.39,10.84,46.76,63.63334796685508,13.294016552508568,6139.537791906683,0.4262302902182743,0.005724533930647,0.0,0.0071787401535522,12.8130500491628,0.9870967259158008,25.83,75.8,40.69,24.67,94.67,78.6,66.3,88.12,Very High
219,FARIDABAD,HARYANA,88,36.571906163457925,40.41911127133968,0.3217230467212687,0.2155683823983929,10.676029228978974,20252.55367078665,9.06,7.37,46.17,774.0406351413999,18.10713027352805,25526.32736408792,2.153407320005781,0.0106397774687065,0.0,0.2660129809921185,4.915193153589089,0.7233472415391747,10.7,82.2,32.01,12.37,86.87,56.22,44.33,66.79,High
220,FATEHABAD,HARYANA,78,38.66637636225947,42.37592547288386,0.2379584650711362,0.1526840341539353,1.7267412689962125,9000.866489787666,8.35,10.75,47.15,70.64778233020103,13.339065261662682,12872.696854276544,0.5186277297466351,0.0006860020606963,0.0,0.0102147051939771,10.899758437088217,0.9890992927453264,11.02,82.2,39.18,30.19,93.77,78.19,47.04,79.7,High
221,GURUGRAM,HARYANA,86,38.49501255169852,42.44850907340263,0.3016147577884844,0.1986518019936214,12.724760374978048,22057.109814089883,8.81,8.74,45.72,641.0688577395008,19.261896897648327,25669.354129891944,2.0992597169762988,0.0790942716366167,0.0,0.1222842480243493,5.973464139758203,0.7986214803390338,25.83,75.8,40.69,24.67,88.12,71.46,63.52,81.38,Very High
222,HISAR,HARYANA,80,39.23607860382039,43.36479715803068,0.2374986363439378,0.1585333854995027,1.8719678205394048,16569.99058101481,8.0,9.83,46.34,108.24228524849484,13.315795144105849,23071.328339579068,0.473385950627561,0.0111312574696266,0.0,0.0155927803839983,11.608031905397509,0.9720265352875396,9.71,82.2,39.66,23.44,94.01,76.68,47.12,79.22,High
223,JHAJJAR,HARYANA,83,39.11353398795855,43.1861483802162,0.2509127961525285,0.1647594405299587,2.9156821571988583,8920.053738386261,8.11,11.09,46.11,135.44197217981278,13.842976547333436,12545.95740744863,0.4415304123804476,0.0099481413252532,0.0,0.0250388894997449,8.799480867738657,0.965012969175002,5.82,82.2,34.07,17.78,93.25,71.76,47.13,76.9,High
224,JIND,HARYANA,77,38.18333995223339,41.84639769582485,0.2297126482129365,0.1501880244072843,1.8306869924467928,12231.873408644591,8.21,10.8,46.33,72.1352579866459,13.554264251937276,17281.991329371023,0.229783306133666,0.0028809544432602,0.0,0.0096031814775342,9.771304806385588,0.9875158640792056,9.16,82.2,39.23,21.16,93.59,77.07,47.48,79.35,High
225,KAITHAL,HARYANA,73,37.57138505562742,40.98483405764774,0.2312123578046834,0.1479200890830081,1.8093471870004083,10753.449047111524,8.52,11.43,46.68,65.51647434517722,13.383616581084713,15467.0143001213,0.2725781940507958,0.0103298675932067,0.0,0.0170197563293317,10.672868655243304,0.9683983653771536,7.83,82.2,34.8,23.04,92.69,74.43,47.43,77.88,High
226,KARNAL,HARYANA,74,36.37428226904983,39.7305958396189,0.2584038405554462,0.1646844342998801,2.804857747344099,14737.580663685252,8.6,10.35,46.78,95.40715779592917,14.841848637551315,21427.383388645103,0.3546160708689093,0.0114754188349471,0.0,0.0226393188854489,9.266273199620422,0.964135542234811,6.4,82.2,34.28,22.56,89.77,74.46,47.27,76.64,High
227,KURUKSHETRA,HARYANA,72,35.66835000953718,39.19744256692409,0.2942228990719158,0.188636831634114,2.633287078728772,9274.912894941788,7.97,10.94,46.87,84.29240389469605,15.493735782569615,13216.312530308898,0.4132113381098913,0.0160663248784667,0.0,0.0225668709484723,8.515136397796601,0.956286241248298,6.42,82.2,34.91,22.3,86.63,73.41,47.17,74.88,High
228,MAHENDRAGARH,HARYANA,84,41.267618341626815,45.5296643882007,0.267085867803191,0.1733258572973202,1.6763806318874332,8383.597433015877,7.89,12.0,47.14,102.47201143247648,14.918630807890258,12026.845130714006,0.6233142781726229,0.0013614328324209,0.0,0.0068071641621048,11.943395212589785,0.991377592061334,6.29,82.2,36.72,16.95,94.73,76.5,46.89,79.34,High
229,NUH,HARYANA,87,39.57157039107073,43.48456122061181,0.2744649248223624,0.182342012045878,2.8635073081552367,11010.35630794016,15.17,7.34,47.03,65.62793443135025,16.330700450859112,13047.487219634117,0.4391828741687633,0.0021429014380177,0.0,0.0098394316832456,11.843990871900866,0.9880176668787366,25.83,75.8,40.69,24.67,92.2,79.51,66.26,87.47,Very High
230,PALWAL,HARYANA,89,38.05637755339402,41.89389495542708,0.2978966211156794,0.2082092377200582,3.324827624329217,11385.081751916225,10.7,8.33,46.39,101.89761640644149,15.6076104177669,14927.694505043184,0.3902514634339158,0.0015085395467306,0.0,0.0199748829428902,11.19406983993913,0.9785165775103792,26.98,82.2,29.69,19.48,88.66,73.54,47.25,75.8,High
231,PANCHKULA,HARYANA,69,34.61417452885338,37.8415256265378,0.4310074508112885,0.2585474465627684,3.855749808102761,5079.207275585159,7.57,10.58,46.34,161.91914963442363,14.417401889701267,6397.585154420412,0.5638018052690021,0.4108573870834792,0.0311884664112466,0.0349014699372643,17.478226567482942,0.5347793567688853,2.47,82.2,37.68,18.14,65.17,41.49,47.07,53.02,Moderate
232,PANIPAT,HARYANA,75,37.07711974073152,40.334134965854005,0.2584755433559296,0.169694671875136,4.702696684755986,12867.306652312189,9.16,8.91,46.03,209.95740047635235,15.601792865181752,17189.38719327567,0.6638688587070951,0.0083832805506844,0.0,0.0756091815635877,8.317270242277395,0.9157824482424688,8.12,82.2,34.2,17.11,90.57,68.53,46.76,74.33,High
233,REWARI,HARYANA,85,41.03161809474896,45.23249930281802,0.2597017570817135,0.1725981566276486,2.8868473072108296,8608.97438432539,8.35,11.1,47.01,158.8735352899305,15.651727536549304,11475.10718825522,0.7163468375468872,0.0034906641844165,0.0,0.0169285805544908,9.264529480301144,0.9795807552610926,11.08,82.2,37.51,20.28,94.79,76.76,46.69,79.4,High
234,ROHTAK,HARYANA,82,38.222850863035184,42.10223989776674,0.2412342188801746,0.1594685083331453,2.588166881417925,10268.13544002373,7.87,11.26,46.23,178.98931332749984,13.640183937818524,14215.745913346494,0.47381674192631,0.0094059111745913,0.0,0.0306153187251404,10.307769596186803,0.9599787701002682,13.72,82.2,32.6,20.44,92.82,72.92,47.1,77.18,High
235,SIRSA,HARYANA,79,39.41330858097604,43.28154797667934,0.2217969130574241,0.1478211155956025,1.663332806747872,12965.53336812888,7.89,10.9,47.08,69.90432870480831,12.627846701977084,16996.586008047092,0.2935889447932389,0.0017567718025798,0.0,0.007219544782173,13.024479044064613,0.9910236834152472,14.52,82.2,38.76,29.91,95.35,79.46,47.43,81.03,Very High
236,SONIPAT,HARYANA,76,37.64409202141106,41.006412225615605,0.2537424944844441,0.1673966322787641,3.5474479981428995,15349.543241372528,8.46,10.4,45.9,112.84005186718706,14.633889309843036,19349.92050722497,0.4273181163725855,0.0117240133028555,0.0,0.0334330941820614,7.9464316301913,0.9548349666001948,6.35,82.2,36.08,18.62,91.18,73.58,47.13,76.8,High
237,YAMUNANAGAR,HARYANA,71,34.49109320441114,38.27937801187614,0.3986099249731552,0.2470195872727285,2.4474499543969968,11891.047808120346,7.91,10.74,46.57,103.33649772046316,16.104996132052122,16993.974351872777,0.3595723278817208,0.1066100676596362,0.037114628696639,0.0338239278716076,11.944598558754038,0.847206242121756,4.47,82.2,32.06,25.26,75.82,65.54,47.31,67.3,High
238,BIL>SPUR,HIMACHAL PRADESH,30,31.651653935508293,35.094860505306734,0.5177366898838551,0.2964246638718999,1.1293656149742863,4514.164145438344,7.12,13.5,49.39,35.82544670839665,16.398801908474518,5617.526435477833,1.0010613162593385,0.9158616899787916,0.0649304929462575,0.0,12.328373514993892,0.0296832470398323,25.83,75.8,40.69,24.67,41.45,17.58,65.37,41.02,Moderate
239,SHIMLA,HIMACHAL PRADESH,33,22.07806613335687,23.7018590415456,0.581861761237297,0.3132137012401739,0.6327963073319406,7975.757447095948,6.33,10.31,47.38,9.08362214497377,12.446078089099084,10248.582292821246,0.3670716059800303,0.9184973659464812,0.2962479827776688,0.0006656099564808,113.32175258901944,0.043386675663277,7.46,88.4,52.94,27.58,23.01,15.51,30.44,18.35,Very Low
240,KINNAUR,HIMACHAL PRADESH,34,12.44599083238161,15.17448066394851,0.1387468021055681,0.0600337567723845,0.473414511885767,759.0431004383967,6.13,11.22,44.62,0.6650614231039759,11.093595413629744,1114.2571215910002,0.0183774006585202,0.4060565622978811,0.0296538523224841,0.0,445.4357387951683,0.0006682691148552,5.1,88.4,66.9,75.48,59.35,18.14,36.36,36.71,Low
241,SOLAN,HIMACHAL PRADESH,31,31.37289601445545,34.02923518242381,0.5419031355687134,0.3009124380753844,1.8084008113280583,5792.729144410063,7.69,9.3,46.42,56.90990105520348,13.889108458586112,7410.768673486385,0.5305044564112994,0.8811901062125143,0.1686162610010762,0.0032012569692229,17.401220681543048,0.0920352726605732,9.1,88.4,51.48,32.77,38.78,18.16,28.64,25.14,Low
242,SIRMAUR,HIMACHAL PRADESH,32,29.636090456428963,31.92825597072309,0.5557173442895145,0.3176403252219527,0.8046476488989793,4863.505821741696,8.53,9.35,47.37,16.42123447389712,12.695562270975095,6612.592255296876,0.2213702052722443,0.8739470803788132,0.2069111978299148,0.0034764193594441,29.95322667365636,0.1097844191690858,10.88,88.4,52.86,32.46,34.93,19.99,29.33,24.6,Low
243,KULLU,HIMACHAL PRADESH,26,13.999221689024324,14.958132366622452,0.3919365177703752,0.2111995214614817,0.5452137659249573,3959.477807489368,7.39,9.89,48.05,13.51499181219902,11.836563386041366,5448.152773072614,0.1710837015429619,0.7387181055358248,0.2011488933613783,0.0001542585336728,304.9439077321256,0.0238120731802483,8.97,88.4,61.45,31.85,32.93,15.4,33.85,23.75,Low
244,CHAMBA,HIMACHAL PRADESH,23,17.181019414820298,18.75371052112936,0.4180680028175954,0.2205771880221466,0.5084004370461219,5031.412559144766,8.8,9.49,49.26,1.0578229109551838,11.98796463575792,6506.454554060739,0.0790567218959307,0.8039497987452213,0.1268463515149065,0.0001288637001063,230.34900428957368,0.025348753180533,11.27,88.4,56.65,47.62,34.64,19.0,32.79,25.5,Low
245,MANDI,HIMACHAL PRADESH,27,26.670840075842364,29.29539781818337,0.6209554521577557,0.3374217596287157,0.6892376779513865,9783.26967695278,7.21,12.23,49.96,32.211669710174334,14.59931202962217,13556.730887882984,0.6453977427256,0.9500859120284424,0.2126489134803934,0.0006176902093995,31.80068453701385,0.0216638197861426,8.35,88.4,57.28,30.66,26.49,21.72,28.68,21.59,Low
246,K>NGRA,HIMACHAL PRADESH,24,26.8867062253153,29.22555624791507,0.4806998728709354,0.2787959957715891,0.7671433318361038,14540.962247917538,7.02,13.56,50.25,54.294466794246105,14.49402555473695,20227.21988896014,0.5517765793718529,0.7839622592524429,0.0797906189295672,0.0014942603670803,62.034957508734045,0.0720850816852718,25.83,75.8,40.69,24.67,41.71,23.03,66.89,43.98,Moderate
247,HAM|RPUR,HIMACHAL PRADESH,28,31.843993608328788,34.909660914357815,0.5713096915677134,0.3307028065500652,0.8229913537796313,4264.208328680198,6.8,15.63,52.26,60.46891100457902,17.601899667468636,6096.739308677737,0.995384983541497,0.905947953170988,0.0636078159794152,0.0008567010740106,11.048691309641242,0.0079252311898891,25.83,75.8,40.69,24.67,38.33,20.33,65.36,40.87,Moderate
248,UNA,HIMACHAL PRADESH,29,33.84351361081372,37.29350032888039,0.4909549598875464,0.2924266232277704,1.2096899487251234,4829.22968751847,7.25,13.36,49.31,111.00240786930566,15.49016012870765,6890.202597092844,0.8583513140339887,0.6053642577175993,0.0577996609547256,0.0016520358912895,13.686856017153104,0.2782136417133665,5.0,88.4,41.32,23.81,54.23,31.44,28.05,36.66,Low
249,LAHUL & SPITI,HIMACHAL PRADESH,25,8.249696270090872,11.732021961752707,0.0161200410147657,-0.0120970743088727,0.4597688517029986,265.6246812607936,6.2,12.08,47.06,0.0,11.013971330305669,382.5965771578987,0.0004535068349704,0.1449564348885119,0.0003023378899803,0.0,519.2137359266061,6.046757799606175e-05,7.72,88.4,61.13,88.52,67.71,22.61,37.57,42.45,Moderate
250,MIRPUR,JAMMU AND KASHMIR,NOT AVAILABLE,33.31603367491317,37.621997115301085,0.4438376986645478,0.2573741049025855,1.243704785591032,81.28626947286081,11.04,9.05,46.7,122.9695089366312,14.829676836974183,16359.843762652228,0.8325449635111313,0.5546425347535661,0.0207808268640548,0.0066302581693446,33.151250943165195,0.4004703014984656,25.83,75.8,40.69,24.67,59.63,35.84,65.98,56.17,Moderate
251,MUZAFFARABAD,JAMMU AND KASHMIR,NOT AVAILABLE,17.076386757998385,19.146479503414493,0.4324180957649017,0.2278250137373489,0.6153256637579327,91.78535767837116,11.46,8.1,46.13,45.543871770070446,12.874235153492494,11317.522519192184,0.4527561889970527,0.8851392050828332,0.0799008868932709,0.0015394191929016,269.09815370075074,0.0090547362461782,25.83,75.8,40.69,24.67,32.47,6.26,70.39,34.77,Low
252,PUNCH,JAMMU AND KASHMIR,10,24.76009410258361,26.85143629075431,0.6018390997243962,0.3318879364972452,0.952149623577732,6064.497615270784,12.08,8.94,47.21,135.30483864423954,17.022475058120524,26239.725776245832,1.191964750337325,0.8471741977759183,0.1038307879207279,0.0001952023099705,66.85417773648099,0.0577484982818369,24.27,74.5,33.85,37.05,30.44,14.17,69.83,36.94,Low
253,ANANTNAG,JAMMU AND KASHMIR,1,16.718726387440782,19.13030609251544,0.4553195459930298,0.2417332564344523,0.7588622718277424,10670.513287572478,12.98,7.72,47.64,40.81015533481272,14.049965952056684,14578.037606882875,0.2837098812900611,0.7036186058914847,0.1348703320984009,0.0085762721549729,104.88503552777382,0.1759552471928304,8.36,74.5,36.13,10.92,35.19,15.67,71.89,40.35,Moderate
254,BARAMULA,JAMMU AND KASHMIR,3,20.966971383561937,24.00099255494236,0.5939053938024976,0.3380625342625882,0.9449417928333762,10120.235814192922,10.86,8.34,46.37,68.84375632494823,15.354890587221936,14235.568356966556,0.4359431308879199,0.7016083607773983,0.1209808631583242,0.0128028718598838,56.8645216210648,0.2789912090084523,7.06,74.5,30.18,3.89,30.99,19.47,70.87,39.77,Low
255,KATHUA,JAMMU AND KASHMIR,7,30.76243589856632,33.39984650609064,0.5093109049205334,0.2915871548658031,1.2614838328325375,5623.179050396176,8.71,10.18,46.79,26.113728286181573,13.848183491896984,8128.682739103688,0.3883729850498959,0.6367695452370942,0.0592995963315326,0.0105364981925194,92.73148655955733,0.2711576705575053,13.08,74.5,32.51,31.56,49.15,24.48,71.52,49.51,Moderate
256,UDHAMPUR,JAMMU AND KASHMIR,14,27.30714320718992,29.531667247793752,0.5713398556287401,0.3146149992851164,0.9809193646543084,6049.194214910848,9.95,8.25,45.99,44.38786934042651,14.227390493298332,8655.831215832126,0.6325112338343053,0.8673728179263964,0.1114757496200083,0.0033033370181014,193.23281484165847,0.0446864492653493,26.83,74.5,43.91,35.11,34.23,14.07,72.76,39.66,Low
257,BADGAM,JAMMU AND KASHMIR,2,20.09214208760272,23.45442071705024,0.4956980754527769,0.2986943294724676,1.6079268885457496,8174.61298030305,13.33,7.62,46.72,113.16510524047176,16.540286353792865,12128.316888979123,0.5394133740955392,0.5065512388410823,0.0660472894022091,0.0397904019027934,68.7743249158131,0.4086721472379894,6.84,74.5,28.51,3.22,42.47,28.01,70.9,47.96,Moderate
258,BANDIPURA,JAMMU AND KASHMIR,623,13.96067974762734,16.129257611869942,0.3040104614328666,0.1625161634422508,0.5337497311208477,3560.070513438728,10.53,8.1,46.41,11.988081226358744,11.717437388015115,5452.037703601782,0.075655900058864,0.8722986263189321,0.0507895679872585,0.0004061317937487,220.47698228387563,0.0432466653394385,25.83,75.8,40.69,24.67,37.68,8.96,70.21,37.94,Low
259,GANDERBAL,JAMMU AND KASHMIR,626,15.73549131670881,18.162335810778497,0.4142444838047038,0.2205625597879464,0.962770646227845,6526.206469209159,9.87,8.57,46.48,34.933094646694606,12.872032198774402,5424.730493729306,0.2239983432396559,0.8169621676361651,0.1149563227372945,0.0013475960560887,129.98369924759913,0.0813601151437103,7.82,74.5,33.92,20.57,33.58,7.42,72.39,36.52,Low
260,KULGAM,JAMMU AND KASHMIR,622,17.496570366890676,19.463323191494165,0.4657850414870866,0.2838738161824098,0.7628151426803355,5655.23298989647,11.52,8.34,48.13,24.84570735488389,15.056800067983934,8212.85351304851,0.2820671319709206,0.5815382396794452,0.0423612058909115,0.0031185057953734,127.38186318345346,0.1872880330237145,7.43,74.5,37.69,6.25,38.9,15.88,72.25,42.1,Moderate
261,KUPWARA,JAMMU AND KASHMIR,8,19.253131548040344,21.736262039020463,0.5682011063029418,0.3022339334606812,0.6129998252176535,9503.815993506378,14.63,6.86,44.84,21.332519141340587,14.09147447038376,13260.457386133266,0.2532947575638899,0.9395474188548076,0.1750833763915636,0.0,94.92394143853912,0.0584116210249424,16.08,74.5,26.32,8.2,23.28,2.68,71.78,30.12,Low
262,PULWAMA,JAMMU AND KASHMIR,11,23.36264511772557,26.89214756252993,0.6006972486366462,0.3566643558319472,1.402909172712955,8633.547112868348,11.49,8.28,46.93,73.46870871175241,17.31076996586538,10513.182652998576,0.4434499384291855,0.4277580096938018,0.0707198679500034,0.0234526295975877,43.93254469293823,0.4987240234707287,3.79,74.5,33.62,4.11,41.84,36.63,70.65,51.13,Moderate
263,RAJAURI,JAMMU AND KASHMIR,12,29.55847536295823,32.30909758703572,0.5414999027405861,0.3082751374138054,1.0512772571063576,5619.661366055643,11.0,8.33,45.75,44.249082495414015,13.910772291423514,7957.348143348181,0.7602312228058911,0.7974110184890042,0.0692131475709538,0.0015813698507807,90.64066544240973,0.143574739260018,25.83,75.8,40.69,24.67,41.05,17.73,67.02,41.59,Moderate
264,RAMBAN,JAMMU AND KASHMIR,621,23.11825908111425,25.51788200136517,0.5825016097504897,0.3215221194850832,0.9273844415525778,3109.8936798848945,12.54,7.59,46.86,17.38983270093137,13.820734330296464,4133.952218279749,0.3116109874951769,0.9553497149118358,0.0580600815697096,0.0,134.45699035075137,0.0359124850354077,35.26,74.5,30.74,18.92,27.72,5.9,72.32,33.47,Low
265,RIASI,JAMMU AND KASHMIR,627,25.595393996565267,27.69630127850745,0.5418472227250828,0.3022478214956208,0.877135545733287,3104.285119171525,11.63,8.2,46.51,22.354865724973475,13.001312888812189,4216.9119528041165,0.3271808449857363,0.9399133425709274,0.069446065817011,0.0004314260916349,166.0749894017254,0.0337189098285631,25.83,75.8,40.69,24.67,32.64,9.25,68.93,35.47,Low
266,SHUPIYAN,JAMMU AND KASHMIR,625,21.52889527743553,23.986133714959628,0.6852156765075822,0.4321506320999709,0.9585324793470826,3353.896886916836,10.49,8.24,48.18,58.0093862027317,18.042311794107444,5087.504111739958,0.6517454019936397,0.3427345265781797,0.0595230447017101,0.0065529957469772,27.067883019710628,0.1067431611137522,6.51,74.5,32.95,8.21,35.69,9.07,70.04,37.09,Low
267,SRINAGAR,JAMMU AND KASHMIR,13,26.11619607338629,30.48312339973981,0.5162297291137845,0.298331668894307,7.870672722051875,6438.404728069024,8.58,9.18,46.85,1027.5491512497256,22.05543165509192,16650.20354514056,2.7294950476909268,0.4613873513675913,0.0011324373981673,0.3647141751117993,4.267188699303802,0.1627358763101029,1.51,74.5,32.92,0.81,52.42,15.64,66.36,45.12,Moderate
268,KISHTWAR,JAMMU AND KASHMIR,620,10.270651459366311,12.418369655321008,0.2276508749586489,0.10825804188275,0.5150896747600201,1941.3093948796072,11.1,8.91,47.33,2.5008593093306257,11.211435552996466,2550.6129936755265,0.0273592457384337,0.6388675778402669,0.0537170013254497,0.0,905.7161977128872,0.0069665862252116,24.29,74.5,35.97,22.74,48.91,4.72,81.47,45.4,Moderate
269,DODA,JAMMU AND KASHMIR,04,20.169710744066546,22.920735580869128,0.5861028989324599,0.2936283080339955,0.5913274698677815,4744.383023434372,11.41,8.49,47.33,7.482873475205467,13.059031938231618,6911.220051320266,0.1528472638746059,0.9580395042318188,0.2236845863316934,0.0010404440315914,239.43184613627216,0.0244429544258312,28.71,74.5,37.06,22.59,22.64,8.41,74.27,33.22,Low
270,SAMBA,JAMMU AND KASHMIR,624,35.67097367412855,39.4767361535906,0.4296758663612119,0.2629685509540333,2.815509532511072,3630.366220420951,7.97,10.42,46.74,82.37560287108488,14.188968168406722,4712.377761104544,0.37038352516071,0.3103793123014072,0.0083408987743985,0.0189301520653654,28.726425593139936,0.5907214593735819,9.67,74.5,29.01,34.31,69.72,44.94,70.52,65.88,High
271,JAMMU,JAMMU AND KASHMIR,5,34.82834093454409,38.76475112562723,0.4375067806296528,0.2636937287505913,3.438633661938627,15142.748954378854,7.12,10.78,46.6,193.24872810113047,15.610538707418293,23889.30150083402,0.8593116489725533,0.4027770586776609,0.0155707126721185,0.0448414179867073,38.91769239974667,0.5111057822007729,6.97,74.5,33.24,29.23,65.82,44.32,69.9,63.77,High
273,GARHWA,JHARKHAND,346,38.9000707530798,42.61298653514365,0.3824050582672479,0.2416723111107633,0.6922190583168476,14708.923226036146,11.47,9.57,47.8,21.90347037470175,14.858898189483051,18798.22780720728,0.3624417577282896,0.2685148339360277,0.1328572595317574,0.0031035447485624,36.4965643868207,0.7201309883556246,53.21,73.1,43.2,39.75,74.17,71.03,74.83,80.13,Very High
274,CHATRA,JHARKHAND,347,38.0683583353416,41.3647297785372,0.4027571565912156,0.2527980472656607,0.8054577592900578,11726.499947113563,11.89,7.88,48.25,14.359657520823594,14.190816524592147,15048.456196382256,0.2407161974102795,0.3924932885371122,0.1474365165468152,0.0030990408445144,38.67964177295367,0.6039294525152867,60.74,73.1,38.13,37.02,67.91,58.74,75.06,72.64,High
275,KODERMA,JHARKHAND,348,36.66484508681222,40.00553577441639,0.4143626587227706,0.2636184145233831,1.165422320679584,7442.453034022975,11.59,8.6,48.27,33.12934315291794,14.433085678906505,10102.963945452504,0.3217337072165793,0.4913645672325483,0.2860235444890394,0.0049682422164205,41.383768815803926,0.5030675377867831,25.83,75.8,40.69,24.67,59.88,45.3,66.93,60.53,High
276,GIRIDIH,JHARKHAND,349,36.95723634975165,40.39852091856361,0.3756591109586706,0.2451381401807134,0.971806178849966,26042.786025010697,12.06,8.19,48.06,26.48874219845929,16.56879154340583,33263.72372764616,0.3244057675162625,0.0807267269118479,0.0390881650260164,0.0023762129258815,30.45098541229685,0.9167013720389628,47.53,73.1,42.38,23.05,79.6,83.88,74.8,87.59,Very High
277,DEOGHAR,JHARKHAND,350,36.58613538832343,40.311606439184665,0.396664835167719,0.2611669251761181,1.5699813084775749,16146.20784165485,11.73,8.93,47.58,36.9786086152428,17.89329071470186,20839.741793335845,0.3395161056715679,0.0062353367239288,0.000365016268274,0.0073003253654814,22.48399378178135,0.9808330673247458,47.4,73.1,36.96,24.86,80.95,84.62,74.64,88.38,Very High
278,GODDA,JHARKHAND,351,36.293079994403456,39.97757416124925,0.4136733837936288,0.2760655614735993,1.2444061957917267,13388.787157269207,11.85,8.98,47.93,11.626095471920072,16.70695592660591,17621.49479482549,0.214843115289165,0.1400481410149963,0.0542602935950102,0.0047489202414189,31.147096095179084,0.8503034808343826,51.81,73.1,42.04,30.05,74.24,77.92,74.98,83.03,Very High
279,SAHIBGANJ,JHARKHAND,352,34.845981676976805,37.66379920250996,0.4354063533627585,0.2855724636664789,0.8832375469758755,16148.573308251169,12.66,7.18,48.25,23.98923453881037,16.318832112535645,20663.49484347671,0.241107061049482,0.2481914607818069,0.0716521390123353,0.0045395548161358,31.004783525577505,0.6361526585121912,55.72,73.1,42.61,33.09,67.53,63.28,74.94,74.29,High
280,PAKUR,JHARKHAND,353,36.378005832236575,39.713470056582025,0.4362861704989232,0.2806075621577091,0.8808123295683711,9249.455900241352,12.88,6.57,49.19,15.401510936433349,14.982783453490072,11144.079339032784,0.164422894239278,0.1737734739699866,0.0140222319557728,0.0020124773596297,30.138696950899785,0.7979768683484665,60.66,73.1,44.93,45.26,72.94,75.26,75.05,81.44,Very High
281,DHANBAD,JHARKHAND,354,35.32953822647096,38.71691075538402,0.438194030882777,0.2803723248310928,3.4062835577341093,26224.08069486607,8.97,7.41,47.12,139.19123465468542,19.22962007253909,36594.18248314375,0.702068603274238,0.2145144806477681,0.0281251150405556,0.1116765506590399,15.34081736383742,0.6661729052977378,28.57,73.1,31.46,24.97,70.79,58.92,73.95,73.44,High
282,BOKARO,JHARKHAND,355,35.61110729663006,38.53975317250848,0.4369480417125836,0.2831214480149273,2.4820146850271687,20923.99323930588,9.05,7.88,47.46,73.10099083188649,16.712487363105485,27760.56483661401,0.4470747763275,0.1361406489464494,0.050846889274723,0.0477420011873092,31.291019827487688,0.806864783365749,29.33,73.1,33.23,26.9,72.43,67.64,74.61,77.94,High
283,LOHARDAGA,JHARKHAND,356,34.820560097399714,37.363840555571095,0.4651571221208553,0.2986352594153848,0.8482842009003574,5049.288476768016,10.51,8.56,49.16,21.40309398437016,14.698886719402708,6134.924848418047,0.2137158494382859,0.3489265817225295,0.1885487728611598,0.0006086761413274,44.26236093288538,0.647936945925689,45.33,73.1,47.93,60.21,60.39,66.44,75.2,72.77,High
284,EAST SINGHBHUM,JHARKHAND,357,34.20451528224214,37.78993921641803,0.5081680400481098,0.323412274477991,1.8559355641489024,24162.88332115728,8.3,9.59,48.28,75.9457662179633,15.695084543818284,33197.3085561242,0.3554388978236085,0.1796182219180164,0.0993201003878621,0.0279118817654067,37.144303083851625,0.7840393439298301,25.83,75.8,40.69,24.67,64.63,70.88,66.8,72.88,High
285,PALAMU,JHARKHAND,358,39.36404394203469,43.359921289277175,0.3641278012014294,0.2321747932321048,0.9439577199953892,20117.4338005658,10.69,9.46,47.64,18.168838861127025,15.58692847432249,25363.005350492065,0.2981736556625176,0.1338967903419342,0.0862761310037544,0.0041098837869919,24.49169391029989,0.8592985314821129,45.46,73.1,36.76,36.99,80.83,78.07,74.74,85.69,Very High
286,LATEHAR,JHARKHAND,359,36.79900781789336,39.90501357262706,0.4504488528567686,0.2813011532178475,0.6494777682237985,8038.119463824121,12.05,7.88,48.58,6.97770428333511,13.007851138372924,10195.436257170875,0.1527091216529427,0.5420722456361733,0.2801205301371671,0.0021481118938849,43.02522406212124,0.4470060795778577,52.91,73.1,43.11,66.85,56.41,51.91,75.27,65.23,High
287,HAZARIBAGH,JHARKHAND,360,36.300616738696846,39.27907181584291,0.4341570719440549,0.2785766284407306,1.4491057221725416,18130.249823264745,10.4,8.52,48.15,40.920648409519714,14.931637510735388,23021.73048848196,0.3245649164841117,0.2556058045838279,0.1406948159752498,0.0092344905388961,37.3400213858222,0.7310387919214012,35.75,73.1,37.74,24.52,67.94,64.4,74.91,74.9,High
288,RAMGARH,JHARKHAND,361,36.16554159514274,39.10129428632993,0.412064414553013,0.2601490939266717,2.991918718767256,9063.21874968573,8.9,7.36,47.42,47.06805571224909,17.408388119096216,12187.6581482459,0.5034703596457619,0.1341986236038604,0.05392252387155,0.0241151372806432,22.25906286810472,0.8397093363144992,29.57,73.1,32.87,32.39,74.91,66.86,74.38,78.54,High
289,DUMKA,JHARKHAND,362,35.64460487618228,39.08049875334905,0.4513382956993287,0.2953873484508663,0.8156079541961764,13055.37360164944,10.72,9.22,48.98,6.898309640029603,15.409761350925246,17122.510269604405,0.1501266541784377,0.0827710471676865,0.0540551794363195,0.0026544954187478,35.367627297129665,0.9070936066880037,52.93,73.1,47.28,49.24,72.94,87.02,75.15,86.29,Very High
290,JAMTARA,JHARKHAND,363,36.0675398582569,39.66124205373043,0.4091241657321082,0.267069461419982,0.9612076455348512,7810.169918142355,10.63,9.33,48.34,8.745518228010456,15.75612253958857,9977.364625003103,0.1998187150696916,0.0325094963247989,0.0005031818854521,0.0025060431157811,32.19238558103674,0.9577090424744708,50.62,73.1,41.29,39.62,78.81,84.6,75.02,87.65,Very High
291,RANCHI,JHARKHAND,364,35.33805759095935,38.29088774505173,0.4297721123392685,0.28119843428064,2.090036452605262,30649.81100951912,8.83,8.64,48.21,83.06539107150424,15.715420269077352,40968.55805164766,0.4566793499452317,0.1199068550730154,0.044959952996576,0.0168563012528739,27.304550545314008,0.8602833277907026,27.6,73.1,39.22,41.0,72.99,79.37,74.53,82.93,Very High
292,KHUNTI,JHARKHAND,365,34.37812108753759,38.01408865420755,0.4664550152826264,0.3025419248748205,0.7017375623230909,5704.443559420225,10.27,9.08,49.46,5.122950205098773,13.17443551828167,7203.08200116733,0.1050484747887756,0.3491504998302772,0.0628615130004948,0.0010428751180902,41.41818574610501,0.644738115654169,48.65,73.1,48.88,77.77,62.73,69.94,75.32,75.21,High
293,GUMLA,JHARKHAND,366,35.09922263431196,38.13560158153341,0.4280677576343271,0.2739072323449434,0.5552419443923328,10931.813134488812,10.58,9.88,49.4,5.23630417390861,13.010734611668523,14334.02884331936,0.1102828326703866,0.2412925756233658,0.0847632971559744,0.000341717243052,63.86397799150091,0.7561251140732559,46.59,73.1,47.55,72.1,68.61,78.34,75.68,81.19,Very High
294,SIMDEGA,JHARKHAND,367,35.3007071896733,39.3389305155805,0.421033295185156,0.2657643783060954,0.4809957368690667,5837.275250500493,9.95,10.4,49.54,4.746218416839516,12.574248215352243,7742.809148447102,0.0971505881289394,0.308632905450403,0.0368550509204221,0.0007298880075106,56.39806078705831,0.6880554066096365,49.98,73.1,48.14,78.24,68.87,74.09,75.58,79.52,High
295,WEST SINGHBHUM,JHARKHAND,368,34.28760766299686,38.52799468397739,0.4846843286159765,0.3042060768524682,0.7752634140111057,15236.423379986803,11.35,7.2,49.65,7.136781553516848,13.346905785525138,19206.89967605172,0.1173394043634208,0.6034922992334941,0.2056936882229535,0.0014007749456544,60.85470655940424,0.391494374677585,25.83,75.8,40.69,24.67,51.79,38.37,67.57,54.65,Moderate
296,SARAIKELA-KHARSAWAN,JHARKHAND,369,34.430954927652486,38.57837059129936,0.4538215404824967,0.2866909564428114,1.693714793602331,10272.515530546623,9.59,9.71,48.46,28.094978674114483,14.747223304754476,12112.316854360392,0.2513462527921791,0.2262763055339048,0.0624039252619728,0.0165600372391097,36.636414831038266,0.7399892829306306,47.79,73.1,40.38,40.45,68.01,69.27,75.01,76.96,High
297,B,KARNATAKA,0556,37.80245104429636,43.66840041479644,0.3785374718194903,0.2175434028162068,1.1295179746411144,17516.652044747727,9.33,10.56,49.46,25.550496723688816,13.139777486955811,22278.826318270843,0.2281894111106433,0.0841640585868105,0.0,0.0096241284373313,19.986879298900817,0.8915491366808785,25.83,75.8,40.69,24.67,83.58,76.94,66.73,83.08,Very High
298,Bengal#ru (Rural),KARNATAKA,0583,34.67593420458716,39.44850142493696,0.4342368702745871,0.2711440773786095,5.2479742547491055,11791.676428890678,7.1,11.6,48.19,83.19547329521703,16.118052469599764,12855.811498562887,0.5498064013109947,0.010212425723683,0.0030990796922726,0.0030908198849904,7.707140375665861,0.9862672444126536,25.83,75.8,40.69,24.67,77.83,83.43,66.02,83.09,Very High
299,Belag,KARNATAKA,0555,36.43089748126723,41.80170378163182,0.4164431378707152,0.2441474640221611,1.1043945193886744,46666.0459036987,8.5,11.85,49.1,26.914757609470573,14.30198469288948,57319.7953025801,0.3545944973558219,0.1696142649504504,0.0508101947916029,0.0066796391731689,15.623702992074993,0.8149028445336486,25.83,75.8,40.69,24.67,75.81,81.93,66.46,81.83,Very High
301,Chikkamagal#ru,KARNATAKA,0570,30.20944164968765,33.92975036361815,0.5524997704507052,0.3447769074864919,0.6975237258484757,10222.964143685733,5.97,12.37,49.9,9.346782965644977,12.147113020336892,13004.187234401916,0.1587618539552431,0.6562342116040668,0.3047122956675984,0.0020109257671353,24.9492338044402,0.3064382745678612,25.83,75.8,40.69,24.67,39.56,35.05,66.92,48.03,Moderate
302,Ball,KARNATAKA,0565,38.39218858242118,43.822638553579225,0.324383915591687,0.1932652585389149,1.784967935706839,14911.584885863806,9.18,8.8,49.2,37.36013645526438,12.336920452783376,17854.183188700903,0.1560721531146266,0.1058857408679086,0.0161548855858051,0.0092470593447489,18.680257563116456,0.8844153024832196,25.83,75.8,40.69,24.67,86.02,73.14,66.82,82.56,Very High
303,Ch,KARNATAKA,0578,32.907189566207855,37.683237793630816,0.5446527388291286,0.3328659621910907,0.7709001064286477,9337.62155685381,6.37,13.22,49.54,7.533782481594857,12.489445151098971,11499.830902651252,0.1394683939877674,0.498144102072019,0.1648696002634569,0.0013794978222192,27.993189199039406,0.4890955430724527,25.83,75.8,40.69,24.67,51.21,48.52,67.0,58.33,Moderate
304,Chitradurga,KARNATAKA,0566,36.82833886894733,41.868786043216936,0.3697751482041975,0.2218735466683076,1.1005705054429693,15557.961999232488,7.18,11.73,49.01,8.114660105118022,12.129417764129322,18231.179021810614,0.0783545650219669,0.0928442404441324,0.0012905613807572,0.0031995167564607,19.785915990000536,0.9005281891317705,14.81,78.9,51.62,41.68,81.96,82.61,57.72,81.05,Very High
305,Koppal,KARNATAKA,0560,38.7264642634919,44.4883370046341,0.3120696685752895,0.1917471008806142,1.0705423315504148,13391.327146410187,9.45,9.75,49.35,13.170595290769356,12.32886897245618,16845.27313275825,0.0968730593269953,0.1719583721414182,0.0,0.0033571939919359,20.821158721362693,0.8178952919142471,24.31,78.9,47.11,30.42,85.29,72.56,57.71,78.3,High
306,Vijayanagara,KARNATAKA,0738,37.12398139621734,42.77942980806365,0.3339925877841815,0.202173776636825,1.0876010437322097,13273.95686255296,8.78,9.24,49.14,16.64505735008574,12.1076393383555,15287.83857755308,0.0807630910041972,0.0391288391862226,0.0002548892699624,0.0034029719288178,18.632390029074163,0.9485497334338658,25.83,75.8,40.69,24.67,86.33,77.35,66.94,84.46,Very High
307,Raich#r,KARNATAKA,0559,39.495719695051925,45.44033632585476,0.3034107682915909,0.1824880745325025,0.9667556659121568,18351.96190770301,9.64,8.6,49.67,10.945938985200351,12.036235169366428,22498.645961931405,0.0939075689358343,0.0259381503909173,0.0,0.0037366602560999,20.822724266534014,0.9682910074595552,25.83,75.8,40.69,24.67,91.27,79.94,66.96,87.54,Very High
308,Chikkaball,KARNATAKA,0582,36.16921523917792,41.0763088294735,0.4162662520741521,0.2612100272401029,1.5799615566478271,11416.637442142592,6.74,12.24,49.02,23.388826846562647,13.670121397639546,13853.620909878278,0.1738923752319694,0.0214175466410998,0.0119826495733362,0.0036421969946518,13.651147726708931,0.9738065332801285,25.83,75.8,40.69,24.67,79.74,82.2,66.71,83.65,Very High
309,D,KARNATAKA,0567,33.90312311051955,38.78911610129609,0.4540414307670414,0.2793150373628688,1.254831138129101,15249.821234999325,7.31,10.79,48.95,27.02856890057385,12.853171372955474,19544.436515372832,0.1462992748141046,0.0517860302854109,0.0360298640779971,0.0068432894304421,15.67597527558508,0.9363450211087796,25.83,75.8,40.69,24.67,73.85,78.78,66.79,79.88,High
310,Dh,KARNATAKA,0562,37.51630063051431,43.62358027510925,0.3562069297277577,0.189007490585342,1.5292682815841985,17978.57357557428,7.79,10.99,48.93,55.009445655916494,12.674495228173646,21398.2197317062,0.220316929294935,0.6729069736644634,0.0564788247446345,0.0085548561389259,14.73126223736734,0.3180879146103525,25.83,75.8,40.69,24.67,66.81,36.83,66.66,59.79,Moderate
311,Gadag,KARNATAKA,0561,39.25709848652025,45.639831695871685,0.2955190524852118,0.1588633393411035,0.985425598119656,10538.143646210428,8.17,11.11,49.28,19.66375491957273,12.042166152694522,13327.961465287684,0.0808246384386535,0.4028697473805979,0.0,0.0046326060284377,18.750324479446853,0.5924976465909664,19.5,78.9,46.57,22.15,81.36,54.86,57.7,69.45,High
312,H,KARNATAKA,0564,36.39208598561852,41.89433050560671,0.3663026769365963,0.2089612201304826,1.2124263262867858,13880.077110288315,7.92,10.36,48.37,19.52849660687635,12.733872885359654,17948.61315029326,0.1242962252122976,0.0780129029432101,0.0194748714868107,0.0051827656226045,15.87781782269719,0.9154081291045222,25.83,75.8,40.69,24.67,82.56,76.2,66.83,82.4,Very High
313,H,KARNATAKA,0574,32.15613405893515,36.43197056900903,0.4875128162941821,0.3085484483345553,1.3930893316284998,15858.219538520283,5.99,13.56,50.02,16.109254067991344,13.47862523267931,19764.180259195025,0.2640637687072054,0.1845174743273452,0.0421873190890549,0.0042583653220994,17.4484995202261,0.7727157349103573,25.83,75.8,40.69,24.67,65.15,71.25,66.63,73.18,High
314,Kalaburagi,KARNATAKA,0579,41.66539634307831,47.83349867881952,0.3002292196803601,0.1557964394457797,0.958347321034596,25458.519149726228,9.33,9.91,48.98,19.44549564387352,11.925118952558,29943.031727112422,0.0842239511625144,0.0113120933712567,0.0034000528262556,0.0141325531092534,19.564580414024206,0.9744686695092224,25.83,75.8,40.69,24.67,95.39,83.46,66.95,90.67,Very High
315,Bengal#ru (Urban),KARNATAKA,0572,33.39508924060025,38.24027194672895,0.4111060012495788,0.2593553167424515,21.34662279824166,115529.58697423084,7.21,8.75,47.23,1219.466961878224,21.88396869626054,164369.031278292,3.542868294606984,0.0095334745315089,0.0024296938724263,0.279110001229567,3.198001543787522,0.7109149191516333,25.83,75.8,40.69,24.67,79.78,81.36,61.17,81.06,Very High
317,Kol,KARNATAKA,0581,34.515680116891616,39.46099692620636,0.4726181952735794,0.2932287526161849,2.26100286357019,14139.76643308985,7.16,11.76,49.14,27.94442239778992,14.966709339662431,17472.56386979369,0.2409210211180272,0.0282366767720899,0.0044863882047006,0.0048651030924884,11.7188173636542,0.9661684546715482,25.83,75.8,40.69,24.67,74.63,82.77,66.58,81.74,Very High
318,Mandya,KARNATAKA,0573,32.70257308255429,37.35097871104313,0.5220440007580434,0.3382577874460511,1.5680618442756218,16209.16831613462,6.21,13.45,49.65,19.71540146702569,14.193209556238552,18833.864442082635,0.2192220715409015,0.0371530858814896,0.0042793366759494,0.0042977589324916,11.457886870157123,0.9430460587117324,6.3,78.9,48.26,15.93,68.5,82.18,57.36,75.22,High
319,Mys#ru,KARNATAKA,0577,33.3472842363615,38.672776424921246,0.5039898525634909,0.3221194300078111,1.6659489163795749,30152.116701428524,6.58,11.68,49.28,58.2804444192615,14.191061463289948,34040.779411772986,0.3162431208730185,0.177224597853854,0.1178011228626848,0.021524146852211,12.994194396162763,0.7934922427958477,25.83,75.8,40.69,24.67,64.46,74.99,66.48,74.36,High
320,Shivamogga,KARNATAKA,0568,30.81825204731735,34.459388152144655,0.5358295552193693,0.3390609813571231,0.7544140659879605,16069.200438607184,6.84,10.92,49.5,17.498411122543576,12.425440949731692,20458.58495794744,0.1855669666515615,0.6201363067307298,0.2338171994813901,0.0055883886396488,18.14618240762524,0.3088844675353868,25.83,75.8,40.69,24.67,43.49,35.47,66.77,49.74,Moderate
322,Dakshina Kannada,KARNATAKA,0575,30.30149690761612,33.40193674973654,0.6026504360015562,0.3976064126118422,1.1488314901163474,20604.40768548748,6.38,11.62,50.32,161.96878278172477,15.592419179572891,24782.113006139,1.3946870443743526,0.6347819882993252,0.2720908644731951,0.0173314872338457,21.538125508850573,1.3328294715252738e-05,6.69,78.9,47.75,11.03,36.52,16.16,55.65,34.45,Low
323,Uttara Kannada,KARNATAKA,0563,30.403707761219305,33.249215635819056,0.5796345235371745,0.3627778539769343,0.5376455927964726,13689.863817286232,6.73,11.73,49.19,8.019505825095926,12.06449102210729,16425.948202403106,0.1014922594357464,0.917996165537208,0.5589800343615312,0.0014720617614293,32.07966313914123,0.0605236673923859,13.21,78.9,42.34,10.48,24.64,14.59,57.88,29.87,Low
324,Vijayapura,KARNATAKA,0557,40.39128950480488,46.69094227562025,0.2898595435876606,0.1552861997658659,0.9282831275787528,22427.24566949488,9.53,10.74,48.71,21.529010875297388,12.169535004707804,27734.43301579105,0.1726189446292104,0.0258709098427099,0.0,0.0128552121504991,22.352675516102888,0.9557508268030068,25.83,75.8,40.69,24.67,94.14,82.21,66.86,89.6,Very High
325,Y,KARNATAKA,0580,39.40030050237471,45.285323148799534,0.3143186409749945,0.1922360319499897,0.8348037745285712,11761.58015212474,10.39,9.39,49.48,7.644475830430711,12.099571687480514,14130.150123449495,0.0629702407867876,0.0039822444991929,0.0,0.0038470251748647,10.45203172373617,0.9917622405346476,25.83,75.8,40.69,24.67,90.96,80.59,66.84,87.63,Very High
326,R,KARNATAKA,0584,32.94201905376849,37.59225354890262,0.5294848695031052,0.3357243110742734,1.9102897474959093,10109.02551671914,6.51,13.99,49.15,27.717254205272177,14.123942873568428,12512.22899695904,0.29730677643064,0.0980131534300281,0.0225927342752105,0.0055112136989321,10.694827334992702,0.8812419898291093,25.83,75.8,40.69,24.67,66.46,77.58,66.47,76.23,High
813,Udupi,KARNATAKA,0569,31.376609985069145,33.509180897420805,0.5485229594784301,0.341994053969763,0.7300699592111155,9906.024435023608,5.59,15.05,52.16,97.4057478509118,13.951659154347704,12334.522956482087,1.0900324932548364,0.6619922563969465,0.2249585542449457,0.0054671320596818,19.29633143154448,0.0086154204691712,10.32,78.9,43.59,10.9,41.7,16.1,56.1,36.73,Low
912,Tumak#ru,KARNATAKA,0571,34.89425669785911,39.63478123263177,0.445910536675588,0.2760991033764204,1.2604905519790388,24034.058544847423,6.39,13.63,49.37,19.43966337918264,13.297409899358506,30671.68788834831,0.203087941371321,0.0298713067659611,0.0013678975718298,0.0029181814865702,15.165774185621736,0.9671193185760132,25.83,75.8,40.69,24.67,76.57,86.94,66.69,84.29,Very High
926,B\dar,KARNATAKA,0558,40.91776332190268,46.49092917405808,0.3351361356069197,0.1694471340187535,1.1193918383681172,15824.94874357944,8.53,12.04,48.62,15.220936026573389,12.340104605833131,19422.94882426576,0.0859371523521026,0.0173970420529627,0.0006952818311269,0.015949901535823,14.43740267635347,0.961438442677762,25.83,75.8,40.69,24.67,92.4,81.91,66.87,88.78,Very High
1019,Kodagu,KARNATAKA,0576,27.821458024870896,30.743378358412063,0.6290369058021558,0.4078146989894908,0.4992811340148553,4981.1601228246745,6.28,12.05,50.19,11.330544445919882,12.107710793922893,6609.1396404368425,0.300885539603031,0.9377904768626044,0.4844882453502812,0.0011839616377857,40.651557709885765,0.0344017465059202,8.64,78.9,50.3,23.74,19.11,15.7,57.7,27.98,Low
412,Palakkad,KERALA,593,30.43067851998172,34.01050572385418,0.6083088556953746,0.3922532079725155,1.10919324476892,25904.913156607327,6.94,13.65,51.48,104.74718886169188,16.563554870789268,29118.04790773511,0.912849962177535,0.4533896785147558,0.2210127784448936,0.0052575930199388,33.620213384870134,0.1923368617396519,0.62,96.2,37.09,16.11,43.36,30.08,5.03,22.24,Low
413,Alappuzha,KERALA,598,30.11768431946676,31.866513176606865,0.5073715971056495,0.2955922315814064,1.947565690532982,18321.32295500719,5.59,17.22,52.47,445.6974538841257,23.097319650125584,27774.725134490876,2.044344349016051,0.3667781674893912,0.0034505715770329,0.0158672165930544,3.3924218132200408,0.1112843162726249,0.71,96.2,37.81,9.77,57.18,27.49,2.74,25.89,Low
414,Kottayam,KERALA,597,30.16074980168777,32.314887742658456,0.6344277319664515,0.4182799713027398,1.3136372658933284,17385.44997864701,5.43,17.71,51.04,249.67222474941588,18.40602413208333,20397.630809629576,1.6933780381584964,0.7806343778485395,0.0298696839613844,0.0044443747287624,4.006664995616864,0.0267708218956042,0.0,96.2,37.26,8.91,34.33,17.64,3.31,12.75,Very Low
415,Kollam,KERALA,600,29.40968777712414,31.522791335483056,0.6647220145889536,0.433569491859805,1.6865105129315272,21583.9545543563,6.04,15.22,52.66,246.8654447429325,18.68351720577955,39883.10874861189,1.4789244207019268,0.8239288919753899,0.2756970592293014,0.0127607529340275,47.10782999755635,0.0003952857140642,0.72,96.2,34.61,12.86,25.62,17.18,4.34,9.43,Very Low
416,Kozhikode,KERALA,591,30.01213443036932,31.930705966529285,0.6414989981873207,0.40393111955648,1.0565650057997564,28519.075627592247,6.95,13.44,52.25,150.3213848816705,19.26665137525132,52561.87988233052,1.155395408040916,0.885491700340315,0.185532043648857,0.0091439410206857,11.108252201687238,0.0,0.26,96.2,30.75,6.95,28.25,15.03,4.28,9.6,Very Low
417,Kasaragod,KERALA,588,31.22573329213171,33.25546575477779,0.5934185950746224,0.3869155055665054,0.9514254434155948,11379.544455177996,7.73,11.41,51.72,167.6723811125208,16.673403369051808,13082.213097001835,1.3891121855195785,0.6524633516256741,0.1020059157125605,0.0014617313013039,5.7046095028439625,0.000519726684908,0.94,96.2,35.41,7.81,40.59,8.36,3.82,11.73,Very Low
418,Malappuram,KERALA,592,30.20766317064544,33.13255231949808,0.635397276027866,0.4129640727376455,1.0807031062419,38485.72678077073,9.22,9.91,52.13,165.90701618822328,21.723162224465487,70133.79287276826,1.2882485259935748,0.5290240789329246,0.1576538376270186,0.0039604216127095,25.78552659801522,0.0121460104133259,1.11,96.2,25.83,8.05,39.92,16.14,4.3,14.84,Very Low
419,Wayanad,KERALA,590,27.992408521678307,30.742608421100456,0.6526854633627339,0.4118748246614543,0.654177990557471,7359.789993614604,7.25,11.09,50.61,70.75654167935643,17.083122234364616,14656.41630698699,0.8510029756659149,0.8914796037191626,0.3071857252906709,0.0013705010838603,18.04833175883028,0.0156935810387143,3.48,96.2,41.6,22.51,23.16,12.55,4.88,6.75,Very Low
420,Pathanamthitta,KERALA,599,28.251423816957782,30.41309262232736,0.6847271784623224,0.43869709563874,0.9982196258160893,11448.635765530697,4.99,19.82,53.2,119.97580369109023,15.479350026978263,13318.99776489444,0.9013517769108644,0.9173565945892632,0.4962375479371785,0.0007397265042556,82.45744910040385,0.0060817122202818,0.83,96.2,32.8,14.41,16.25,12.55,5.84,4.32,Very Low
421,Idukki,KERALA,596,26.35677606773089,29.033696171736224,0.6388740829670608,0.4036365544700824,0.5619756238623066,9032.954266041726,5.97,13.22,50.03,41.43288405141752,13.77704528165842,11144.1199955284,0.4842291096447541,0.9979770414032192,0.3851880646324253,0.00022477317742,44.83957626091371,0.0,1.65,96.2,46.56,18.15,17.54,13.1,5.89,5.09,Very Low
422,Thrissur,KERALA,594,30.474017626887,32.71296249085892,0.5932499597480443,0.3843633408614551,1.5776671023393265,28393.257292323124,6.14,15.61,52.58,340.9387301478927,19.53748525434593,49300.67302342673,1.4947253069391462,0.5131753130251064,0.1931532119290287,0.0101300904905861,17.378808873423957,0.0517264268672455,0.33,96.2,35.11,10.69,42.45,23.53,3.84,18.71,Very Low
423,Ernakulam,KERALA,595,29.92401478986146,32.30712336979538,0.614329255386975,0.3974259260127455,2.751884656308228,29341.5452590854,5.83,15.52,50.64,486.8626986225991,20.06488160670437,50301.2812535895,1.9292110330869428,0.6742031594107343,0.1262774079445278,0.0407893137061971,21.972355766680185,0.0019177570515174,0.1,96.2,38.06,8.68,37.31,20.65,3.22,15.17,Very Low
424,Thiruvananthapuram,KERALA,601,29.39017748957514,30.31682514798753,0.6775445156282178,0.4418671880647501,2.7769401617414964,28229.475489654025,5.89,14.81,52.01,356.65390310347783,19.864024140698945,48033.38960442211,1.947021900367636,0.7736458181473275,0.2098347352760881,0.0422708135366369,25.05488003634784,0.0004478956807048,1.08,96.2,37.31,12.11,27.18,20.2,3.24,10.85,Very Low
425,Kannur,KERALA,589,30.93119078925416,33.22940858996044,0.6271248175519291,0.4114742149349696,0.9585144862975764,23213.452476439637,7.03,14.36,53.25,171.04729463849702,16.997145504907255,25197.62730016232,1.1991449401505505,0.906986014640343,0.1230662942706298,0.0029032022384778,10.606150861520518,0.0016124628768234,0.44,96.2,32.66,4.94,30.09,14.14,4.2,9.96,Very Low
426,LEH,LADAKH,9,12.237340465004896,15.9008553175195,0.0521022974752226,0.0180319032546309,0.4641273547498238,1321.9951185883451,5.76,10.01,40.36,1.0118737878298767,11.053069605483747,16179.027866497596,0.0095587366414646,0.1621978552766295,0.0002174908834326,0.0001484735546141,689.0790304416,0.00073706514612,25.83,75.8,40.69,24.67,67.58,4.8,77.63,51.49,Moderate
427,KARGIL,LADAKH,6,11.168223031381023,15.138082432085202,0.0252696118899558,-0.0034738200620494,0.5010769075594887,1347.304887421477,8.88,7.92,43.84,0.2426703751401247,11.08776009498202,2136.6719278333467,0.0085960327409146,0.1221490253258721,0.0,0.0015735110779979,472.9084599466492,0.0002331127522959,25.83,75.8,40.69,24.67,68.42,3.15,74.39,49.84,Moderate
428,Lakshadweep,LAKSHADWEEP,587,29.21136779491861,30.07450251854288,0.3815420376467969,0.2010174456207117,1.0798736902082913,511.8359854829077,7.19,9.5,48.08,7.233832381540367,16.978546071924693,348.69901015169734,0.2735761691619079,0.5346504090137372,0.0,0.0,244.45683398747144,0.0,1.82,97.3,29.09,94.8,59.49,12.16,6.17,21.98,Low
464,AGAR MALWA,MADHYA PRADESH,436N001,43.231224381533856,48.15826571100725,0.2462646058753594,0.1336051229286592,0.8785689388010005,5708.339459212387,9.14,11.17,48.4,3.978310882575416,12.256898855971578,7716.768662344414,0.0538606138282432,0.0088979989627057,0.0,0.0036644967097914,30.10738516362805,0.9865177875062217,25.83,75.8,40.69,24.67,99.38,79.65,67.17,90.83,Very High
465,ALIRAJPUR,MADHYA PRADESH,465,41.306739130425214,46.57271750556502,0.3177336138457916,0.1932905679958828,0.7118895083985074,7890.7668349405185,13.43,6.54,49.75,12.396869676043323,14.41537157695324,10012.106369182364,0.3808507971534284,0.0265509647605547,0.0081617745871969,0.0008290741679996,34.25991944105092,0.9720401510323868,71.31,74.8,50.32,92.66,91.6,97.22,69.7,95.87,Very High
466,ANUPPUR,MADHYA PRADESH,461,38.84037416942655,42.74509728411759,0.3728004260642128,0.2180538015048709,0.8986461741477333,7864.458752428907,9.4,8.54,48.94,19.53989329441644,13.0233870967742,10223.111503495647,0.2391765321639964,0.2674917554300445,0.0555901974906182,0.0002416511883552,36.04359873965617,0.73178329100489,41.65,74.8,46.24,57.78,77.24,70.23,69.95,79.06,High
467,ASHOKNAGAR,MADHYA PRADESH,459,42.440214393637625,46.62378751967168,0.2356100002998366,0.1347565558535514,0.806557846957085,9278.93274714104,10.73,9.28,47.0,5.035263352824322,12.40571561112296,11323.270192236429,0.0825833409135711,0.0709614183155445,0.0,0.0032435101738476,36.49833439472412,0.9152168138778832,42.78,74.8,37.31,30.51,96.64,75.37,70.21,89.2,Very High
468,BALAGHAT,MADHYA PRADESH,457,36.4591112712867,40.69709540040652,0.4583856934354259,0.2782972230613018,0.6292004977213509,16213.212183172884,8.17,9.68,50.18,7.993180141506085,12.90168621755454,21873.444621542603,0.1481114768506066,0.590359109214507,0.3355490266216213,0.001898214189866,34.42174454760388,0.4051482546420051,40.06,74.8,52.48,29.88,53.93,49.52,70.07,61.11,High
469,BARWANI,MADHYA PRADESH,441,43.09251692432926,48.62393977510841,0.2650157024127891,0.144228032542879,0.7157791901188958,15200.858509738247,12.73,7.16,49.03,12.242708478977324,13.989567562169176,19982.60367771743,0.2547552245399549,0.0120117180998035,0.0,0.0106901028662738,33.260471811048625,0.9763194513798722,61.6,74.8,47.18,75.77,98.31,95.33,69.88,97.91,Very High
470,BETUL,MADHYA PRADESH,447,40.36171774969311,45.23918493169207,0.3600645203455068,0.2053551855021836,0.5790965205456544,15280.59275177829,8.76,9.72,48.82,7.775483110399935,12.055407365372202,20882.228164292275,0.1213192449492257,0.3599862019896221,0.0915623294152554,0.0029381984522607,39.30496133269089,0.6367263284185729,34.5,74.8,49.96,52.45,76.81,66.06,70.19,77.28,High
471,BHIND,MADHYA PRADESH,420,40.490183691500285,45.01537747803592,0.2661038911175389,0.1746907927774125,1.0777859261447873,16822.676139870924,9.44,10.13,45.32,17.38319009648609,13.55223464365477,21494.04072627851,0.1103714402260288,0.0053268283359066,0.0,0.0128595902885652,28.645026716927998,0.9818135813755284,33.18,74.8,30.58,22.37,93.88,77.14,70.04,88.73,Very High
472,BHOPAL,MADHYA PRADESH,444,41.56368053828314,46.189507801139726,0.2779871708082026,0.1557021232785561,3.525845206987592,25325.61531348648,8.39,8.76,47.4,166.39738969993195,14.86232091412293,37337.45070431872,0.5741515976834788,0.0777897905674424,0.0033017188359822,0.0728695821059786,23.080291328952484,0.8422063250574563,12.66,74.8,36.59,18.01,93.64,68.87,69.21,84.9,Very High
473,BURHANPUR,MADHYA PRADESH,467,42.0562777524716,47.781012068714446,0.3342693319785171,0.1890063135835234,0.6546407203951434,7944.759368409599,10.71,8.67,48.36,12.68933420321482,12.116684851688952,9717.928682856616,0.0620628742920618,0.1518239389883129,0.0025444033250469,0.0137681240930923,44.65112003261842,0.8335564279366937,36.94,74.8,43.33,38.84,88.65,72.11,70.37,84.67,Very High
474,CHHATARPUR,MADHYA PRADESH,425,41.6234688797522,45.74280948950748,0.291599297033695,0.1816564164451296,0.94160996846535,18305.918591605427,10.35,9.82,46.45,8.927011165808747,12.350787455388875,22355.202549294398,0.0929750511039442,0.1887434987120118,0.0176955902579342,0.0023342376898874,32.11778073845018,0.8083783517402132,48.78,74.8,42.66,27.17,87.79,73.39,70.12,84.74,Very High
475,CHHINDWARA,MADHYA PRADESH,455,40.40588883611215,44.739438473594,0.359579053229666,0.2031262368402164,0.6591827475903357,17137.91427135105,8.46,9.69,48.72,6.500778062138413,12.428140679513731,21595.24853362111,0.1367289068199965,0.3949061273082352,0.0577908179481573,0.0035605299273747,43.43125506743559,0.5974631683572144,30.14,74.8,45.82,47.92,76.35,60.85,70.24,74.98,High
476,DAMOH,MADHYA PRADESH,428,42.328665697818906,46.19465324794654,0.2904657641094814,0.1699675946876841,0.7585945801209079,12404.518642871131,9.96,9.4,47.27,6.785430271538481,12.060507537690912,17133.709544137226,0.0716657041528879,0.3339001063736829,0.0100950040494249,0.0034855809716569,40.22223544145709,0.6626143126546604,46.31,74.8,45.45,32.64,84.79,62.87,70.29,79.28,High
478,DEWAS,MADHYA PRADESH,437,42.38168142225267,46.82223846381205,0.3122664092040699,0.172776869863116,1.0496497721392095,15959.300781991316,9.51,9.57,48.17,13.886531342087205,12.444967461983296,20790.65396990317,0.1187772560323967,0.1324843218912897,0.0113627430074735,0.0072064063796607,31.36831647774764,0.857706744220102,29.67,74.8,47.49,36.11,90.29,77.19,70.07,87.29,Very High
479,DHAR,MADHYA PRADESH,438,43.25808774842871,48.308660271850485,0.2496252475061642,0.1343433081908877,1.1200350131853956,23723.08490342832,10.92,7.63,48.68,20.416601386346134,13.47969999509016,28355.97768475327,0.2019391972404632,0.0073116907875792,0.0,0.0154315158201014,26.16176988980521,0.9762332451477668,40.28,74.8,47.03,62.6,99.41,92.25,69.85,97.09,Very High
480,DINDORI,MADHYA PRADESH,453,39.17834459291283,43.18288926492175,0.3794602043755132,0.2069511363520216,0.5947393816151685,7976.638008471347,10.44,9.08,49.6,1.806566294050172,11.964052093300351,10514.049651268431,0.0859107558617403,0.53365344600899,0.2044338505074222,0.0001595765651488,57.59259634354258,0.4657082477304144,56.23,74.8,55.35,70.34,66.98,60.27,70.55,71.03,High
481,GUNA,MADHYA PRADESH,458,42.83860890987283,47.44776168989648,0.2493983899470636,0.143347183056492,0.9716242472194572,12625.75656969998,10.85,8.85,47.2,11.48245373417676,12.207455500738066,16118.26688023995,0.0809201948452411,0.0520676556813446,0.0012769317139205,0.005334736938157,39.985111582766265,0.9425976073804984,45.67,74.8,41.47,30.92,96.95,80.03,70.27,91.26,Very High
482,GWALIOR,MADHYA PRADESH,421,40.96983347796896,45.10934474691362,0.292739765690644,0.181800287788087,1.8584020070386735,21619.58082616337,8.24,8.79,46.04,52.63499143665634,13.013403158510313,27381.92972482365,0.2269498363350815,0.3748372887457499,0.0033488583367259,0.0272281109426167,29.181043645411325,0.595507353969305,22.38,74.8,33.73,22.89,81.93,49.85,69.86,72.61,High
483,HARDA,MADHYA PRADESH,448,39.36939408571138,44.26842947711348,0.3847903374708852,0.2386823060500406,0.8298364916239039,5874.923622058595,9.6,9.47,47.93,10.059783220720725,11.92257124913375,7498.623304637972,0.0674117073953688,0.3015343468468469,0.0096662768537768,0.00347908004158,37.7370895501469,0.693668788981289,33.11,74.8,40.49,44.27,76.78,61.2,70.25,75.3,High
484,INDORE,MADHYA PRADESH,439,41.84216628109017,46.32137098640441,0.2690713758049912,0.1491821625081355,4.225438149979867,36077.322234075946,8.36,9.25,47.76,154.61256330732695,14.178156380042129,49814.8081642625,0.5692557488408435,0.0063816550459222,0.000470052581372,0.0828794868131818,21.484566498921048,0.9107388581408964,10.76,74.8,38.7,23.28,96.73,78.61,69.19,90.15,Very High
485,JABALPUR,MADHYA PRADESH,451,39.49799759267422,43.79402310109221,0.3618175536816652,0.2163349081285348,1.920653925373492,23697.348439155023,8.06,9.49,47.88,69.8862685726357,13.599889444405315,33830.80228612492,0.2392417622623237,0.1733152594887683,0.0283444827829025,0.0231638616998802,23.017000129043,0.7923498345186953,19.5,74.8,40.82,29.36,82.05,69.71,69.74,80.73,Very High
486,JHABUA,MADHYA PRADESH,464,43.38625938533806,48.224122928956255,0.250286005968086,0.1402104143280455,0.9065650406104931,11141.11473498345,13.69,6.94,49.35,34.23950033655276,15.6171198388721,14052.78206929519,0.5101198851951819,0.0020861053279693,0.0,0.0010644459402344,29.53447756429006,0.9965447249920428,68.86,74.8,50.25,88.7,99.21,100.0,69.42,100.0,Very High
487,KATNI,MADHYA PRADESH,450,40.18885233970418,43.965228140633016,0.3396084861173764,0.2043026156664561,1.0857596177007651,12727.747218734195,9.72,9.05,48.33,15.887506799279622,12.945652265815903,16983.858099170648,0.1341986571951881,0.187402942925508,0.0685191239427648,0.0052055003001547,29.931061474135127,0.8020247056933573,39.94,74.8,42.09,36.64,82.49,71.54,70.02,81.77,Very High
488,KHANDWA,MADHYA PRADESH,466,41.82688512183432,47.30745514465997,0.2693403648865908,0.1437656940794207,0.707136818749079,13163.5911527555,10.38,9.31,48.17,8.65222425063934,11.889508344968329,16074.589229578303,0.0632033672452438,0.2888867673164331,0.0148251067745954,0.0065942671989121,46.11215344110898,0.6523240830081913,25.83,75.8,40.69,24.67,88.27,56.51,67.41,76.92,High
489,KHARGONE,MADHYA PRADESH,440,43.301700936118486,49.211578743106045,0.2692524007679766,0.1413663292893149,0.8067709309073501,18992.059477410046,10.46,8.64,48.7,8.345801340761618,12.748799501767808,23709.08286822415,0.1073035301355095,0.0354312506016614,0.0011827591053695,0.0102615764185765,28.287605189386003,0.9539614294888924,25.83,75.8,40.69,24.67,97.98,79.21,67.06,90.03,Very High
490,MAIHAR,MADHYA PRADESH,768,39.432952943151314,42.85002434469664,0.2863865009082297,0.172284588357116,1.3506282802079097,7104.299227431351,9.59,10.05,47.71,16.110480755746504,14.30773116689402,8863.796864849342,0.2206436191471554,0.1236374762554341,0.0152634531291831,0.0032604954168207,33.011885253933706,0.824961116281441,25.83,75.8,40.69,24.67,87.84,68.39,66.95,81.41,Very High
491,MANDLA,MADHYA PRADESH,454,39.42791128673011,44.10690381645567,0.3672158290233981,0.203337742301836,0.6011017807085949,9620.042957891395,9.34,9.29,49.84,4.076245138883228,12.10686711724565,12312.405264568351,0.1100036059086428,0.6419340590618796,0.1844886433665569,0.0017120914419886,46.466053627535,0.3487132218060023,48.09,74.8,53.05,62.47,65.31,49.42,70.33,65.83,High
492,MANDSAUR,MADHYA PRADESH,433,42.29484154698896,47.198060956427874,0.2428462459545065,0.1318711964331399,1.024642054037972,12251.88093538372,8.55,10.2,48.75,14.462530520774646,12.382951186632363,16904.554354409265,0.1019543228648759,0.0891267516793237,0.000163461224113,0.0072769090828671,29.801055039203437,0.8598996283981499,33.0,74.8,50.71,21.05,96.22,76.46,70.07,89.42,Very High
493,MAUGANJ,MADHYA PRADESH,766,40.23084921748948,44.144977484892735,0.2832112206351202,0.1784248389478605,0.9977703927647136,5493.9765519427365,9.49,11.02,47.87,5.82414840101623,15.21342316409324,7103.162030823939,0.3063352744226901,0.013230508659167,0.0002365943927128,0.0,24.38126786587225,0.986290669355581,25.83,75.8,40.69,24.67,92.28,80.74,66.68,88.17,Very High
494,MORENA,MADHYA PRADESH,419,40.6043498720715,45.34826405324798,0.2743239202590719,0.1802896443405113,1.1025680335534618,20158.968120379486,10.06,8.55,45.34,18.035289182821703,14.207576149495598,27897.0578042392,0.1370160374610182,0.2113974315056522,0.0,0.0075076376703182,34.13032916304354,0.7805097839081099,32.36,74.8,34.38,22.31,87.38,64.29,70.08,80.84,Very High
495,NARMADAPURAM,MADHYA PRADESH,449,37.20255871755311,41.53996817008674,0.4451765386057958,0.2909629300749963,0.8913583671247137,11923.763002807224,8.58,9.79,47.37,13.977306437019765,12.180887260090817,16383.27670029136,0.0872467309581392,0.3950060506491212,0.1899661905532459,0.0049238467613302,43.16435006176387,0.5934517515164256,25.83,75.8,40.69,24.67,63.36,51.92,67.33,64.82,High
496,NARSINGHPUR,MADHYA PRADESH,452,38.38065532606154,43.27840712297978,0.4087289816383909,0.2530029926449872,0.9847779989169584,10978.282020110772,8.54,10.72,47.61,10.721199490563867,12.394300770820424,13762.89734048016,0.0936800305591845,0.2342950168584073,0.0567593265057663,0.0073363015356763,38.40741069625832,0.7578824016475983,25.83,75.8,40.69,24.67,75.36,64.34,67.24,74.78,High
497,NEEMUCH,MADHYA PRADESH,432,42.046341129753216,46.33765544266068,0.2776977356537626,0.1605623958547636,1.0398625865317783,7629.605232367567,8.51,10.09,48.54,16.89694732435743,12.344585015939186,10300.620391002183,0.0946592219213777,0.2665272419080112,0.0007934496233797,0.0075794667457088,38.97694650027801,0.6929366470519758,31.87,74.8,50.68,22.11,87.81,63.2,70.23,80.63,Very High
498,NIWARI,MADHYA PRADESH,424N001,40.807250609362455,45.33181325294479,0.2989839452083764,0.1942152836524577,1.3686701824741958,4114.138531144114,10.02,9.31,46.93,12.417398879566845,14.21852735411587,5005.0015181417575,0.192506610486049,0.0102179215696786,0.0,0.0013670356769507,24.09022270788632,0.9884150427533704,25.83,75.8,40.69,24.67,92.01,77.68,66.85,86.88,Very High
499,PANDHURNA,MADHYA PRADESH,767,41.72327352613174,46.2900096720968,0.3434767438598846,0.1902200802906962,0.7406448853328289,3461.8699716098167,8.45,9.71,48.72,8.599444281953788,11.938132494881549,4709.948831846354,0.0698986331245535,0.2199656332260895,0.049477186311787,0.0055937408599005,25.466174143289315,0.7735083357706933,25.83,75.8,40.69,24.67,84.39,62.39,67.07,77.6,High
500,PANNA,MADHYA PRADESH,426,41.6322661926548,45.41201454639354,0.3047922721377717,0.1806902346889828,0.7016027774705405,10563.839516873502,10.35,9.82,47.1,4.779728327180952,12.119022955156607,13847.667773898607,0.0639215633730344,0.4240653392605827,0.0391803253244708,0.0008936935277062,40.55796140559138,0.574477714988367,42.63,74.8,42.5,37.27,79.75,55.65,70.31,74.27,High
501,RAISEN,MADHYA PRADESH,446,40.983698048051394,45.2892170470685,0.3322110577020261,0.1932296838096587,0.93457288058907,13542.807021960718,10.2,9.17,46.97,8.491538410118023,11.87747914006553,17117.804431781256,0.0462172714768674,0.2207087258453338,0.0325593517068295,0.0042388334513725,42.59205955753901,0.7711296476340109,34.52,74.8,38.89,32.36,84.06,65.81,70.37,80.21,Very High
502,RAJGARH,MADHYA PRADESH,442,43.290478131669694,48.57090271517183,0.2403012457947947,0.1294226071531937,0.9242449815132048,15730.144595662996,9.58,11.6,48.5,7.398608317080813,12.934397552361876,19411.626304106376,0.0941656738732983,0.0093448849310037,0.0,0.0032495384902331,29.729462852439383,0.9854512195616424,41.77,74.8,48.23,22.61,100.0,88.68,70.08,95.97,Very High
503,RATLAM,MADHYA PRADESH,434,43.02760566897378,47.72921718616532,0.2547294881934087,0.1357405829133665,1.180113645361108,14385.94399963992,9.76,9.36,48.92,26.91025609803797,13.176575770792144,18664.518265999,0.2428598647983562,0.0022581909234008,0.0,0.0144863685707053,27.615830375347223,0.9832554405058936,41.48,74.8,47.49,41.82,98.92,88.71,69.81,95.43,Very High
504,REWA,MADHYA PRADESH,430,40.14763514592037,44.11208013408186,0.2951231547890772,0.1860659836968227,1.391310912734131,18731.60135689728,9.47,11.03,47.86,39.568811074918536,15.8485853976949,24335.147557703836,0.3780647657531425,0.1050600590030908,0.0311254103658575,0.0055075417725245,27.279056492923548,0.8894323992243841,36.94,74.8,41.94,29.41,88.14,81.19,69.59,87.85,Very High
505,SAGAR,MADHYA PRADESH,427,42.49721421774009,46.506483582394026,0.276786262240241,0.1564551266172628,1.024341488203827,23710.915828010267,9.89,9.27,46.76,12.984882321187206,12.350992245877777,31331.6178503776,0.0866250456797957,0.1808824411466447,0.0106097845054253,0.0080920312061921,31.42385309007873,0.8104919871280736,40.07,74.8,42.3,30.42,90.73,73.67,70.12,86.05,Very High
506,SATNA,MADHYA PRADESH,429,40.87829402503266,44.60480225026026,0.2995075060510768,0.1839857936502619,1.229767581987656,15460.393611469735,9.59,10.09,47.68,27.41637310840984,13.587903209585152,19989.47750168956,0.2034650429380214,0.1691539219696006,0.046367677526199,0.006667918228325,24.93489801824644,0.8238663868532385,34.12,74.8,40.89,32.24,86.5,72.96,69.83,83.91,Very High
507,SEHORE,MADHYA PRADESH,445,41.67378781791818,46.1310609447609,0.3159469495125682,0.1823579583495544,0.9867634251234187,13675.776988642838,9.74,10.04,47.52,11.121740509663768,12.530340866182533,16649.072005080456,0.1172892508761232,0.1153576383705512,0.0049301232009413,0.0040695606740487,30.31493687528729,0.8801529474266544,26.69,74.8,44.69,31.78,89.61,76.08,70.05,86.55,Very High
508,SEONI,MADHYA PRADESH,456,40.46339103384349,44.58225983860324,0.3447061006096772,0.1940403808667619,0.672787117199748,13845.033156197893,8.49,9.1,49.17,3.65120455681914,12.266051680917052,17046.964375547985,0.0878928696313109,0.3360691246293006,0.1194395072852666,0.0043134818276785,28.85821929817657,0.6519793745018146,42.55,74.8,49.63,47.18,77.77,66.46,70.08,77.79,High
509,SHAHDOL,MADHYA PRADESH,460,39.16557317815224,43.44816249272434,0.3445655025088997,0.2125668540391497,0.7744434931813471,9295.023792878104,9.88,8.74,48.87,20.106892343495232,12.812835385399792,13100.417022380065,0.2861180874648702,0.2155187210047806,0.0250305412104415,0.0021410398146325,42.75614524735242,0.7650932895155308,43.47,74.8,46.25,53.07,81.12,72.69,69.99,81.67,Very High
510,SHAJAPUR,MADHYA PRADESH,436,43.13514977172961,48.00707138584342,0.2456901973501397,0.1329946517194589,0.9691547462252132,9314.412670718672,9.15,11.16,47.92,16.024518796502374,12.908939939967912,11995.63473189076,0.1325940615963454,0.0005276864673253,0.0,0.0055013900917036,23.936784831714316,0.993970923440971,33.45,74.8,47.46,25.9,99.56,85.45,69.93,94.4,Very High
511,SHEOPUR,MADHYA PRADESH,418,41.73464244309431,46.03500556350559,0.3001350585821152,0.1820575905465455,0.6080979780159229,7594.123325308595,11.18,7.62,46.91,4.104577771888851,11.737595604164042,10245.807297121526,0.0449756771880662,0.6962569303540332,0.0510261367270583,0.0037073635892941,51.43067288807588,0.2982865881984831,49.72,74.8,40.34,39.23,71.82,33.45,70.51,62.04,High
512,SHIVPURI,MADHYA PRADESH,423,41.65035104513909,45.80175167898962,0.2888398192478523,0.1727055891879129,0.7691253157925424,16932.810980470273,10.81,8.65,46.26,7.674936541659981,12.20820662696661,22398.902036178093,0.0855078891923424,0.3388026643794055,0.0062319093522361,0.0021754098354828,43.98126548519877,0.6552451725985091,46.09,74.8,43.99,31.83,84.08,61.84,70.33,78.58,High
514,SINGRAULI,MADHYA PRADESH,463,39.44074546775428,43.40083899553373,0.3265629979849663,0.2005072457345544,1.4517838957280242,13578.2149083995,11.72,7.58,47.35,62.90776364023135,13.822845192217317,16702.237828258836,0.6749088468480681,0.2060164687025394,0.0428036618004264,0.0138442968027268,37.87881979156769,0.7735955347999662,51.92,74.8,42.39,45.38,82.44,71.88,69.29,81.59,Very High
515,TIKAMGARH,MADHYA PRADESH,424,41.55855940135704,45.93530295333712,0.2811029258154363,0.1829274428234561,0.9504913205145546,10460.215379199552,10.11,9.29,46.92,10.985665962628609,13.521366968664438,13695.26042174147,0.1093735527789801,0.0009699939042539,0.0,0.0012124923803174,27.068515659015237,0.9971575374707694,47.52,74.8,45.35,29.72,94.1,85.51,70.02,92.23,Very High
516,UJJAIN,MADHYA PRADESH,435,42.53171726774938,47.061908622150696,0.2476543389234006,0.1302795128776981,1.4870310752080331,19546.939024247607,8.81,10.48,48.55,23.018040437469285,12.739632081081783,25508.0744008158,0.1619682453172539,0.0001498424010511,0.0,0.0181626618591739,24.109615188594653,0.9816874957397748,29.58,74.8,45.17,28.82,98.92,85.98,69.88,94.34,Very High
517,UMARIA,MADHYA PRADESH,431,39.55933373245665,43.52672907927378,0.3796312826576132,0.2243245019818046,0.654054758304662,7412.199621511071,10.37,8.16,48.37,7.261829299538731,12.310756672430903,8828.52825041645,0.1435887475711989,0.5295610060340415,0.1035659689765165,0.0013375028109498,44.98160165476354,0.4605875453179959,45.45,74.8,44.93,55.65,68.67,50.03,70.25,67.42,High
518,VIDISHA,MADHYA PRADESH,443,42.89883119197325,47.56136278050422,0.2398994739228053,0.1326636348271303,0.8902945506863297,14742.575634487604,10.52,9.77,46.8,9.137570401275672,12.09998628459418,19313.839225765107,0.0674648134860654,0.0325469996695611,0.002115882000653,0.0054285673843744,30.141589808051933,0.9616495777265712,47.19,74.8,37.73,24.66,98.42,80.36,70.13,91.94,Very High
932,SIDHI,MADHYA PRADESH,462,39.13917957043544,43.224418604307246,0.3617089444749507,0.219300861729253,0.8787222778840381,11206.507538803253,11.32,9.11,48.44,35.279211634222754,14.35996458629848,14618.63942348836,0.5628176532642585,0.3227465791036745,0.0727602141258829,0.0,44.46186577958895,0.6770629041476613,52.68,74.8,40.97,39.35,75.95,65.47,69.57,76.43,High
1052,DATIA,MADHYA PRADESH,422,40.96974424378649,45.23717569257997,0.2727873775091906,0.1746483852979208,1.0441642746331885,9017.424454164382,9.21,9.79,46.3,12.084498125703652,12.70072247080143,11059.837190433518,0.1105067329834602,0.029494803798914,0.0005913338288169,0.007044988909592,33.850477977909904,0.9614183663649318,34.24,74.8,40.82,27.37,93.27,78.22,70.12,88.95,Very High
519,AHMEDNAGAR,MAHARASHTRA,522,40.65650817738337,45.77655666413091,0.3333547479002214,0.1904235839654021,1.4881187844067878,44224.23685108381,8.05,13.17,48.26,37.63217157864925,13.869541181901797,54402.397488833696,0.4642128973812121,0.0288509740988879,0.000192677479882,0.0142266671666798,16.99244917216354,0.9440099502616234,25.83,75.8,40.69,24.67,90.66,90.9,66.3,91.51,Very High
520,BEED,MAHARASHTRA,523,41.05770597299872,47.14719383955988,0.3112421149766367,0.1623275329773042,1.0341861203029716,26172.180618001214,8.85,14.34,47.75,17.43063086948489,12.520766116195055,30539.18129185586,0.1441045137844382,0.0056543291577377,0.0,0.0138312037830527,20.187581110341966,0.9768339862376878,25.83,75.8,40.69,24.67,94.29,88.33,66.87,92.17,Very High
521,BHANDARA,MAHARASHTRA,506,37.162932155015405,41.66022310090622,0.4282160331706582,0.2540232392011733,0.8447650024254889,10061.081073424786,6.85,11.97,49.33,20.848811297617324,12.77082767441554,13350.179313607094,0.1511234945298088,0.2112009212498407,0.1320648566920274,0.004259901457913,16.434961254540536,0.7783734841792039,8.19,86.1,49.76,24.1,72.38,68.67,36.08,62.58,High
522,CHANDRAPUR,MAHARASHTRA,509,39.51931781276893,44.5834443660063,0.3915036080707581,0.2297445077105931,0.8790156156313123,20179.587831335444,6.81,11.42,48.68,17.87358630407877,11.901320712198745,26199.93257792282,0.0770960546492773,0.3237638895291799,0.1150838183338077,0.0089777609564758,25.74087453427517,0.6633194568338564,17.65,86.1,48.0,33.47,74.46,64.4,36.35,61.8,High
523,DHULE,MAHARASHTRA,498,42.994212376426326,48.60985825156684,0.2637474466159715,0.147478461153882,0.9207447807110224,21280.4121733344,8.71,11.33,48.39,25.45028285663938,12.543343501183887,25700.46482560206,0.153347236443076,0.0184211272540929,0.0,0.0195594404036353,20.945825542042872,0.9612446907413822,33.23,86.1,45.66,37.78,97.98,87.97,36.15,80.97,Very High
524,GADCHIROLI,MAHARASHTRA,508,36.748754460305406,41.66770112673985,0.4827762556145858,0.2983342360701965,0.5389849086657199,10220.589244257057,7.23,10.28,49.21,3.016000087057398,11.406991569604417,13747.723209153975,0.0288065409482198,0.8280140587576708,0.3361989727226898,0.0001290676557466,57.13401917406467,0.1698839099705016,20.58,86.1,54.45,49.96,45.65,31.64,36.93,36.86,Low
525,GONDIA,MAHARASHTRA,507,36.70928564459104,41.28065965516608,0.4412271296669276,0.2680498883349974,0.7722661630728896,13414.48020167741,6.88,11.21,49.65,14.076405717141943,13.185599725545702,17687.18561481405,0.1401577840720462,0.4218040730875196,0.2248416298817753,0.0028682724774492,30.256401655394196,0.567254311020564,25.83,75.8,40.69,24.67,62.68,53.46,67.04,65.06,High
526,HINGOLI,MAHARASHTRA,512,41.944521516261865,47.73381185504379,0.2935274442226379,0.1484638178331712,0.8727246843069338,11765.631138291785,9.13,12.47,48.34,7.944624256082977,12.11138804443728,14503.876820690546,0.0590711077150218,0.0223411085290003,0.0,0.0087526532942974,23.79555721742178,0.958557512811092,28.05,86.1,48.34,25.02,95.79,84.39,36.35,78.7,High
527,JALGAON,MAHARASHTRA,499,42.32703829617029,48.430371579895336,0.3025934284654009,0.1674501979673002,0.9812314919291008,40631.49186717634,8.22,12.22,47.91,27.294381305697144,12.456310634600804,50643.30817938247,0.1148073951705314,0.0142421480423073,0.0008669536731482,0.0260107737152009,24.105272486528744,0.9587224966287714,18.6,86.1,44.06,23.49,95.4,89.05,36.26,80.41,Very High
528,KOLHAPUR,MAHARASHTRA,530,35.076094175679,39.62772519217607,0.4681861682525659,0.2818389018905548,0.9860510495210222,34139.08056211824,6.76,13.49,48.83,36.382894624308015,14.374717181377118,43076.038247130346,0.2915267317398335,0.4511890044784473,0.0826671059588231,0.0192865778752254,17.16809348112428,0.4951954850096411,10.17,86.1,43.96,13.79,61.45,54.64,35.87,52.29,Moderate
529,LATUR,MAHARASHTRA,524,41.00961226211562,46.97323412141159,0.3175583710841703,0.1602527473558163,1.0075480414964375,23714.45682262909,8.35,14.15,47.92,26.11623311093476,12.631457780031768,30163.199742081644,0.1352789823216815,0.0099324796704983,0.0,0.0161773658550607,17.240722386263077,0.9736427407689536,17.79,86.1,42.66,21.94,93.94,86.41,36.12,78.67,High
530,MUMBAI,MAHARASHTRA,519,33.873982497571134,37.21339114545056,0.2491746206083428,0.149170716182789,44.26003771240138,22210.270981971888,5.63,11.07,45.16,2395.57824933687,30.0,31084.894811981638,14.486421871014825,0.0219121208626455,0.0,0.8711221312420709,0.276228348858629,0.0,3.59,86.1,41.63,7.94,92.44,19.12,24.52,45.8,Moderate
531,NAGPUR,MAHARASHTRA,505,40.86469682512995,45.632230856302414,0.3467822622806374,0.1907605514369242,1.789477842244133,45497.87346955883,6.93,10.97,48.38,87.74095571684273,12.794579367171307,58879.992012184186,0.2694943616754384,0.1642368811987651,0.081410587975365,0.0275733503320896,17.18276278017537,0.7993440921050261,6.72,86.1,40.15,28.05,84.62,75.55,35.91,70.33,High
532,NANDED,MAHARASHTRA,511,41.616056001828895,47.563670600597625,0.344910004925574,0.1775790824093418,0.8828728541979518,32930.73773224242,8.89,11.31,48.27,17.749668608590028,12.473279424197829,41468.28015433073,0.0690598939996532,0.0229653897190977,0.0009105390167018,0.0150809336909234,25.088501335104585,0.9503913708056422,27.37,86.1,44.45,27.44,92.39,87.59,36.35,78.62,High
533,NASHIK,MAHARASHTRA,516,41.0620833538719,45.696412983439046,0.3105402492462344,0.1800276003627033,1.514012127668262,62471.95725934376,8.93,9.95,47.96,74.61162145596013,14.92854101178131,76645.09747571034,0.68957117721858,0.0213230956960023,0.0008509631484175,0.0160000395906422,14.51219683942703,0.9572456413177378,18.31,86.1,45.25,34.7,92.32,96.62,35.19,81.81,Very High
534,NANDURBAR,MAHARASHTRA,497,41.51718575511049,46.829345756969616,0.3068468589413033,0.1721647548471137,0.8018135329397416,17910.531577886555,9.47,9.37,49.14,14.693431057205506,13.372096296481343,21141.70343914869,0.1713339180578857,0.0207625654770862,0.0003107438781932,0.015777868089833,27.73968044724789,0.9605501507107812,52.12,86.1,48.05,72.19,93.59,94.91,36.23,82.05,Very High
535,PALGHAR,MAHARASHTRA,NOT AVAILABLE,38.87518510948671,43.14671093436687,0.3709000246559691,0.2281225179875244,1.6754921347848124,33043.35248445889,7.78,7.76,48.55,51.7066985087479,14.961026299070946,38801.46553542066,0.4565079588394952,0.1483913668541829,0.0279715490026286,0.0194777647082668,15.365165706808837,0.8126349322167643,25.83,75.8,40.69,24.67,81.25,73.09,66.29,80.37,Very High
536,PUNE,MAHARASHTRA,521,38.71331357965481,43.131620633449096,0.3698739943439031,0.2152644512529898,3.1054608931784395,103197.1626396762,7.72,10.6,47.43,138.13560629949157,14.46834251566311,118772.79976735162,0.7317237051520757,0.1548715950090642,0.0064539672979149,0.0315841437994177,11.936990022227391,0.7992562017632434,5.29,86.1,42.94,16.22,82.17,81.51,35.08,71.43,High
537,RAIGARH,MAHARASHTRA,520,37.669331482553964,41.31687037630002,0.4119908519510921,0.2441491032000847,2.350542265476888,26852.20011972496,7.44,10.83,48.62,41.80164306126143,13.556820150815318,32125.79370183305,0.2616643395226465,0.3559563355198077,0.062090632251118,0.0203808905108019,17.717367915313485,0.5674729190036721,30.82,86.1,40.73,16.71,70.73,56.34,35.93,56.8,Moderate
538,RATNAGIRI,MAHARASHTRA,528,35.18233452953719,38.73419002529773,0.4962125903383606,0.2955249459822076,0.5802010069551584,13219.802856572584,6.03,17.34,52.99,16.165871453990682,12.477916231410484,18938.085363068574,0.2088103639026515,0.9397455738600188,0.0991903561301286,0.0004580856153032,20.673261070239256,0.044962001349107,18.47,86.1,44.21,5.41,44.47,20.17,36.06,31.33,Low
539,SANGLI,MAHARASHTRA,531,39.17663007476811,44.709366630185855,0.3497208833184926,0.2037131865844254,1.1558458591617322,27786.336040846298,7.02,14.53,49.08,41.054180402674525,13.766091324473845,36145.07114353612,0.4174885574913212,0.0952716946627839,0.0066937726776779,0.0187987852972629,18.63014310328077,0.8851537631572215,10.18,86.1,43.06,13.16,86.02,80.45,35.69,72.82,High
540,SATARA,MAHARASHTRA,527,38.69409769539975,43.29623625362103,0.3737654947492883,0.2149818789614759,1.0096884489025533,26691.408576572157,6.8,15.19,49.65,26.931844099349554,13.412360065080955,34837.091588507945,0.2664234197909766,0.1742764139629695,0.0185438929476808,0.0095564185883018,18.073786641547542,0.8050103271890432,11.02,86.1,45.11,11.75,81.1,76.09,35.93,69.12,High
541,SINDHUDURG,MAHARASHTRA,529,34.148378883448466,37.48337529315784,0.5053153201491186,0.3090558130996141,0.526718032267624,7001.816262365904,5.2,18.32,50.94,5.461924658588612,12.70866374918452,9492.617847782938,0.2008954685540502,0.9094693554416908,0.1313211502796532,0.0007476964352472,18.99057885268674,0.0288427565075246,15.39,86.1,40.86,7.36,42.6,14.87,36.04,28.39,Low
542,SOLAPUR,MAHARASHTRA,526,40.14091031369162,46.17860172670087,0.3459449955607398,0.1981681086935876,1.4941511686749862,41180.92319133948,8.09,12.79,48.23,26.75088777552656,13.224601897436663,53191.48410303653,0.3292221683073255,0.0298011167889979,0.0,0.0175930630423715,16.77477711882545,0.9469666430326392,12.6,86.1,43.97,16.85,89.76,87.6,35.8,77.32,High
543,MUMBAI SUBURBAN,MAHARASHTRA,518,34.53563233999772,36.99257068088111,0.3431506405355694,0.2081358387654076,24.86439225194191,93387.01696545846,6.35,9.51,45.83,1292.3730230572162,25.15350128095644,122805.15566554746,7.260656684860014,0.3077198975234841,0.0334415029888983,0.5755935098206661,2.2706760678302507,0.0092570452604611,4.65,86.1,39.92,7.35,75.99,28.06,24.54,42.73,Moderate
544,THANE,MAHARASHTRA,517,39.81299680320349,44.43080618198148,0.3508834374494023,0.2109904106178465,4.357034859803934,85233.59316455448,7.72,7.79,46.14,174.55954119214968,14.96242376447657,100710.8724608297,0.780607320584354,0.2349285254302079,0.0337158166972584,0.0742209426860388,15.348834728088116,0.6698429315765728,15.24,86.1,40.62,20.55,81.5,70.18,35.06,66.52,High
545,DHARASHIV,MAHARASHTRA,525,41.1455212122836,46.87125058256673,0.2995257293090961,0.1552149758090247,0.9195666692854356,16321.840455757609,8.1,15.97,47.92,13.79922851680472,12.169883788435389,20509.382003136503,0.1055866956554445,0.0108733449963881,0.0,0.019063078801917,20.22746032922035,0.9687425567326752,25.83,75.8,40.69,24.67,94.78,85.9,66.93,91.41,Very High
546,WASHIM,MAHARASHTRA,502,42.55047331460623,48.673022203890994,0.2711430286193189,0.1309517032915488,0.8402756598984711,11766.848526854146,8.29,12.29,47.99,12.868136875296829,11.907247362709,14454.345525180432,0.0476832521430596,0.0057223902691555,0.0,0.0065459866256508,22.204941504164687,0.9877316231051936,22.53,86.1,47.6,25.89,98.65,84.77,36.34,80.02,Very High
547,WARDHA,MAHARASHTRA,504,42.90720796620214,48.55242287781886,0.2949093691192623,0.1552261262853965,0.9420175878457516,11733.719794687286,6.38,14.02,48.34,18.53993065295534,11.805292700630726,15445.15037870172,0.0828646441554838,0.0496221771733126,0.0035656758155796,0.0120579415090356,19.99533227116557,0.9325916650520388,8.82,86.1,46.76,26.01,95.47,80.21,36.25,76.81,High
548,YAVATMAL,MAHARASHTRA,510,42.23936554572854,47.83433768665439,0.3289072767698634,0.1777423697824807,0.8144683439771704,26789.703099886385,7.8,11.69,48.5,11.952458731650283,11.821146030783664,34775.782336887554,0.0484353783510371,0.0302749641015793,0.0053618377402173,0.0076505980552819,26.057068249137178,0.9568719988003292,23.54,86.1,48.91,30.39,93.06,87.92,36.4,79.05,High
549,AKOLA,MAHARASHTRA,501,43.13787424810503,49.65333629961762,0.2660500391486849,0.1350838075245193,1.0558571963964076,17875.730288039504,7.61,11.77,48.29,26.34207009480843,12.219174518196269,22350.12141924532,0.096512453478506,0.0050197039809618,9.25352857831603e-05,0.0254304399516402,20.48077529135089,0.96920787783733,13.38,86.1,42.35,25.6,99.38,81.32,36.24,78.86,High
550,AMRAVATI,MAHARASHTRA,503,42.06651304007901,47.42036686267423,0.322755287339086,0.1728456055885587,0.8734870046959581,27602.505346624064,7.02,12.97,48.41,20.25110981670585,11.945550717103156,35086.64033805333,0.0745489776245647,0.248318730534238,0.0492278084354416,0.016122301025932,30.80722988600212,0.7314291267414852,12.24,86.1,42.8,31.52,85.84,69.74,36.44,68.67,High
551,BULDHANA,MAHARASHTRA,500,42.58007053987552,48.68427914555309,0.2773620428201429,0.1407143740821467,0.8723306471501807,25581.415171784232,8.44,12.58,48.1,17.79036649921777,12.151209346123975,31843.925556622708,0.0921123851030726,0.0166911149544736,0.0012129101966242,0.0136106306907923,20.66990655161669,0.9692199182889444,25.83,75.8,40.69,24.67,97.66,85.56,66.96,92.46,Very High
552,PARBHANI,MAHARASHTRA,513,41.89255812338917,48.09475407463255,0.3112907165066222,0.1569836532085928,0.8970694650213211,18092.01815786924,9.13,12.49,48.45,21.76153064620667,12.217090289090924,22707.200578278327,0.0815809902494514,0.0090960580634236,0.0,0.0192075253560355,23.77232325181956,0.9642714920501452,23.28,86.1,44.81,15.68,95.36,83.18,36.31,78.01,High
553,JALNA,MAHARASHTRA,514,41.95889777848015,47.64033591193038,0.2861731830318162,0.1508278545018048,0.9948998793838052,19947.363729286903,9.69,13.05,48.2,11.054882752033338,12.531725228652128,22887.723816295933,0.1296245264788044,0.003250928168071,0.0,0.0077118947108219,20.560153058176684,0.9869790079221276,28.65,86.1,47.52,16.06,96.46,88.05,36.18,80.4,Very High
554,CHHATRAPATI SAMBHAJINAGAR,MAHARASHTRA,515,41.2930615280987,46.73876681130174,0.302451764104248,0.1669144010827931,1.4194100515282857,39084.40511255142,9.55,10.9,47.73,50.861685807989,13.023978088726496,47020.639418491024,0.2888200662506198,0.0110783606682822,0.0,0.0149282823054482,21.81103523990777,0.9645822369394672,25.83,75.8,40.69,24.67,94.16,87.91,66.66,91.86,Very High
555,BISHNUPUR,MANIPUR,252,27.765677840429863,30.905760805071075,0.4555155938483127,0.2721228559161557,1.183242728268458,2692.9837471461747,8.3,9.71,49.6,142.06826972471515,16.16227752092588,3642.4106879083615,0.6648021014690669,0.3540779016710481,0.0095715105913637,0.0038527785332245,22.30454478198871,0.5448886471459219,13.72,81.3,46.31,10.7,58.45,47.33,49.67,53.72,Moderate
556,CHANDEL,MANIPUR,253,27.548700245506367,30.37547400041197,0.6339395850891131,0.4221679744118577,0.44336979503309,1072.119338257933,7.74,6.96,47.97,0.7827836031400852,11.326837114481842,1187.2561320061595,0.0266976627060562,0.9788688689880082,0.782346630121894,0.0,252.5357998500397,0.0151495314867114,26.89,81.3,52.88,89.35,10.74,20.36,54.4,25.12,Low
557,CHURACHANDPUR,MANIPUR,254,26.56555641063498,29.82626682963366,0.6613460740802857,0.4228585331732846,0.4902232674791739,2223.8791090024024,8.9,7.85,48.88,22.323403854697197,11.542090692180292,2915.762565637944,0.0689095185366318,0.9496023795443926,0.8529113231361279,0.0007502272747332,155.00234915814949,0.0371156556250864,20.86,81.3,44.74,93.1,8.45,20.43,52.76,23.53,Low
558,IMPHAL EAST,MANIPUR,255,30.29843742180324,33.43066233885103,0.4115354427240258,0.2565550133616285,2.102175165631905,3618.881129143868,8.51,8.99,49.98,332.23081820325405,16.463632791008408,4860.135811130958,0.9719082344218284,0.1427572113495245,0.0932798868191465,0.032453037805549,14.916236566518606,0.6998428043700385,12.87,81.3,42.72,9.54,68.06,56.37,49.06,61.1,High
559,IMPHAL WEST,MANIPUR,256,29.449236610032056,32.80393581234238,0.4063269802715569,0.2519694537898721,2.4723810073608923,5166.096123003023,7.76,10.04,50.4,400.64210982728594,18.77721392954931,6744.329725285492,1.100368934432666,0.2029130968917868,0.0156093174135425,0.0589685324511606,10.691021006608,0.7136605615821296,7.27,81.3,41.2,7.86,67.53,58.56,48.79,61.66,High
560,JIRIBAM,MANIPUR,713,27.90920153104907,31.227165927585787,0.6933972523184273,0.4670657188912351,0.583875077201193,379.6812156570309,8.58,8.92,49.9,38.40092737122392,13.547699935726737,595.7733343629423,0.4708920201807787,0.8884629510605083,0.4619180975117066,0.0,32.72867997085085,0.1115370489394912,25.83,75.8,40.69,24.67,16.33,16.05,66.55,30.61,Low
561,KAKCHING,MANIPUR,711,29.224290275781623,32.63331167788247,0.4656294760310159,0.2868786942279809,1.0399718647869334,1420.4771273898143,8.89,8.59,49.43,145.96693804740002,15.706721032230371,2438.46834972878,0.6202528210466032,0.2428075163968508,0.0326461633381171,0.0102606059793178,16.62149903994974,0.7155733197419424,25.83,75.8,40.69,24.67,61.92,59.06,66.05,66.63,High
562,KAMJANG,MANIPUR,717,27.1446396501062,29.31764949295853,0.6331615157278372,0.4156761845244245,0.4032231292743787,614.1903098236692,8.55,7.83,48.08,0.1736135446599316,11.1260965273,682.4524320790088,0.0076916035294841,0.9968718666817328,0.951533243031786,0.0,305.5599494377057,0.0028477884941334,25.83,75.8,40.69,24.67,6.41,5.1,71.69,24.17,Low
563,KANGPOKPI,MANIPUR,712,26.43734403123238,29.12558842724803,0.5372324598732742,0.355932004537923,0.6143199843102308,2107.581531277094,8.33,6.18,48.21,14.176542302558955,12.021005645912538,2019.0274400481555,0.1108553777832068,0.8766477486401384,0.5439469279304296,0.0,95.76507633334634,0.0863453469765977,25.83,75.8,40.69,24.67,23.76,10.01,68.14,31.82,Low
564,NONEY,MANIPUR,714,25.343129476498028,28.555240836956223,0.6822221068896825,0.4403654157162134,0.3990087214341321,526.4428087548589,8.76,7.15,48.0,0.1337929176872637,11.324761720383036,607.7938710374738,0.0225443240771136,1.0,0.955292935924738,0.0,204.65660950046131,0.0,25.83,75.8,40.69,24.67,2.14,4.22,70.04,21.39,Low
565,PHERZAWL,MANIPUR,715,25.96008596860048,29.060639882574684,0.7513185872929408,0.4861873362936051,0.3585159931547102,529.3265041335683,8.94,7.85,48.89,0.0,11.092409889487548,633.8642218123748,0.0019728840625009,1.0,0.9449727819367378,0.0,187.2039221484858,0.0,25.83,75.8,40.69,24.67,0.0,5.39,69.79,20.89,Low
566,SENAPATI,MANIPUR,257,24.3721167057552,26.76643962049992,0.595608254789599,0.3936493436584434,0.4703663552664912,4045.014660082492,8.37,5.63,47.9,4.815503878938067,12.03699689187042,4993.571435401938,0.0404628707572693,0.995671982212996,0.7810769870102016,0.0,82.45974930286974,0.004328017787004,33.58,81.3,48.76,87.7,9.42,18.51,51.64,22.69,Low
567,TAMENGLONG,MANIPUR,258,24.892533987589868,27.27024606043519,0.6586639650872813,0.4303120651844183,0.391807362838375,1215.3857499685355,8.77,7.17,48.01,1.4681918229257558,11.211124558806148,1478.1128245801417,0.0269081406595389,0.9985532782040384,0.8752419177789164,0.0,214.6455410325985,0.0014467217959615,37.38,81.3,50.25,95.73,4.11,21.34,53.79,22.56,Low
568,TENGNOUPAL,MANIPUR,716,28.545796470242728,31.54303508207164,0.6417976788528517,0.4313734026688064,0.5081141494221236,668.9294260936916,7.71,6.92,47.94,6.3766145127134815,11.291674157132208,806.5859650748404,0.0223900703972749,0.9422660308657966,0.7507731683907437,0.0,115.82611344787183,0.032389280762961,25.83,75.8,40.69,24.67,12.87,5.99,68.6,25.92,Low
569,THOUBAL,MANIPUR,259,29.787935233333528,33.64840001247886,0.4012412070074496,0.2467475573916197,1.479549011689414,3020.54564921108,9.07,8.7,49.64,221.47229765287867,18.019587411851383,4194.170626072598,0.7896390652383033,0.0827702347121355,0.0,0.0,10.409473108622969,0.8815387853910115,16.74,81.3,46.27,10.04,72.23,71.28,49.28,68.99,High
570,UKHRUL,MANIPUR,260,25.539111778120628,27.97149220272733,0.5840215295600781,0.3774218562882285,0.4539558353297666,1511.806229566711,8.57,8.0,48.06,5.802302628179289,11.314130985231348,2040.7026943140304,0.0481071964508901,0.9989699493931656,0.7961274920162461,0.0,97.0343272986396,0.0010300506068341,28.52,81.3,47.79,94.49,11.41,19.85,51.86,24.14,Low
571,EAST G>RO HILLS,MEGHALAYA,273,28.11584757215605,30.392022870705087,0.6950403735688886,0.4809407671481824,0.5685676164022379,1586.8582478902226,12.28,5.27,48.48,12.645691494710023,11.976862661855238,2335.623381461032,0.2767945552282717,1.0,0.2829905372644091,0.0,73.51827317361459,0.0,25.83,75.8,40.69,24.67,15.58,3.82,67.52,25.69,Low
572,EAST JAINTIA HILLS,MEGHALAYA,657,26.270727661789188,28.104628172421943,0.6048309602480604,0.379848412184795,0.628148849102864,1428.8760305271414,16.34,4.66,49.74,7.775410129326222,11.657210103369785,1821.498643562316,0.1152235182907535,0.9761797027636596,0.5347956631695623,0.0,164.08687880484436,0.0057156787434275,25.83,75.8,40.69,24.67,16.98,4.3,69.24,27.16,Low
573,EAST KH>SI HILLS,MEGHALAYA,274,25.596950489005017,27.337967276387708,0.5649750261146743,0.3577873653610168,0.8590651779146239,8975.177921188058,11.48,6.15,49.81,42.07421695692416,12.939366993671433,12323.076681854862,0.2624315828753027,0.9342374250317936,0.3950620690347129,0.0137520098126515,50.23724645467501,0.0205897624345008,25.83,75.8,40.69,24.67,22.73,9.47,67.16,30.78,Low
574,NORTH G>RO HILLS,MEGHALAYA,656,28.71484661325437,31.19878162036473,0.6955112540551879,0.4890923624734643,0.6486223182061585,1718.2204826030063,12.25,5.29,48.66,11.47922771019262,12.429961911638353,2019.3360408191688,0.2958354672330944,0.9920688892806871,0.0747466606217833,0.0,37.90712858805257,0.0078639453497776,25.83,75.8,40.69,24.67,20.69,4.75,66.91,27.92,Low
575,RI-BHOI,MEGHALAYA,276,28.351844149291896,31.07031186426464,0.6722116806630843,0.4510222456456038,0.6742993231865647,3324.1718216785043,13.79,5.29,48.14,9.5252350321623,12.301410044828708,3652.733142899543,0.1632135712264431,0.9948401070200026,0.2843881756526533,0.0,51.66013898633098,0.0031228981917412,25.83,75.8,40.69,24.67,18.35,4.88,67.34,27.19,Low
576,SOUTH G>RO HILLS,MEGHALAYA,277,28.159831709637768,30.232054652843285,0.6489165459828345,0.4377503181868437,0.5121899768559809,1525.224393631343,13.48,6.11,47.91,3.933570196036232,12.046760848094026,2137.232747169061,0.1387116795474372,0.9794625048519064,0.610727228706376,0.0,94.38531297645513,0.013306713501174,25.83,75.8,40.69,24.67,13.18,5.66,68.07,25.69,Low
577,SOUTH WEST G>RO HILLS,MEGHALAYA,663,29.48117890472975,32.111164319183,0.6442321815185347,0.4248030280580213,0.8319930840439657,1358.225753781462,11.75,6.23,48.85,6.393525352308137,12.748356736434406,1761.6190693053284,0.1489450731530894,0.7967609939904705,0.2004718468894692,0.0,24.22495036674704,0.0773290606377923,25.83,75.8,40.69,24.67,29.28,10.67,66.92,33.85,Low
578,WEST G>RO HILLS,MEGHALAYA,278,29.01661740963036,31.514826939187603,0.661525222785894,0.4511896781328063,0.6051020378545958,6176.951091433183,11.72,6.2,49.04,15.72659991812107,13.349234803046734,8349.455500724811,0.2905168668178026,0.9290793390860566,0.1810093895780585,0.0,46.93493788120348,0.0466723107477347,25.83,75.8,40.69,24.67,23.31,10.35,67.07,31.34,Low
579,WEST JAINTIA HILLS,MEGHALAYA,275,26.37351995096937,28.46229103222405,0.6022559978350611,0.3827312418301932,0.5316524747077906,3046.042259083836,16.3,4.67,49.74,15.536378965714656,12.224745160641124,4299.593845226937,0.1620300715785053,0.9891616337073776,0.3446627835863329,0.0024912415761841,58.63069026134348,0.0012153351061855,25.83,75.8,40.69,24.67,20.57,4.77,67.46,28.1,Low
580,SOUTH WEST KH>SI HILLS,MEGHALAYA,658,26.49720863693027,28.403414187974786,0.5944594841276158,0.3849506521526328,0.4284264204069968,1103.631788333841,15.93,5.51,48.56,0.9611459322906442,11.93198017227197,1573.09344512618,0.1048571565042484,0.9719434463945484,0.3729189111732644,0.0,106.79081011149238,0.012777102583018,25.83,75.8,40.69,24.67,20.7,5.16,68.33,28.67,Low
581,EASTERN WEST KHASI HILLS,MEGHALAYA,740,26.26091303253628,28.580584528400344,0.5984613214195943,0.3860633557197679,0.4467519111898289,1341.5627211770732,15.97,5.51,49.19,5.184355300859599,12.06626753129242,1791.937620164712,0.1131120544378078,0.9967214598099836,0.4697572010254863,0.0,76.97285832259976,0.0018609561152164,25.83,75.8,40.69,24.67,17.79,4.87,67.83,27.16,Low
582,WEST KHASI HILLS,MEGHALAYA,279,26.59188598839045,28.766744519843865,0.6461585608961796,0.426115915437923,0.4219944882526796,1715.8701176566096,15.98,5.52,49.14,3.716014337576636,11.46097581842816,2454.43829740852,0.1087287074710944,1.0,0.4591421205260519,0.0,80.05228450912084,0.0,39.59,77.2,42.6,97.86,14.67,18.62,63.71,29.82,Low
583,CHAMPHAI,MIZORAM,262,26.21945280454264,29.42738425213496,0.6811714666128381,0.4579840262417766,0.4023489437111504,671.5411946204796,11.12,8.11,49.09,3.0416020170674942,11.263885908588204,1001.8921807110946,0.0288426542247472,0.9930776785566908,0.8107121634782036,0.0,151.15998062294796,0.0069223214433091,10.09,98.2,47.99,98.2,5.26,18.85,4.84,1.99,Very Low
585,HNAHTHIAL,MIZORAM,726,26.946922530130337,30.73317755705566,0.7182462957797018,0.4924850233266079,0.3854725364932732,236.68902416901264,10.48,7.47,48.09,0.0,11.19092784202341,350.17675965230603,0.0140537296273753,1.0,0.6616622709136403,0.0,143.07397412594733,0.0,25.83,75.8,40.69,24.67,7.02,4.85,69.06,23.24,Low
586,SERCHHIP,MIZORAM,268,26.812409947276738,30.09998190183932,0.7054417197354977,0.482149075091984,0.4011464599813452,620.6900528928517,9.53,8.53,48.98,3.6973541515011954,11.248396793090972,725.64271522219,0.024936087006151,1.0,0.6346272884385877,0.0,136.06500965789797,0.0,3.45,98.2,49.89,96.9,7.33,18.21,4.6,2.48,Very Low
587,LUNGLEI,MIZORAM,265,28.078571793719235,31.480107637274063,0.7046034921616272,0.4753554482766238,0.3946125692540318,1397.2878652304278,10.47,7.47,48.07,2.353182156829858,11.220281861550031,1779.4929528133132,0.0223713355549902,0.999953192103508,0.4326141820125058,0.0,166.91345903165103,4.680789649213824e-05,10.16,98.2,48.5,95.22,13.02,17.22,5.11,4.6,Very Low
588,MAMIT,MIZORAM,266,27.79428536800912,30.434054613892386,0.7258738413803186,0.4807162937245817,0.3842511163944333,1241.2866879521623,12.3,6.67,47.49,0.5565887129669136,11.177554866870764,1265.555762670084,0.0134412698263857,0.9997011097618724,0.4949094890031837,0.0002988902381276,134.38237083291796,0.0,25.29,98.2,45.55,95.1,10.68,17.36,4.6,3.5,Very Low
589,KOLASIB,MIZORAM,263,27.26471469374575,30.19478992377812,0.7487223613720673,0.4977865810705206,0.4205330073694692,1045.693416820306,10.7,7.47,48.35,6.408922057494728,11.430918835189098,1392.596985047417,0.0495493423587279,1.0,0.6197822792314275,0.0,104.74925176624298,0.0,8.44,98.2,43.68,87.78,7.77,14.01,4.06,0.72,Very Low
590,AIZAWL,MIZORAM,261,26.90516331669376,30.04833138519818,0.7270026283145792,0.4806473210668819,0.5467126009332517,3786.343187211431,8.87,7.86,49.72,24.16483457775073,11.665111414750395,5428.258845523304,0.1069767457195406,0.9933947663236694,0.7048512851064933,0.0028897897333946,98.97213557917004,0.0037154439429359,1.76,98.2,43.63,93.47,6.02,15.85,3.87,0.68,Very Low
591,SAIHA,MIZORAM,267,27.57447198818974,31.06010686199016,0.6904966949891488,0.4580533966516678,0.3859838639160471,605.3678873853358,11.83,6.4,48.82,3.557937928201451,11.186000557163574,808.6250930556998,0.0206383278219875,1.0,0.7074796847776307,0.0,133.19681576386054,0.0,12.69,98.2,34.4,96.73,8.33,11.19,4.56,0.0,Very Low
592,SAITUAL,MIZORAM,727,26.19653942710816,29.52715147607336,0.7185931687688628,0.4822679355983963,0.3802758389037226,487.8744522261565,9.39,7.94,49.59,0.0,11.15356401655073,705.5089663877999,0.0138684035346481,1.0,0.7333437754254067,0.0,112.35085972235804,0.0,25.83,75.8,40.69,24.67,4.59,5.98,68.56,22.51,Low
593,LAWNGTLAI,MIZORAM,264,29.053952480720195,32.73100630994099,0.6863781240203991,0.4580321355532163,0.4080864623597542,1258.85380452582,12.8,5.65,48.04,1.5582704444183064,11.349037572559832,1654.479916444967,0.0193095891389888,0.9936175629422632,0.3975765497917923,0.0,94.1348142844442,0.0063824370577367,30.45,98.2,38.65,95.42,16.48,15.12,3.94,4.68,Very Low
1419,KHAWZAWL,MIZORAM,728,26.38009255151404,29.62927387433401,0.6929001821894775,0.4770880840604665,0.394674142131524,374.64560900760046,11.07,8.12,49.09,0.0044925845927251,11.15018974563162,495.3371571603759,0.0202166306672633,0.999101483081455,0.7274181556795081,0.0,138.46569769500937,0.000898516918545,25.83,75.8,40.69,24.67,5.63,6.31,68.97,23.24,Low
594,LONGLENG,NAGALAND,NOT AVAILABLE,26.1811363035038,28.89438268849152,0.7009433987248789,0.4625140158390758,0.4543487021882429,260.8578389193936,11.99,6.68,46.91,0.0,11.21597785463775,486.3108059060141,0.0264702497410519,1.0,0.7553773373472811,0.0,73.86308986954315,0.0,33.88,95.7,60.55,96.3,5.01,22.98,8.58,5.1,Very Low
595,TUENSANG,NAGALAND,NOT AVAILABLE,23.77653940432304,26.0845455829241,0.6309070831855824,0.4305546746655973,0.4443053512601382,967.8309526498992,11.96,5.76,47.54,2.855025200118589,11.619042221098344,1094.2565769385424,0.0363601876266484,1.0,0.8407989047976141,0.0,95.4301614135255,0.0,38.33,95.7,49.93,97.11,4.49,20.37,8.92,3.96,Very Low
596,SHAMATOR,NAGALAND,NOT AVAILABLE,24.35002797024549,27.30872308688067,0.6235277180235829,0.4229381872253617,0.3982080658376489,325.9468212854629,12.02,5.7,47.67,0.0,11.291050881551593,337.0975405723318,0.0143547672838903,1.0,0.6936748954822829,0.0,106.82636575335,0.0,25.83,75.8,40.69,24.67,8.95,3.08,68.47,23.07,Low
597,DIMAPUR,NAGALAND,NOT AVAILABLE,31.43746032546988,34.81130771263426,0.5321077049418185,0.3455703969704884,6.973206163617083,2186.296376225527,8.75,5.15,47.1,1369.9002350483156,27.36641420736485,4114.150942495918,4.703817452335831,0.3089579524680073,0.0,0.092817968137895,4.2023256851319815,0.4999216505615043,17.33,95.7,39.95,59.13,58.46,50.23,0.0,34.6,Low
598,CHUMOUKEDIMA,NAGALAND,NOT AVAILABLE,28.98746378867716,31.88036202097816,0.642253147062302,0.4356924253779794,1.2057432855830763,1984.0065243523209,8.73,5.14,47.09,112.50588443962192,12.81833879348121,1912.870996777465,0.6179963147924056,0.6525676606222484,0.5143563633328466,0.0,35.50916265974036,0.2976650042776956,25.83,75.8,40.69,24.67,26.5,23.52,66.36,37.74,Low
599,NIULAND,NAGALAND,NOT AVAILABLE,27.858265519672123,30.25445668009981,0.7137768258299227,0.4721764834394421,0.6290037922510346,104.20757573813783,8.45,5.65,47.57,5.401091405184174,11.417701227830833,66.52974446318879,0.0521828103683492,0.9700545702592086,0.5536152796725784,0.0,66.4922199728707,0.0261937244201909,25.83,75.8,40.69,24.67,10.77,4.02,67.76,23.9,Low
600,PEREN,NAGALAND,NOT AVAILABLE,26.52467563507516,28.896907525237424,0.663129920868472,0.4530898363825081,0.4145058735291896,963.6176271332096,10.21,5.39,47.17,9.667082732605216,11.289406118539295,1211.8482582098245,0.054924576385105,0.9781111133055516,0.8883830703296268,0.0,127.37553772583996,0.0193707661011593,24.58,95.7,64.47,88.47,4.9,20.28,9.4,4.29,Very Low
601,KOHIMA,NAGALAND,NOT AVAILABLE,24.85310140365368,27.07780144193189,0.5909690845463477,0.3912178684831985,0.7410995093800459,2074.1146837164683,8.73,5.29,47.44,46.72700666249232,11.601977641604332,1876.867202947686,0.2132684059061008,0.9937209351409536,0.8474240004502627,0.0062790648590464,54.036972126072776,0.0,11.03,95.7,42.85,83.86,8.87,10.52,7.97,1.34,Very Low
602,MON,NAGALAND,NOT AVAILABLE,26.048200716602885,28.44038554953415,0.692237459759898,0.4585832635101212,0.4346723477680687,2011.8445038273485,10.54,6.19,46.82,3.663609484140733,11.510143970094182,2449.4787854122305,0.0509427759721378,0.9984628151108176,0.7036761921642243,0.0,77.78616289334991,0.0008749385690001,45.56,95.7,59.0,95.21,6.27,24.35,8.61,6.2,Very Low
603,KIPHIRE,NAGALAND,NOT AVAILABLE,24.05570749601283,27.044733889599662,0.6153953524973074,0.4094391284765166,0.4199717339167228,412.6212361309532,13.18,4.86,48.27,2.273814323099945,11.224344213568743,627.2075796659358,0.0136983427693278,0.9982576135455172,0.731853557543167,0.0,97.14662643230965,0.0017423864544827,37.33,95.7,43.19,96.52,8.87,16.84,8.98,4.33,Very Low
604,PHEK,NAGALAND,NOT AVAILABLE,25.00254190285365,27.98485923849764,0.6031301268650819,0.3894388365963167,0.4296118725538427,1419.8549991869024,11.05,6.44,48.18,1.508433214914174,11.427174061408266,1668.303920110198,0.033489937480534,1.0,0.8185918080502894,0.0,83.22077093501535,0.0,27.25,95.7,49.12,96.16,9.42,19.3,8.72,5.46,Very Low
605,MOKOKCHUNG,NAGALAND,NOT AVAILABLE,26.48348467259682,28.743224272669984,0.7096155946309136,0.465645274575485,0.4946953983632934,1552.9534881304148,6.55,9.82,47.69,17.7541124872992,11.586215397015252,2108.758140761543,0.0930516535182804,0.9994533832362285,0.8476332565926269,0.0005466167637715,57.65766929691343,0.0,7.92,95.7,51.42,91.68,2.84,19.34,8.22,2.58,Very Low
606,ZUNHEBOTO,NAGALAND,NOT AVAILABLE,24.89369024992658,27.53719902071453,0.6669998413500836,0.4430845475964862,0.5075393351999669,1127.49610398064,9.16,7.33,48.82,0.3150517548592439,11.381698321084142,1319.7838338674846,0.020232681504722,1.0,0.8929152743710298,0.0,66.36156834049244,0.0,23.61,95.7,56.46,97.02,2.96,22.62,8.47,4.08,Very Low
607,WOKHA,NAGALAND,NOT AVAILABLE,27.12966019347072,29.466854756461416,0.7144617204511322,0.4802955676911468,0.5516199483042508,1479.6568694013004,7.55,6.29,48.59,6.905296072434273,11.473003636267425,1280.7063377466302,0.0442956826412246,0.98067199280244,0.8172891394902172,0.0,120.07465645294468,0.0122010112748546,15.35,95.7,47.14,94.16,4.0,16.58,9.3,2.37,Very Low
608,TSEMINYU,NAGALAND,NOT AVAILABLE,26.2862710609549,28.559759527247035,0.6624060551532178,0.4473184090790016,0.4520221827733123,528.5906591844616,8.72,5.34,47.48,1.896059774395183,12.311312884622362,608.3953114439564,0.0310261913883495,1.0,0.8837276783015563,0.0,135.4236742441013,0.0,25.83,75.8,40.69,24.67,4.35,2.44,68.91,21.1,Low
609,NOKLAK,NAGALAND,NOT AVAILABLE,23.034177259080856,25.600761729600773,0.59531410908389,0.3890377170281192,0.3784665820208363,460.0539613119603,12.02,5.72,47.53,0.0,11.242834475922702,542.487999406704,0.0168184884654377,0.9980778870325214,0.8567498200374624,0.0,171.3982238171375,0.0009610564837393,25.83,75.8,40.69,24.67,6.76,3.11,69.51,22.61,Low
814,KENDRAPARA,ODISHA,379,33.96868517678389,36.73421456326165,0.4729228792721097,0.291682224784861,1.0334750372259205,14899.893104427872,7.19,13.63,49.82,9.10197463838703,16.459665164365568,17781.81581605427,0.2611254213820156,0.1433088433724853,0.0095679693824979,0.0018399941120188,26.468213505478225,0.8299123874176152,25.83,75.8,40.69,24.67,69.44,76.72,66.78,77.23,High
815,BHADRAK,ODISHA,378,34.221453088940414,37.74338457097622,0.4437829339770073,0.2757802975983199,1.2207985411636992,13943.809321966828,7.88,11.12,49.1,20.377962666294195,16.233785999787564,16924.332995233508,0.3744223525345029,0.0515859331462138,0.0,0.0024837725405631,26.682098632105927,0.9175873503661642,25.83,75.8,40.69,24.67,74.75,79.41,66.6,80.43,Very High
816,BARGARH,ODISHA,370,35.66501068758247,39.847194445496086,0.4507689524207135,0.2806147969286625,0.7676927614674083,13294.91356690861,7.18,12.11,49.06,2.9065909889786647,13.017721143466852,16272.503873798916,0.0632739137183092,0.1402403454233156,0.0779259144768168,0.0012820001445911,45.405816543100414,0.8417312548768365,25.83,75.8,40.69,24.67,71.85,73.18,67.4,77.02,High
817,KEONJHAR (KENDUJHAR),ODISHA,375,33.88814714657073,37.47877348693986,0.5154825627254018,0.3211152975002835,1.080437596922683,18153.04927329396,9.33,9.41,49.2,11.27242571839476,13.60911244243944,22349.11482322045,0.1877337308074504,0.4743637674638457,0.177991192594118,0.0008920220434388,51.306152147116606,0.4951863604582367,25.83,75.8,40.69,24.67,53.66,48.37,67.3,59.39,Moderate
818,ANUGUL,ODISHA,384,34.50452897706018,39.07064571734897,0.5204729343995562,0.3243689527615263,1.3654783730270723,12044.384265601362,7.79,10.49,48.06,25.94129468088631,12.873592296952866,15273.783139623896,0.1795968173752737,0.4875583577169392,0.2647882428138393,0.0056977027383961,57.59951192443327,0.4492981065972368,25.83,75.8,40.69,24.67,52.34,43.26,67.41,56.81,Moderate
819,BALANGIR,ODISHA,393,37.48895367439853,42.576146178640485,0.4398941126713234,0.2660403127808309,0.7767183105946861,17316.93929248523,8.58,12.43,49.31,7.105451670727282,13.209014836341636,21067.346702053543,0.0640747223655286,0.1181088392639461,0.088525978521811,0.001707186305911,41.66545657890686,0.8771456291288388,25.83,75.8,40.69,24.67,75.68,77.74,67.34,80.43,Very High
820,BALASORE,ODISHA,377,32.87482256616175,35.45620326818494,0.5320349920074744,0.3502253420295012,1.2405756929578733,21583.798604635955,7.89,10.74,48.46,35.057335869504804,17.386950091304104,27313.26849038004,0.5031310565169751,0.0963836157602713,0.0495245653426512,0.0034805736219317,23.676663841143693,0.8776563747632087,25.83,75.8,40.69,24.67,64.07,78.75,66.35,75.69,High
821,DHENKANAL,ODISHA,383,34.22553383813028,38.53048554221248,0.5334773014377404,0.3389434075554802,1.316172299771102,12001.406168048456,7.57,11.86,48.24,9.7886769489482,13.528638883186206,14493.896418962571,0.1435660197103498,0.2756823251032004,0.1626824666024875,0.0018583027773938,37.87736737470844,0.6505016681375503,25.83,75.8,40.69,24.67,59.16,59.14,67.15,65.99,High
822,JHARSUGUDA,ODISHA,371,35.87708283344917,39.87686278461497,0.3779667460378649,0.2161122207984557,2.094125508695324,5714.7498428599465,7.26,10.5,48.36,34.46922190960955,13.235985625069665,7040.749885405016,0.2373753393503389,0.2414606631517443,0.0421368523090745,0.0198094376011159,39.18527986813618,0.6525073377669548,25.83,75.8,40.69,24.67,75.33,55.77,67.02,71.17,High
823,MAYURBHANJ,ODISHA,376,33.054118839374674,36.24025702076355,0.5623744853028937,0.3616397828711374,0.6233319353268126,24878.527921892168,8.79,9.95,49.76,6.756009685223282,14.184983728643942,31374.766106908846,0.1548433024423759,0.3572516874159945,0.2453688481383014,0.0002661731503314,70.17442033005942,0.6262838505269009,25.83,75.8,40.69,24.67,51.22,60.55,67.66,63.52,High
824,JAGATSINGHPUR,ODISHA,380,34.62076822466618,37.44926189681124,0.4339734271387065,0.2667719099891636,2.492536037318666,10859.934411168577,6.21,13.75,48.85,37.73416472864532,17.513285215484743,13789.121178249065,0.3220920511134397,0.1007834464461863,0.0010772652670667,0.0116239034601337,20.432526748718367,0.8639329476301222,25.83,75.8,40.69,24.67,74.21,77.87,66.59,79.57,High
825,KANDHAMAL,ODISHA,390,32.562721814779565,36.3212556461548,0.6081925142966036,0.3820432954428696,0.4668611365160593,7131.705976107929,9.53,10.24,50.47,1.9337207241446093,11.64156285287249,8960.918295398738,0.045807557483458,0.9705747733393756,0.4330876092191761,0.0005824109162534,75.19763235214566,0.0266296542626084,25.83,75.8,40.69,24.67,26.37,13.11,67.91,34.07,Low
826,CUTTACK,ODISHA,381,34.15851701100317,38.046912659062514,0.4938656553950131,0.3214933938987762,1.8613488354366343,24786.47392824536,6.68,12.3,48.06,40.86851192367333,16.1241029385963,31440.45223716436,0.3440478229191674,0.2044071831299821,0.1175647159799509,0.017412498873783,22.704044627398268,0.7391548868329835,25.83,75.8,40.69,24.67,64.16,70.68,66.59,72.52,High
827,KORAPUT,ODISHA,398,32.740105453907425,36.44914307003655,0.5246923902453041,0.3238892527690079,0.668735354510109,13571.002658056635,10.47,9.35,50.35,3.450611047298248,12.186555726245151,16008.868811588703,0.0317737345202329,0.6520505362629314,0.0946149970403359,0.0008984694308988,48.294642124860815,0.3229279709389179,25.83,75.8,40.69,24.67,48.42,35.07,67.5,51.89,Moderate
828,NABARANGAPUR,ODISHA,397,35.10245909883084,39.539035534972726,0.4252458712081814,0.2679333761118339,0.6124294431233944,12298.86007283341,11.04,8.81,49.99,3.257891016132801,13.2919236240886,14760.182760538615,0.0668335209828609,0.1407602143312996,0.0417145425714229,0.0005155434670534,43.49211664291999,0.8495543076183844,25.83,75.8,40.69,24.67,73.55,71.24,67.37,76.9,High
829,PURI,ODISHA,387,33.704464197729834,36.025874333138056,0.4514696992391239,0.2742310020291764,1.0957672629351287,15835.296033428229,6.53,12.6,48.67,18.89369168877857,15.300788420021506,19663.77183723668,0.2236153249514869,0.1634515910529491,0.0059144710632627,0.0062853803616735,30.13494612645844,0.6002971501273878,25.83,75.8,40.69,24.67,69.99,58.54,66.9,70.07,High
830,SAMBALPUR,ODISHA,372,34.70938328430737,39.30258808469263,0.4987347568455199,0.297234838443113,0.9848939241967856,11059.334448050298,7.29,11.02,48.97,17.565368649646967,12.408999628853952,14101.762479649182,0.1173550951260224,0.5871309526965526,0.2820146602688157,0.0064685453726041,67.10812829376168,0.3698050599577602,25.83,75.8,40.69,24.67,51.25,38.15,67.67,54.38,Moderate
831,GAJAPATI,ODISHA,389,31.84411157220737,35.33973903731939,0.6408148502181015,0.4151766207857876,0.4896814484988356,5602.050585080271,9.51,9.19,50.67,2.914921221042649,11.97243493897102,7134.421736323037,0.020394737326525,0.8495527750402307,0.2221520261901492,0.0020547932999124,47.59119876200791,0.1124014706118222,25.83,75.8,40.69,24.67,30.67,17.73,67.51,37.55,Low
832,GANJAM,ODISHA,388,34.15911420136186,37.4990979154301,0.5768727408017112,0.3744804245505035,0.9042538494430612,33382.20793749531,7.61,11.3,49.23,14.191672143810148,14.196116183459273,42063.40575060101,0.1193131980648579,0.3296628809059552,0.1298995985958077,0.0089765309692507,37.54729772602346,0.5477233984883522,25.83,75.8,40.69,24.67,54.51,58.59,67.19,63.87,High
833,MALKANGIRI,ODISHA,399,34.874920249613794,39.56783765282496,0.5030131098384941,0.3208841842005548,0.4830691799497873,6568.354751965503,11.5,9.04,49.98,2.9330644149553144,11.858196335165683,7989.621731441045,0.057337029484553,0.6399429561904577,0.2138995639784219,0.0,50.91920693933127,0.3393581803331998,25.83,75.8,40.69,24.67,49.92,33.65,67.5,51.93,Moderate
834,KHORDHA,ODISHA,386,34.23627035205962,37.49258727567536,0.5139420144748617,0.329834813011643,3.0986808711710507,21755.628967314457,6.72,10.86,47.77,110.1242464064768,16.252669301726186,27167.26349947301,0.5513524441442882,0.171368343919793,0.0791739126563002,0.0333890113692598,22.619618164232648,0.7485010819688396,25.83,75.8,40.69,24.67,64.75,68.81,66.26,71.86,High
835,BOUDH,ODISHA,391,36.00674440872997,40.83378129920602,0.4901753789382853,0.3024949663731262,0.5437930044391751,4480.012061302805,9.27,11.02,49.29,1.0601587660319791,12.729051311750194,5540.079846329563,0.0422192647690301,0.4840598338889203,0.3246322767764654,0.0,82.58703023017296,0.4830710774620036,25.83,75.8,40.69,24.67,54.91,44.83,68.04,58.76,Moderate
836,DEOGARH,ODISHA,373,34.25443290812622,38.661956592657816,0.4879876841414752,0.300985450659757,0.5638594291602003,3064.008874553703,8.19,10.75,48.93,2.236674460349891,11.771744191903972,4043.726620568893,0.0902195131866727,0.5578536614134041,0.2535510813889055,0.0,57.81351492976459,0.364923756645415,25.83,75.8,40.69,24.67,52.27,34.97,67.56,53.45,Moderate
837,NUAPARHA,ODISHA,394,36.60351796255821,41.17719409336973,0.4434132451923995,0.2640853077369485,0.6092282156336054,6052.081311644373,9.41,12.38,50.17,2.648482330616916,12.580458152862114,7582.607725991479,0.0665925424705302,0.3691395183462689,0.1633624115390025,0.0002424240119557,94.37728895464198,0.6205284653324153,25.83,75.8,40.69,24.67,65.47,56.8,68.19,68.03,High
838,JAJAPUR,ODISHA,382,34.70437480091019,38.78597760434514,0.455097003432225,0.290641537828874,2.619367192113014,18032.597306306463,7.65,11.81,48.94,28.56498207668761,16.78804802038021,22903.53036225494,0.3145385010710215,0.0759676574834864,0.0337446632833897,0.0039471564362816,19.442774425873424,0.911752859674561,25.83,75.8,40.69,24.67,73.13,81.14,66.58,80.46,Very High
839,SUNDARGARH,ODISHA,374,35.08455020022466,39.177947715444034,0.4573053079819382,0.2731903143881816,1.2184767232512137,20147.773125079097,8.13,9.2,48.84,24.45407498182265,12.595301223415047,26243.468706586656,0.1907135842467197,0.4777871789674519,0.2086421934070594,0.0126135038688478,47.755778003494726,0.5033247358937215,25.83,75.8,40.69,24.67,58.7,48.33,67.24,61.41,High
840,KALAHANDI,ODISHA,395,35.450987378728385,40.09583809576914,0.4978609482839962,0.3024212304971881,0.645900510585704,16157.704094636289,9.14,11.14,49.74,4.560712878793509,12.9228304617992,19892.815859246963,0.0578984706621026,0.4292221957945277,0.1979779097510758,0.0007107604486431,41.09508506722237,0.5604903596726599,25.83,75.8,40.69,24.67,58.18,54.13,67.34,63.61,High
841,SUBARNAPUR,ODISHA,392,35.48183914494582,40.2977993002098,0.4548290442299568,0.2817493570754869,0.7072877946015903,5843.89508401757,8.11,12.37,48.58,3.5439507033778805,13.701535736656792,7070.304065570535,0.055408136692327,0.1358218212226031,0.0606919917674394,0.0011802677742155,43.50916595742089,0.8447508169304396,25.83,75.8,40.69,24.67,72.25,71.78,67.38,76.6,High
842,RAYAGARHA,ODISHA,396,32.93098890253034,37.373175767934256,0.5819467783890433,0.3673585669016615,0.557494978413954,9710.802228688932,9.69,8.95,50.91,3.205371387473852,11.837036784409742,11811.806335879272,0.0284485752244444,0.7878412788052924,0.185371999352011,0.0005115702649281,64.55971211018652,0.1460583260317545,25.83,75.8,40.69,24.67,39.09,21.12,67.77,42.48,Moderate
843,NAYAGARH,ODISHA,385,33.60196672935532,37.72547137814863,0.582527216070546,0.3728780710031449,0.6228267923497998,8751.842841768148,7.06,13.52,47.48,6.359118369065478,13.361571312033137,11541.902038718792,0.1053739954502114,0.5341964685139869,0.2538335457337589,0.0002396553474156,58.128943845344885,0.4218986718394631,25.83,75.8,40.69,24.67,45.56,43.53,67.54,54.2,Moderate
26,YANAM,PUDUCHERRY,634,32.34564960583441,34.40520153606774,0.38996220958382,0.2262047468266736,4.338129510006152,475.1049179591385,6.77,10.64,50.17,140.25275515093435,20.24976042165788,494.32378485488056,0.4881502768898558,0.6207474844274077,0.0,0.048754192620987,10.8032433689915,0.024317201724964,25.83,75.8,40.69,24.67,59.6,15.24,66.17,47.81,Moderate
610,KARAIKAL,PUDUCHERRY,637,34.391248764000515,37.65903575480841,0.5073738449747879,0.3172439889848333,3.702092098818505,1956.525689933814,7.13,11.34,50.85,224.3656341969412,20.52952670429874,2431.380405250316,0.9464623564351464,0.2071211463308727,0.0,0.1118348048439233,3.902767100235456,0.6437738215853718,25.83,75.8,40.69,24.67,66.5,60.21,65.32,68.68,High
611,MAHE,PUDUCHERRY,636,31.385201289219392,33.195730540202256,0.5645090391342371,0.3349161264150028,2.9534484708887763,457.1919048832913,7.02,14.22,53.0,1198.6243987756889,29.798863139484045,909.213057910104,4.181720360012414,0.7315260166156538,0.0,0.0,0.979765888869552,0.0,25.83,75.8,40.69,24.67,43.92,24.7,60.12,42.79,Moderate
612,PUDUCHERRY,PUDUCHERRY,635,33.42309146067476,36.825318056860255,0.5453429605022733,0.3327090510302006,5.951016649154255,9977.157235108172,7.09,11.09,49.98,626.8515060881755,22.21423118797632,14208.38713324442,1.783685645852572,0.0941946464102917,0.0,0.1327259757974696,3.624470991300365,0.6401656884706358,25.83,75.8,40.69,24.67,67.15,62.84,63.98,69.47,High
614,FIROZPUR,PUNJAB,31,37.484858400028,41.175127943566906,0.2689854719687218,0.1642996705616783,2.0995544684200147,9239.65298694255,7.84,11.07,46.85,55.066370711776266,14.157938118094494,12671.456200207118,0.3204623670742431,0.0053667743508903,0.0,0.0151417685189767,12.143080309342688,0.979491457130133,9.42,85.3,37.29,42.17,90.85,78.95,38.13,75.18,High
615,LUDHIANA,PUNJAB,36,36.69434669950434,40.481996817497006,0.3238940932354042,0.2013465161440293,3.81561396036806,34577.617407367004,6.96,10.81,46.38,262.61801436665013,15.553830348319392,47493.67071328479,0.9011274657796716,0.0125394245696283,0.0,0.058038972313169,7.247038715837396,0.9282613878540488,3.83,85.3,36.72,26.39,86.49,79.55,37.12,73.23,High
616,RUPNAGAR,PUNJAB,42,35.072576322971386,38.87384583460253,0.4081170513198503,0.2483939581592202,2.1580941204446797,6116.658680890292,6.92,12.45,47.6,101.4918557648027,15.665744018829807,8925.856494562478,0.5424880602125466,0.157706992712219,0.0094758206976874,0.0151968870381786,9.919277930159904,0.760628927446255,2.01,85.3,34.13,26.42,75.0,60.47,37.74,60.98,High
617,MANSA,PUNJAB,37,38.22713445704218,41.77447453271245,0.2646619188049527,0.17007270536301,1.3831215829105927,6271.075996185278,7.12,13.77,46.77,76.55504267902566,12.616218029742676,8343.280588716478,0.3069293422704779,0.0,0.0,0.0071625860212536,14.804637795310684,0.9928374139787464,9.99,85.3,42.68,33.63,91.5,82.0,38.19,76.72,High
618,SRI MUKTSAR SAHIB,PUNJAB,39,38.5105320081915,42.12406985676832,0.251402238129615,0.1555510437255856,1.542317759836133,9817.66805171663,7.48,12.21,47.11,67.07547886254322,12.937194917702884,12981.16855643759,0.2912442518556608,0.0006520355014153,0.0,0.0132759542092087,11.92130166179011,0.986072010289376,25.83,75.8,40.69,24.67,92.97,81.37,66.5,88.64,Very High
619,SAS NAGAR (SAHIBZADA AJIT SINGH NAGAR),PUNJAB,608,36.10208973245057,39.970684792056616,0.3440865284861573,0.2145069838734114,7.904031790459109,14295.927816136676,7.45,10.66,46.41,345.6022543639058,17.950945115288377,19376.45355467017,1.0866563128738742,0.1905867071327657,0.0,0.0688436689126173,8.322946937158116,0.7327205961567467,25.83,75.8,40.69,24.67,79.62,65.82,65.17,76.28,High
620,JALANDHAR,PUNJAB,34,35.694395508989714,39.5072359690935,0.3669130270177504,0.229941905346363,3.2036006644301347,20735.90139111728,6.53,11.76,47.65,246.8396010775112,16.31474127816365,29433.458621086087,0.951967627648604,0.0111134199836295,0.0,0.0458803942090098,8.151433849089829,0.9426830844396914,3.26,85.3,35.31,38.95,82.64,79.76,37.06,71.71,High
621,PATHANKOT,PUNJAB,662,35.09878468928024,38.92547660794307,0.427156298430862,0.2569990626963741,2.3882789611178263,6180.82763152894,7.07,12.53,46.56,102.03600168241908,17.36027752962484,8842.34033954686,0.6176559240772004,0.24464945547325,0.0192678696194743,0.0535732286803786,11.689700084581734,0.603553936478252,25.83,75.8,40.69,24.67,71.31,55.98,65.97,69.18,High
622,FARIDKOT,PUNJAB,29,38.242698793469245,42.01147247111615,0.2657835269440269,0.161473116060815,1.827684570486975,5632.043527851851,7.24,12.23,46.92,101.44826245141518,13.247695887000097,7407.799313572848,0.3655693597912244,0.0046945223668677,0.0,0.0199517200591878,11.818347264959362,0.974766942278086,2.96,85.3,35.88,38.92,91.93,76.27,38.05,74.49,High
623,MOGA,PUNJAB,38,37.51988531534134,41.00997864665122,0.2734562109711691,0.1701350423573329,1.918578291933808,8969.924336624146,6.88,13.48,47.0,105.65267749968642,13.459604600748868,12130.91907605129,0.4399236532159783,0.0007614167726678,0.0,0.0095177096583478,11.222932369446308,0.9893401651826508,8.01,85.3,36.07,36.5,90.47,80.19,37.92,75.45,High
624,HOSHIARPUR,PUNJAB,33,35.0931005877669,38.98104608422304,0.4389382022846742,0.2690002925651786,1.4107568773132866,15039.4660851176,6.75,13.47,48.94,84.12716109782737,15.602638549959092,20421.10019549453,0.5586947697667053,0.2165955775445656,0.0422479059635127,0.0092345311021881,14.076772256063173,0.7149029247111567,4.49,85.3,31.5,35.14,70.56,62.35,37.78,59.95,Moderate
625,BATHINDA,PUNJAB,28,38.21415725963597,41.79461790385048,0.2730197764119325,0.1720691103813856,2.911666738069479,14657.723166509471,6.99,12.07,46.3,148.60106137101752,13.584470445099454,19038.130534123982,0.496815667634918,0.0002551372638479,0.0,0.0219848278373764,9.730580776228877,0.9777600348987756,5.62,85.3,39.61,32.44,91.27,79.74,37.81,75.54,High
626,TARN TARAN,PUNJAB,609,36.98950097074518,40.39615867874091,0.2812939407756378,0.173573472923213,2.2876985668593037,10694.998950364085,7.87,11.85,47.28,56.177401673530255,15.585612561015568,14207.914267141176,0.5552082496541899,0.0049724833801274,0.0,0.0081077606406582,11.888627208634418,0.9862147333148092,8.32,85.3,34.0,33.71,89.36,78.84,37.75,74.37,High
627,FAZILKA,PUNJAB,651,38.0949063460164,41.94236284495371,0.2719835979485019,0.1811426788868574,1.5773963009878704,9682.784114231315,7.88,11.0,47.03,64.65622670612414,13.263966934581694,13563.160913400596,0.3197854267331572,0.0011973419009798,0.0,0.0136062646806442,12.86885122724111,0.983999051517396,25.83,75.8,40.69,24.67,90.73,80.05,66.47,87.17,Very High
628,PATIALA,PUNJAB,41,37.49185290362395,41.09603822706551,0.2721876635972168,0.1706487865112947,2.688061204371539,19504.897231269373,7.23,11.53,46.92,122.80442986237858,14.421201364506732,25769.45947903977,0.4599389510566338,0.0072684110174452,0.0,0.0311065595882455,10.095594748597923,0.9531360546779962,3.75,85.3,34.83,24.55,90.43,76.15,37.87,73.76,High
629,SHAHID BHAGAT SINGH NAGAR,PUNJAB,40,35.882675378252415,39.70852541730921,0.3673117235754699,0.2254146413879955,1.9261269174651972,5488.177267930556,6.53,13.87,48.74,73.1783884317227,15.358959957185936,7959.003460651525,0.4962424089129345,0.0909825511463891,0.0021963406685989,0.0113181753151444,10.213170272156235,0.8529908914122821,3.56,85.3,33.37,42.51,80.43,71.07,37.82,67.57,High
630,BARNALA,PUNJAB,605,37.99762595607218,41.58342294717743,0.2984423571178795,0.1830642319453319,1.9491953686688277,5854.94636065609,6.9,12.74,46.53,104.08667029508511,13.263520196881148,7524.117183307308,0.3920581150546901,0.0006034217563122,0.0,0.011465013369933,9.264445852131486,0.9879315648737548,5.81,85.3,35.15,32.24,89.57,76.62,37.97,73.64,High
631,GURDASPUR,PUNJAB,32,36.505676539810864,40.30724798694829,0.3076513543360661,0.1855995635242876,1.782437421594546,15085.216386698725,7.04,12.54,47.44,71.45862011379009,16.890326314622005,20546.74287664191,0.5407330359654962,0.0072868475970358,0.0,0.0133664445512456,12.274938402386546,0.975445771244488,5.11,85.3,32.94,25.26,87.5,78.51,37.78,73.49,High
632,KAPURTHALA,PUNJAB,35,35.48203921455424,38.9067293824592,0.3594560676088089,0.2264797028060785,2.249990794907309,7484.749536690528,6.68,12.33,47.65,97.53760100839574,14.339580558096328,9905.92628060425,0.4756808638057747,0.0151709545996803,0.0,0.0227032291992788,11.73071156334777,0.960560429059315,5.08,85.3,34.86,33.94,82.39,75.88,37.87,70.36,High
633,FATEHGARH SAHIB,PUNJAB,30,36.70819902182385,40.54446327659523,0.3059645475620042,0.1876136211083276,2.6680372549391915,5495.552255060629,6.83,12.02,46.45,106.8244695621165,15.159430964886887,7530.238032969071,0.4864702550536648,0.0061264515978171,0.0,0.023751691643064,6.659454954151415,0.9701218567591188,3.49,85.3,35.79,32.07,87.81,75.3,37.78,72.3,High
634,AMRITSAR,PUNJAB,27,36.510237096400935,40.10420104186858,0.3010867108688611,0.1843301069762404,3.4598215048717997,23864.689840459137,7.22,11.25,46.93,172.59160452350827,16.796714219332003,34267.13723801908,0.7133057624800202,0.012825801193248,0.0,0.0407287211969256,10.155855792539969,0.9461286531107196,7.42,85.3,36.85,30.95,87.71,80.31,37.47,74.18,High
635,MALER KOTLA,PUNJAB,737,37.5702222794483,41.24325631708677,0.2881962776261684,0.1788460123787608,2.0218055731413416,4235.255710911283,7.03,12.71,46.81,121.04361407612478,15.179055571182534,5853.092687421068,0.538366928028863,0.0062919152590048,0.0,0.029243835156755,8.469390616698668,0.9619474834806384,25.83,75.8,40.69,24.67,89.6,79.54,66.05,86.33,Very High
636,SANGRUR,PUNJAB,43,38.15739138671904,41.56932427238426,0.2722439436037845,0.1674926216527855,1.9583946641090524,11418.45268546226,7.04,12.75,46.82,74.8246012697207,13.223543361018535,16263.48535383413,0.3395940138280805,0.0005870875278434,0.0,0.0125659753998814,9.526487684237674,0.9856727620165882,7.12,85.3,34.36,27.89,91.27,77.45,38.06,74.71,High
637,AJMER,RAJASTHAN,119,41.259859392723314,45.9923144002071,0.2806286283395523,0.1802072982375759,1.9675341810954476,15029.986715870971,9.51,8.93,48.44,84.89794667140362,13.354856261824397,20448.93199438051,0.3764897967765467,0.0112738191118569,0.0,0.0290252984017977,19.18356932020022,0.9563232207561064,17.9,74.4,40.79,20.96,93.95,76.85,70.65,88.89,Very High
638,ALWAR,RAJASTHAN,104,40.20657516855392,44.152527154699655,0.3036499205300254,0.1899429700137811,1.4207971219684554,21446.12775105985,10.5,8.77,46.87,62.21779832103639,15.273447394411198,27372.83882952123,0.4080256625602199,0.0001851798059606,0.0,0.0149995642828094,20.89929640855509,0.98481525591123,29.96,74.4,46.5,25.65,91.5,85.81,70.63,91.54,Very High
639,ANOOPGARH,RAJASTHAN,099N001,41.98911163594448,47.14300458214843,0.1445895645886767,0.1032633878502207,0.8191963313028352,5977.863349115266,8.43,9.2,46.71,15.277492539834048,12.034147128495798,8602.659361155393,0.1612917371704877,0.3200942717686814,0.0,0.002307034646232,18.415290594136227,0.6775986935850867,25.83,75.8,40.69,24.67,93.7,54.9,66.81,78.24,High
640,BALOTRA,RAJASTHAN,115N001,43.99750780720744,50.10303157745612,0.1876167952831054,0.1321170540870677,0.943541611137025,11317.331729468184,12.74,8.16,47.03,13.804109210801732,11.707666489022964,14471.79284542038,0.1331532396232914,0.4607267607139201,0.0,0.0042586245032532,29.4281974972146,0.534446798182393,25.83,75.8,40.69,24.67,88.57,46.31,67.03,72.72,High
641,BANSWARA,RAJASTHAN,125,41.91247238245206,47.0909518834732,0.2794827273313194,0.1692948308173011,0.9339357899473196,19300.407869288487,12.12,7.86,49.07,56.22152985534194,16.573225743652095,25172.065293560616,0.8359587957596301,0.0100263411959618,0.0,0.0058761129453271,22.1470950056335,0.974675899990862,50.97,74.4,50.99,80.84,95.3,99.28,69.97,98.33,Very High
642,BARAN,RAJASTHAN,128,43.19895511014328,47.8748196559559,0.2391545700135875,0.1454278574980641,0.982434420798998,12589.128850813222,9.65,9.58,47.76,12.8169926411136,12.053755317658869,15871.19166443144,0.0838258073676327,0.0269431419456525,0.001175662125324,0.008611409029793,28.527205876192227,0.9644454490245544,32.4,74.4,45.19,40.73,98.35,83.42,71.27,93.63,Very High
643,BARMER,RAJASTHAN,115,44.26756945416999,50.59797827191326,0.1513288305024948,0.1088454203822212,0.6469005535866807,17283.695324561973,12.75,8.15,47.02,6.401954843883914,11.615604669018044,22532.195435521822,0.1004936193130125,0.8883587649571748,0.0,0.0008064721670362,36.28616748865645,0.1075512026109233,53.54,74.4,46.18,23.53,78.08,24.5,71.37,61.28,High
644,BEAWAR,RAJASTHAN,131N006,41.25807464211782,46.56230098726328,0.2721195647462664,0.1783751392831689,1.3158549403392668,10797.3678655469,9.47,9.77,48.89,40.41101753210869,13.422322483567338,14982.86287545026,0.3356964687989238,0.0030101988272095,0.0,0.0058301474282021,21.7824259411194,0.991159653744588,25.83,75.8,40.69,24.67,94.74,80.89,66.59,89.2,Very High
645,BHARATPUR,RAJASTHAN,105,41.53156467938668,46.03110512461239,0.2424270826726883,0.1625387150310759,1.4708249388784176,13955.602814010304,11.24,8.45,46.43,37.25343089446481,14.609055356796256,18780.74748992462,0.2602112026465021,0.008637443058055,0.0,0.0164984867401051,18.213786345891744,0.97486407020184,40.0,74.4,42.03,23.99,96.25,81.48,70.82,91.79,Very High
646,BHILWARA,RAJASTHAN,122,41.98522995325346,46.70749698077217,0.2902285619550722,0.1875477015328762,1.309146205873808,16562.585441810836,9.7,9.49,49.0,29.565846216737736,12.712802810308425,22869.533744607357,0.1665817421363486,0.0048070507647436,0.0,0.0126329378821864,22.751727716544156,0.98256001135307,27.23,74.4,47.67,26.46,94.12,84.8,71.05,92.37,Very High
647,BIKANER,RAJASTHAN,101,45.18688525627352,50.70088958846106,0.1337463734236884,0.0942191526140359,0.7375037325746862,26669.21039492187,10.97,7.76,47.18,21.5766722920312,11.367208294383168,33439.723627874344,0.0924946347047832,0.7530064703263836,0.0,0.0049380813428394,46.22197915955903,0.1667039806615242,22.21,74.4,41.72,21.21,82.59,23.7,71.54,62.87,High
648,BUNDI,RAJASTHAN,121,41.72899370988511,46.42064415732912,0.2649894345921557,0.1677640997854685,0.941978738423101,11411.998841597337,9.29,8.59,47.7,16.9414368448821,12.62514615781078,15187.230669013734,0.1560655773442016,0.0100207685903281,0.0,0.0195456527772271,28.650881559069983,0.9697522712786562,33.07,74.4,47.36,39.55,95.47,83.34,71.16,92.37,Very High
649,CHITTAURGARH,RAJASTHAN,126,41.57098083646654,46.15388129599528,0.3040850067660252,0.1878268697649666,1.2776461501895309,15814.92595377309,8.85,10.81,49.02,19.84020804993923,12.573647460373852,21790.81114736028,0.1345238254516433,0.0660391066889685,0.0014585224199159,0.0063487824144385,30.16244469033883,0.9087966284683476,27.72,74.4,51.98,29.25,91.27,82.95,71.22,90.52,Very High
650,CHURU,RAJASTHAN,102,43.66111405634734,48.69727348064794,0.1666529502323777,0.1131987985578556,0.7346654443838176,18955.20937585129,10.19,8.77,48.16,39.09731995065193,11.620450704574637,27545.258161543046,0.1414986543420737,0.2463671475422034,0.0,0.0049955673484064,25.27873261143145,0.742106222450916,22.79,74.4,44.27,22.7,96.22,64.43,71.13,84.93,Very High
651,DAUSA,RAJASTHAN,109,41.8834274747312,46.21844083933532,0.2664933187295249,0.1761745983189913,1.776138185887192,18660.38727791614,10.35,8.55,47.13,65.66247776287108,17.265716526318904,24827.22939115725,0.6774783026342442,0.0,0.0,0.0064842399911305,14.36030904515541,0.9935157600088694,27.29,74.4,41.88,48.19,95.33,87.72,70.1,93.67,Very High
652,DEEG,RAJASTHAN,105N001,41.49594407541297,45.54754191506539,0.2177913332664822,0.1487258901976512,1.2089697898461558,11054.367532299544,11.3,8.46,46.44,24.102164552040005,15.12806012804576,14628.08058761385,0.2010795665003268,0.0,0.0,0.0088809520380584,14.440434999890394,0.9911190479619414,25.83,75.8,40.69,24.67,97.7,79.49,66.68,89.88,Very High
653,DHAULPUR,RAJASTHAN,106,41.04832430966697,45.52836446529371,0.2595071961675854,0.1708504978005683,0.911107550070756,12756.397483734172,11.75,7.62,45.45,23.11015987053007,14.540703780002325,17252.47145558765,0.1478947479874609,0.0112009441091522,0.0,0.005572866523808,25.313568542188086,0.9831893819926828,39.82,74.4,43.37,25.22,94.63,81.05,71.12,91.07,Very High
654,DIDWANA-KUCHAMAN,RAJASTHAN,112N001,42.27460502420751,47.38138437082397,0.2331409606933166,0.1586735493710543,1.0252499847995502,16162.121847540266,9.86,9.16,48.43,49.992248553474006,12.926719406429704,21515.68386277099,0.3916944473372198,0.012881072737619,0.0,0.008344014728822,19.24296318135331,0.9633630265050284,25.83,75.8,40.69,24.67,97.62,79.47,66.46,89.74,Very High
655,DUDU,RAJASTHAN,110N002,42.3800751637416,46.88636296415329,0.2577474114705935,0.1658812855638873,0.9669532254044924,3694.918057845154,9.06,8.17,47.29,14.22519680323551,12.199852386564,4753.302793566776,0.1567524527367136,0.0015289792654205,0.0,0.0058464080436992,19.39319185436732,0.99262461269088,25.83,75.8,40.69,24.67,96.6,75.51,66.83,87.86,Very High
656,DUNGARPUR,RAJASTHAN,124,41.67570526399006,46.36458051162306,0.3097206415217661,0.2016969383260719,0.9013975790886278,14143.510879129051,11.44,9.43,49.51,94.56880046380746,16.669731378177488,18730.33333744281,1.041719326398955,0.0061614747569017,0.0,0.0016827161017548,17.499411904907877,0.9921558091413432,44.69,74.4,46.2,74.59,92.36,96.99,69.57,96.03,Very High
657,GANGANAGAR,RAJASTHAN,99,41.4950961523143,46.08667742838194,0.167054745921047,0.1172211481567671,1.0208359721010494,12947.95031284865,8.42,9.2,46.72,42.12721511134731,12.147226794280789,17569.250908793045,0.1619607291935239,0.2574010105684221,0.0,0.010837864419397,20.275571847854017,0.7317611250121808,18.23,74.4,46.35,37.27,93.46,64.02,71.01,83.59,Very High
658,GANGAPURCITY,RAJASTHAN,131N003,41.892594282136095,46.46553089108156,0.2479740121880328,0.1650870941808324,1.1463408559281978,8659.189041619436,10.28,8.92,46.46,27.534953976279823,14.157128498004306,10750.930637377396,0.2584365750334679,4.1707041399799535e-05,0.0,0.006026667482271,21.369895025402545,0.9939316254763292,25.83,75.8,40.69,24.67,96.56,78.77,66.7,89.13,Very High
659,HANUMANGARH,RAJASTHAN,100,41.7737155100218,46.333129124797296,0.1622504160269266,0.1117807681844307,0.8097598247387506,17264.182734195336,8.61,8.74,47.19,28.90205046022641,11.893508514557515,23293.806098262317,0.1412808263679148,0.3171731486481834,0.0,0.0068115757812823,21.37830563949979,0.6741904516447987,19.08,74.4,47.07,28.65,92.34,59.99,71.07,81.5,Very High
660,JAIPUR,RAJASTHAN,110,39.21009196543377,43.28606582721676,0.274475264336732,0.1775847059526928,22.033889432665102,29205.220586609383,9.05,8.16,47.27,2177.5185162189387,27.629289291775315,45726.94636306334,5.0760264265051545,0.0279950880969135,0.0,0.602929205127144,2.050556138851741,0.3690757067759427,15.07,74.4,37.2,23.11,94.25,46.4,62.88,73.38,High
661,JAIPUR(GRAMIN),RAJASTHAN,110N001,41.03004570733699,45.34844932710356,0.279707565491143,0.1838180370501678,3.436461158417416,61068.9138269025,9.06,8.16,47.27,276.5015887863685,16.911577893854563,85134.95181299768,1.1857095725101146,0.0091476784444923,0.0,0.0509225040051208,12.680744224524997,0.931095564129677,25.83,75.8,40.69,24.67,93.59,90.92,65.08,92.22,Very High
662,JAISALMER,RAJASTHAN,114,46.58009689824173,53.22427994627783,0.1225042835615166,0.0879614137453615,0.511974342384168,6960.998188273816,12.72,7.53,45.58,1.4295004699300908,11.100295063674604,8892.055471027135,0.0139109678109898,0.5143685337806716,0.0,0.0004774190166291,82.3070895323453,0.0031577991545002,50.07,74.4,43.13,21.13,89.7,10.3,72.25,60.59,High
663,JALOR,RAJASTHAN,116,42.87719736433962,48.87186596245358,0.2483246094564737,0.1730139537881892,0.6954799626005391,10095.252036383565,11.33,8.93,48.47,23.914578893314896,12.200793712043398,13659.513823397408,0.1905407219185212,0.0306573502959352,0.0,0.0034817659944552,27.735742428923796,0.9658608837096097,40.41,74.4,49.03,29.31,96.91,83.86,71.09,93.15,Very High
664,JHALAWAR,RAJASTHAN,129,43.146999061508026,48.45436063541067,0.2602583309579132,0.1477658459554541,0.9424632334208248,14469.38517146204,9.41,10.26,48.27,14.222905034511635,12.532076569930878,17963.343996105035,0.0899539768062019,0.0069808350870936,0.0,0.0092221715673822,29.428741869345167,0.9830820311207632,32.74,74.4,48.61,30.18,98.41,86.3,71.28,94.83,Very High
665,JHUNJHUNUN,RAJASTHAN,103,42.04913347042216,46.737183465224376,0.2414427072580833,0.1573054003688784,1.261137771342277,17575.500365093416,8.68,10.01,48.61,128.9192923296266,14.934948055692225,24702.54764866548,0.9308895779973212,0.0064007033960662,0.0,0.0125181263617182,13.268872952603775,0.9810811702422154,12.76,74.4,41.86,18.83,97.2,80.64,69.67,91.37,Very High
666,JODHPUR,RAJASTHAN,113,40.29526659358616,45.88228607099136,0.2496602647017484,0.1714680606047156,20.162550469130284,8601.975885722219,10.68,8.37,47.44,1665.5317797456555,25.265130834276587,15117.72226201834,3.8240594227643054,0.3063452959584525,0.0,0.4090551967507823,2.5528698605873257,0.2845995072907651,26.77,74.4,40.4,19.72,88.27,35.91,64.89,67.47,High
667,JODHPUR GRAMIN,RAJASTHAN,113N001,43.28153453929276,49.0268780006634,0.2072070192675544,0.1415323870312687,1.4487385278453542,31544.76242928632,10.68,8.37,47.44,61.00296824767223,12.57194488354909,44052.82712856632,0.3604775609538116,0.1999666732334304,0.0,0.0098316602169778,21.638151097230985,0.7902016665495911,25.83,75.8,40.69,24.67,95.1,70.59,66.55,85.12,Very High
668,KARAULI,RAJASTHAN,107,41.50070508460973,45.91205209100293,0.2726161110568745,0.1755108935736923,0.9080246982625958,11836.17735251912,10.82,9.0,45.97,20.67372852246101,13.484225398455337,15440.33934294685,0.1773347558513429,0.0648683144832373,0.0,0.0029947427034219,35.49481093816793,0.9312113115038596,39.9,74.4,43.12,46.59,92.79,81.49,71.24,90.55,Very High
669,KEKRI,RAJASTHAN,131N005,42.307413391671865,46.759513707856286,0.2641598227499438,0.1662030582028615,0.781896413667003,5834.1625607284805,9.45,8.96,48.44,15.948080760838756,11.898196793109802,8184.078095674496,0.1058156561374145,0.0078676023234198,0.0,0.0042954730569301,23.853928153443466,0.9860305469073584,25.83,75.8,40.69,24.67,96.07,77.11,66.99,88.36,Very High
670,KHAIRTHAL-TIJARA,RAJASTHAN,104N001,40.71589988582088,44.66167487653368,0.2700991525370366,0.1765703926016488,2.4511927494597696,10410.27571769835,10.55,8.76,46.88,101.31190735404724,15.501748101644038,13812.564588719924,0.5807182843574782,0.0065682601065346,0.0,0.008029590655727,15.474931303196705,0.9854021492377384,25.83,75.8,40.69,24.67,93.65,79.57,66.09,88.01,Very High
671,KOTA,RAJASTHAN,127,42.78430060664023,47.45749810745686,0.2543489989581194,0.1560321485670231,1.898379109816167,19615.835897148485,8.52,8.5,47.28,74.10811294054778,12.806605591648006,26671.263181596805,0.2579267149438294,0.0298185977327847,0.0,0.0422052126192639,25.65129778620457,0.9279761896479508,13.3,74.4,38.38,30.2,97.0,74.42,70.95,89.26,Very High
672,KOTPUTLI-BEHROR,RAJASTHAN,131N002,40.54520272937838,44.48027541219971,0.2937359980772229,0.1849690339124234,2.1449617467858,13587.316573160291,9.81,8.51,47.06,124.93357733836156,16.418568997739182,18089.26223544853,0.7979371147827605,0.0012188302097821,0.0,0.0039611981817921,14.516474438324456,0.9948199716084256,25.83,75.8,40.69,24.67,92.41,81.26,65.73,88.05,Very High
673,NAGAUR,RAJASTHAN,112,43.06821643444693,48.30857207584064,0.1953608999974764,0.1318639911822579,0.9086870546330232,16696.220566161377,9.88,9.15,48.42,25.869985809536512,11.962489537459218,23444.302701004817,0.2184086009075035,0.1041325691698104,0.0,0.0049204783634972,21.226309234580544,0.8909469524666924,20.79,74.4,43.11,21.47,98.31,73.8,70.94,89.54,Very High
674,NEEM-KA-THANA,RAJASTHAN,131N001,40.36165393333347,44.4016508046616,0.301599203705139,0.1856265098768361,1.2366055432942882,10174.646948353,9.02,9.53,48.48,109.7092357474678,15.981043853572777,14477.894145905557,0.8198025006600637,0.0,0.0,0.004182874194064,19.252927069492305,0.995817125805936,25.83,75.8,40.69,24.67,91.95,81.71,65.77,88.06,Very High
675,PALI,RAJASTHAN,118,42.5661225586521,47.9239032473502,0.2770011779806203,0.1844111489273673,0.8322103384027894,15055.49657230481,9.4,10.94,49.47,20.974791718162884,11.958163314299744,20653.71641471698,0.1293909220541939,0.0127296879640217,0.0,0.004144830787123,25.53687810764904,0.9827627107492102,23.62,74.4,41.34,26.63,95.33,82.64,71.15,92.02,Very High
676,PHALODI,RAJASTHAN,131N004,45.7568663424508,51.64531948062599,0.1459128255706463,0.1033403135650304,0.7423740377574787,8840.863949440612,10.78,8.32,47.35,5.8688426210066185,11.50284099387426,10452.057462785418,0.1124713784784632,0.7728385674487893,0.0,0.0022334143439373,36.46402168232618,0.1840077152544308,25.83,75.8,40.69,24.67,81.99,21.0,67.18,59.74,Moderate
677,PRATAPGARH,RAJASTHAN,131,42.67954277620516,47.48422303964731,0.2772478180080836,0.1575072630500776,0.7079513498652074,9223.907838762743,11.16,8.64,49.12,8.908934342163827,13.232765543665447,12093.106508108502,0.2955836372024205,0.0076210564338745,0.0043579993678683,0.00185043636434,35.78146524473339,0.9902205042862394,52.33,74.4,55.46,70.39,96.51,96.68,71.05,98.21,Very High
678,RAJSAMAND,RAJASTHAN,130N002,39.83436851281835,44.1812945562657,0.3581465196447618,0.2299475087523228,1.4136374525552549,11540.148180326927,9.71,11.11,49.51,35.315877046063775,13.499557714002034,15578.720698206977,0.2891260102289496,0.0035924935503231,0.0007879446820411,0.002203574110793,21.89647398654897,0.9936029575813948,29.42,74.4,47.63,26.71,87.43,86.91,70.84,90.41,Very High
679,SALUMBAR,RAJASTHAN,130N001,41.17101997531131,45.658576919511,0.3348580042217005,0.2173495628075357,0.7874736216348767,6683.974480657956,10.74,9.54,48.59,17.31316442085914,14.096146175590528,8351.107607812124,0.4010679329517072,0.0149876137077635,0.0012246221080308,0.0,23.296641165239592,0.9819508310221592,25.83,75.8,40.69,24.67,89.85,79.22,66.51,86.49,Very High
680,SANCHORE,RAJASTHAN,116N001,41.96868041804164,48.54971467882938,0.2438010872980075,0.1750711504690783,0.7007894392453182,9146.285672811437,11.34,8.92,48.46,16.97125051110705,12.98345446507647,11717.975072176188,0.4201748224204689,0.0722988275091018,0.0,0.0032703307447301,30.903780335275627,0.9128613394852262,25.83,75.8,40.69,24.67,95.07,73.94,66.6,86.5,Very High
681,SAWAI MADHOPUR,RAJASTHAN,108,41.09790256528764,45.65421923780227,0.2796212383460231,0.1820609214842587,0.8484607769471422,8097.016811328244,9.71,8.84,46.95,17.732185881117967,12.534878856411424,10665.798818225994,0.1543074911734878,0.0069564850272454,0.0,0.0127884182680175,31.67247387960551,0.9800248130624554,33.25,74.4,43.28,42.28,93.65,81.77,71.21,91.0,Very High
682,SHAHPURA,RAJASTHAN,122N001,42.22398884686289,46.75800451469865,0.2787007231915677,0.1799300985290247,0.8089791741957498,6859.971449184652,9.7,9.47,48.99,6.617002982507995,12.50813596733471,9784.36286531583,0.1036512117726511,0.0020301355712592,0.0,0.014304494461412,26.76843590434964,0.9836653699673288,25.83,75.8,40.69,24.67,95.08,78.46,67.04,88.53,Very High
683,SIKAR,RAJASTHAN,111,41.54253988541136,46.38861064113476,0.253753610037756,0.1690358923447121,1.4105944891300612,19586.02230246369,9.23,9.29,48.46,134.93571558349427,14.489849128528338,27015.560007619548,0.9694699980293324,0.0046839938758009,0.0,0.0088530088078758,14.174140585811577,0.9864629973163236,14.27,74.4,37.59,18.46,95.83,79.03,69.63,90.13,Very High
684,SIROHI,RAJASTHAN,117,40.640735698686285,45.56364722983167,0.3363431349765842,0.220649228216886,1.0052010639715012,10974.138560789885,10.82,8.39,48.18,30.024312444833072,12.490974878727618,14629.489882307083,0.2170960721388513,0.0092021385620951,0.0,0.0055058243174137,28.809389452825297,0.984658501557269,41.71,74.4,40.51,47.7,89.54,84.28,71.06,90.29,Very High
685,TONK,RAJASTHAN,120,42.1557457417396,46.647609352067086,0.2531076161747217,0.1676367431826847,0.7862146546445635,13036.88974041893,9.18,9.09,48.43,14.573671098709497,12.230619277694643,17645.92953283649,0.1387546181733764,0.0086782760089167,0.0,0.0063825068295776,23.52175146130247,0.977894562168624,25.23,74.4,45.67,32.79,96.21,82.18,71.1,92.17,Very High
686,UDAIPUR,RAJASTHAN,130,39.90736662910464,43.893040385371535,0.3818406219637025,0.2417227819095447,1.158037228179542,24405.182875789764,10.71,9.56,48.59,51.34096287380361,13.726646260117503,31573.8022559452,0.4700888063352907,0.0146315900294941,0.0109251772085663,0.0100173319484535,33.355186232611224,0.975351078022052,47.53,74.4,44.51,55.85,85.44,93.57,70.73,92.28,Very High
687,GYALSHING,SIKKIM,242,13.390951633356051,13.012449341431788,0.393440332891768,0.2430604063418409,0.3810110770941471,514.1676296078983,7.14,8.65,47.86,3.243330810815712,12.195138640287489,765.2472893453244,0.1359214062053934,0.866276356155321,0.4820939010961626,0.0,162.34440954453484,0.0,25.83,75.8,40.69,24.67,21.58,5.91,69.17,29.68,Low
688,PAKYONG,SIKKIM,741,20.901685801105284,22.3368979726604,0.6130291401728134,0.3764746783056542,0.7078734025290744,1171.9355341353842,6.14,7.48,45.98,35.544577371418065,14.487503927774922,1316.230518291778,0.5908714678765489,0.9960913849525984,0.6457491895371741,0.0,53.16160861892054,0.0,25.83,75.8,40.69,24.67,8.33,4.81,66.69,22.79,Low
689,NAMCHI,SIKKIM,243,19.891980394026778,21.001942526325493,0.5470571023593745,0.3484621164344144,0.6288612946924059,1638.803919904664,6.56,8.58,47.06,22.246351773147648,13.498811758788936,1885.801946920124,0.3863031685152548,0.9515950074672992,0.5939094479573381,0.0,123.61138998461504,0.0,25.83,75.8,40.69,24.67,13.04,6.31,68.15,25.93,Low
690,MANGAN,SIKKIM,241,9.755134456031028,9.507113274086944,0.2481076240937177,0.1338301944101003,0.3755152234196733,283.9870098844262,6.62,6.16,42.5,0.3740386793414054,11.107744541534355,439.4361235408736,0.0156286971847293,0.6929542026964556,0.248843215368668,0.0,335.681124369844,0.0,25.83,75.8,40.69,24.67,41.47,0.36,72.16,36.77,Low
691,GANGTOK,SIKKIM,244,17.6366959810645,18.619830294426773,0.5368605559898999,0.3179871483362424,0.6815907262103021,1721.4110778367408,6.14,7.34,45.68,32.84123803454459,13.685938413628625,2444.243196799628,0.3985341142275563,1.0,0.5321564427859061,0.0,38.425354621595496,0.0,25.83,75.8,40.69,24.67,12.24,4.25,66.76,24.19,Low
692,SORENG,SIKKIM,742,21.160858619768703,22.50676933303561,0.5842715732988105,0.3920903811493325,0.5284331986368526,507.6621267568103,7.05,8.69,47.96,17.619035609805305,13.182527993543829,668.8169234705853,0.4805810551800664,0.9948552405931606,0.6611520225965904,0.0,41.86115329552402,0.0,25.83,75.8,40.69,24.67,8.48,6.51,66.68,23.55,Low
693,ARIYALUR,TAMIL NADU,616,35.84897993806232,41.12981228706536,0.4964440544767437,0.3102375651253856,1.6654020582846676,6556.950981109274,6.89,13.2,50.1,30.394406508818484,14.872920810560442,8000.044023738235,0.3424481750819083,0.0236298237886332,0.0,0.0036324706133324,9.399101698933832,0.8024658925033632,8.71,84.1,47.67,24.77,74.74,71.5,41.63,66.98,High
694,CHENGALPATTU,TAMIL NADU,633N001,35.10206344860682,38.911386391050094,0.4956418102388303,0.3019856131772088,3.871841682513935,29341.624711731376,7.16,10.55,49.26,182.85530973008736,16.816411100584585,33159.38096856521,0.6551140150882324,0.0657227083002891,0.001821899662627,0.0542054445506624,8.353600059489539,0.8497597235856704,25.83,75.8,40.69,24.67,72.67,79.0,65.86,79.1,High
695,CHENNAI,TAMIL NADU,602,35.70515293049049,39.22691245710866,0.3627153823248165,0.2134531925128177,28.365943624566768,58912.31342448625,6.66,10.83,49.32,2718.87469561954,29.766619827714116,76795.72679562907,7.247832368986397,0.0629620255374115,0.0,0.8475872120931771,1.0209200934686218,0.0751459717046178,0.93,84.1,39.11,17.0,85.73,37.41,30.48,52.97,Moderate
696,COIMBATORE,TAMIL NADU,632,32.83649388989392,37.46327035699504,0.5487834182069424,0.346750189225006,2.481300593199358,36223.98253252497,5.99,12.78,49.64,289.94925660607686,16.38868789614778,42796.28349743973,1.133884336457991,0.3083068322850454,0.1064503132703576,0.0604540049075915,19.036320542041658,0.4857842783594991,2.29,84.1,45.34,16.32,57.38,55.15,40.52,52.74,Moderate
697,CUDDALORE,TAMIL NADU,617,35.15461587365137,39.63128031809536,0.5103166754285334,0.3159949425096738,1.8261304981004616,25607.258811328906,6.99,10.72,49.34,72.10475525514062,16.07503336351691,31002.675593960223,0.4309058748185247,0.0484229937027006,2.887723257104313e-05,0.0412562833764085,7.691463276642445,0.8209508447621859,6.28,84.1,44.89,29.92,72.26,75.27,41.46,67.43,High
698,DHARMAPURI,TAMIL NADU,630,34.2127068715695,39.72381367482581,0.5455831692557079,0.3331514061946142,1.1558370540365386,15266.34306596545,7.24,10.78,48.42,50.14296796247299,15.697517555825565,18133.23882616857,0.6968996783059873,0.3233739401436005,0.1182155837571629,0.005620916251739,18.862519351781977,0.6584280255662674,5.26,84.1,49.85,20.47,59.07,60.73,41.22,55.99,Moderate
699,DINDIGUL,TAMIL NADU,612,33.4732774974876,38.00188898070768,0.5583104907246291,0.3367253950737497,1.272069207218759,21329.44411028233,6.49,12.55,49.7,46.55251086592271,14.30932831778855,25369.74304568672,0.4291539823584335,0.3015769445424596,0.1446217721352197,0.0074751719764671,20.97491190778691,0.6734762527089591,4.16,84.1,51.17,21.32,57.37,65.85,41.68,57.58,Moderate
700,ERODE,TAMIL NADU,610,33.10601542921639,37.92691525158274,0.5708802622624529,0.3579568805389186,1.3057749203371762,19835.048922526486,5.49,14.55,49.62,132.43266189578068,14.9347438272935,23602.79247925715,0.8271714525545107,0.4145791554935344,0.1482894749926248,0.0200549568929798,24.658729068082355,0.5080681889748118,2.73,84.1,53.1,17.38,52.28,56.27,41.1,51.35,Moderate
701,KALLAKKURICHI,TAMIL NADU,633N004,35.1424152930161,40.11627403938369,0.5396832671651351,0.3418930406120672,1.1261961810561285,13635.121313123842,7.65,11.17,49.33,16.386828064064908,15.052094429983413,16593.681748114355,0.2904284975028436,0.1621457949292746,0.0452210684279269,0.0046513297453521,12.63973850716205,0.8104545496651318,25.83,75.8,40.69,24.67,65.82,71.37,66.51,73.45,High
702,KANCHIPURAM,TAMIL NADU,604,35.23485030294918,39.94285860046059,0.4653161589287997,0.2853968433043098,4.56608593692337,14986.097349208963,7.18,10.51,49.26,177.6285192665214,16.806003985715623,16598.650795097186,0.5955242347348658,0.01725583033513,0.0,0.0394871177569427,7.664329779389472,0.9250917294171668,25.83,75.8,40.69,24.67,76.55,79.93,65.94,81.11,Very High
703,KANNIYAKUMARI,TAMIL NADU,629,29.273767812819283,30.040160596595584,0.688584838764859,0.4429543524313924,1.815965997331454,17987.806336442045,6.26,13.9,50.26,136.87386098177794,18.065420474878984,21034.235680064525,0.8967692061046675,0.7093783665209606,0.1356875914487783,0.0133431950623976,29.56942825389152,0.1428702684947616,1.52,84.1,36.34,4.36,29.82,22.75,41.07,28.44,Low
704,KARUR,TAMIL NADU,613,37.95794207770796,43.66924658583969,0.4198918184669263,0.2653363046736546,1.5300228879176032,10738.84608705887,6.2,14.03,50.19,49.13315166520328,14.856389893029364,13044.682019688216,0.5582549098168746,0.0161879750990737,0.0039959078528619,0.016156334786151,9.2228718212264,0.9649398965889106,4.4,84.1,51.04,20.85,82.0,85.02,41.28,75.33,High
705,KRISHNAGIRI,TAMIL NADU,631,33.6412786502794,38.744812659091465,0.531453126869852,0.3248980746605784,1.9416322625079945,18605.02759367491,7.56,10.07,48.59,56.37029149721238,15.357073136695853,22284.041405282656,0.516253780320706,0.2195310777699507,0.0602107900954337,0.0103376070818583,18.062725974704417,0.7635117430970653,4.9,84.1,46.7,15.42,63.48,66.08,41.49,60.1,High
706,MADURAI,TAMIL NADU,623,35.891140792510754,40.469640073347705,0.5221475773916493,0.3222534453402504,1.8011688334565603,30292.027204580285,6.71,11.57,49.48,95.4158962429285,15.46192487514061,37185.27303570794,0.4221918068880328,0.1040999040897538,0.0256202575697628,0.0309150003210818,17.82472387537869,0.8472893444337879,5.82,84.1,44.59,13.83,70.17,76.43,41.64,67.12,High
707,MAYILADUTHURAI,TAMIL NADU,618,33.813304269664684,37.85046968524546,0.5362241497003991,0.3240864573328912,1.5617457842834557,9114.371511453275,6.66,12.07,50.32,50.05062329074129,17.449214309378277,10769.130010458532,0.5073656401669935,0.0908562371298095,0.0,0.0159963882266582,5.603301621353248,0.8141430807906929,25.83,75.8,40.69,24.67,68.06,72.86,66.05,74.79,High
708,NAGAPATTINAM,TAMIL NADU,618,34.48600196919575,38.006603361230525,0.4330304059886916,0.2714554321713416,1.1752152434597702,6481.909076166267,6.63,12.02,50.34,34.9207128669168,16.553362944162448,7717.413688204633,0.6368217686678342,0.1632779739571838,0.0,0.0128062237916574,6.727112169412186,0.6912602074597225,8.18,84.1,41.57,31.77,72.27,61.88,41.12,61.82,High
709,NAMAKKAL,TAMIL NADU,609,35.333942750552325,40.57527728604015,0.5284647162626204,0.3297771643545172,1.7409512676974344,17452.5680695896,5.54,14.18,49.52,139.70996307569806,16.997055672722286,20583.189495168288,1.1023480589785113,0.1751410660410483,0.0764574587760633,0.0180416924793852,11.549122554954506,0.7865167031585821,2.59,84.1,52.02,23.31,66.17,76.01,40.45,64.83,High
710,PERAMBALUR,TAMIL NADU,615,37.73121594727906,43.1492223490074,0.4479891785179897,0.2669190635591911,1.3257935159581364,5119.082149374014,6.8,12.56,49.82,17.59760718454383,13.499878050905044,5785.690560240423,0.2420775531477443,0.0566039790247557,0.0135407048657688,0.0043662131321753,11.934709659016203,0.9078783470671244,7.61,84.1,53.03,31.47,79.16,79.92,41.83,72.31,High
711,PUDUKKOTTAI,TAMIL NADU,621,36.19559145328938,40.84466349737632,0.4682073528437068,0.2912449890988826,1.0828777435177583,15859.218448145692,7.16,11.78,50.1,34.556662908532665,14.816414608732204,18362.94344374764,0.3925163896605546,0.0575076669219567,0.0,0.0077532056444323,8.72186170402423,0.9318367085320592,11.14,84.1,47.07,17.68,75.6,80.71,41.54,71.06,High
712,RAMANATHAPURAM,TAMIL NADU,626,37.70610887710282,41.0577448243814,0.4065813310542693,0.2515760925499689,0.8971628406421408,13098.912912281665,6.74,11.39,49.25,27.596624075117965,13.183275061003378,15070.768516934952,0.1757964359071043,0.0826115617046858,0.0,0.0136735538505619,12.30013582512326,0.8867303885675129,6.53,84.1,44.55,18.48,79.74,73.33,41.94,69.9,High
713,RANIPET,TAMIL NADU,633N002,35.646264777781624,40.963319893967856,0.4953640651655183,0.3189717557841695,1.9234815980510511,10372.74352049874,7.17,11.05,49.83,71.19908052210562,16.142196557915188,12545.940136410669,0.3985725661527046,0.0142173961273464,0.005729275798175,0.0166927555166619,11.489636423513598,0.9670171200374692,25.83,75.8,40.69,24.67,74.39,81.93,66.32,81.19,Very High
714,SALEM,TAMIL NADU,608,34.05735277326012,39.06090196802004,0.5517005428202942,0.3424427998473986,1.989521571075799,34397.22111458785,6.3,12.44,48.67,189.47950120559707,16.91149263051892,41313.75830465888,1.144623858325303,0.2836049722045924,0.119009814558833,0.029184995944909,13.39642280875236,0.6607298872225646,6.56,84.1,48.65,20.1,59.3,68.73,40.41,59.03,Moderate
715,SIVAGANGA,TAMIL NADU,622,36.73476118465072,41.39637754043248,0.4641549737574622,0.2858656067473113,1.0026017882717138,13495.206864090957,6.63,12.84,49.79,35.39829040334102,13.790345413107278,16327.754645240148,0.25472665770453,0.0862292749420269,0.0001855502515337,0.0090077858695789,9.798278401810824,0.902722791544702,8.64,84.1,46.31,17.07,75.69,77.58,41.77,69.91,High
716,TENKASI,TAMIL NADU,633N005,34.53272836450447,38.52308324108755,0.5132238028857379,0.3212901433254629,1.2698803222672792,13903.407392664169,6.69,13.06,50.38,38.51347528554413,14.306308270492266,16320.854772226923,0.2440665651547253,0.1409924481714545,0.0595139140601366,0.0163314083574295,23.458372434098987,0.8273203953876888,25.83,75.8,40.69,24.67,66.97,74.7,66.76,75.39,High
717,THANJAVUR,TAMIL NADU,620,33.46977784987216,37.534301138119055,0.5629736332268181,0.3596885296130576,1.5267224168464189,21662.682695184285,6.37,12.35,50.58,85.76955513127997,16.101222272826206,26884.327857483106,0.5209721765203843,0.0279992013048345,0.0,0.0254370949033825,7.346662856487066,0.9185409454666196,7.23,84.1,40.49,19.06,67.02,79.85,41.31,67.11,High
718,THE NILGIRIS,TAMIL NADU,611,26.4064957284384,29.54935573327757,0.6651715705848987,0.4024866727924948,0.6458073396400643,6061.246833013733,5.75,11.15,50.78,31.887440768947187,13.457701310650956,8072.998745964173,0.295791635977036,0.9519527889920903,0.3193351735795784,0.0038213582455919,31.728685233433417,0.022138402102796,2.03,84.1,47.59,36.54,19.7,14.99,42.06,21.54,Low
719,THENI,TAMIL NADU,624,32.21230681437197,36.55685288257151,0.5855754404627697,0.3664803751052177,0.9269847661848832,11972.58061002832,6.14,12.33,49.6,34.98360482335521,13.659340497492188,14774.92846435998,0.1668671199265028,0.3487801024547912,0.1051446979779505,0.0187784689623038,32.07751309507104,0.5108305907619307,4.76,84.1,47.49,20.87,53.03,49.53,42.27,49.38,Moderate
720,THIRUVALLUR,TAMIL NADU,602,35.32745062699277,39.621943288062766,0.484158494871556,0.2978885316267661,3.5688676942333077,26857.989437924232,7.15,10.01,49.27,120.26561863781288,16.335126724501084,29621.623424469595,0.5302579706938381,0.0498484516013203,0.0041762350050398,0.0378102400484392,9.895508364408464,0.8827180847755765,2.53,84.1,41.26,23.31,74.08,76.22,41.34,68.52,High
721,THIRUVARUR,TAMIL NADU,619,33.67462127296238,37.923490008434925,0.5236205949247363,0.3295449257125576,1.1908517170764787,12191.641623312004,6.26,12.08,50.13,43.729687542096606,15.955055971657186,14706.147623205256,0.4565644251394395,0.0390016703936201,0.0,0.0065738071503623,9.578855480776072,0.8985050650645253,6.79,84.1,42.73,34.32,69.68,78.24,41.45,67.59,High
722,THOOTHUKUDI,TAMIL NADU,627,38.83242521157393,42.280202792438885,0.3950305387373057,0.2392462040745194,1.485049376412657,15853.4302081211,6.74,13.12,50.35,45.69072279691509,13.334744767848544,18312.77198688539,0.2396169055020811,0.0840791973996241,0.0,0.0403339347907504,12.35327606538278,0.8593800141197608,25.83,75.8,40.69,24.67,81.99,77.08,66.59,82.43,Very High
723,TIRUCHIRAPPALLI,TAMIL NADU,614,36.394610364114286,41.78726764525285,0.4908522424007263,0.3070180038314302,1.8815227964589407,26792.624717809314,6.44,12.73,50.1,79.81068516773757,15.507694701718709,32240.117187229604,0.5299404367542645,0.0853449478063,0.0401061561015098,0.0218868303169037,10.22019759123164,0.8822410467991609,3.73,84.1,44.59,17.81,73.11,79.71,41.34,69.55,High
724,TIRUNELVELI,TAMIL NADU,628,34.92647153810114,37.93580865254553,0.4920213645826103,0.3052601019829645,1.5638411039561142,16191.384501805562,6.69,13.09,50.39,55.77821766002124,13.993939055831603,19635.90147524716,0.2918913459955586,0.2526329841283755,0.1062577953465018,0.0192936071185211,33.298284486092875,0.7216807265163314,5.52,84.1,46.68,18.85,64.14,66.48,42.09,60.78,High
725,TIRUPATHUR,TAMIL NADU,633N003,33.43720547404755,38.56633009633115,0.5749877582468564,0.3501578030452187,1.4428667080644746,11479.983042233836,7.17,11.13,49.86,97.672684594932,16.255413746107784,13449.127860392324,0.7820986070476881,0.3711586726024025,0.2415919443228542,0.0160849760780183,19.33169896024804,0.6077827199761451,25.83,75.8,40.69,24.67,52.44,57.46,65.84,62.01,High
726,TIRUPPUR,TAMIL NADU,633,36.2502480115514,41.4319678312928,0.4556857601258622,0.2821031726198112,1.980797580004911,26806.87984699089,6.27,12.37,49.38,193.7948430807135,15.09391212991466,30511.817267389382,1.0493594625178342,0.0917306283991566,0.0134242280019037,0.034618903988884,16.775054399880187,0.849796879443493,3.11,84.1,51.07,16.19,75.61,78.86,40.62,69.93,High
727,TIRUVANNAMALAI,TAMIL NADU,606,34.68986458852117,39.68252143268053,0.5474243009708721,0.3455377092318662,1.1227060765435866,24880.575939039285,7.24,12.08,49.59,21.334317138062872,15.04493897028849,31025.82425195165,0.3043496041866252,0.169109269346674,0.0975602257585904,0.0079964878171156,17.31220510681712,0.8137030471506868,5.92,84.1,50.23,26.63,63.68,77.3,41.82,64.9,High
728,VELLORE,TAMIL NADU,605,34.23628996036172,39.74208414123812,0.5731483903435752,0.3470161039109627,1.616471858934566,14889.677256290346,7.16,11.14,49.86,97.15950065099184,15.548318909397269,18202.18630704996,0.5503498978884367,0.3488652319317863,0.1851863198114252,0.0251716831329299,17.968444427874978,0.5999063933352058,3.16,84.1,42.92,23.71,55.48,54.98,41.43,52.27,Moderate
729,VILUPPURAM,TAMIL NADU,607,35.27171149999675,39.951914571342925,0.5244453095161049,0.334504064722205,1.548949766990823,22535.859128789347,7.62,11.16,49.37,37.01881111244974,15.712366778923275,24868.384209297783,0.3431114363419439,0.0262560024784426,0.0012191413802401,0.0105419872291354,9.859457242984162,0.926627768885217,9.29,84.1,49.24,31.53,71.66,84.63,41.63,71.09,High
730,VIRUDHUNAGAR,TAMIL NADU,625,37.53329368288496,41.98567409563802,0.4689265256335047,0.286621465437654,1.360580873670452,18067.910865225756,6.52,11.89,49.88,64.24860760871539,14.105570472233811,22812.510877662982,0.3097166198191114,0.07559097258758,0.0167422579416193,0.0432584677346202,17.433970847216514,0.8674978683260461,7.99,84.1,48.92,20.7,76.32,77.19,41.81,70.02,High
731,ADILABAD,TELANGANA,532,41.396709214079735,46.84302904190443,0.3608506071318539,0.1972166287333359,0.7674898863545164,7024.641861783883,7.3,10.24,49.74,12.89953099312528,11.812847196130672,8229.43413327568,0.0429277859722708,0.180019647337621,0.0257293982453021,0.0056082885372813,32.09104817629228,0.8141521312412837,25.83,75.8,40.69,24.67,85.23,67.09,67.22,79.93,High
732,BHADRADRI KOTHAGUDEM,TELANGANA,541N001,35.86179612853133,40.57162673628282,0.5090144950904625,0.3207000498492085,0.73627153030974,9955.109589074254,6.39,11.42,49.96,18.76216458837428,11.933207105231938,12884.948650753764,0.0941327485883763,0.5979285865376179,0.1869415825289302,0.0110148636168994,29.97771550267396,0.3727816786961703,25.83,75.8,40.69,24.67,52.6,38.55,67.1,54.86,Moderate
733,HANUMAKONDA,TELANGANA,542N003,36.12222147779497,40.97106896578108,0.4257150151158252,0.2781790568657933,1.7606312932568136,8711.663516270411,5.96,13.12,49.75,107.6949267861112,13.51331008512616,10857.131170159892,0.3091385793048721,0.0110702184178794,0.0034355850262384,0.0444313208589411,10.283963566165683,0.9444984607231796,25.83,75.8,40.69,24.67,79.13,80.54,66.44,82.62,Very High
734,HYDERABAD,TELANGANA,536,36.03309763142062,40.57735181828642,0.3104742788944889,0.1895105387021939,40.7183097314483,28442.391393998078,7.89,8.19,48.31,3592.225214531729,30.0,40911.662866804254,9.551799810815805,0.0061878539043801,0.0,0.9783619699947462,0.3169456561629915,0.0055262594617734,25.83,75.8,40.69,24.67,91.74,25.9,55.23,60.84,High
735,JAGTIAL,TELANGANA,534N002,36.62415329322218,41.67875164260934,0.4168405651191446,0.2663623895267459,1.2110872984485714,9197.826612278182,5.68,13.33,49.98,27.05244575371494,13.047273225190546,10824.463792636388,0.1457559079274591,0.0290260494781402,0.0052621071975184,0.0139166867152268,16.811998069156065,0.9562101054980832,25.83,75.8,40.69,24.67,79.92,81.48,66.81,83.47,Very High
736,JANGOAN,TELANGANA,540N001,36.86810744663013,41.69118034744895,0.4150752028106256,0.2699424402640784,1.011029536827864,4855.059540726862,6.02,13.07,49.7,11.563046432774758,12.312997393935994,5838.397477374174,0.0978064437313363,0.0061771422966989,0.0,0.0060878215546712,16.440233531893693,0.9872884324384912,25.83,75.8,40.69,24.67,80.7,81.6,66.88,83.87,Very High
737,JAYASHANKAR BHUPALPALLI,TELANGANA,542N006,37.11824350913212,42.2999373029111,0.4449840921908893,0.2790787785238462,0.7594252199485008,3709.92807360122,5.93,13.12,49.78,7.969023391040042,11.92220984601055,4469.496561259796,0.0586242150383262,0.4285223432573768,0.1866198468286482,0.0004946289339047,25.592821796910776,0.5598192653564664,25.83,75.8,40.69,24.67,63.3,51.39,67.09,64.49,High
738,JOGULAMBA GADWAL,TELANGANA,538N002,40.00820091225256,45.48724255325872,0.3322325088916715,0.2059789200461493,0.8880011714318492,5820.736206465138,8.24,10.38,49.11,12.65344129554656,12.187354731599344,6816.726668705789,0.0681436415914158,0.0783750327673084,0.0,0.0020636122680802,27.531467568141224,0.9125622578859988,25.83,75.8,40.69,24.67,87.91,73.8,67.11,83.72,Very High
739,KAMAREDDY,TELANGANA,533N001,37.97950202195789,42.92212396485142,0.3815300351219818,0.2318007184890561,0.9555098462469142,8951.748983218798,7.17,11.63,50.76,11.86359012080569,12.384198469735308,10900.88681992444,0.0678426889735241,0.0297283429184969,0.0093824860918732,0.0040891425159101,21.020956590845763,0.9542571671219496,25.83,75.8,40.69,24.67,83.95,79.76,67.0,84.49,Very High
740,KARIMNAGAR,TELANGANA,534,35.96704307210268,40.58967597175064,0.3959610650803533,0.2576147539838352,1.761512297298909,9696.507034074086,5.66,13.36,49.98,68.42184454488935,14.152208312083893,11695.37922318109,0.3040755520743661,0.0168103478388442,0.0,0.0249404433390852,13.920254284957364,0.9426614317351424,25.83,75.8,40.69,24.67,80.69,81.32,66.51,83.6,Very High
741,KHAMMAM,TELANGANA,541,36.69868591734791,41.56645253015815,0.4469779037360501,0.2783524212664021,1.0793295265838412,13159.093941457935,6.38,11.44,49.96,23.88422965153792,12.830809293010624,16607.33243750328,0.1517346314586906,0.0786624822998876,0.0300639526781151,0.0176330110751517,15.832241253857548,0.8818587397692061,25.83,75.8,40.69,24.67,76.34,75.4,66.78,79.51,High
742,KOMARRAM BHEEM,TELANGANA,532N001,39.39005324102105,44.72986327879525,0.3801532369667796,0.22352933896409,0.6052254345157234,4799.623152148953,7.29,10.24,49.74,8.582006493394156,11.671586828345204,6097.038724329003,0.0557760591550067,0.3059499163405001,0.0685703081684789,0.005882115485534,40.592430515491984,0.680803790257273,25.83,75.8,40.69,24.67,76.57,57.07,67.34,72.34,High
743,MAHABUBABAD,TELANGANA,542N004,36.33996046062825,41.1906226148384,0.4779465211472459,0.3029841966809822,0.7665051064304129,6864.539575854359,6.05,12.93,49.72,8.208529913633235,12.539597366518244,8190.168670011027,0.0664545365342454,0.2940902999128825,0.1296262582939144,0.0065271345097809,24.653027133905788,0.698858008596563,25.83,75.8,40.69,24.67,65.27,62.1,67.06,69.66,High
744,MAHABUBNAGAR,TELANGANA,538,38.3225707555334,42.99571228569819,0.3727260947216695,0.2509648952775996,1.6458718870776616,9140.481738417058,8.21,10.23,49.05,28.04231379364029,13.258185954592047,11014.50089108368,0.1488599439801531,0.0035766432571858,0.0003576643257185,0.0085839438172461,19.91622636148681,0.987839412925568,25.83,75.8,40.69,24.67,84.57,80.39,66.85,84.95,Very High
745,MANCHERIAL,TELANGANA,532N002,37.521124375396106,42.98098692654722,0.4124931866451405,0.2583043927957117,1.0650421779727388,6546.316152000162,7.26,10.3,49.75,31.461399999811228,12.09082225282529,8372.92865896151,0.11522543684929,0.2607068053684815,0.0911733807293077,0.0195933146002191,32.99704646362135,0.7096832958450808,25.83,75.8,40.69,24.67,72.93,59.9,67.12,71.92,High
746,MEDAK,TELANGANA,535,36.59728080536185,41.24598549791421,0.414897326010829,0.2620701721242098,1.3166331474341983,7481.567447704663,7.76,11.56,49.5,9.78752211698234,13.16089044250124,8360.474687788668,0.0993082245427117,0.0075419919692126,0.0032343982699604,0.0034336867562028,16.968784050906404,0.9878743728472132,25.83,75.8,40.69,24.67,80.63,81.45,66.89,83.78,Very High
747,MEDCHAL_MALKAJGIRI,TELANGANA,542N008,35.93445616400674,40.29531346780979,0.4204401655582475,0.2744893912391675,12.408954025377394,33568.723392574226,7.99,8.62,48.46,799.1859437154178,21.10058026410828,40538.02750645317,2.2948346260220984,0.0088992261993219,0.0018489654433542,0.3133495305010175,4.416871784250419,0.6768976087865602,25.83,75.8,40.69,24.67,80.6,68.63,63.18,77.01,High
748,MULUGU,TELANGANA,542N005,36.366846810512,41.4615508537249,0.4834827623329003,0.2980413738319369,0.5009091998845328,2588.730583633376,6.1,12.76,49.74,1.9407386874017531,11.3633794983719,3058.7306551664183,0.0318203693926719,0.7571291474848418,0.257267747866607,0.0013421429373456,55.70879079836761,0.2332381259824839,25.83,75.8,40.69,24.67,49.03,27.66,67.62,49.16,Moderate
749,NAGARKURNOOL,TELANGANA,538N003,37.49585501371089,42.216240745834455,0.4111779978542247,0.261717677433407,0.8910421798778785,8306.774887199388,8.22,10.4,49.11,4.554704450325095,11.664677681408104,9423.127017905254,0.0458248265694753,0.2927603878874329,0.0861324770104492,0.0018006789618909,48.41492552965171,0.7047698573403262,25.83,75.8,40.69,24.67,71.51,59.83,67.48,71.45,High
750,NALGONDA,TELANGANA,539,38.22936836735703,43.27084108382997,0.3432053154793853,0.2237595725757228,1.199080709070798,15259.056357829111,6.72,12.89,49.32,14.734901413105597,12.238105105134665,18724.333395361213,0.0892042234878013,0.0350051724254039,0.0,0.0078200234248449,22.520059061792164,0.9432607985064464,25.83,75.8,40.69,24.67,85.98,81.34,66.99,85.97,Very High
751,NARAYANPET,TELANGANA,538N004,39.49676311247152,44.5654003669318,0.3282483655762664,0.2144894221164723,1.031809110694012,5740.889693315708,8.24,10.37,49.1,8.373924460215694,12.300519166174244,6904.240275339489,0.0496500655535273,0.0065567243553081,0.0,0.0032230645023683,25.526481425827253,0.987180418935188,25.83,75.8,40.69,24.67,89.07,79.01,67.1,86.32,Very High
752,NIRMAL,TELANGANA,532N003,38.87238504422759,43.75405607023956,0.3741000156423757,0.2219826714643275,0.7996128368995896,6541.237602479631,7.3,10.25,49.74,15.38318244088391,11.789761153135972,8144.99104750807,0.0669446166115936,0.2608622709313639,0.073349613834455,0.0083536839597355,32.64339138831366,0.7100403041674114,25.83,75.8,40.69,24.67,77.37,59.7,67.19,73.68,High
753,NIZAMABAD,TELANGANA,533,37.35232996651878,42.34185051828703,0.3720062195815211,0.2268889534466376,1.3320402524112849,14816.4423092839,7.16,11.63,50.78,31.942019245319944,12.788913022191752,18489.93110713805,0.1470156562363462,0.0676514834563241,0.025295756593881,0.0152814249726274,19.477828698871,0.8934626443176452,25.83,75.8,40.69,24.67,82.48,77.5,66.85,82.91,Very High
754,PEDDAPALLI,TELANGANA,534N001,36.10274797349128,41.229036910171125,0.3966471260285385,0.2526429968224106,1.725384537659496,7667.897561716685,5.67,13.36,49.98,49.5749139096238,13.562508065666398,9609.826880912688,0.2323356284696461,0.0379120282009658,0.0021649946681699,0.0536596051049725,18.13613874857861,0.9041357341284672,25.83,75.8,40.69,24.67,80.68,77.72,66.69,82.2,Very High
755,RAJANNA SIRCILLA,TELANGANA,542N001,37.13179946470833,41.70802574893639,0.3967080550691561,0.2511484151358751,1.264412249485383,5256.364255367891,5.68,13.34,49.99,23.56794617034254,12.89485903161706,6739.121103793978,0.1417181185801475,0.0201448049265154,0.0071241662895705,0.0080272296220512,19.82825425815036,0.9562752080587092,25.83,75.8,40.69,24.67,81.83,80.25,66.86,83.77,Very High
756,RANGA REDDY,TELANGANA,537,37.6904446358484,42.20266254165378,0.4020903890964454,0.2597515888588734,4.73227045517722,32121.477231712684,8.02,8.82,48.54,147.48196185359112,14.278122052727262,36412.537888471255,0.5380505245496455,0.0116472867784276,0.0,0.0490545279413548,13.51700078505829,0.937779653611016,25.83,75.8,40.69,24.67,82.53,82.48,66.13,84.67,Very High
757,SANGAREDDY,TELANGANA,535N001,38.91883988208649,43.91052570136305,0.3791059919081103,0.2138400214539074,2.336911923719839,14656.99140713752,7.77,11.48,49.47,45.36901344304097,12.967363976802648,17990.26846449662,0.1684572661046169,0.0745884915781109,0.0013152529999238,0.0240973437917295,17.249251994999362,0.8852339199646364,25.83,75.8,40.69,24.67,84.85,76.27,66.78,83.35,Very High
758,SIDDIPET,TELANGANA,542N002,36.41630854270959,40.88679678607889,0.4183676528981861,0.273399802887119,1.3109841931295596,9655.832076757795,7.27,11.98,49.59,16.134064697955438,12.855967559678673,11489.93379885152,0.132295802281438,0.0054960111582881,0.0002617148170613,0.0054960111582881,15.745330605994146,0.983250251708074,25.83,75.8,40.69,24.67,79.82,82.03,66.81,83.66,Very High
759,SURIYAPET,TELANGANA,539N002,36.993605222656974,41.73549069805554,0.3632156564105354,0.2363651046982762,1.2333263937745769,9958.217119295789,6.69,12.89,49.34,27.416529784887217,12.585074403850887,12511.71623269413,0.1328116153773102,0.0228633212517652,0.0,0.0126249446160582,16.439157404036553,0.9619539558401912,25.83,75.8,40.69,24.67,83.66,81.26,66.82,84.92,Very High
760,VIKARABAD,TELANGANA,542N007,39.34195794157967,44.42487310915745,0.3695981384277923,0.2186638443971287,1.1412238628766382,11366.98452573641,8.04,8.86,48.55,12.440555593063548,12.835859412866627,11599.121606931396,0.0646685235912826,0.0327837796169011,0.0005139155223648,0.0161087324324024,20.141191549269823,0.951107487950696,25.83,75.8,40.69,24.67,86.58,76.43,66.99,84.21,Very High
761,WANPARTI,TELANGANA,538N001,37.905940342898965,42.89521023029504,0.3694711591327376,0.2456374570188159,1.1776691108757964,5921.707786404852,8.23,10.38,49.1,7.091868515340843,12.291816239207437,6543.692484311811,0.0776656232588808,0.0413490636971107,0.0,0.0027869289299177,28.25586105631077,0.9543143934186384,25.83,75.8,40.69,24.67,83.49,76.78,67.1,83.13,Very High
762,WARANGAL,TELANGANA,540,36.06679710031145,40.86485452371048,0.4325285082651575,0.2774631833044885,1.4436437316714186,8503.51563681446,6.02,13.07,49.7,56.52515993951379,14.17629405606607,9352.43553089464,0.2165001879114863,0.0131589243605063,0.0015333044296636,0.0271405458563769,11.747419574376384,0.958621929425698,25.83,75.8,40.69,24.67,78.76,81.69,66.62,83.01,Very High
763,YADADRI BHUVANAGIRI,TELANGANA,539N001,37.14916601326706,41.97964012701285,0.3970245003812772,0.2611225968156067,1.390593841262422,6948.876468703911,6.72,12.85,49.32,8.451205368777686,12.414429675962108,8594.812879446376,0.1305911250765218,0.0002769090435235,0.0,0.0086297888975762,14.723697728074086,0.9910933020589,25.83,75.8,40.69,24.67,82.23,82.24,66.8,84.72,Very High
764,SOUTH TRIPURA,TRIPURA,271,30.42903078250915,32.245731970824735,0.6751268700701312,0.4546625898368026,0.9014797771143168,3568.3595242911706,8.31,9.28,48.41,37.99080098390971,14.693514092814166,5086.191034038788,0.4939914677821184,0.7922925439166569,0.0358322644882664,0.0,24.142074727421324,0.0296914123714626,17.03,95.6,41.88,55.37,30.83,15.48,7.33,12.09,Very Low
765,WEST TRIPURA,TRIPURA,272,30.775148277236188,32.47616450963038,0.6428215588750781,0.4247277447477021,2.2771810465907465,9446.01208656524,7.13,9.67,48.78,260.5851810564258,18.27449974917787,12395.170298057832,1.2483195919204984,0.5913680025268011,0.098352005648143,0.0289467328093937,17.064681224546536,0.0316333166118573,8.97,95.6,40.46,44.62,38.57,16.32,6.02,15.06,Very Low
766,DHALAI,TRIPURA,269,29.85110610123624,31.77228540280245,0.6686465614083122,0.4472027072437385,0.576979322441892,3814.559778384192,9.81,8.29,47.99,31.903023536837186,13.242931178300823,4737.101577682555,0.3599335061806731,0.943615938190826,0.1926192462249401,0.0,80.73045842538762,0.0359776461894174,26.23,95.6,41.2,71.99,23.17,17.94,8.46,10.42,Very Low
767,KHOWAI,TRIPURA,652,30.02413046846228,31.856071639841183,0.6675386047638012,0.4438037782699109,0.8997320999614342,2795.336960490896,7.14,9.66,48.45,55.35884560531787,15.036961374172602,3608.06248000908,0.5651900677124582,0.8805413152334263,0.2521944501872948,0.0017870971585155,40.91386508350823,0.0842984242007996,25.83,75.8,40.69,24.67,24.23,15.41,66.53,33.57,Low
768,UNAKOTI,TRIPURA,655,29.607445424898923,31.948885878308147,0.6638665622068838,0.4474253168641182,0.9117083500991066,3138.920755896849,9.52,8.63,48.75,94.33500102460552,16.01782813616758,4435.069562669236,0.8289903944563723,0.8267217121408258,0.1289103695077395,0.0,28.484828180738823,0.1520364659606051,25.83,75.8,40.69,24.67,28.07,20.3,65.91,36.88,Low
769,NORTH TRIPURA,TRIPURA,270,29.121033200707505,31.42787776921044,0.6921083491842293,0.4660281239167576,0.6922485758997672,3590.957033497737,9.54,8.62,48.52,83.22962536753258,13.987433949714683,4519.157841052943,0.6302681054737923,0.8768600974456155,0.3071199700167338,0.000673039870354,52.48111091584126,0.0668896056250297,30.65,95.6,35.83,42.42,20.64,14.82,7.57,7.75,Very Low
770,SEPAHIJALA,TRIPURA,653,30.14031369406052,31.90106718484125,0.6643942691265948,0.4388105660772896,1.1849080440815332,4131.689069116114,7.14,9.66,48.36,96.8992367510041,17.66244123256665,5906.216692305794,0.865507278047055,0.7444571138983912,0.0522940272085083,0.0,27.196778092737414,0.0230481336524665,25.83,75.8,40.69,24.67,32.74,12.9,65.83,35.73,Low
771,GOMTI,TRIPURA,654,30.08493539537356,32.13129726643536,0.6634799125239792,0.4476314016070205,0.7904214482878339,4905.32031013334,8.32,9.27,48.44,53.36222204558979,14.671423569116158,6495.563453532569,0.4887015947353461,0.9259697657782296,0.14406905277992,0.0,59.06654092891179,0.0344941664751159,25.83,75.8,40.69,24.67,25.14,12.2,66.94,32.8,Low
1131,AGRA,UTTAR PRADESH,146,39.17604012003214,43.54987318937156,0.2902586175563091,0.2032175824701736,2.7057002525925764,45566.10621093349,9.75,7.73,46.11,130.52156693328908,16.964928618978117,59898.26255550886,0.5038425871299047,0.0044106538632671,0.0,0.0494786546772763,16.357511069322392,0.9461106914594556,32.83,75.8,31.45,22.6,90.51,83.21,66.23,88.27,Very High
1132,ALIGARH,UTTAR PRADESH,143,36.3279111253102,39.93489629082293,0.3501310586379342,0.2458039028385411,2.1370371211231447,37668.12601908232,10.15,8.46,46.53,67.59889640779159,17.157227943036577,50840.81797626474,0.2896619740982173,0.0004743232987604,0.0,0.0283691834942932,15.033610847598888,0.9711564932069466,37.26,75.8,31.97,20.57,83.19,84.32,66.55,85.87,Very High
1133,AMBEDKAR NAGAR,UTTAR PRADESH,178,36.96822089129422,40.86817254646751,0.2929651398715726,0.2035268177849268,1.5985477100278995,25093.33278159343,8.7,11.06,49.05,42.75398269271896,20.971123406998217,33383.059851792175,0.5790045109559517,0.0056717038304332,0.0,0.005637065171883,14.89212922071712,0.9809381955969746,34.03,75.8,32.84,24.68,87.67,87.65,66.09,88.87,Very High
1134,AMETHI,UTTAR PRADESH,641,37.61719309549339,41.47191116700501,0.300600794692193,0.2094753316014448,1.6373512742501233,20046.291807247624,8.97,10.5,49.01,22.795290951997657,19.64897172923769,26611.44807476944,0.4419804318391559,0.0,0.0,0.0029480322607216,11.290464873234228,0.9970519677392784,25.83,75.8,40.69,24.67,87.95,87.81,66.25,89.11,Very High
1135,AMROHA,UTTAR PRADESH,137,33.82364580254843,37.54766567946067,0.4317531668110019,0.2851429301880756,2.0467998133307783,18844.359574187954,10.64,7.74,47.18,44.142481725652,17.20887642640563,25641.318294128803,0.1974562339850925,0.025277417812614,0.0,0.0228507982839097,17.106493681739995,0.9250028307940064,25.83,75.8,40.69,24.67,75.29,77.74,66.73,80.02,Very High
1136,AURAIYA,UTTAR PRADESH,162,38.147033411036105,42.143050439744805,0.301099082912502,0.213062872399122,2.238769772369344,13814.05157741239,9.17,9.91,45.98,30.60702645912917,17.435792432484845,18554.265804116996,0.2089875971305814,0.0070704220964104,0.0,0.0233471049347565,17.241554023157704,0.9692570777781048,29.82,75.8,32.04,28.4,88.26,78.5,66.72,85.62,Very High
1137,AYODHYA,UTTAR PRADESH,177,35.97443272045298,39.81349804275001,0.3365482751149421,0.2335978523545192,2.2123208328336705,26744.201322080564,9.29,10.24,48.38,41.04218504218505,19.667831467831466,38630.84480733336,0.4482723215807419,0.0101621101621101,0.0,0.0165594165594165,12.465057758490175,0.9595348595348596,25.83,75.8,40.69,24.67,83.66,86.87,66.26,86.98,Very High
1138,AZAMGARH,UTTAR PRADESH,191,37.85331505741826,41.532363053915525,0.2776597993433236,0.1909416020441557,1.99325966105459,44602.77601325839,9.37,10.54,50.03,72.5717657582176,20.373355009740227,59469.648579547546,0.7381132139765759,0.0044199548426697,0.0,0.0070084642926448,13.362509752835749,0.9843939864627952,32.77,75.8,29.74,25.59,89.66,92.16,65.81,91.41,Very High
1139,BAGHPAT,UTTAR PRADESH,139,34.81967546240743,38.06850288093563,0.4077613014594862,0.280244311859133,2.5724834866834727,11505.964063539695,9.69,9.99,45.97,50.48058179714575,15.080727969546553,17565.976022179886,0.2305363806101366,0.0085585748449177,0.0,0.0307220296786789,11.103014718727538,0.955518137257434,21.08,75.8,31.98,11.44,77.68,71.87,66.58,78.53,High
1140,BAHRAICH,UTTAR PRADESH,180,35.08274999180152,39.13180252180428,0.3532414220060496,0.238294259883735,1.1728149919862776,35613.23879665262,11.95,8.83,46.57,17.800435677370558,17.52390450312635,47412.32189833847,0.1856693679884692,0.1079276941778685,0.0455334265820948,0.0058512893542875,24.577359288580077,0.8739824686694019,71.85,75.8,33.03,14.92,78.12,81.42,66.87,82.74,Very High
1141,BALLIA,UTTAR PRADESH,193,37.33290652379523,40.88002902224053,0.2544031200996935,0.1746348503150105,1.800014337088542,32050.187833284388,8.86,10.74,48.06,55.27552501636727,18.84116631385441,40595.43008624081,0.4822706589509964,0.0186698605872472,0.0,0.0102775913482051,14.989970118283326,0.9214406023627644,37.11,75.8,31.47,18.67,90.19,82.59,66.24,87.89,Very High
1142,BALRAMPUR,UTTAR PRADESH,182,35.812233769722894,39.81897655183738,0.3576748409902737,0.2404422749568608,1.1052793503880272,22289.433334613896,11.56,8.94,47.66,12.146455175557652,17.444277411133335,29343.84342233945,0.1493049922198265,0.1096020555112358,0.0843692046290444,0.0047554418209508,35.573180829491044,0.8852197967281737,32.45,75.8,35.38,14.06,77.77,74.99,67.11,80.06,Very High
1144,BARA BANKI,UTTAR PRADESH,176,34.613029450026126,38.40383353901221,0.3585859093592622,0.2448836765469035,1.758721056391857,32724.025444149043,10.16,9.78,47.2,28.148580835254485,19.05105932548703,43838.81245698174,0.2479357076065006,0.0038428732087266,0.0,0.0069269510006501,13.251958553264762,0.9826464031467372,44.77,75.8,36.58,26.53,81.09,90.38,66.59,87.5,Very High
1145,BAREILLY,UTTAR PRADESH,150,34.92746252805111,39.073141636927005,0.3737246584144492,0.2519618011893427,2.10510168947885,46015.83103071474,10.3,7.66,46.54,72.00178148408045,17.617098575730573,62400.07178719521,0.2092953737079096,0.0045559265010567,0.0,0.0297887501992174,18.9112378649425,0.9626764482798036,38.58,75.8,31.52,12.6,80.8,84.35,66.74,84.98,Very High
1146,BASTI,UTTAR PRADESH,185,36.98746502304211,40.87167801616391,0.2970160671314358,0.20309440856947,1.5143389212228997,23374.9380917222,10.09,10.23,48.65,28.756456244621894,19.46190290368415,30794.765974695263,0.4021244106811994,0.006224860419043,0.0,0.0086087430709811,16.666364224031714,0.9754745252246304,43.26,75.8,31.8,21.0,87.56,85.49,66.4,88.07,Very High
1147,BHADOHI,UTTAR PRADESH,198,38.44520948877744,42.50135787611957,0.2780507161823227,0.1914231419302175,3.050399761061449,15720.012661715118,10.25,9.24,48.47,165.47841341270194,24.977375079305087,21791.85748041925,1.436746497603939,0.0027319089040122,0.0,0.0172685764605138,12.013252381984712,0.9594547276238286,25.83,75.8,40.69,24.67,90.57,85.6,64.67,88.64,Very High
1148,BIJNOR,UTTAR PRADESH,134,34.007909361709,37.91205797808469,0.4542039121713808,0.2960714272208067,1.5130291325993892,37515.60956202795,10.01,8.08,47.41,34.9189408352075,15.84914025802254,50633.815717570615,0.1553708921780713,0.0789759965401484,0.0234384199024398,0.0267212797895651,18.464891171235184,0.8742849060278576,29.76,75.8,29.54,21.47,72.19,74.87,66.82,77.61,High
1149,BUDAUN,UTTAR PRADESH,149,35.475359980195385,39.50520030713549,0.3544464817023853,0.2477533634266168,1.1650225463160822,31691.230804791187,11.28,7.37,46.15,22.28599228879833,16.274212501022397,42773.00841658721,0.0984464764980898,0.0020116178217677,0.0,0.0119773863059359,30.177536813223927,0.9860109958722963,57.1,75.8,30.08,16.91,82.12,83.49,67.1,85.31,Very High
1150,BULANDSHAHR,UTTAR PRADESH,142,35.02201913336318,38.592265247838725,0.3828096781802071,0.2647794338217398,2.2646162852521163,36148.63418954452,10.18,8.87,46.96,54.49042185242164,17.08778445905003,50681.199659725055,0.2238255755737859,0.006599543187433,0.0,0.0273751922807999,16.445363240494864,0.965549806553863,32.88,75.8,33.53,20.74,79.65,84.15,66.68,84.4,Very High
1151,CHANDAULI,UTTAR PRADESH,196,39.350397994537886,42.91093841914751,0.2848947896783807,0.1853456674047185,1.899172915827814,18825.965154013425,9.75,10.0,47.5,61.01894733919616,16.77873855614865,23538.607704520786,0.4477027493633002,0.1235457025258029,0.0007079744296294,0.0124908900349128,24.08499469784683,0.8539892970924468,37.91,75.8,33.42,25.02,87.61,73.91,66.45,83.37,Very High
1152,CHITRAKOOT,UTTAR PRADESH,171,40.72226917950795,44.855183086425406,0.2950780162604396,0.188493762121233,0.9460439997024688,11280.22630645978,11.09,9.76,46.37,14.82508343419383,14.52477579609108,15153.079970218529,0.2159064956899881,0.1169949118462961,0.0690266391325671,0.0035831302530375,35.60658175331517,0.8754245112207982,52.81,75.8,39.75,26.92,87.54,76.51,67.0,84.63,Very High
1153,DEORIA,UTTAR PRADESH,190,37.77648626449084,40.827792775325065,0.2563039751806643,0.1719275402779774,1.919135269918788,27975.11978872524,9.22,10.86,50.11,47.32529343874989,20.27259071158981,39203.939190922814,0.5401764326432826,0.002961187147863,0.0,0.009230216638614,13.461285301722658,0.9822398380605126,31.36,75.8,28.26,18.66,90.95,85.79,66.13,89.47,Very High
1154,ETAH,UTTAR PRADESH,201,36.36637084254314,40.331919906959946,0.3515144738000044,0.2504521867906338,1.458441315492978,17646.674388801344,10.08,8.89,46.3,21.374254792914645,17.798763349393102,25661.84516729081,0.1805991759209496,0.0003645617396028,0.0,0.0109368521880852,16.654789608351756,0.988698586072312,38.47,75.8,30.77,15.84,83.04,79.17,66.75,83.78,Very High
1155,ETAWAH,UTTAR PRADESH,161,37.35958750742797,41.42391135891355,0.3505412990525105,0.2414719749379249,1.7861218231063836,15818.648568036737,9.17,10.16,46.17,35.421314246545364,17.114966199646332,20630.30304420736,0.2442026772840262,0.0097763791999208,0.0,0.0144785806101312,15.56596944810954,0.975373063810448,27.29,75.8,31.99,24.56,84.33,78.73,66.63,84.08,Very High
1156,FARRUKHABAD,UTTAR PRADESH,159,35.10666326164921,38.7035254602717,0.3916010625146773,0.2843389553463052,1.394736018845082,18678.07214415306,10.26,8.57,46.21,41.65886353046324,17.55934014729479,25063.062796573497,0.1996326456865318,0.0044608282032483,0.0,0.0251428498728544,22.484952249099063,0.9703963219238972,39.18,75.8,31.42,16.6,78.51,78.23,66.82,81.57,Very High
1157,FATEHPUR,UTTAR PRADESH,172,38.78910161443568,42.79031425060831,0.2769091263291722,0.1920240692955414,1.305482113029705,26185.242995436525,9.21,10.16,47.05,15.618641994304443,16.257926408356866,34487.34634464013,0.1531367606554572,0.0016378735558251,0.0,0.0092454094557769,25.63343465470852,0.985414685537527,42.63,75.8,40.41,24.76,90.8,88.3,66.94,90.76,Very High
1158,FIROZABAD,UTTAR PRADESH,147,37.44998964365573,41.63040086554213,0.3289483389391349,0.237652171762828,1.91670426105326,25332.95932671368,9.71,8.14,46.31,63.25424291506122,17.97646904960715,33205.11238696857,0.3139541438154776,0.0,0.0,0.0260187092110312,13.942123364863194,0.9739812907889688,32.03,75.8,30.48,19.07,85.71,79.08,66.5,84.73,Very High
1159,GAUTAM BUDDHA NAGAR,UTTAR PRADESH,141,36.38503100923426,40.31649084599154,0.3013926281591371,0.2032059569056128,14.677156192425224,22037.416900080098,10.0,7.42,45.57,607.5500816804088,18.86119021601157,27528.56884786456,1.8404894224380024,0.0457217126394913,0.0,0.2511700166672186,6.896779811150826,0.7031082706932897,15.17,75.8,34.53,13.25,87.19,57.37,63.95,75.41,High
1160,GHAZIABAD,UTTAR PRADESH,140,35.429981031936464,39.00797979532267,0.3589915379294347,0.2397757577953439,11.78348987604213,40546.65143401387,9.69,7.32,46.17,785.0860379084037,21.197889063384327,57484.00944078216,2.0541442712310083,0.0167315714708715,0.0,0.2794629705285962,6.472078801721463,0.7038054580005327,16.59,75.8,32.48,16.61,83.09,64.31,63.6,76.43,High
1161,GHAZIPUR,UTTAR PRADESH,195,38.13068626868254,41.86271653077367,0.2807168726612703,0.1924591334309172,1.8438793222589809,35999.08844098485,9.52,10.64,48.45,84.29823493736099,19.48202737316413,47419.56764516242,0.7400637540308279,0.0070068964367368,0.0,0.007557110791079,13.824730385186232,0.965781460694062,41.04,75.8,33.27,20.86,89.71,89.11,65.81,90.19,Very High
1162,GONDA,UTTAR PRADESH,183,35.78482688483395,39.60728182423729,0.3619015690383571,0.2494726179893182,1.49955899221451,35155.258471066365,10.43,9.22,47.53,16.257162374526867,19.25803154703097,42393.96407736078,0.3308745489812874,0.0115796489591331,0.0086000033194527,0.0062370770645904,19.191973607105872,0.9778889503278834,59.26,75.8,34.09,15.52,81.56,89.85,66.55,87.46,Very High
1163,GORAKHPUR,UTTAR PRADESH,188,37.326870006150365,40.81180490483752,0.2668745907154495,0.1793799516573875,3.4686416738095915,43540.079505239824,8.83,9.99,48.33,131.89327388492268,20.528802838759457,60020.28568163919,0.7832500787865501,0.0149603211220817,0.0037434882179737,0.0259359769141073,14.921849551803277,0.952640155360004,26.17,75.8,30.44,21.49,89.7,86.81,65.76,89.23,Very High
1164,HAMIRPUR,UTTAR PRADESH,168,40.6619909256785,45.02493019548262,0.2698588151020304,0.1766711246899046,0.9081167155297448,10987.454475565994,8.68,11.24,45.93,12.330783252768104,12.289456080977535,14885.830317274233,0.0659931961934163,0.0140527890116349,0.0,0.0142484173934366,42.08556242361296,0.9696361312098492,30.92,75.8,40.18,21.88,93.48,78.85,67.34,88.16,Very High
1164,HAMIRPUR,UTTAR PRADESH,168,40.6619909256785,45.02493019548262,0.2698588151020304,0.1766711246899046,0.9081167155297448,10987.454475565994,8.68,11.24,45.93,12.330783252768104,12.289456080977535,14885.830317274233,0.0659931961934163,0.0140527890116349,0.0,0.0142484173934366,42.08556242361296,0.9696361312098492,12.6,75.8,40.18,21.88,93.48,76.14,67.34,87.06,Very High
1165,HAPUR,UTTAR PRADESH,661,34.85126066712356,38.25920736665257,0.3983275278998931,0.2728578933072196,3.7593018862085175,16076.562515879605,9.66,7.35,46.58,100.91349310322924,17.64566119140619,19600.406829881787,0.3241174687478432,0.0208975635141309,0.0,0.0563238804660577,12.0287100155896,0.9202945688118916,25.83,75.8,40.69,24.67,78.24,75.9,66.45,80.36,Very High
1166,HARDOI,UTTAR PRADESH,155,36.80236752682627,40.65607661932288,0.3097867484711643,0.2150497274612084,1.1708325414917795,40989.56412523584,10.09,9.52,46.07,17.599281062964124,17.46770526017817,55785.17085965573,0.1052953715608839,0.0003851655573821,0.0,0.0105479676136093,19.572992864729475,0.9890668668290084,51.16,75.8,32.23,31.15,86.51,91.42,66.92,90.28,Very High
1167,HATHRAS,UTTAR PRADESH,144,36.58068592139444,40.04055778294915,0.3748149217509283,0.2700512745941008,1.7172580647788875,15493.36137293974,10.12,8.82,46.26,45.79518395480975,17.932618909236542,20951.201586554304,0.2313522075790947,0.0004956778832416,0.0,0.0153660143804901,15.123538158987778,0.9841383077362682,25.83,75.8,40.69,24.67,81.33,81.84,66.65,84.13,Very High
1168,JALAUN,UTTAR PRADESH,165,39.75719968380859,44.11105049777755,0.2782101157449218,0.1820954561461712,1.03460421005699,16601.13348954965,8.6,10.98,46.06,22.136967456587644,13.012990466382558,21656.160220867336,0.0839692029226781,0.0090871013729792,0.0,0.0147235020385264,32.38210143290191,0.9754923396749888,27.64,75.8,36.73,27.75,92.17,80.08,67.16,88.05,Very High
1169,JAUNPUR,UTTAR PRADESH,194,38.17109990034698,41.99477908631962,0.2975630376318696,0.2064574655119252,2.1095232995860744,42806.63250166298,9.38,10.88,50.32,94.87012560165796,21.02592065309028,57975.38911012135,1.2018754724385845,0.0,0.0,0.0085507118764052,12.22783421369825,0.9914492881235945,40.78,75.8,31.98,22.14,88.8,94.57,65.05,91.74,Very High
1170,JHANSI,UTTAR PRADESH,166,41.13423606417812,45.53643004128096,0.2701690933243203,0.1718722057359341,1.5341068479355424,19169.566183596176,8.31,10.0,46.74,42.17491807534967,13.071328828354693,26069.357049009945,0.1996188804485612,0.0053814145071539,0.0,0.0153302598432379,30.714212951043805,0.979288325649608,20.17,75.8,40.77,28.34,94.52,81.02,66.95,89.31,Very High
1171,KANNAUJ,UTTAR PRADESH,160,35.60127940260297,39.07004653149391,0.4051782864342637,0.2955735453569416,1.8531584938744987,16772.47788277794,9.88,9.32,46.36,30.64141407426369,18.01944011407794,23124.13827465572,0.1563971887060094,0.0008825083846606,0.0,0.0182235488470884,20.337967142181967,0.9804701393066908,43.5,75.8,31.67,18.71,78.09,80.5,66.85,82.34,Very High
1172,KANPUR DEHAT,UTTAR PRADESH,163,38.62523948819929,42.503142613565046,0.2803093513786486,0.1947110221027586,1.5066854268467,17255.46731390159,8.82,10.77,46.0,16.627996295248373,16.089031194185573,23360.40632570546,0.1169824917405313,0.0048011459088578,0.0,0.0090032538152752,19.920246537486964,0.9855379847565828,37.98,75.8,35.01,25.68,90.24,82.84,66.91,88.29,Very High
1173,KANPUR NAGAR,UTTAR PRADESH,164,37.950954307051575,41.58836864110993,0.3058605896518161,0.2115895930582723,3.826775297071393,42808.67459139075,6.93,9.93,45.92,198.30697353108016,16.43711054131915,59210.2554528948,0.5371860780817179,0.0105311840708851,0.0,0.0776103997772607,11.225023573233758,0.911121000276094,14.32,75.8,34.32,17.91,87.94,79.19,66.1,85.52,Very High
1174,KASGANJ,UTTAR PRADESH,202,35.66999764753039,39.66566851155126,0.3685911491088648,0.2594112026680691,1.1101911798043236,14125.532821218174,11.13,8.46,46.43,13.627330177952883,17.15640815463128,19033.46128627526,0.1141597416756529,0.006407713935676,0.0,0.010788228139295,27.456303885943992,0.9828040579250288,25.83,75.8,40.69,24.67,81.13,80.82,67.03,83.79,Very High
1175,KAUSHAMBI,UTTAR PRADESH,174,38.56411925064347,42.71918778324224,0.2792398982553419,0.1967912285524522,1.8511618690114555,17528.409873709945,10.71,9.32,47.19,17.12002893249992,18.477179588160286,21145.24776597659,0.3889928502985254,0.0026475966918688,0.0,3.8992587509114494e-05,14.99636049586472,0.9858788344335742,56.06,75.8,39.95,34.73,90.32,89.74,66.39,90.93,Very High
1176,KHERI,UTTAR PRADESH,153,34.51037581294228,38.13517905344625,0.4328249252652769,0.2907595777220719,1.0186679518357171,41301.28017977912,10.4,8.69,46.75,17.13057383310989,15.879619802987529,55187.79891463916,0.1105545856818703,0.1683217219739937,0.0852613205156106,0.0046817108328206,36.338683732102005,0.8087896154235389,59.95,75.8,31.45,27.73,69.54,78.09,67.18,77.99,High
1177,KUSHINAGAR,UTTAR PRADESH,189,35.37606205777831,38.63711833638096,0.3608893515634414,0.2418973563162631,1.8670820606027143,37494.02129164396,10.01,9.71,48.6,38.00507152083084,21.67380993041542,49063.48786626694,0.4960757644262846,0.0216246184633664,0.0,0.0044004493052365,15.805137119787444,0.962965991826878,42.82,75.8,31.34,17.52,81.15,88.54,66.23,86.63,Very High
1178,LALITPUR,UTTAR PRADESH,167,40.59479179728243,45.18394566557264,0.2807792167716734,0.1762877606750089,0.7836845144282852,12745.204224781308,11.29,8.7,47.05,14.577871727781822,12.747729007821412,17347.94023851314,0.1340222472088139,0.0995095978505539,0.0053862690210094,0.0028681777089165,45.01880728632942,0.8824707944992847,35.98,75.8,41.2,25.55,90.48,73.63,67.28,84.77,Very High
1179,LUCKNOW,UTTAR PRADESH,157,35.85108456489069,39.779274815948966,0.3483620697504218,0.2325421952305223,7.568467144658844,49874.001752683245,7.42,9.34,47.42,398.1034068506226,20.03238085528768,71928.87243521157,1.1977200243363242,0.023186257423942,0.0,0.0937989504877655,7.806448577486845,0.8823121782269608,12.16,75.8,33.61,20.82,83.42,81.41,64.99,84.13,Very High
1180,MAHOBA,UTTAR PRADESH,169,41.379392930823975,45.86058357270446,0.2671576231108843,0.1704816975029633,1.017869157702949,9457.321125254914,9.15,11.07,46.36,14.461746323350724,12.513972725240318,12029.07888647761,0.1073255384852118,0.0083528546480169,0.0,0.006886191005399,45.169655037596186,0.9840135822989466,35.29,75.8,39.92,25.29,94.83,80.73,67.33,89.47,Very High
1181,MAHRAJGANJ,UTTAR PRADESH,187,36.605788164871726,40.39009883213648,0.3306246813164227,0.2152401535211406,1.3985467179376938,28876.1964906932,9.75,9.27,48.09,21.98722302592918,18.946209977556517,37897.77386250114,0.3132648410369741,0.1032353073058142,0.0573123042685099,0.002106289131548,20.370257532078384,0.886920003492782,49.12,75.8,37.03,18.97,81.34,81.96,66.6,84.16,Very High
1182,MAINPURI,UTTAR PRADESH,148,36.689473102610926,40.58805620186193,0.3394454457546171,0.2464369226998011,1.428031262336266,18882.800149882078,9.6,9.69,46.51,23.49141245086853,17.72143527323445,25443.149103181317,0.1871439349912821,0.0,0.0,0.0122860403195131,18.001780065110914,0.9877139596804868,31.41,75.8,30.02,19.73,83.95,79.59,66.76,84.33,Very High
1183,MATHURA,UTTAR PRADESH,145,38.630669879655976,42.3707866011266,0.2737265147597378,0.1930980222297991,2.5429653145754485,26113.681321456854,10.58,8.65,45.96,76.1994567374608,15.254488755957818,34737.319273024725,0.3104497960412069,0.0002642730780351,0.0,0.0408389996590359,12.874979315649403,0.9588967272629288,33.78,75.8,33.01,19.95,90.77,78.89,66.48,86.72,Very High
1184,MAU,UTTAR PRADESH,192,37.52857940039873,41.06616167272772,0.2660272220976933,0.1855590714260554,2.5735356113031576,21408.71622204407,9.41,10.15,49.09,98.4795466065158,20.5104190436572,27653.29338630039,0.8907792778238959,0.0035500879444425,0.0,0.0166700659734773,12.386757548330804,0.9610358663890676,32.63,75.8,31.58,22.55,90.0,83.09,65.55,87.74,Very High
1185,MEERUT,UTTAR PRADESH,138,34.22369366304861,37.72443802683424,0.4428415747499014,0.300221712242232,3.456578707273186,33346.65075469161,9.64,8.24,46.62,165.59258152438554,16.656852477650247,46101.177261138015,0.4152569938140899,0.0342173618958296,0.001020597389672,0.0788448171663146,12.491900222868596,0.8706616272724966,21.1,75.8,31.67,18.22,74.46,72.69,66.31,77.44,High
1186,MIRZAPUR,UTTAR PRADESH,199,40.01206489862307,43.80374565105602,0.2690558437716008,0.1761113205404673,1.5317761099974248,26961.059352040556,10.32,9.56,47.08,36.04516791471303,16.285423326367827,34741.906301494666,0.3770795735720248,0.0171023130637767,0.0002045539320479,0.007980009866719,24.85712416743044,0.9533777469387102,42.73,75.8,35.32,27.28,92.53,84.23,66.57,89.65,Very High
1187,MORADABAD,UTTAR PRADESH,135,34.140443406880856,38.27096594555524,0.4062493790567063,0.2716651114032251,2.5991355507225005,32767.91261992453,11.2,7.38,47.18,88.63250241849194,17.865821615658263,40696.505265480046,0.3013896237285005,0.0069272248993741,0.0,0.0428401320247569,16.04962087493447,0.9492893934980674,36.85,75.8,29.71,15.34,77.95,79.28,66.55,81.66,Very High
1188,MUZAFFARNAGAR,UTTAR PRADESH,133,33.688550722854295,37.42540643997253,0.4669189649329977,0.307958881065248,2.1097393600271404,29058.57739870734,10.04,8.63,46.78,63.972005093421394,15.471476840061516,38512.61557150387,0.1580736362680718,0.0320015633273657,0.0,0.0461635442144279,12.38930922616512,0.8622355581330846,29.85,75.8,31.17,13.55,72.75,71.08,66.72,76.25,High
1189,PILIBHIT,UTTAR PRADESH,151,34.29636366844152,37.94278530012187,0.4266613397766452,0.2879894534767556,1.143484385915005,20917.767044638404,9.58,8.42,46.72,15.0190608828256,15.286463207087715,27896.54542077673,0.1076749102027207,0.2098411760306595,0.0987264167291419,0.0072097362905564,31.75017164633353,0.7651012281633001,43.26,75.8,30.46,16.51,68.18,63.55,67.11,71.46,High
1190,PRATAPGARH,UTTAR PRADESH,173,37.92060850546908,41.90947199136273,0.3111607924915063,0.218138531285287,1.701808103852012,33219.89172201246,8.63,10.59,49.64,44.22128690036904,20.44408800133085,44143.59655986979,0.7330961047728249,0.0004508574798862,0.0,0.0031333177061278,16.87635458047848,0.995874228721796,36.94,75.8,33.24,22.12,87.55,90.66,65.87,89.96,Very High
1191,PRAYAGRAJ,UTTAR PRADESH,175,39.163438694859686,43.209469968682406,0.2786269429396323,0.1896814101787625,2.919322131812173,60822.65001318078,9.65,9.13,47.06,104.0484770756134,19.38619069779751,80853.36537307812,0.7758909935425362,0.0099497253256171,0.0003291832576104,0.0241949694343663,16.517105495766625,0.9549625666999508,25.83,75.8,40.69,24.67,91.16,94.73,65.8,93.07,Very High
1192,RAE BARELI,UTTAR PRADESH,158,37.46761898378115,41.37193137921305,0.3040632655411426,0.2107039532914204,1.5635429237717804,29366.621247740364,8.97,10.49,48.19,34.86528886490221,19.00999295615181,40158.98993893013,0.3814403127028204,0.000228231421291,0.0,0.0095320181833315,12.758039830439058,0.9897734422757982,34.1,75.8,35.37,30.31,87.65,89.43,66.37,89.7,Very High
1193,RAMPUR,UTTAR PRADESH,136,33.97672805245042,38.22645928492668,0.3832000485575305,0.256595035424724,1.945343959601581,24421.580923724625,10.46,7.19,47.13,48.436600943941,18.037434888766352,32765.731654353163,0.1905871595975983,0.0071280428058871,0.0003690661757362,0.0213146571375227,17.67956727136366,0.9557815301917842,38.89,75.8,31.56,13.2,79.21,77.64,66.75,81.59,Very High
1194,SAHARANPUR,UTTAR PRADESH,132,32.97851570681358,36.73738101153676,0.4684524117023244,0.2956651059491244,1.9723822048806992,35229.4934671216,9.79,8.13,46.7,62.61450876203306,16.057904936946123,47113.8260612382,0.190039090408853,0.116357614688916,0.0075619165468673,0.0321829563445126,19.616477140130744,0.7212736338325483,28.52,75.8,29.93,22.08,69.85,63.39,66.78,71.94,High
1195,SAMBHAL,UTTAR PRADESH,659,34.7559945688033,38.73976776757341,0.3772965243191032,0.2576166265262173,1.5170684640010272,23926.89593146175,11.27,7.37,46.68,25.971110292921413,16.81441174539839,32441.324265146763,0.1563384542033321,0.0045923274737632,0.0,0.0242574215037375,20.63551950986355,0.9711502510224992,25.83,75.8,40.69,24.67,80.1,81.7,66.85,83.65,Very High
1196,SANT KABIR NAGAR,UTTAR PRADESH,186,37.68318156283215,41.4666760714773,0.257544972873645,0.1737714442494605,1.5773189028614676,17189.799003644075,10.43,10.3,48.83,37.259747939377824,19.665739962775863,21787.81025375381,0.4162904199480028,0.001429407072587,0.0,0.0043413985642116,15.518781095547492,0.9870566338739696,43.79,75.8,31.45,21.61,91.08,84.86,66.36,89.23,Very High
1197,SHAHJAHANPUR,UTTAR PRADESH,152,36.33528231826148,40.32108919788117,0.3168796551962232,0.2155009332459206,1.4098532172612084,30348.0695590524,10.69,8.24,46.09,22.827367033544352,16.807746393152776,40932.29723151342,0.1192337146161907,0.004351600338262,0.0015743920252159,0.0161323129949004,26.587280732989445,0.976279213540733,50.52,75.8,29.68,17.73,85.71,82.49,67.01,86.34,Very High
1198,SHAMLI,UTTAR PRADESH,660,33.787009745219834,37.09488290479453,0.4365267147987277,0.2892327833788048,1.9286648492272729,12178.01576783891,10.05,8.63,46.36,55.45104609924456,16.106822250422784,18050.19467993927,0.21162116777526,0.0186288790621197,0.0,0.0281687204730051,13.614164798270242,0.9358295180047894,25.83,75.8,40.69,24.67,74.9,76.38,66.65,79.27,High
1199,SHRAWASTI,UTTAR PRADESH,181,35.69815389244897,39.90829064276242,0.3359919685411693,0.2248145949443696,1.0464533843783737,11899.304360168471,12.09,8.67,46.41,7.44606558639626,16.90389689011797,14941.536721961826,0.1359084534413245,0.1321310295047437,0.0980679434801376,0.0009134595579213,29.833528999620363,0.8669555109373352,74.35,75.8,36.13,17.44,78.26,75.01,67.04,80.24,Very High
1200,SIDDHARTHNAGAR,UTTAR PRADESH,184,37.79328300583135,41.86196720513631,0.2518530644984801,0.1676882434749202,1.3819285688199008,28949.453540342907,11.97,9.97,48.89,12.605784674881932,19.94076777932252,37018.13524622473,0.2023531199887223,0.0006117667944979,0.0,0.0028669071350001,25.5743511764783,0.996319802891138,57.24,75.8,34.34,16.44,91.82,91.32,66.86,92.39,Very High
1201,SITAPUR,UTTAR PRADESH,154,35.2058636089156,39.043458794425504,0.375684306708509,0.2523808655458768,1.220497531131622,46538.99835827258,10.54,9.17,46.59,11.271465816448629,18.77449849670463,60374.35002975589,0.1088557839140159,0.009412014487773,0.0,0.0123406365959611,17.17945653048051,0.9767161647585342,56.71,75.8,31.73,32.29,80.6,93.66,66.87,88.76,Very High
1202,SONBHADRA,UTTAR PRADESH,200,39.08568122394587,42.69845786911943,0.3089730502349003,0.1943407051124966,1.1527183090852295,19418.49209410511,10.94,8.24,47.32,33.07134252290726,14.004124722776613,25447.0468796834,0.368002117200751,0.2212463499456528,0.0324432063161754,0.0163496616519029,38.20778915962913,0.7240638949920353,48.35,75.8,39.21,43.31,82.52,68.61,66.8,79.27,High
1203,SULTANPUR,UTTAR PRADESH,179,37.45005155238437,41.29238105592528,0.3139859665841659,0.2176197603299877,1.9062831305430268,23535.30321038284,8.96,10.51,49.2,39.27312035938538,20.19550324524893,31623.74607693547,0.6418092974107621,0.0,0.0,0.0073218767497131,14.863150505801036,0.9926781232502868,36.23,75.8,32.73,22.45,86.96,87.05,65.99,88.29,Very High
1204,UNNAO,UTTAR PRADESH,156,37.4393318193671,41.18549727509483,0.3073639757386112,0.2112297491540644,1.4538612927255818,31138.89193271002,8.84,10.19,47.21,21.465209369042444,17.31772771297042,40928.65802827336,0.1852812269956843,0.0028420062157871,0.0,0.0127235139426112,14.574822197344153,0.9844344798416014,40.79,75.8,36.18,30.61,87.33,89.19,66.71,89.61,Very High
1205,VARANASI,UTTAR PRADESH,197,37.86678985345252,41.54064334177332,0.306166434935181,0.2112713872382232,5.43237663996244,37114.76820085283,8.42,9.5,47.36,410.9197225043545,21.998901598885976,51679.99693806851,1.9074676324551236,0.0028861753121711,0.0,0.0909237139745115,5.757680988569836,0.8971960898758665,26.0,75.8,33.2,14.02,88.25,80.86,63.82,85.41,Very High
1208,BANDA,UTTAR PRADESH,170,41.04801364202154,45.39805871203362,0.2566929623070801,0.1667564670738672,0.94700165348829,17808.983826034677,10.3,10.32,45.98,20.99479401010402,13.970572642847928,23412.283112162822,0.1528490186046908,0.0043630542342077,0.0001026600996284,0.0142224339586777,35.78683038562297,0.9762895271459766,40.18,75.8,39.0,21.56,95.08,82.41,67.1,90.17,Very High
773,B>GESHWAR,UTTARAKHAND,46,21.552789655815705,23.662044771799472,0.4869559857468009,0.2782224787091595,0.5591088216516817,2215.003558893842,8.71,13.58,52.03,3.590528990458994,12.195835410375574,3174.295223169433,0.1734759041810585,0.8967958751077661,0.1832261857322732,0.0,160.8006493790531,0.0168516938816017,25.83,75.8,40.69,24.67,30.45,15.62,69.09,37.24,Low
774,CHAMP>WAT,UTTARAKHAND,48,28.953420717254414,31.48937202226262,0.5495111895550849,0.3256583063213588,0.6319701011704991,2536.47994414841,9.01,10.28,48.96,10.561297474455372,12.336888374783108,3535.3146216183054,0.1706729671710117,0.9586851744746484,0.3698072103335262,0.0017601696549064,45.45315404156353,0.0384615384615384,25.83,75.8,40.69,24.67,28.36,12.08,67.23,34.18,Low
776,HARIDW>R,UTTARAKHAND,50,33.475064328206855,37.02491675300157,0.4750240064519829,0.304012913677669,2.9728066997923563,20784.93911007537,9.76,8.58,46.42,109.367309294829,15.61110913409783,26885.74355099589,0.3416216681877034,0.2673327224362338,0.049120871625609,0.046994593857222,17.988840643352994,0.5394310353519625,25.83,75.8,40.69,24.67,64.4,51.07,66.52,64.57,High
777,NAINIT>L,UTTARAKHAND,51,30.72474517455623,33.256909694220695,0.5583762497616023,0.3300845514460931,1.1188585707721317,9469.158590587977,8.38,9.47,47.93,63.42483497152031,12.922346521378977,12787.730600972578,0.3848196773958405,0.8674750856098583,0.4252252329185917,0.0071861043031229,34.68555818803205,0.1054662214669387,25.83,75.8,40.69,24.67,31.34,17.57,66.72,37.43,Low
778,PAURI GARHW>L,UTTARAKHAND,52,29.42656731592444,32.371385832360126,0.5423909889172702,0.3075243437571752,0.7380520706135468,6322.113008566418,7.7,14.59,52.42,10.88872081531017,12.022111694412716,9336.761176954678,0.1121444967458688,0.9612008882157388,0.3995443401917622,0.0012501764879538,39.802300620381295,0.0202274448394922,25.83,75.8,40.69,24.67,29.48,18.1,67.23,37.1,Low
779,RUDRAPRAY>G,UTTARAKHAND,54,19.815120134116,21.16992504984758,0.5117092060084059,0.2950347107225616,0.642744423797321,2140.209800792048,8.36,12.94,52.19,2.402586618856696,12.647801950131663,3033.3921554443896,0.1072290385657922,0.8823888265657143,0.3336507861192922,0.0,183.8232557659109,0.0414530073850137,25.83,75.8,40.69,24.67,24.09,16.84,69.57,35.33,Low
780,TEHRI GARHW>L,UTTARAKHAND,55,24.792557976731395,27.23236713802784,0.5327883705003444,0.2902222877613502,0.8245560118292932,5763.038757693701,8.51,12.48,51.7,3.2166644101589417,12.622715932697997,7732.427845866403,0.1350567371448603,0.911658153739752,0.2891483249957529,0.0007183455802774,137.8803121723859,0.0295004609312276,25.83,75.8,40.69,24.67,29.3,16.33,68.78,36.94,Low
781,UDHAM SINGH NAGAR,UTTARAKHAND,56,33.53255298446484,37.0506812527059,0.4363090639014239,0.2834143613560643,2.9660211073525384,18664.75254467549,9.02,8.2,47.48,108.70997772720246,16.582541759896447,23493.311782119406,0.5583052473305017,0.2385005967983975,0.0626516782636173,0.0236416599822687,15.932004892912603,0.6904234646033949,22.98,82.1,35.87,21.91,67.26,58.57,47.35,60.97,High
782,CHAMOLI,UTTARAKHAND,47,14.208474181838064,16.549839407170186,0.3161105148427179,0.1708134655629421,0.5318153231452407,3673.59487696488,8.57,11.47,50.27,1.0198879967962164,11.571753747973409,5157.705876917231,0.0625647235661175,0.6375135374883464,0.1541910772072833,0.0001098070625318,418.7044897904714,0.0181035243760913,16.78,82.1,46.2,23.39,42.17,13.25,54.64,35.16,Low
783,PITHOR>GARH,UTTARAKHAND,53,16.006808294461802,18.144119710674268,0.3365930668816661,0.1874597439138736,0.4997844338740196,4392.643312376501,8.34,12.65,50.47,3.3319542794306964,11.63582597832722,5831.739041012501,0.069676981871873,0.7044147802661724,0.1226299799991209,0.0002384396509243,438.3099190848038,0.0102117624617444,25.83,75.8,40.69,24.67,41.07,13.58,73.73,42.65,Moderate
784,UTTARK>SHI,UTTARAKHAND,57,15.225389689339725,17.065989386283782,0.3308989441911626,0.1665223786124489,0.4883156343802187,3505.823552451121,8.79,10.26,48.58,0.5453653300814197,11.462814005569069,4711.697759855293,0.0263096880332484,0.6423936335726498,0.1919964457389391,0.0,354.00771015011736,0.0232307745929123,25.83,75.8,40.69,24.67,41.78,10.57,72.44,41.18,Moderate
848,ALMORA,UTTARAKHAND,45,28.66647439367729,31.971585596570343,0.5245266096938961,0.2886739647942264,0.6722756371708914,5321.547766822576,8.23,14.27,53.12,5.903167634698933,13.220003410236307,8446.410677620232,0.2257501023455208,0.8912372035198814,0.1434015164759738,0.0008255793624584,21.23309957849816,0.048651985383468,25.65,82.1,47.9,24.46,37.58,23.08,47.97,34.57,Low
862,DEHRAD@N,UTTARAKHAND,49,30.156355456652296,32.896176485585585,0.542047462481756,0.3119766644659639,2.6445244562946217,18523.19560786653,7.58,10.4,47.31,153.65811255038557,14.149394287254808,24169.77635005057,0.5859555732527596,0.8177426438296008,0.2855318140509705,0.0361177422090035,28.75903124012665,0.1275225348621819,25.83,75.8,40.69,24.67,36.73,23.04,66.3,41.7,Moderate
785,MURSHID>B>D,WEST BENGAL,333,32.59145974306898,35.61727099442894,0.5207804875470622,0.3688588112790248,1.3707934544293956,72048.75131783445,9.35,8.38,48.43,75.39859063977096,18.846295852473197,92165.47689641792,0.6130836828779851,0.0129651820784235,0.0,0.0278663204846548,17.44426915058897,0.8934804606883695,25.83,75.8,40.69,24.67,67.03,92.12,66.07,82.25,Very High
786,SOUTH 24PARGANAS,WEST BENGAL,343,31.14622892841945,33.31590390374651,0.4269998666058943,0.2583756340306827,1.1570192038680531,83802.74462500561,8.08,9.38,48.33,68.56726785146725,17.294530837659863,3410.829524884955,0.6072034414190693,0.3127271094983628,0.0005538593863238,0.0051733362679434,63.14927962440422,0.390312673533558,25.83,75.8,40.69,24.67,64.5,57.08,66.82,67.2,High
787,PURULIYA,WEST BENGAL,340,35.08734229828762,38.43288792690482,0.451995673432279,0.2985784512730947,0.8614409149696857,29736.143731653712,8.88,10.21,48.52,14.725454564209777,15.860719508896436,36494.517625623135,0.1663735314033618,0.0535041330270813,0.0288498127186286,0.0094471646471453,23.618368037420744,0.9336325938355314,49.69,79.1,42.65,37.83,73.55,90.32,57.05,80.49,Very High
788,PASCHIM MEDIN|PUR,WEST BENGAL,344,32.61393083890539,35.768078143589555,0.5359893441717484,0.3620648788921592,1.4031606077711187,47566.37707926905,7.41,10.06,48.69,54.148196023004985,18.07999530792329,60281.65802874234,0.6284930783821663,0.0155885048720546,0.0082628850981713,0.0098240356229824,17.747526311736998,0.9663740252153126,25.83,75.8,40.69,24.67,66.65,92.26,66.06,82.14,Very High
789,PASCHIM BARDDHAM>N,WEST BENGAL,335N003,34.847303759102786,38.31448707781877,0.4532813747167932,0.2873349613169748,6.856993819650809,31872.02367707983,6.9,9.43,48.15,301.1685994608017,19.06763521046065,45266.89345145124,1.0702524458847025,0.040510950526096,0.0113258331149594,0.2227058525687435,8.307260447270629,0.7314556138379474,25.83,75.8,40.69,24.67,75.57,70.91,65.2,76.71,High
790,NORTH TWENTY-FOUR PARGANAS,WEST BENGAL,337,31.251162721976453,34.162805300996176,0.4850998183331087,0.3209744747524745,3.7215741345886775,90828.03667454635,6.14,11.38,48.42,261.61955836872073,21.338102032924517,115293.03288254596,1.2033245071139227,0.2156965964086475,0.0,0.0584052273913431,10.452086434899083,0.2728669075804929,25.83,75.8,40.69,24.67,63.26,53.03,65.02,64.3,High
793,KOCH BIH>R,WEST BENGAL,329,29.212123913426367,31.797080826676066,0.5529574370886474,0.3638587463485722,1.0835707833939554,28181.062913492144,7.91,8.99,48.05,78.87294487201581,20.113184376563623,36093.35592902575,1.1943588925397557,0.08123244356508,0.0018207826666472,0.0065751638600592,21.953460046857817,0.3375766358496953,25.83,75.8,40.69,24.67,60.34,42.42,65.22,58.85,Moderate
794,JHARGRAM,WEST BENGAL,344N004,33.774746899410154,37.28118569382413,0.5212978209575003,0.3403748842668051,0.7301341932412984,10791.603105939836,7.43,10.05,48.69,14.466067420439416,15.025216306078937,13535.1389261527,0.1876619263001677,0.0692936174572277,0.0450307811233946,0.0008906036080505,26.837417909409144,0.9229668625606544,25.83,75.8,40.69,24.67,67.13,76.71,66.9,76.33,High
795,JALP>IGURI,WEST BENGAL,328,29.52387563600546,32.360012350859414,0.5785561974556216,0.3959416733368148,1.3276901769605858,24126.528703705684,7.67,8.1,48.35,74.93886164302724,16.98311491422641,31436.26580021053,0.7672031711050811,0.4190167070267189,0.1422376427016137,0.0124417492521519,18.994917500999676,0.2201908793064853,25.83,75.8,40.69,24.67,45.52,30.54,65.85,48.19,Moderate
796,HUGLI,WEST BENGAL,338,32.207930560218955,35.33890860526436,0.5601114509059516,0.3913497123611876,2.5518124974688305,48937.55166741255,6.16,11.32,48.58,191.2845439650466,20.87643933187696,64093.32521946156,1.1360592438566244,0.0288583196795922,0.0,0.056147596941562,9.703104892963722,0.857308164937193,14.93,79.1,39.01,28.51,63.98,86.03,55.28,74.1,High
798,B>NKURA,WEST BENGAL,339,33.72880971328498,36.94663350184869,0.5202428275192506,0.34410934894538,0.976775255310674,33997.83656184811,7.38,10.82,48.56,18.61038078087348,16.36110106016352,42341.86939257148,0.2477035645183969,0.0348153238311037,0.0195244436148792,0.0145812891096273,15.740685246607091,0.9413526339333664,25.83,75.8,40.69,24.67,68.39,86.35,66.63,80.67,Very High
799,>L|PUR DU>R,WEST BENGAL,328N002,29.140652507950872,31.670910657226926,0.6198877345231767,0.4152721517982528,0.8192941548434384,12237.051562000202,7.68,8.1,48.13,44.86648538053253,14.882501898267806,15314.07226669494,0.5434209902966809,0.4913477639090972,0.2365609496700317,0.0067240448502394,33.26734342776185,0.1687768921272692,25.83,75.8,40.69,24.67,38.57,22.21,66.44,42.18,Moderate
800,UTTAR DIN>JPUR,WEST BENGAL,330,30.398029125021065,32.98206813903641,0.5152728209829607,0.3512220738449995,1.3698959967695463,28755.15013159487,10.34,7.52,47.86,37.280940897640825,19.495110365398144,35551.10040703248,0.5854681008524418,0.0053314994170072,0.0,0.0042495186529675,19.578432317422983,0.873929079857125,25.83,75.8,40.69,24.67,65.75,78.35,66.15,76.13,High
801,PURBA MEDIN|PUR,WEST BENGAL,345,31.66351279680963,34.042732652893186,0.4866156707102061,0.3093538786084329,2.0059515964802554,49871.28376349233,7.48,10.16,47.91,84.75787720294265,22.136957509501094,60376.61455226224,1.0651095926827172,0.1218197493008453,0.0,0.0079217714781486,13.560589572456974,0.8097714342657519,25.83,75.8,40.69,24.67,66.49,83.9,65.29,78.35,High
802,PURBA BARDDHAM>N,WEST BENGAL,335,32.49943776260142,35.542656991899904,0.4941612545436458,0.3287704710172164,1.3274104777721178,42274.19728047217,6.9,9.44,48.15,54.93700583709208,17.04828999734678,54201.90890111256,0.5020537591154489,0.0071026797559034,0.0043977182276465,0.0375756168745025,15.327003831467971,0.9501021491111702,25.83,75.8,40.69,24.67,69.86,87.94,66.22,81.76,Very High
803,NADIA,WEST BENGAL,336,31.789218635492496,35.14093294109557,0.5849683163260659,0.419159435238329,1.7576928204973514,46728.73450564964,6.51,10.9,48.24,103.0336811040101,18.55273550876295,59062.04429188446,0.7548738519456877,0.0069134026176175,0.0,0.0197245862307834,11.714831344057997,0.6200416000088312,11.07,79.1,35.66,32.66,62.0,65.71,55.92,65.24,High
804,M>LDAH,WEST BENGAL,332,31.687038450364263,34.1739144331662,0.4983687794533348,0.3466078720099219,1.2387466031838363,37086.63985352787,9.9,7.61,48.02,55.43830454735411,19.145117239999127,44118.4053862186,0.5752409213839373,0.0394933301417945,0.0002501564704197,0.006749319672501,19.53250343844497,0.8164155618906729,25.83,75.8,40.69,24.67,66.79,76.74,66.17,75.9,High
805,K>LIMPONG,WEST BENGAL,327N001,24.543358557409427,26.24770094609709,0.6000599439442886,0.4003590955363841,0.5723093751664987,1874.3309891498843,6.55,8.92,48.73,22.576660838882468,13.038514329024608,2367.6065944063243,0.3517521199016772,0.992328343094076,0.6953629308340739,0.0024362048704989,53.62027540709744,0.0052354520354252,25.83,75.8,40.69,24.67,10.62,7.76,67.08,25.1,Low
806,H>ORA,WEST BENGAL,341,31.95505144993486,34.90241891214248,0.5329979711223612,0.3460660084424328,4.346646778027249,37498.334560616815,6.91,10.26,47.94,379.5331063604009,25.981950247729635,48524.53019138581,1.6138190788465208,0.147222897736903,0.0,0.0871536759052511,8.514514717842868,0.4676403903737933,25.83,75.8,40.69,24.67,63.37,58.69,64.33,66.37,High
807,D>RJILING,WEST BENGAL,327,26.36359417954377,28.345172374839244,0.5831853836832822,0.3934047518633796,1.4053430382784202,15800.313529799878,6.57,8.93,48.75,104.19626195217104,17.430522803416945,21075.972981315397,0.6708318440531571,0.6780083452826733,0.4346580676729036,0.0186477651903852,17.11403141970524,0.1815014033394723,25.83,75.8,40.69,24.67,28.24,26.53,65.98,39.53,Low
808,DAKSHIN DIN>JPUR,WEST BENGAL,331,31.63205013516222,34.229733824788795,0.4902065948398114,0.3349893191708403,1.2188399299675328,15829.99895714872,7.34,9.22,48.39,28.92657223366484,18.811210338771037,20896.05185039619,0.5164986312766714,0.0008055446745599,0.0,0.0073430925333906,17.407470202968973,0.991682356360328,25.83,75.8,40.69,24.67,68.78,83.85,66.23,79.65,High
809,B|RBH@M,WEST BENGAL,334,33.65796783293457,36.598021503482535,0.467635077514163,0.3071061376491203,1.346311254689717,35169.805883995185,8.26,8.61,48.43,52.28817258266256,16.868872307806942,46005.08792041202,0.3729269607535931,0.0024811502374109,0.0003999325603917,0.0226667659963222,17.567872528195533,0.9740522186454832,25.83,75.8,40.69,24.67,73.11,86.92,66.46,82.77,Very High
810,P@RBA MEDIN|PUR,WEST BENGAL,345,29.946503081725773,31.045952165712773,0.2690729062081661,0.1576012881884682,3.199617452855365,17.408605253930183,7.48,10.16,47.9,0.0,10.726333907056802,0.8694181041151751,0.0,0.8339070567986232,0.0,0.0,34.80500393690347,0.0,25.83,75.8,40.69,24.67,57.41,6.98,67.33,44.01,Moderate
1211,KOLK>TA,WEST BENGAL,342,34.12794096298136,37.82793386036188,0.3509014418350415,0.2120807017188064,40.36727717835909,53585.60295073566,6.44,11.28,47.81,3388.244007161852,29.80386601074276,77460.27662907897,9.750687419212928,0.1191092878126792,0.0,0.8467328384932289,1.2100880792003494,0.002590088132529,25.83,75.8,40.69,24.67,83.49,36.01,55.23,61.6,High
