YEAR,DOY,T2M_MAX,T2M_MIN,RH2M,WS10M,ALLSKY_SFC_SW_DWN,district
2015,1,23.39,16.88,93.18,6.8,4.29,Khordha_Bhubaneswar
2015,2,28.37,21.26,88.44,3.2,6.16,Khordha_Bhubaneswar
2015,3,28.68,19.86,82.36,1.03,13.27,Khordha_Bhubaneswar
2015,4,27.79,18.13,83.57,1.84,10.08,Khordha_Bhubaneswar
2015,5,25.25,13.95,77.59,3.2,13.72,Khordha_Bhubaneswar
2015,6,24.76,10.68,67.55,2.93,17.28,Khordha_Bhubaneswar
2015,7,24.82,10.16,66.47,2.36,16.71,Khordha_Bhubaneswar
2015,8,25.19,10.27,66.0,2.36,14.89,Khordha_Bhubaneswar
2015,9,24.44,10.29,70.87,2.96,15.25,Khordha_Bhubaneswar
2015,10,24.41,9.34,62.35,2.46,15.9,Khordha_Bhubaneswar
2015,11,24.24,8.4,60.43,2.0,15.82,Khordha_Bhubaneswar
2015,12,24.21,9.72,65.73,1.7,14.74,Khordha_Bhubaneswar
2015,13,24.74,10.19,69.44,1.91,15.02,Khordha_Bhubaneswar
2015,14,25.11,11.41,68.51,1.65,15.43,Khordha_Bhubaneswar
2015,15,25.91,11.05,66.96,2.0,14.86,Khordha_Bhubaneswar
2015,16,26.35,12.77,65.5,2.04,16.36,Khordha_Bhubaneswar
2015,17,26.22,10.86,60.02,2.28,17.04,Khordha_Bhubaneswar
2015,18,25.15,9.59,58.15,1.91,17.44,Khordha_Bhubaneswar
2015,19,24.28,8.39,61.39,2.39,17.28,Khordha_Bhubaneswar
2015,20,24.53,9.29,61.96,2.25,14.76,Khordha_Bhubaneswar
2015,21,25.67,9.81,62.88,2.46,15.74,Khordha_Bhubaneswar
2015,22,26.04,10.57,54.72,1.58,17.98,Khordha_Bhubaneswar
2015,23,27.06,10.92,56.57,1.82,18.04,Khordha_Bhubaneswar
2015,24,28.63,12.65,64.06,2.72,16.49,Khordha_Bhubaneswar
2015,25,28.15,14.56,67.51,1.7,15.46,Khordha_Bhubaneswar
2015,26,28.11,15.54,68.93,1.19,15.4,Khordha_Bhubaneswar
2015,27,28.73,15.38,69.53,1.13,15.49,Khordha_Bhubaneswar
2015,28,29.11,15.75,68.08,1.45,16.0,Khordha_Bhubaneswar
2015,29,29.33,16.4,72.28,1.55,17.01,Khordha_Bhubaneswar
2015,30,28.09,15.97,72.52,0.92,13.63,Khordha_Bhubaneswar
2015,31,27.49,13.07,59.28,2.05,14.79,Khordha_Bhubaneswar
2015,32,26.74,9.9,48.82,1.96,17.36,Khordha_Bhubaneswar
2015,33,27.22,10.83,57.41,1.74,17.62,Khordha_Bhubaneswar
2015,34,29.57,11.82,54.48,1.79,18.72,Khordha_Bhubaneswar
2015,35,30.91,13.86,52.15,1.62,18.54,Khordha_Bhubaneswar
2015,36,30.69,14.91,53.14,2.12,17.93,Khordha_Bhubaneswar
2015,37,29.18,15.08,59.01,1.69,14.83,Khordha_Bhubaneswar
2015,38,28.0,14.63,57.22,1.63,16.06,Khordha_Bhubaneswar
2015,39,27.91,15.85,58.19,0.99,17.25,Khordha_Bhubaneswar
2015,40,29.86,16.03,57.83,1.88,17.58,Khordha_Bhubaneswar
2015,41,30.35,16.24,63.5,1.79,15.47,Khordha_Bhubaneswar
2015,42,29.1,17.48,62.84,1.73,15.59,Khordha_Bhubaneswar
2015,43,29.29,17.29,65.56,1.13,13.77,Khordha_Bhubaneswar
2015,44,29.79,17.36,64.38,2.36,16.13,Khordha_Bhubaneswar
2015,45,30.97,15.95,54.76,1.91,18.6,Khordha_Bhubaneswar
2015,46,32.11,14.73,51.26,2.21,19.65,Khordha_Bhubaneswar
2015,47,31.82,18.65,71.0,2.21,17.39,Khordha_Bhubaneswar
2015,48,32.27,19.09,70.3,2.47,16.14,Khordha_Bhubaneswar
2015,49,32.72,18.44,71.08,3.51,17.03,Khordha_Bhubaneswar
2015,50,33.64,19.34,64.73,2.29,18.89,Khordha_Bhubaneswar
2015,51,32.56,16.69,55.65,1.76,18.49,Khordha_Bhubaneswar
2015,52,33.69,17.08,52.94,1.76,19.09,Khordha_Bhubaneswar
2015,53,34.0,15.83,48.77,2.75,20.62,Khordha_Bhubaneswar
2015,54,34.35,16.66,49.78,1.63,21.39,Khordha_Bhubaneswar
2015,55,35.1,16.83,48.15,2.59,21.89,Khordha_Bhubaneswar
2015,56,35.1,18.05,53.22,2.49,22.11,Khordha_Bhubaneswar
2015,57,35.21,18.15,59.38,3.09,22.17,Khordha_Bhubaneswar
2015,58,34.06,19.02,63.25,3.68,22.08,Khordha_Bhubaneswar
2015,59,34.03,19.04,61.55,3.59,22.89,Khordha_Bhubaneswar
2015,60,32.47,18.33,66.4,3.7,22.71,Khordha_Bhubaneswar
2015,61,34.05,18.05,64.12,3.39,19.17,Khordha_Bhubaneswar
2015,62,31.98,20.88,66.77,2.23,18.2,Khordha_Bhubaneswar
2015,63,33.19,21.55,61.98,2.37,17.29,Khordha_Bhubaneswar
2015,64,33.97,17.43,41.79,3.03,22.62,Khordha_Bhubaneswar
2015,65,33.43,16.47,40.18,1.81,21.8,Khordha_Bhubaneswar
2015,66,33.76,16.6,45.47,1.92,22.47,Khordha_Bhubaneswar
2015,67,34.46,19.22,59.54,1.78,22.48,Khordha_Bhubaneswar
2015,68,35.96,19.85,55.13,1.83,22.16,Khordha_Bhubaneswar
2015,69,36.45,20.03,49.77,2.03,20.74,Khordha_Bhubaneswar
2015,70,36.04,21.25,50.78,2.14,20.55,Khordha_Bhubaneswar
2015,71,36.6,21.42,51.85,1.78,20.7,Khordha_Bhubaneswar
2015,72,36.88,21.71,50.94,1.94,20.82,Khordha_Bhubaneswar
2015,73,37.6,21.91,53.94,2.56,18.9,Khordha_Bhubaneswar
2015,74,37.75,22.26,53.25,2.11,20.2,Khordha_Bhubaneswar
2015,75,36.4,22.11,56.3,2.56,21.21,Khordha_Bhubaneswar
2015,76,37.68,20.62,52.85,2.13,22.55,Khordha_Bhubaneswar
2015,77,37.45,23.26,49.39,2.35,18.11,Khordha_Bhubaneswar
2015,78,35.48,24.07,62.12,1.32,20.24,Khordha_Bhubaneswar
2015,79,35.73,22.36,57.01,1.45,20.53,Khordha_Bhubaneswar
2015,80,37.76,22.17,48.46,2.12,21.22,Khordha_Bhubaneswar
2015,81,38.7,18.97,36.14,2.47,24.06,Khordha_Bhubaneswar
2015,82,38.49,21.9,55.18,2.41,23.29,Khordha_Bhubaneswar
2015,83,38.74,23.21,54.33,2.9,20.5,Khordha_Bhubaneswar
2015,84,37.03,23.63,61.56,4.83,19.35,Khordha_Bhubaneswar
2015,85,36.58,23.36,62.16,4.53,20.17,Khordha_Bhubaneswar
2015,86,36.38,22.9,61.32,4.37,18.75,Khordha_Bhubaneswar
2015,87,36.34,23.94,60.54,4.9,17.91,Khordha_Bhubaneswar
2015,88,38.02,23.92,61.73,4.88,21.69,Khordha_Bhubaneswar
2015,89,36.96,24.67,60.07,4.66,18.46,Khordha_Bhubaneswar
2015,90,35.38,24.01,59.15,3.13,21.0,Khordha_Bhubaneswar
2015,91,39.67,24.0,57.82,4.2,22.53,Khordha_Bhubaneswar
2015,92,39.94,24.56,59.27,4.54,22.09,Khordha_Bhubaneswar
2015,93,40.59,23.1,55.34,4.28,25.07,Khordha_Bhubaneswar
2015,94,41.3,23.72,50.44,3.84,23.41,Khordha_Bhubaneswar
2015,95,40.14,25.42,58.43,4.43,21.38,Khordha_Bhubaneswar
2015,96,39.89,25.21,59.95,4.56,19.03,Khordha_Bhubaneswar
2015,97,38.33,25.55,65.07,4.33,18.23,Khordha_Bhubaneswar
2015,98,38.59,24.69,60.5,3.5,13.56,Khordha_Bhubaneswar
2015,99,39.82,25.04,50.1,3.07,18.95,Khordha_Bhubaneswar
2015,100,40.02,25.35,44.82,2.33,22.27,Khordha_Bhubaneswar
2015,101,39.59,25.67,52.62,3.77,19.14,Khordha_Bhubaneswar
2015,102,35.37,26.26,58.09,2.72,13.85,Khordha_Bhubaneswar
2015,103,34.05,24.42,54.17,2.33,15.04,Khordha_Bhubaneswar
2015,104,36.47,24.06,48.58,1.82,21.82,Khordha_Bhubaneswar
2015,105,34.98,24.66,55.68,1.85,18.02,Khordha_Bhubaneswar
2015,106,34.98,24.73,51.52,2.28,16.78,Khordha_Bhubaneswar
2015,107,37.0,24.7,50.21,3.42,23.72,Khordha_Bhubaneswar
2015,108,40.44,24.6,52.63,4.48,26.7,Khordha_Bhubaneswar
2015,109,41.52,25.59,56.32,5.87,26.18,Khordha_Bhubaneswar
2015,110,42.13,26.1,55.83,5.41,25.39,Khordha_Bhubaneswar
2015,111,43.01,26.4,51.71,5.3,23.8,Khordha_Bhubaneswar
2015,112,43.32,27.27,50.31,5.62,19.82,Khordha_Bhubaneswar
2015,113,42.2,26.76,52.84,5.37,23.61,Khordha_Bhubaneswar
2015,114,34.81,26.81,61.39,6.5,14.41,Khordha_Bhubaneswar
2015,115,34.41,24.69,67.72,4.11,23.85,Khordha_Bhubaneswar
2015,116,33.59,23.75,70.51,3.1,25.08,Khordha_Bhubaneswar
2015,117,36.27,23.17,65.31,3.41,23.04,Khordha_Bhubaneswar
2015,118,35.87,24.73,73.15,5.1,23.65,Khordha_Bhubaneswar
2015,119,35.82,25.27,76.47,4.62,22.85,Khordha_Bhubaneswar
2015,120,36.08,25.5,71.48,3.97,19.29,Khordha_Bhubaneswar
2015,121,38.43,25.64,69.91,3.65,24.81,Khordha_Bhubaneswar
2015,122,37.1,26.43,70.16,5.1,23.25,Khordha_Bhubaneswar
2015,123,36.46,25.92,69.75,4.33,25.12,Khordha_Bhubaneswar
2015,124,35.36,25.31,71.72,3.29,19.52,Khordha_Bhubaneswar
2015,125,35.68,25.87,67.27,3.31,23.27,Khordha_Bhubaneswar
2015,126,39.71,24.97,60.11,3.91,23.99,Khordha_Bhubaneswar
2015,127,41.88,24.92,54.37,3.71,24.48,Khordha_Bhubaneswar
2015,128,42.09,25.61,57.98,4.06,25.09,Khordha_Bhubaneswar
2015,129,40.94,26.34,62.73,2.92,22.33,Khordha_Bhubaneswar
2015,130,39.43,26.78,60.17,3.36,16.49,Khordha_Bhubaneswar
2015,131,33.54,25.96,67.66,4.23,16.02,Khordha_Bhubaneswar
2015,132,40.41,24.55,57.03,2.87,24.14,Khordha_Bhubaneswar
2015,133,37.36,26.57,67.36,4.45,23.31,Khordha_Bhubaneswar
2015,134,39.07,26.74,63.48,3.51,24.46,Khordha_Bhubaneswar
2015,135,38.29,27.21,66.11,4.31,23.34,Khordha_Bhubaneswar
2015,136,35.68,27.62,63.69,3.06,23.86,Khordha_Bhubaneswar
2015,137,37.21,26.65,58.84,4.27,21.39,Khordha_Bhubaneswar
2015,138,39.37,25.26,61.25,4.2,26.25,Khordha_Bhubaneswar
2015,139,41.06,26.6,64.23,3.73,23.45,Khordha_Bhubaneswar
2015,140,38.65,28.23,67.66,2.0,21.79,Khordha_Bhubaneswar
2015,141,42.88,28.55,57.25,2.45,23.52,Khordha_Bhubaneswar
2015,142,43.76,28.33,56.32,2.75,24.76,Khordha_Bhubaneswar
2015,143,43.1,29.01,56.18,4.36,23.04,Khordha_Bhubaneswar
2015,144,42.73,29.53,55.43,4.89,26.06,Khordha_Bhubaneswar
2015,145,43.45,29.04,55.29,4.27,24.14,Khordha_Bhubaneswar
2015,146,39.36,29.04,63.08,3.42,22.05,Khordha_Bhubaneswar
2015,147,36.11,28.82,66.47,5.58,19.35,Khordha_Bhubaneswar
2015,148,40.49,27.89,61.77,5.51,21.72,Khordha_Bhubaneswar
2015,149,37.13,27.51,70.01,5.47,23.84,Khordha_Bhubaneswar
2015,150,37.74,27.92,70.35,5.77,23.97,Khordha_Bhubaneswar
2015,151,35.53,28.47,69.15,5.93,20.81,Khordha_Bhubaneswar
2015,152,35.2,27.68,66.77,4.8,22.45,Khordha_Bhubaneswar
2015,153,37.76,27.06,63.6,4.08,20.78,Khordha_Bhubaneswar
2015,154,36.74,26.68,64.19,3.58,22.45,Khordha_Bhubaneswar
2015,155,35.41,26.95,67.37,3.03,23.24,Khordha_Bhubaneswar
2015,156,34.22,27.44,69.4,3.47,13.82,Khordha_Bhubaneswar
2015,157,36.42,27.38,65.57,3.17,20.26,Khordha_Bhubaneswar
2015,158,39.61,26.87,62.32,2.69,25.47,Khordha_Bhubaneswar
2015,159,36.73,27.77,66.7,4.34,23.84,Khordha_Bhubaneswar
2015,160,37.18,28.35,62.88,4.1,22.57,Khordha_Bhubaneswar
2015,161,38.39,29.26,61.58,5.36,23.09,Khordha_Bhubaneswar
2015,162,34.51,28.7,75.59,4.88,18.12,Khordha_Bhubaneswar
2015,163,33.26,28.08,72.48,3.38,7.29,Khordha_Bhubaneswar
2015,164,34.31,26.5,73.73,3.41,18.43,Khordha_Bhubaneswar
2015,165,32.3,26.42,80.74,4.03,18.18,Khordha_Bhubaneswar
2015,166,32.71,26.29,76.47,4.57,16.8,Khordha_Bhubaneswar
2015,167,32.05,26.51,78.46,3.0,18.26,Khordha_Bhubaneswar
2015,168,32.63,25.94,80.63,3.28,15.91,Khordha_Bhubaneswar
2015,169,33.59,26.17,76.99,3.86,19.15,Khordha_Bhubaneswar
2015,170,33.51,26.29,79.73,5.4,16.91,Khordha_Bhubaneswar
2015,171,31.89,26.7,84.03,7.76,14.89,Khordha_Bhubaneswar
2015,172,31.9,26.11,80.11,9.63,12.27,Khordha_Bhubaneswar
2015,173,31.37,26.15,78.65,10.22,9.3,Khordha_Bhubaneswar
2015,174,32.07,25.94,75.26,7.51,8.97,Khordha_Bhubaneswar
2015,175,35.23,25.95,74.07,5.72,19.15,Khordha_Bhubaneswar
2015,176,32.88,26.9,76.86,4.95,22.32,Khordha_Bhubaneswar
2015,177,34.24,26.63,70.43,5.92,15.08,Khordha_Bhubaneswar
2015,178,36.06,26.29,66.27,4.62,17.17,Khordha_Bhubaneswar
2015,179,31.39,26.76,78.9,2.79,17.19,Khordha_Bhubaneswar
2015,180,34.64,25.72,70.82,2.44,17.97,Khordha_Bhubaneswar
2015,181,32.46,26.25,77.32,3.47,9.05,Khordha_Bhubaneswar
2015,182,31.45,26.09,79.27,3.84,10.83,Khordha_Bhubaneswar
2015,183,30.85,26.32,78.93,4.51,20.83,Khordha_Bhubaneswar
2015,184,33.7,25.23,74.46,3.78,17.51,Khordha_Bhubaneswar
2015,185,34.19,25.99,73.91,3.32,14.95,Khordha_Bhubaneswar
2015,186,31.85,27.39,79.43,3.43,16.26,Khordha_Bhubaneswar
2015,187,31.58,26.46,83.67,3.16,13.29,Khordha_Bhubaneswar
2015,188,32.06,26.26,82.36,3.81,13.96,Khordha_Bhubaneswar
2015,189,32.64,25.72,80.06,3.19,10.62,Khordha_Bhubaneswar
2015,190,30.78,26.21,87.89,4.48,8.86,Khordha_Bhubaneswar
2015,191,31.4,26.39,87.05,5.15,8.67,Khordha_Bhubaneswar
2015,192,31.54,25.59,84.74,3.91,11.88,Khordha_Bhubaneswar
2015,193,32.52,25.35,80.45,2.07,21.48,Khordha_Bhubaneswar
2015,194,33.81,25.42,78.29,2.51,22.25,Khordha_Bhubaneswar
2015,195,31.95,26.46,85.37,2.12,20.62,Khordha_Bhubaneswar
2015,196,31.29,26.5,88.66,2.09,18.67,Khordha_Bhubaneswar
2015,197,31.01,26.08,87.03,2.31,16.55,Khordha_Bhubaneswar
2015,198,30.77,25.41,87.59,3.28,15.67,Khordha_Bhubaneswar
2015,199,30.92,25.82,85.63,2.8,10.43,Khordha_Bhubaneswar
2015,200,30.74,25.6,85.93,3.42,11.95,Khordha_Bhubaneswar
2015,201,31.83,25.35,84.53,3.21,18.21,Khordha_Bhubaneswar
2015,202,29.67,26.15,89.17,3.68,11.19,Khordha_Bhubaneswar
2015,203,30.81,25.65,87.7,5.0,12.78,Khordha_Bhubaneswar
2015,204,30.88,26.39,88.4,5.51,15.0,Khordha_Bhubaneswar
2015,205,29.27,25.85,89.95,4.62,13.06,Khordha_Bhubaneswar
2015,206,29.71,25.99,91.0,3.8,9.03,Khordha_Bhubaneswar
2015,207,28.86,25.49,89.7,4.37,12.31,Khordha_Bhubaneswar
2015,208,31.53,24.61,84.35,5.76,8.94,Khordha_Bhubaneswar
2015,209,30.03,24.87,87.28,5.31,7.02,Khordha_Bhubaneswar
2015,210,29.29,25.07,88.1,5.05,10.65,Khordha_Bhubaneswar
2015,211,29.85,25.17,87.22,5.0,14.37,Khordha_Bhubaneswar
2015,212,30.75,25.3,86.9,4.47,15.53,Khordha_Bhubaneswar
2015,213,29.19,24.78,85.96,4.79,13.81,Khordha_Bhubaneswar
2015,214,31.01,24.61,85.23,5.16,14.69,Khordha_Bhubaneswar
2015,215,31.35,25.26,86.11,4.9,14.25,Khordha_Bhubaneswar
2015,216,31.86,24.84,84.74,3.75,20.79,Khordha_Bhubaneswar
2015,217,31.74,24.82,81.5,3.03,21.22,Khordha_Bhubaneswar
2015,218,32.37,24.55,80.01,3.12,18.07,Khordha_Bhubaneswar
2015,219,32.96,24.64,82.2,1.62,21.01,Khordha_Bhubaneswar
2015,220,32.71,25.34,82.53,1.94,20.57,Khordha_Bhubaneswar
2015,221,33.53,25.4,80.57,1.87,23.25,Khordha_Bhubaneswar
2015,222,32.56,25.66,84.25,2.24,22.55,Khordha_Bhubaneswar
2015,223,31.7,25.82,89.14,3.37,18.77,Khordha_Bhubaneswar
2015,224,30.49,25.9,89.55,2.33,15.43,Khordha_Bhubaneswar
2015,225,31.78,25.4,86.32,4.09,17.62,Khordha_Bhubaneswar
2015,226,31.62,26.45,86.65,4.09,15.95,Khordha_Bhubaneswar
2015,227,31.12,26.3,87.14,2.65,11.59,Khordha_Bhubaneswar
2015,228,31.53,26.01,89.39,3.72,8.57,Khordha_Bhubaneswar
2015,229,30.89,26.37,88.61,4.47,17.77,Khordha_Bhubaneswar
2015,230,31.68,26.13,86.11,4.53,19.08,Khordha_Bhubaneswar
2015,231,31.64,25.97,87.54,4.21,16.53,Khordha_Bhubaneswar
2015,232,30.04,25.54,88.5,3.65,18.45,Khordha_Bhubaneswar
2015,233,31.44,25.07,85.97,3.4,18.5,Khordha_Bhubaneswar
2015,234,31.82,24.77,85.67,3.18,16.59,Khordha_Bhubaneswar
2015,235,32.43,24.53,85.06,3.29,20.8,Khordha_Bhubaneswar
2015,236,31.45,25.18,87.26,3.16,11.47,Khordha_Bhubaneswar
2015,237,30.4,24.73,88.9,2.87,15.31,Khordha_Bhubaneswar
2015,238,31.9,25.51,87.7,2.39,15.05,Khordha_Bhubaneswar
2015,239,32.52,25.52,87.66,2.94,11.96,Khordha_Bhubaneswar
2015,240,31.48,25.65,89.8,3.36,16.28,Khordha_Bhubaneswar
2015,241,31.56,26.31,88.24,3.52,17.63,Khordha_Bhubaneswar
2015,242,31.65,26.64,89.7,2.79,11.28,Khordha_Bhubaneswar
2015,243,29.99,26.19,89.86,1.99,11.92,Khordha_Bhubaneswar
2015,244,29.84,25.76,91.78,2.53,11.63,Khordha_Bhubaneswar
2015,245,31.92,24.63,85.48,2.81,13.48,Khordha_Bhubaneswar
2015,246,30.82,25.01,85.89,1.99,15.57,Khordha_Bhubaneswar
2015,247,30.04,25.27,88.74,2.37,19.62,Khordha_Bhubaneswar
2015,248,29.48,25.29,90.36,2.11,16.97,Khordha_Bhubaneswar
2015,249,30.15,25.12,88.25,2.22,17.18,Khordha_Bhubaneswar
2015,250,31.38,24.39,86.08,2.56,19.05,Khordha_Bhubaneswar
2015,251,30.99,24.45,85.59,3.1,12.17,Khordha_Bhubaneswar
2015,252,31.95,24.34,83.84,2.82,20.5,Khordha_Bhubaneswar
2015,253,31.01,24.63,85.26,2.19,17.76,Khordha_Bhubaneswar
2015,254,30.5,25.22,88.38,1.77,17.53,Khordha_Bhubaneswar
2015,255,30.61,24.79,89.33,2.74,17.12,Khordha_Bhubaneswar
2015,256,30.82,24.55,89.12,3.03,14.71,Khordha_Bhubaneswar
2015,257,31.06,24.75,90.17,3.55,15.08,Khordha_Bhubaneswar
2015,258,30.3,25.04,90.75,4.29,10.48,Khordha_Bhubaneswar
2015,259,30.57,26.27,91.38,5.58,12.35,Khordha_Bhubaneswar
2015,260,30.99,25.97,89.05,4.66,15.26,Khordha_Bhubaneswar
2015,261,30.64,25.56,88.77,1.93,19.6,Khordha_Bhubaneswar
2015,262,29.33,25.28,91.88,1.79,14.34,Khordha_Bhubaneswar
2015,263,30.21,24.88,87.57,1.45,10.45,Khordha_Bhubaneswar
2015,264,30.8,24.44,87.19,3.0,15.15,Khordha_Bhubaneswar
2015,265,32.07,24.65,86.73,3.14,20.49,Khordha_Bhubaneswar
2015,266,31.3,25.3,87.67,3.01,17.18,Khordha_Bhubaneswar
2015,267,30.65,24.24,87.16,3.16,15.18,Khordha_Bhubaneswar
2015,268,31.22,23.01,86.42,2.81,20.25,Khordha_Bhubaneswar
2015,269,31.55,22.37,82.13,2.02,20.81,Khordha_Bhubaneswar
2015,270,31.47,22.76,79.14,1.57,20.67,Khordha_Bhubaneswar
2015,271,31.3,24.1,79.42,1.0,16.16,Khordha_Bhubaneswar
2015,272,31.83,23.73,81.21,1.45,20.74,Khordha_Bhubaneswar
2015,273,31.82,23.37,83.52,1.75,20.67,Khordha_Bhubaneswar
2015,274,30.31,24.37,87.43,1.31,19.27,Khordha_Bhubaneswar
2015,275,31.25,24.52,84.63,1.02,21.15,Khordha_Bhubaneswar
2015,276,29.92,25.05,89.34,1.91,17.35,Khordha_Bhubaneswar
2015,277,31.99,24.15,82.64,1.73,17.38,Khordha_Bhubaneswar
2015,278,31.5,22.78,81.18,2.0,17.29,Khordha_Bhubaneswar
2015,279,30.72,24.14,86.26,1.99,16.35,Khordha_Bhubaneswar
2015,280,28.46,24.55,90.59,1.7,6.12,Khordha_Bhubaneswar
2015,281,30.79,24.45,88.12,2.58,15.84,Khordha_Bhubaneswar
2015,282,30.96,22.16,81.57,2.86,16.65,Khordha_Bhubaneswar
2015,283,31.72,20.98,73.98,2.37,20.14,Khordha_Bhubaneswar
2015,284,32.05,21.01,75.44,1.77,20.3,Khordha_Bhubaneswar
2015,285,31.38,22.79,77.59,1.33,18.66,Khordha_Bhubaneswar
2015,286,31.14,22.33,79.49,1.27,18.99,Khordha_Bhubaneswar
2015,287,30.71,24.07,79.36,1.01,18.22,Khordha_Bhubaneswar
2015,288,29.97,22.87,82.05,1.37,17.86,Khordha_Bhubaneswar
2015,289,30.42,22.78,82.95,1.23,17.66,Khordha_Bhubaneswar
2015,290,30.89,22.47,78.71,0.93,17.97,Khordha_Bhubaneswar
2015,291,31.05,22.6,73.58,1.09,18.09,Khordha_Bhubaneswar
2015,292,30.82,21.19,73.65,1.59,19.33,Khordha_Bhubaneswar
2015,293,30.69,20.87,76.94,1.7,18.08,Khordha_Bhubaneswar
2015,294,31.31,22.04,76.91,1.33,17.72,Khordha_Bhubaneswar
2015,295,30.97,21.34,78.8,1.77,18.21,Khordha_Bhubaneswar
2015,296,30.74,21.7,82.63,2.26,17.77,Khordha_Bhubaneswar
2015,297,30.92,20.18,71.84,1.84,17.11,Khordha_Bhubaneswar
2015,298,30.16,19.79,63.4,1.05,18.38,Khordha_Bhubaneswar
2015,299,29.68,18.49,63.01,1.13,19.92,Khordha_Bhubaneswar
2015,300,29.56,17.44,69.93,1.42,19.71,Khordha_Bhubaneswar
2015,301,29.23,18.86,75.32,1.45,17.86,Khordha_Bhubaneswar
2015,302,26.71,20.58,82.95,1.3,15.38,Khordha_Bhubaneswar
2015,303,28.31,21.22,87.92,2.8,11.9,Khordha_Bhubaneswar
2015,304,26.48,21.69,90.66,3.47,10.53,Khordha_Bhubaneswar
2015,305,29.12,21.48,89.05,2.08,11.91,Khordha_Bhubaneswar
2015,306,28.6,21.92,87.53,2.65,13.49,Khordha_Bhubaneswar
2015,307,29.18,19.94,82.96,1.89,18.65,Khordha_Bhubaneswar
2015,308,29.56,19.6,77.53,1.36,19.06,Khordha_Bhubaneswar
2015,309,29.8,19.06,76.89,2.15,18.38,Khordha_Bhubaneswar
2015,310,30.22,18.1,72.97,1.78,16.73,Khordha_Bhubaneswar
2015,311,30.0,19.29,73.26,1.51,17.42,Khordha_Bhubaneswar
2015,312,29.72,18.97,76.45,1.69,16.88,Khordha_Bhubaneswar
2015,313,29.18,18.78,70.49,1.74,13.95,Khordha_Bhubaneswar
2015,314,28.56,18.64,68.44,1.34,11.38,Khordha_Bhubaneswar
2015,315,29.8,18.18,68.6,1.54,16.96,Khordha_Bhubaneswar
2015,316,29.29,17.38,65.39,1.7,17.35,Khordha_Bhubaneswar
2015,317,29.29,16.85,73.58,2.2,16.71,Khordha_Bhubaneswar
2015,318,29.57,16.5,74.18,2.22,16.65,Khordha_Bhubaneswar
2015,319,29.79,16.71,73.53,2.38,15.18,Khordha_Bhubaneswar
2015,320,28.95,16.64,69.59,1.89,13.52,Khordha_Bhubaneswar
2015,321,25.31,19.53,79.09,1.39,6.0,Khordha_Bhubaneswar
2015,322,28.64,18.18,79.67,2.09,16.25,Khordha_Bhubaneswar
2015,323,29.46,16.97,72.58,2.21,15.72,Khordha_Bhubaneswar
2015,324,30.29,16.41,62.71,2.35,15.29,Khordha_Bhubaneswar
2015,325,29.75,15.58,64.26,1.71,17.21,Khordha_Bhubaneswar
2015,326,29.35,15.34,63.37,1.43,17.85,Khordha_Bhubaneswar
2015,327,29.41,17.05,63.89,0.79,17.46,Khordha_Bhubaneswar
2015,328,29.33,17.68,64.16,0.87,16.33,Khordha_Bhubaneswar
2015,329,29.76,16.37,70.25,1.5,14.69,Khordha_Bhubaneswar
2015,330,30.1,17.67,69.35,1.43,14.23,Khordha_Bhubaneswar
2015,331,29.58,16.35,65.68,1.84,13.16,Khordha_Bhubaneswar
2015,332,30.51,18.04,70.58,1.55,13.74,Khordha_Bhubaneswar
2015,333,30.53,18.71,73.99,1.66,13.72,Khordha_Bhubaneswar
2015,334,30.64,19.2,71.94,1.69,6.8,Khordha_Bhubaneswar
2015,335,31.1,18.82,68.33,2.3,8.52,Khordha_Bhubaneswar
2015,336,30.04,20.49,70.69,1.62,6.02,Khordha_Bhubaneswar
2015,337,30.02,19.37,71.5,1.78,13.17,Khordha_Bhubaneswar
2015,338,30.52,19.32,69.04,1.25,13.41,Khordha_Bhubaneswar
2015,339,29.59,19.8,71.05,1.17,13.13,Khordha_Bhubaneswar
2015,340,29.93,19.51,68.95,1.5,13.45,Khordha_Bhubaneswar
2015,341,29.34,16.21,62.53,1.95,14.47,Khordha_Bhubaneswar
2015,342,29.56,14.93,60.8,1.94,13.44,Khordha_Bhubaneswar
2015,343,29.55,13.95,55.31,2.34,14.31,Khordha_Bhubaneswar
2015,344,29.48,13.93,54.44,2.44,15.52,Khordha_Bhubaneswar
2015,345,30.64,16.68,55.42,1.63,15.05,Khordha_Bhubaneswar
2015,346,31.27,18.18,72.79,2.38,14.17,Khordha_Bhubaneswar
2015,347,30.37,20.85,82.31,1.92,10.75,Khordha_Bhubaneswar
2015,348,29.53,21.35,83.29,2.44,6.92,Khordha_Bhubaneswar
2015,349,29.21,20.47,80.27,1.79,7.4,Khordha_Bhubaneswar
2015,350,27.48,18.23,78.44,2.4,5.31,Khordha_Bhubaneswar
2015,351,28.84,17.58,75.78,2.56,6.11,Khordha_Bhubaneswar
2015,352,27.79,18.52,84.18,3.2,11.03,Khordha_Bhubaneswar
2015,353,27.13,16.15,72.54,2.13,10.89,Khordha_Bhubaneswar
2015,354,27.45,13.7,63.26,1.76,13.06,Khordha_Bhubaneswar
2015,355,27.18,16.57,78.27,2.06,9.82,Khordha_Bhubaneswar
2015,356,25.13,18.58,87.32,3.23,7.2,Khordha_Bhubaneswar
2015,357,26.91,17.39,83.15,2.48,7.75,Khordha_Bhubaneswar
2015,358,28.32,18.71,82.6,1.75,8.57,Khordha_Bhubaneswar
2015,359,26.86,16.33,75.13,3.18,9.18,Khordha_Bhubaneswar
2015,360,25.71,11.0,48.35,2.57,13.74,Khordha_Bhubaneswar
2015,361,27.25,9.89,43.5,2.18,16.41,Khordha_Bhubaneswar
2015,362,28.95,11.15,47.97,2.81,15.84,Khordha_Bhubaneswar
2015,363,28.84,12.61,51.05,2.76,15.61,Khordha_Bhubaneswar
2015,364,29.58,12.79,48.68,1.79,15.32,Khordha_Bhubaneswar
2015,365,29.92,15.33,57.29,1.22,14.44,Khordha_Bhubaneswar
2016,1,29.2,14.4,61.5,1.22,14.61,Khordha_Bhubaneswar
2016,2,29.18,16.62,66.46,1.27,12.88,Khordha_Bhubaneswar
2016,3,28.16,16.55,65.72,1.57,11.65,Khordha_Bhubaneswar
2016,4,28.9,13.44,56.13,2.08,12.03,Khordha_Bhubaneswar
2016,5,28.14,15.43,65.8,1.46,12.32,Khordha_Bhubaneswar
2016,6,29.93,13.24,52.9,2.03,14.31,Khordha_Bhubaneswar
2016,7,29.04,14.6,58.48,1.17,13.17,Khordha_Bhubaneswar
2016,8,29.8,14.29,52.31,2.78,13.79,Khordha_Bhubaneswar
2016,9,30.46,15.31,51.19,2.86,13.82,Khordha_Bhubaneswar
2016,10,29.67,15.08,52.33,2.42,14.62,Khordha_Bhubaneswar
2016,11,28.45,13.78,56.73,1.2,15.48,Khordha_Bhubaneswar
2016,12,28.68,14.91,54.01,1.46,14.49,Khordha_Bhubaneswar
2016,13,28.82,11.81,43.37,1.92,15.34,Khordha_Bhubaneswar
2016,14,29.61,12.03,47.12,2.08,14.67,Khordha_Bhubaneswar
2016,15,29.31,15.98,56.74,2.35,15.33,Khordha_Bhubaneswar
2016,16,30.22,15.96,53.66,2.0,14.76,Khordha_Bhubaneswar
2016,17,30.48,16.44,59.96,2.0,14.18,Khordha_Bhubaneswar
2016,18,29.5,17.02,71.46,2.05,12.99,Khordha_Bhubaneswar
2016,19,30.23,17.9,72.77,3.85,12.78,Khordha_Bhubaneswar
2016,20,28.48,18.89,75.11,2.53,10.16,Khordha_Bhubaneswar
2016,21,25.52,15.55,66.58,2.02,12.11,Khordha_Bhubaneswar
2016,22,26.2,11.19,50.47,2.09,16.06,Khordha_Bhubaneswar
2016,23,26.58,10.65,48.91,1.94,16.79,Khordha_Bhubaneswar
2016,24,26.96,10.06,50.02,1.54,16.78,Khordha_Bhubaneswar
2016,25,27.49,11.49,52.19,1.51,16.42,Khordha_Bhubaneswar
2016,26,28.12,13.66,68.79,2.12,14.61,Khordha_Bhubaneswar
2016,27,28.55,16.45,74.82,2.91,12.84,Khordha_Bhubaneswar
2016,28,31.57,18.11,64.18,2.1,13.72,Khordha_Bhubaneswar
2016,29,30.61,15.01,61.33,2.18,15.99,Khordha_Bhubaneswar
2016,30,32.03,16.77,59.22,1.9,16.13,Khordha_Bhubaneswar
2016,31,34.09,16.19,46.96,2.36,17.82,Khordha_Bhubaneswar
2016,32,32.86,16.26,59.49,1.72,16.9,Khordha_Bhubaneswar
2016,33,32.25,19.25,68.41,1.73,14.99,Khordha_Bhubaneswar
2016,34,32.09,19.39,70.81,2.04,13.5,Khordha_Bhubaneswar
2016,35,30.89,20.06,69.71,1.85,13.99,Khordha_Bhubaneswar
2016,36,30.95,17.63,67.58,1.71,15.04,Khordha_Bhubaneswar
2016,37,31.48,19.33,70.36,2.3,14.58,Khordha_Bhubaneswar
2016,38,31.79,19.84,71.48,3.2,14.07,Khordha_Bhubaneswar
2016,39,32.26,19.41,70.44,3.47,15.16,Khordha_Bhubaneswar
2016,40,32.24,19.84,63.14,1.99,14.77,Khordha_Bhubaneswar
2016,41,32.7,18.04,51.32,1.96,18.31,Khordha_Bhubaneswar
2016,42,33.16,19.33,69.77,4.2,14.86,Khordha_Bhubaneswar
2016,43,34.14,21.17,66.31,3.1,14.85,Khordha_Bhubaneswar
2016,44,34.0,21.16,64.27,2.67,16.24,Khordha_Bhubaneswar
2016,45,34.13,20.75,64.38,3.16,17.92,Khordha_Bhubaneswar
2016,46,34.24,21.18,58.04,2.26,17.85,Khordha_Bhubaneswar
2016,47,34.98,21.3,55.53,2.27,18.81,Khordha_Bhubaneswar
2016,48,36.15,20.71,51.51,1.89,19.56,Khordha_Bhubaneswar
2016,49,36.37,20.47,49.97,2.09,19.05,Khordha_Bhubaneswar
2016,50,37.92,20.14,44.71,2.74,19.34,Khordha_Bhubaneswar
2016,51,38.5,20.89,45.23,2.66,19.09,Khordha_Bhubaneswar
2016,52,37.9,21.25,47.16,3.15,17.43,Khordha_Bhubaneswar
2016,53,38.49,22.21,56.49,2.07,16.12,Khordha_Bhubaneswar
2016,54,36.16,23.45,65.59,3.67,14.29,Khordha_Bhubaneswar
2016,55,35.73,24.22,62.78,5.49,16.27,Khordha_Bhubaneswar
2016,56,33.01,23.55,67.58,3.76,12.05,Khordha_Bhubaneswar
2016,57,30.74,22.81,72.13,3.11,13.71,Khordha_Bhubaneswar
2016,58,28.28,21.07,72.55,1.41,12.53,Khordha_Bhubaneswar
2016,59,33.1,20.93,64.36,1.15,18.32,Khordha_Bhubaneswar
2016,60,34.64,21.47,62.33,1.96,18.34,Khordha_Bhubaneswar
2016,61,34.19,21.31,58.37,2.35,17.55,Khordha_Bhubaneswar
2016,62,35.22,21.98,56.72,2.68,17.65,Khordha_Bhubaneswar
2016,63,36.02,21.46,53.96,2.49,19.18,Khordha_Bhubaneswar
2016,64,36.66,20.79,45.72,2.91,17.64,Khordha_Bhubaneswar
2016,65,37.24,21.97,47.66,2.87,18.37,Khordha_Bhubaneswar
2016,66,37.46,23.84,51.52,2.6,18.85,Khordha_Bhubaneswar
2016,67,37.65,21.43,52.13,1.78,19.17,Khordha_Bhubaneswar
2016,68,37.9,21.19,49.38,2.51,20.18,Khordha_Bhubaneswar
2016,69,38.24,21.2,50.98,2.98,17.36,Khordha_Bhubaneswar
2016,70,38.05,23.61,50.02,2.64,16.84,Khordha_Bhubaneswar
2016,71,37.35,23.73,50.72,1.65,16.03,Khordha_Bhubaneswar
2016,72,38.42,24.17,52.15,1.9,16.97,Khordha_Bhubaneswar
2016,73,39.29,22.59,51.91,3.32,19.72,Khordha_Bhubaneswar
2016,74,35.59,21.63,59.11,2.68,18.0,Khordha_Bhubaneswar
2016,75,34.22,21.83,60.05,1.85,18.7,Khordha_Bhubaneswar
2016,76,36.73,23.45,51.18,2.43,21.11,Khordha_Bhubaneswar
2016,77,36.54,24.61,50.69,2.03,17.81,Khordha_Bhubaneswar
2016,78,37.59,24.08,57.56,2.49,21.06,Khordha_Bhubaneswar
2016,79,39.5,24.77,57.32,3.68,18.97,Khordha_Bhubaneswar
2016,80,40.84,24.52,47.22,2.75,23.48,Khordha_Bhubaneswar
2016,81,41.31,23.4,37.63,2.76,23.4,Khordha_Bhubaneswar
2016,82,40.44,24.05,45.53,2.07,20.96,Khordha_Bhubaneswar
2016,83,40.26,24.42,52.62,1.71,20.31,Khordha_Bhubaneswar
2016,84,39.64,24.42,55.53,2.01,19.78,Khordha_Bhubaneswar
2016,85,38.45,25.34,58.12,4.05,18.98,Khordha_Bhubaneswar
2016,86,39.81,23.81,58.89,3.35,21.23,Khordha_Bhubaneswar
2016,87,38.72,24.33,60.87,5.02,20.4,Khordha_Bhubaneswar
2016,88,37.06,24.25,60.83,2.77,19.6,Khordha_Bhubaneswar
2016,89,38.69,23.36,59.57,3.86,20.66,Khordha_Bhubaneswar
2016,90,39.08,24.95,59.66,4.72,15.32,Khordha_Bhubaneswar
2016,91,38.95,25.21,59.92,4.7,21.88,Khordha_Bhubaneswar
2016,92,40.74,24.69,54.68,3.67,22.89,Khordha_Bhubaneswar
2016,93,41.31,25.75,54.79,4.78,22.68,Khordha_Bhubaneswar
2016,94,42.28,25.66,54.74,4.51,23.11,Khordha_Bhubaneswar
2016,95,42.36,25.67,53.29,3.93,23.07,Khordha_Bhubaneswar
2016,96,43.27,25.51,50.29,3.92,13.95,Khordha_Bhubaneswar
2016,97,43.7,26.95,40.78,3.73,22.73,Khordha_Bhubaneswar
2016,98,43.69,27.38,36.27,3.32,21.71,Khordha_Bhubaneswar
2016,99,41.77,28.87,39.52,2.95,21.92,Khordha_Bhubaneswar
2016,100,43.63,26.48,39.0,3.71,23.12,Khordha_Bhubaneswar
2016,101,44.82,26.61,35.29,3.4,22.95,Khordha_Bhubaneswar
2016,102,45.15,27.27,34.74,4.25,22.35,Khordha_Bhubaneswar
2016,103,45.25,27.77,35.11,4.53,23.3,Khordha_Bhubaneswar
2016,104,44.83,26.81,43.45,4.31,23.99,Khordha_Bhubaneswar
2016,105,44.33,27.05,51.17,4.1,25.44,Khordha_Bhubaneswar
2016,106,44.32,27.14,52.37,4.68,25.34,Khordha_Bhubaneswar
2016,107,44.84,26.67,53.92,5.76,24.7,Khordha_Bhubaneswar
2016,108,46.09,26.97,50.27,5.57,23.36,Khordha_Bhubaneswar
2016,109,44.51,27.38,49.55,6.65,20.61,Khordha_Bhubaneswar
2016,110,44.73,27.07,45.49,6.01,24.75,Khordha_Bhubaneswar
2016,111,44.84,26.57,48.62,5.75,24.61,Khordha_Bhubaneswar
2016,112,46.23,27.57,48.15,5.59,23.32,Khordha_Bhubaneswar
2016,113,46.42,28.57,47.02,5.14,23.82,Khordha_Bhubaneswar
2016,114,46.84,28.45,44.43,5.68,25.43,Khordha_Bhubaneswar
2016,115,45.61,27.36,47.7,4.38,26.04,Khordha_Bhubaneswar
2016,116,43.28,28.02,56.1,5.38,22.4,Khordha_Bhubaneswar
2016,117,42.63,27.73,57.39,5.17,21.47,Khordha_Bhubaneswar
2016,118,45.2,27.8,49.53,4.18,23.82,Khordha_Bhubaneswar
2016,119,45.91,28.06,45.01,3.35,23.96,Khordha_Bhubaneswar
2016,120,44.34,28.72,45.64,3.43,17.58,Khordha_Bhubaneswar
2016,121,43.58,28.82,42.42,4.05,12.89,Khordha_Bhubaneswar
2016,122,44.83,27.2,45.88,4.73,23.18,Khordha_Bhubaneswar
2016,123,45.5,27.11,45.87,5.06,23.18,Khordha_Bhubaneswar
2016,124,43.4,27.08,46.88,3.46,22.81,Khordha_Bhubaneswar
2016,125,42.96,28.13,38.15,3.16,22.72,Khordha_Bhubaneswar
2016,126,42.58,27.0,45.9,3.12,26.21,Khordha_Bhubaneswar
2016,127,42.24,26.99,47.21,3.61,24.62,Khordha_Bhubaneswar
2016,128,40.0,27.65,51.74,3.64,25.72,Khordha_Bhubaneswar
2016,129,39.14,27.39,55.83,3.91,20.51,Khordha_Bhubaneswar
2016,130,38.25,27.13,59.27,3.15,22.17,Khordha_Bhubaneswar
2016,131,39.86,27.61,54.37,3.51,22.17,Khordha_Bhubaneswar
2016,132,39.42,26.89,57.49,2.51,20.01,Khordha_Bhubaneswar
2016,133,40.41,27.31,56.56,3.27,23.73,Khordha_Bhubaneswar
2016,134,42.85,27.96,55.41,4.84,25.17,Khordha_Bhubaneswar
2016,135,40.66,28.25,58.49,6.08,19.84,Khordha_Bhubaneswar
2016,136,42.43,27.56,55.03,6.26,25.52,Khordha_Bhubaneswar
2016,137,42.14,28.03,53.05,6.62,25.41,Khordha_Bhubaneswar
2016,138,40.06,28.14,58.34,7.07,21.74,Khordha_Bhubaneswar
2016,139,34.8,27.98,62.04,5.51,17.45,Khordha_Bhubaneswar
2016,140,33.9,26.92,74.44,4.45,10.7,Khordha_Bhubaneswar
2016,141,29.98,25.29,85.95,5.91,3.2,Khordha_Bhubaneswar
2016,142,38.99,24.12,65.79,3.48,24.23,Khordha_Bhubaneswar
2016,143,39.91,27.3,72.18,3.52,22.91,Khordha_Bhubaneswar
2016,144,42.18,27.74,60.29,2.56,23.63,Khordha_Bhubaneswar
2016,145,41.74,27.34,62.83,2.4,24.36,Khordha_Bhubaneswar
2016,146,41.78,28.55,60.35,2.76,19.62,Khordha_Bhubaneswar
2016,147,41.08,27.32,59.02,2.53,21.44,Khordha_Bhubaneswar
2016,148,41.79,27.28,54.53,2.86,20.17,Khordha_Bhubaneswar
2016,149,40.72,27.66,62.2,2.27,23.54,Khordha_Bhubaneswar
2016,150,37.51,27.71,62.98,2.39,16.77,Khordha_Bhubaneswar
2016,151,39.23,26.61,64.43,3.22,21.44,Khordha_Bhubaneswar
2016,152,37.73,27.15,67.21,3.01,22.96,Khordha_Bhubaneswar
2016,153,35.99,27.74,70.58,3.33,17.07,Khordha_Bhubaneswar
2016,154,34.65,26.67,76.65,2.59,23.51,Khordha_Bhubaneswar
2016,155,30.97,26.48,86.03,2.62,14.74,Khordha_Bhubaneswar
2016,156,32.09,25.69,79.48,2.81,15.97,Khordha_Bhubaneswar
2016,157,34.21,25.4,74.73,2.57,20.26,Khordha_Bhubaneswar
2016,158,33.76,26.02,74.59,2.96,20.19,Khordha_Bhubaneswar
2016,159,33.35,26.67,76.83,2.92,20.24,Khordha_Bhubaneswar
2016,160,33.75,26.03,78.05,2.57,18.36,Khordha_Bhubaneswar
2016,161,32.7,26.54,79.88,3.44,16.29,Khordha_Bhubaneswar
2016,162,38.23,27.03,71.93,4.54,22.28,Khordha_Bhubaneswar
2016,163,36.44,28.42,69.18,4.56,23.25,Khordha_Bhubaneswar
2016,164,36.75,27.91,71.1,3.25,23.2,Khordha_Bhubaneswar
2016,165,32.1,27.8,77.61,2.85,21.28,Khordha_Bhubaneswar
2016,166,36.67,27.58,71.32,3.92,16.79,Khordha_Bhubaneswar
2016,167,32.49,27.41,81.49,2.95,10.99,Khordha_Bhubaneswar
2016,168,29.83,26.92,86.33,1.41,11.54,Khordha_Bhubaneswar
2016,169,32.68,26.05,81.48,1.5,15.09,Khordha_Bhubaneswar
2016,170,32.18,26.21,82.44,2.53,14.89,Khordha_Bhubaneswar
2016,171,32.12,26.29,82.38,3.87,17.23,Khordha_Bhubaneswar
2016,172,32.22,26.16,82.49,3.23,19.77,Khordha_Bhubaneswar
2016,173,33.69,25.5,77.96,3.73,24.08,Khordha_Bhubaneswar
2016,174,33.39,25.93,76.49,3.42,25.1,Khordha_Bhubaneswar
2016,175,34.37,26.18,76.14,3.16,24.42,Khordha_Bhubaneswar
2016,176,32.36,26.45,80.47,2.03,25.16,Khordha_Bhubaneswar
2016,177,35.71,25.92,72.41,2.47,25.59,Khordha_Bhubaneswar
2016,178,32.76,25.91,80.6,2.12,13.37,Khordha_Bhubaneswar
2016,179,31.35,25.98,85.95,3.48,10.99,Khordha_Bhubaneswar
2016,180,31.57,25.66,86.34,4.02,19.08,Khordha_Bhubaneswar
2016,181,32.36,25.78,85.2,4.34,20.75,Khordha_Bhubaneswar
2016,182,32.99,26.27,83.33,3.41,17.36,Khordha_Bhubaneswar
2016,183,32.68,26.21,85.67,1.75,12.47,Khordha_Bhubaneswar
2016,184,32.08,26.43,86.04,2.1,7.42,Khordha_Bhubaneswar
2016,185,31.91,26.63,84.4,4.4,9.08,Khordha_Bhubaneswar
2016,186,30.62,26.33,88.14,5.95,10.32,Khordha_Bhubaneswar
2016,187,31.72,26.28,86.73,5.11,8.5,Khordha_Bhubaneswar
2016,188,31.99,26.46,84.24,4.47,16.69,Khordha_Bhubaneswar
2016,189,32.56,26.42,84.59,3.66,13.84,Khordha_Bhubaneswar
2016,190,30.78,26.06,87.86,4.7,6.66,Khordha_Bhubaneswar
2016,191,29.93,25.15,84.77,6.68,12.98,Khordha_Bhubaneswar
2016,192,32.26,24.53,80.81,5.07,10.16,Khordha_Bhubaneswar
2016,193,32.72,25.15,82.52,4.13,10.99,Khordha_Bhubaneswar
2016,194,30.68,25.46,86.27,4.69,16.13,Khordha_Bhubaneswar
2016,195,32.95,25.6,80.98,3.54,18.66,Khordha_Bhubaneswar
2016,196,32.06,26.39,84.09,3.38,12.33,Khordha_Bhubaneswar
2016,197,31.86,26.38,86.41,3.91,10.68,Khordha_Bhubaneswar
2016,198,31.06,26.32,87.33,4.36,11.58,Khordha_Bhubaneswar
2016,199,30.09,25.91,87.73,4.17,16.55,Khordha_Bhubaneswar
2016,200,32.35,24.77,81.99,3.01,18.08,Khordha_Bhubaneswar
2016,201,32.37,25.29,83.45,2.94,21.16,Khordha_Bhubaneswar
2016,202,32.15,25.85,83.13,2.0,19.94,Khordha_Bhubaneswar
2016,203,32.98,25.33,83.31,2.48,19.57,Khordha_Bhubaneswar
2016,204,32.09,25.94,84.51,3.42,12.88,Khordha_Bhubaneswar
2016,205,30.0,25.83,88.58,3.57,17.31,Khordha_Bhubaneswar
2016,206,29.99,25.04,87.8,2.92,13.55,Khordha_Bhubaneswar
2016,207,29.96,25.25,89.21,4.2,14.52,Khordha_Bhubaneswar
2016,208,28.57,25.03,90.96,3.97,6.09,Khordha_Bhubaneswar
2016,209,31.05,24.4,85.47,3.32,19.91,Khordha_Bhubaneswar
2016,210,32.42,24.27,81.45,2.8,21.79,Khordha_Bhubaneswar
2016,211,31.59,25.1,84.63,2.22,23.26,Khordha_Bhubaneswar
2016,212,29.9,25.72,88.45,1.79,13.74,Khordha_Bhubaneswar
2016,213,30.08,25.45,88.02,2.05,13.76,Khordha_Bhubaneswar
2016,214,29.16,24.87,89.9,2.7,15.65,Khordha_Bhubaneswar
2016,215,29.57,25.34,90.6,3.15,13.56,Khordha_Bhubaneswar
2016,216,30.08,25.46,87.53,2.2,8.3,Khordha_Bhubaneswar
2016,217,31.47,25.03,88.62,3.11,6.78,Khordha_Bhubaneswar
2016,218,29.66,25.42,89.04,4.48,8.11,Khordha_Bhubaneswar
2016,219,30.45,26.03,89.62,4.68,7.67,Khordha_Bhubaneswar
2016,220,31.15,26.23,86.29,3.89,10.87,Khordha_Bhubaneswar
2016,221,30.37,25.49,88.97,3.5,14.56,Khordha_Bhubaneswar
2016,222,28.29,24.79,92.66,4.27,8.23,Khordha_Bhubaneswar
2016,223,28.93,25.13,90.71,5.01,7.0,Khordha_Bhubaneswar
2016,224,31.1,24.8,87.69,4.49,8.93,Khordha_Bhubaneswar
2016,225,30.71,25.31,87.78,4.09,17.43,Khordha_Bhubaneswar
2016,226,31.76,24.98,86.31,3.16,19.38,Khordha_Bhubaneswar
2016,227,30.47,25.85,88.71,3.28,17.35,Khordha_Bhubaneswar
2016,228,30.06,25.87,90.33,3.15,11.75,Khordha_Bhubaneswar
2016,229,29.15,25.29,91.31,3.98,11.34,Khordha_Bhubaneswar
2016,230,29.51,24.75,91.2,5.22,11.0,Khordha_Bhubaneswar
2016,231,31.73,24.77,82.79,5.07,12.52,Khordha_Bhubaneswar
2016,232,32.57,24.18,81.79,2.84,22.29,Khordha_Bhubaneswar
2016,233,32.26,24.88,81.99,2.25,22.42,Khordha_Bhubaneswar
2016,234,30.77,24.59,85.65,2.83,17.67,Khordha_Bhubaneswar
2016,235,29.63,25.39,88.94,2.56,11.93,Khordha_Bhubaneswar
2016,236,29.22,24.8,89.49,2.15,20.34,Khordha_Bhubaneswar
2016,237,31.75,24.95,83.57,1.07,18.52,Khordha_Bhubaneswar
2016,238,32.26,25.56,85.12,1.37,18.78,Khordha_Bhubaneswar
2016,239,30.21,25.23,89.97,2.85,16.14,Khordha_Bhubaneswar
2016,240,30.96,25.26,89.47,2.96,22.17,Khordha_Bhubaneswar
2016,241,30.31,25.02,90.09,2.12,21.92,Khordha_Bhubaneswar
2016,242,31.5,25.11,85.55,1.51,23.33,Khordha_Bhubaneswar
2016,243,30.74,24.9,87.92,1.49,22.4,Khordha_Bhubaneswar
2016,244,30.9,25.33,88.06,2.73,12.9,Khordha_Bhubaneswar
2016,245,29.67,24.82,91.07,3.42,12.65,Khordha_Bhubaneswar
2016,246,30.01,25.5,90.67,2.42,14.53,Khordha_Bhubaneswar
2016,247,29.42,25.21,90.2,2.9,11.95,Khordha_Bhubaneswar
2016,248,28.92,25.09,92.36,4.87,7.14,Khordha_Bhubaneswar
2016,249,28.18,24.48,91.91,4.88,7.0,Khordha_Bhubaneswar
2016,250,31.13,24.2,86.5,4.13,11.2,Khordha_Bhubaneswar
2016,251,30.74,23.66,86.71,3.95,9.18,Khordha_Bhubaneswar
2016,252,29.97,24.44,88.37,3.83,10.86,Khordha_Bhubaneswar
2016,253,31.15,24.75,88.71,2.92,14.76,Khordha_Bhubaneswar
2016,254,31.28,25.07,88.86,2.73,18.61,Khordha_Bhubaneswar
2016,255,31.05,25.25,89.83,2.35,14.85,Khordha_Bhubaneswar
2016,256,29.11,25.4,92.78,2.46,8.14,Khordha_Bhubaneswar
2016,257,30.34,24.95,91.28,3.39,14.33,Khordha_Bhubaneswar
2016,258,30.1,24.66,90.97,2.52,17.1,Khordha_Bhubaneswar
2016,259,30.24,24.43,90.36,3.17,16.36,Khordha_Bhubaneswar
2016,260,29.79,25.23,90.09,1.86,18.28,Khordha_Bhubaneswar
2016,261,29.48,25.12,91.3,2.15,16.69,Khordha_Bhubaneswar
2016,262,30.74,24.9,88.68,1.67,19.49,Khordha_Bhubaneswar
2016,263,31.53,25.12,87.02,1.81,21.07,Khordha_Bhubaneswar
2016,264,31.45,25.03,87.17,2.14,21.92,Khordha_Bhubaneswar
2016,265,29.3,24.79,92.93,3.14,16.24,Khordha_Bhubaneswar
2016,266,29.79,25.37,91.24,3.36,14.76,Khordha_Bhubaneswar
2016,267,29.67,24.83,91.49,2.49,14.11,Khordha_Bhubaneswar
2016,268,28.71,24.84,93.35,2.67,13.07,Khordha_Bhubaneswar
2016,269,29.08,25.13,93.29,2.79,17.31,Khordha_Bhubaneswar
2016,270,29.76,25.18,92.2,2.66,16.36,Khordha_Bhubaneswar
2016,271,29.28,25.47,92.77,2.53,14.74,Khordha_Bhubaneswar
2016,272,29.06,25.19,93.23,2.51,12.86,Khordha_Bhubaneswar
2016,273,29.97,24.37,90.11,2.74,14.18,Khordha_Bhubaneswar
2016,274,29.93,24.51,91.82,2.95,16.3,Khordha_Bhubaneswar
2016,275,29.54,24.78,91.52,3.56,16.07,Khordha_Bhubaneswar
2016,276,30.2,24.11,87.58,1.61,18.23,Khordha_Bhubaneswar
2016,277,31.29,24.31,85.57,1.46,19.97,Khordha_Bhubaneswar
2016,278,31.58,24.76,85.52,1.33,19.09,Khordha_Bhubaneswar
2016,279,29.7,25.01,90.21,1.94,19.64,Khordha_Bhubaneswar
2016,280,28.97,24.77,88.85,1.11,12.4,Khordha_Bhubaneswar
2016,281,29.93,24.11,90.73,2.15,12.3,Khordha_Bhubaneswar
2016,282,30.23,24.52,88.96,2.04,13.19,Khordha_Bhubaneswar
2016,283,29.32,24.61,91.25,2.18,16.16,Khordha_Bhubaneswar
2016,284,31.03,24.87,87.13,1.45,13.46,Khordha_Bhubaneswar
2016,285,30.39,23.72,86.12,3.17,17.15,Khordha_Bhubaneswar
2016,286,31.33,22.06,81.79,2.71,19.6,Khordha_Bhubaneswar
2016,287,30.78,20.57,71.56,2.04,19.99,Khordha_Bhubaneswar
2016,288,30.34,19.51,74.13,1.98,18.95,Khordha_Bhubaneswar
2016,289,29.39,18.51,71.59,2.13,20.46,Khordha_Bhubaneswar
2016,290,29.08,18.62,72.95,2.14,20.7,Khordha_Bhubaneswar
2016,291,29.82,19.27,78.02,2.06,20.81,Khordha_Bhubaneswar
2016,292,29.89,20.19,79.99,2.38,19.81,Khordha_Bhubaneswar
2016,293,30.28,20.05,78.11,2.28,19.65,Khordha_Bhubaneswar
2016,294,29.68,19.03,75.51,2.48,19.58,Khordha_Bhubaneswar
2016,295,29.4,18.01,75.44,2.51,20.31,Khordha_Bhubaneswar
2016,296,29.24,18.17,78.42,2.53,19.03,Khordha_Bhubaneswar
2016,297,28.9,17.56,78.15,2.94,18.73,Khordha_Bhubaneswar
2016,298,28.5,17.13,80.98,3.33,14.21,Khordha_Bhubaneswar
2016,299,27.43,17.95,80.09,3.01,17.62,Khordha_Bhubaneswar
2016,300,28.69,16.5,81.23,3.15,17.61,Khordha_Bhubaneswar
2016,301,29.68,21.45,89.17,2.67,12.73,Khordha_Bhubaneswar
2016,302,29.45,21.38,87.22,2.21,14.9,Khordha_Bhubaneswar
2016,303,29.33,21.64,87.83,2.24,14.87,Khordha_Bhubaneswar
2016,304,29.1,21.28,86.31,2.76,18.84,Khordha_Bhubaneswar
2016,305,29.13,19.26,84.53,2.42,19.56,Khordha_Bhubaneswar
2016,306,29.47,20.79,88.53,2.62,18.15,Khordha_Bhubaneswar
2016,307,29.41,21.04,87.07,2.54,18.94,Khordha_Bhubaneswar
2016,308,28.4,20.78,89.99,3.08,10.9,Khordha_Bhubaneswar
2016,309,26.48,21.84,92.25,4.03,8.61,Khordha_Bhubaneswar
2016,310,25.81,20.97,92.17,4.91,13.44,Khordha_Bhubaneswar
2016,311,27.79,17.92,83.87,3.38,19.13,Khordha_Bhubaneswar
2016,312,27.1,15.54,80.95,3.16,16.89,Khordha_Bhubaneswar
2016,313,26.48,14.63,79.83,2.79,16.78,Khordha_Bhubaneswar
2016,314,26.33,13.86,76.19,2.47,15.49,Khordha_Bhubaneswar
2016,315,24.57,13.2,78.16,2.2,13.75,Khordha_Bhubaneswar
2016,316,26.4,14.18,74.85,1.52,14.19,Khordha_Bhubaneswar
2016,317,26.89,14.69,72.45,1.43,16.4,Khordha_Bhubaneswar
2016,318,27.15,15.58,75.93,1.51,16.91,Khordha_Bhubaneswar
2016,319,27.78,17.02,80.82,1.53,16.59,Khordha_Bhubaneswar
2016,320,28.01,18.04,85.03,1.61,14.28,Khordha_Bhubaneswar
2016,321,26.84,18.12,79.29,2.28,16.17,Khordha_Bhubaneswar
2016,322,25.82,13.8,73.89,2.65,17.4,Khordha_Bhubaneswar
2016,323,25.56,12.54,72.85,2.2,17.77,Khordha_Bhubaneswar
2016,324,25.68,12.48,74.2,1.75,16.83,Khordha_Bhubaneswar
2016,325,26.46,12.95,73.97,1.83,15.77,Khordha_Bhubaneswar
2016,326,25.94,13.1,78.8,2.55,15.69,Khordha_Bhubaneswar
2016,327,26.05,12.68,76.4,2.75,15.12,Khordha_Bhubaneswar
2016,328,25.64,12.16,72.38,2.39,15.3,Khordha_Bhubaneswar
2016,329,25.86,11.91,73.96,2.55,15.68,Khordha_Bhubaneswar
2016,330,26.0,12.42,74.76,2.8,17.01,Khordha_Bhubaneswar
2016,331,25.8,12.34,78.97,2.98,16.31,Khordha_Bhubaneswar
2016,332,26.32,12.52,82.4,3.15,16.65,Khordha_Bhubaneswar
2016,333,26.38,13.31,81.07,2.71,15.32,Khordha_Bhubaneswar
2016,334,26.88,13.21,74.19,1.69,13.95,Khordha_Bhubaneswar
2016,335,26.39,14.3,77.1,1.68,13.49,Khordha_Bhubaneswar
2016,336,25.47,15.2,89.27,2.22,13.09,Khordha_Bhubaneswar
2016,337,26.38,16.83,88.75,2.84,13.21,Khordha_Bhubaneswar
2016,338,27.17,18.19,85.35,2.68,15.04,Khordha_Bhubaneswar
2016,339,26.46,15.4,80.8,2.29,15.31,Khordha_Bhubaneswar
2016,340,26.27,14.59,77.74,2.1,15.52,Khordha_Bhubaneswar
2016,341,25.36,12.89,73.63,2.17,16.5,Khordha_Bhubaneswar
2016,342,25.43,12.06,72.99,1.85,17.05,Khordha_Bhubaneswar
2016,343,25.74,12.91,77.28,1.76,16.96,Khordha_Bhubaneswar
2016,344,25.11,12.34,73.29,1.96,16.37,Khordha_Bhubaneswar
2016,345,24.54,11.38,76.1,2.76,15.66,Khordha_Bhubaneswar
2016,346,24.24,12.07,75.89,2.51,14.49,Khordha_Bhubaneswar
2016,347,25.46,14.27,73.63,2.37,15.57,Khordha_Bhubaneswar
2016,348,25.69,13.37,71.83,2.21,15.9,Khordha_Bhubaneswar
2016,349,25.67,13.57,71.97,1.7,15.62,Khordha_Bhubaneswar
2016,350,25.88,12.72,63.86,2.27,16.24,Khordha_Bhubaneswar
2016,351,24.24,10.63,68.08,2.3,16.59,Khordha_Bhubaneswar
2016,352,24.65,10.62,68.81,2.11,15.43,Khordha_Bhubaneswar
2016,353,24.65,10.06,69.2,1.74,14.59,Khordha_Bhubaneswar
2016,354,24.57,10.83,67.62,1.7,14.51,Khordha_Bhubaneswar
2016,355,24.53,10.03,68.51,2.44,14.75,Khordha_Bhubaneswar
2016,356,25.02,9.7,68.86,2.91,14.89,Khordha_Bhubaneswar
2016,357,24.74,9.54,66.42,1.78,14.73,Khordha_Bhubaneswar
2016,358,24.22,9.61,62.89,1.76,13.71,Khordha_Bhubaneswar
2016,359,24.97,10.84,66.53,1.59,13.12,Khordha_Bhubaneswar
2016,360,25.28,12.27,71.1,1.26,13.3,Khordha_Bhubaneswar
2016,361,26.36,12.74,71.68,2.18,14.09,Khordha_Bhubaneswar
2016,362,25.67,11.13,76.57,2.68,12.27,Khordha_Bhubaneswar
2016,363,24.41,12.72,80.21,1.54,11.48,Khordha_Bhubaneswar
2016,364,25.29,13.12,78.92,1.27,12.0,Khordha_Bhubaneswar
2016,365,25.32,13.36,79.93,1.4,12.81,Khordha_Bhubaneswar
2016,366,25.98,14.44,83.36,1.54,12.65,Khordha_Bhubaneswar
2017,1,26.27,16.23,81.45,1.61,13.03,Khordha_Bhubaneswar
2017,2,26.23,16.35,80.61,1.4,11.96,Khordha_Bhubaneswar
2017,3,25.86,15.46,74.9,0.91,11.07,Khordha_Bhubaneswar
2017,4,26.27,14.43,69.3,1.17,12.8,Khordha_Bhubaneswar
2017,5,26.54,13.57,61.13,1.31,15.9,Khordha_Bhubaneswar
2017,6,26.52,13.04,58.1,1.02,16.62,Khordha_Bhubaneswar
2017,7,26.39,13.22,58.96,1.43,16.81,Khordha_Bhubaneswar
2017,8,26.92,12.82,63.42,1.47,16.53,Khordha_Bhubaneswar
2017,9,27.34,14.48,64.14,1.43,15.97,Khordha_Bhubaneswar
2017,10,27.33,14.5,77.02,2.35,14.57,Khordha_Bhubaneswar
2017,11,25.35,15.22,75.47,1.45,12.98,Khordha_Bhubaneswar
2017,12,24.75,14.08,76.14,1.82,13.43,Khordha_Bhubaneswar
2017,13,24.23,12.32,75.6,2.27,13.84,Khordha_Bhubaneswar
2017,14,24.6,11.36,68.43,1.8,14.62,Khordha_Bhubaneswar
2017,15,24.98,10.08,57.19,1.26,16.46,Khordha_Bhubaneswar
2017,16,27.16,10.48,51.48,1.75,16.72,Khordha_Bhubaneswar
2017,17,27.65,11.85,52.18,1.77,16.43,Khordha_Bhubaneswar
2017,18,28.33,14.13,61.76,1.83,15.81,Khordha_Bhubaneswar
2017,19,28.21,12.33,64.58,2.77,16.92,Khordha_Bhubaneswar
2017,20,29.26,12.27,59.81,2.93,17.12,Khordha_Bhubaneswar
2017,21,29.62,12.47,60.69,2.33,17.58,Khordha_Bhubaneswar
2017,22,30.2,12.78,55.76,2.35,17.68,Khordha_Bhubaneswar
2017,23,30.07,12.99,55.05,2.11,17.72,Khordha_Bhubaneswar
2017,24,29.22,12.7,59.92,2.09,17.16,Khordha_Bhubaneswar
2017,25,29.59,13.28,64.76,2.28,16.99,Khordha_Bhubaneswar
2017,26,29.15,12.97,65.14,2.03,16.61,Khordha_Bhubaneswar
2017,27,29.55,15.03,63.0,1.76,7.89,Khordha_Bhubaneswar
2017,28,30.69,14.89,61.08,1.96,17.04,Khordha_Bhubaneswar
2017,29,28.75,14.29,65.15,1.9,16.46,Khordha_Bhubaneswar
2017,30,29.98,14.11,63.31,1.34,17.86,Khordha_Bhubaneswar
2017,31,30.25,15.68,62.99,1.6,17.2,Khordha_Bhubaneswar
2017,32,30.31,15.58,66.93,1.42,15.38,Khordha_Bhubaneswar
2017,33,29.49,17.28,73.67,1.39,12.77,Khordha_Bhubaneswar
2017,34,28.57,16.7,71.89,1.35,13.35,Khordha_Bhubaneswar
2017,35,29.01,14.8,67.57,2.03,16.53,Khordha_Bhubaneswar
2017,36,30.46,16.52,66.25,1.39,17.94,Khordha_Bhubaneswar
2017,37,32.57,16.17,58.39,2.11,18.95,Khordha_Bhubaneswar
2017,38,32.88,15.2,49.34,2.51,17.89,Khordha_Bhubaneswar
2017,39,32.5,15.28,63.64,2.04,18.81,Khordha_Bhubaneswar
2017,40,32.54,18.28,63.54,1.39,18.25,Khordha_Bhubaneswar
2017,41,32.65,17.29,65.78,2.33,18.31,Khordha_Bhubaneswar
2017,42,31.99,17.62,68.36,2.57,18.41,Khordha_Bhubaneswar
2017,43,31.7,18.47,65.9,1.9,16.99,Khordha_Bhubaneswar
2017,44,31.38,17.53,60.75,1.97,18.18,Khordha_Bhubaneswar
2017,45,32.04,17.12,59.6,1.75,18.14,Khordha_Bhubaneswar
2017,46,32.42,17.87,57.9,1.67,17.8,Khordha_Bhubaneswar
2017,47,32.75,18.67,55.01,1.74,17.85,Khordha_Bhubaneswar
2017,48,32.81,18.53,59.51,2.16,18.01,Khordha_Bhubaneswar
2017,49,33.17,18.54,65.23,2.61,18.05,Khordha_Bhubaneswar
2017,50,33.71,18.68,66.15,2.54,17.93,Khordha_Bhubaneswar
2017,51,35.46,18.71,51.93,3.19,19.7,Khordha_Bhubaneswar
2017,52,35.99,18.47,61.91,3.64,21.27,Khordha_Bhubaneswar
2017,53,36.27,20.03,67.48,3.86,20.44,Khordha_Bhubaneswar
2017,54,36.02,20.94,63.94,1.86,18.94,Khordha_Bhubaneswar
2017,55,34.62,20.56,61.67,1.55,17.68,Khordha_Bhubaneswar
2017,56,34.03,15.94,36.0,2.35,21.25,Khordha_Bhubaneswar
2017,57,35.24,14.47,36.99,2.66,21.79,Khordha_Bhubaneswar
2017,58,35.27,17.76,58.71,1.62,20.72,Khordha_Bhubaneswar
2017,59,35.04,19.47,62.02,1.65,18.86,Khordha_Bhubaneswar
2017,60,36.59,20.05,57.3,1.95,20.74,Khordha_Bhubaneswar
2017,61,35.91,19.53,54.06,2.94,22.37,Khordha_Bhubaneswar
2017,62,37.38,19.2,47.4,3.47,22.72,Khordha_Bhubaneswar
2017,63,36.62,19.04,51.78,3.99,21.66,Khordha_Bhubaneswar
2017,64,37.73,21.9,62.99,3.67,19.51,Khordha_Bhubaneswar
2017,65,36.29,23.42,60.38,2.13,16.85,Khordha_Bhubaneswar
2017,66,34.74,23.36,66.35,2.59,13.59,Khordha_Bhubaneswar
2017,67,31.84,23.09,77.14,3.41,10.45,Khordha_Bhubaneswar
2017,68,33.55,22.98,74.57,3.17,15.41,Khordha_Bhubaneswar
2017,69,35.37,23.12,70.21,4.93,16.96,Khordha_Bhubaneswar
2017,70,33.92,24.06,74.06,4.9,15.17,Khordha_Bhubaneswar
2017,71,34.95,22.43,59.68,2.43,22.28,Khordha_Bhubaneswar
2017,72,32.8,17.57,55.73,3.18,22.25,Khordha_Bhubaneswar
2017,73,32.8,18.47,56.85,2.32,21.48,Khordha_Bhubaneswar
2017,74,33.51,19.78,59.3,1.42,19.36,Khordha_Bhubaneswar
2017,75,34.57,19.74,57.77,2.19,20.21,Khordha_Bhubaneswar
2017,76,35.68,19.27,56.58,2.49,21.11,Khordha_Bhubaneswar
2017,77,36.06,22.75,61.85,2.39,19.52,Khordha_Bhubaneswar
2017,78,35.7,22.04,66.43,3.55,19.15,Khordha_Bhubaneswar
2017,79,33.36,23.31,66.83,2.25,22.97,Khordha_Bhubaneswar
2017,80,35.27,20.98,54.66,1.81,24.09,Khordha_Bhubaneswar
2017,81,37.41,19.84,49.8,2.42,24.28,Khordha_Bhubaneswar
2017,82,38.88,20.67,57.2,2.49,24.25,Khordha_Bhubaneswar
2017,83,39.48,22.16,57.04,2.06,23.83,Khordha_Bhubaneswar
2017,84,38.75,22.58,61.9,4.07,22.6,Khordha_Bhubaneswar
2017,85,38.69,23.13,62.77,3.27,21.48,Khordha_Bhubaneswar
2017,86,38.08,22.93,64.12,3.87,22.51,Khordha_Bhubaneswar
2017,87,41.0,23.32,57.7,4.15,24.09,Khordha_Bhubaneswar
2017,88,40.71,23.47,58.15,3.57,24.22,Khordha_Bhubaneswar
2017,89,41.31,23.67,58.5,4.03,23.67,Khordha_Bhubaneswar
2017,90,39.74,24.2,65.1,4.47,22.73,Khordha_Bhubaneswar
2017,91,40.87,23.97,63.46,4.17,22.49,Khordha_Bhubaneswar
2017,92,41.53,24.27,60.31,5.7,20.19,Khordha_Bhubaneswar
2017,93,39.72,26.5,59.72,6.37,21.53,Khordha_Bhubaneswar
2017,94,39.77,24.84,63.16,6.35,22.57,Khordha_Bhubaneswar
2017,95,41.02,25.28,60.65,5.61,21.46,Khordha_Bhubaneswar
2017,96,40.4,25.74,62.62,4.39,18.41,Khordha_Bhubaneswar
2017,97,39.05,26.45,65.51,5.05,19.18,Khordha_Bhubaneswar
2017,98,40.73,25.89,63.97,5.04,21.96,Khordha_Bhubaneswar
2017,99,41.52,26.17,61.3,4.35,22.11,Khordha_Bhubaneswar
2017,100,40.86,25.47,58.1,2.68,20.21,Khordha_Bhubaneswar
2017,101,41.45,25.12,48.83,2.41,25.68,Khordha_Bhubaneswar
2017,102,41.27,22.89,52.44,2.85,26.28,Khordha_Bhubaneswar
2017,103,40.08,23.1,59.43,4.39,24.8,Khordha_Bhubaneswar
2017,104,39.72,23.25,59.24,5.08,24.56,Khordha_Bhubaneswar
2017,105,39.21,22.81,60.0,5.29,25.14,Khordha_Bhubaneswar
2017,106,39.83,24.14,59.78,4.58,24.31,Khordha_Bhubaneswar
2017,107,36.07,25.01,70.8,3.67,20.67,Khordha_Bhubaneswar
2017,108,38.14,25.85,66.58,5.61,22.34,Khordha_Bhubaneswar
2017,109,37.89,26.62,67.79,6.53,21.54,Khordha_Bhubaneswar
2017,110,41.17,25.87,64.86,6.09,21.09,Khordha_Bhubaneswar
2017,111,42.41,26.29,59.6,6.32,24.25,Khordha_Bhubaneswar
2017,112,43.94,26.84,55.15,5.77,19.36,Khordha_Bhubaneswar
2017,113,43.11,26.73,54.66,4.56,21.76,Khordha_Bhubaneswar
2017,114,44.43,27.01,50.73,5.07,24.9,Khordha_Bhubaneswar
2017,115,44.57,26.11,43.5,4.98,26.87,Khordha_Bhubaneswar
2017,116,44.29,25.55,41.07,3.9,24.82,Khordha_Bhubaneswar
2017,117,42.84,26.62,53.4,4.24,23.42,Khordha_Bhubaneswar
2017,118,43.44,25.85,50.46,3.14,24.49,Khordha_Bhubaneswar
2017,119,42.72,25.85,54.4,5.06,23.12,Khordha_Bhubaneswar
2017,120,42.36,26.61,54.88,5.44,23.05,Khordha_Bhubaneswar
2017,121,38.62,26.94,58.45,5.7,17.88,Khordha_Bhubaneswar
2017,122,40.77,26.19,53.81,4.42,22.55,Khordha_Bhubaneswar
2017,123,42.23,26.09,52.85,4.62,23.06,Khordha_Bhubaneswar
2017,124,43.79,26.29,50.5,4.16,24.72,Khordha_Bhubaneswar
2017,125,44.29,26.65,49.57,5.46,21.28,Khordha_Bhubaneswar
2017,126,42.59,27.57,54.75,5.73,20.99,Khordha_Bhubaneswar
2017,127,42.59,26.99,52.69,4.64,23.03,Khordha_Bhubaneswar
2017,128,40.99,26.88,53.98,4.51,24.3,Khordha_Bhubaneswar
2017,129,38.43,27.28,61.16,5.13,20.31,Khordha_Bhubaneswar
2017,130,36.28,26.42,70.12,3.73,20.89,Khordha_Bhubaneswar
2017,131,40.16,25.41,60.74,4.64,24.38,Khordha_Bhubaneswar
2017,132,40.75,25.92,59.76,3.51,23.76,Khordha_Bhubaneswar
2017,133,43.09,27.15,56.61,4.37,24.55,Khordha_Bhubaneswar
2017,134,42.93,27.25,58.82,4.17,25.23,Khordha_Bhubaneswar
2017,135,43.81,28.01,57.73,4.34,24.74,Khordha_Bhubaneswar
2017,136,42.69,28.76,59.85,4.18,20.94,Khordha_Bhubaneswar
2017,137,40.71,28.34,62.18,3.37,21.84,Khordha_Bhubaneswar
2017,138,38.53,28.71,64.55,3.87,19.84,Khordha_Bhubaneswar
2017,139,36.1,28.19,66.14,2.64,23.66,Khordha_Bhubaneswar
2017,140,41.86,27.31,55.53,4.0,23.88,Khordha_Bhubaneswar
2017,141,38.81,27.64,62.56,3.65,24.53,Khordha_Bhubaneswar
2017,142,39.72,27.51,63.34,4.62,23.23,Khordha_Bhubaneswar
2017,143,37.39,28.07,68.69,4.68,24.41,Khordha_Bhubaneswar
2017,144,38.31,28.08,67.49,4.96,23.56,Khordha_Bhubaneswar
2017,145,40.29,27.9,60.98,5.44,25.03,Khordha_Bhubaneswar
2017,146,40.46,28.29,58.18,5.27,21.97,Khordha_Bhubaneswar
2017,147,36.5,27.96,66.86,3.5,19.66,Khordha_Bhubaneswar
2017,148,38.4,27.28,58.97,2.34,21.23,Khordha_Bhubaneswar
2017,149,41.58,27.54,50.97,2.89,20.74,Khordha_Bhubaneswar
2017,150,42.91,28.82,49.54,3.05,21.93,Khordha_Bhubaneswar
2017,151,39.7,29.64,55.7,3.15,20.82,Khordha_Bhubaneswar
2017,152,38.56,29.13,65.82,5.14,18.17,Khordha_Bhubaneswar
2017,153,37.39,28.58,67.33,5.19,14.56,Khordha_Bhubaneswar
2017,154,37.09,28.73,67.84,5.36,19.24,Khordha_Bhubaneswar
2017,155,43.63,28.99,54.51,5.29,24.46,Khordha_Bhubaneswar
2017,156,40.82,29.17,57.59,5.71,19.99,Khordha_Bhubaneswar
2017,157,34.59,28.22,72.28,2.45,17.02,Khordha_Bhubaneswar
2017,158,36.91,27.92,61.81,2.52,19.06,Khordha_Bhubaneswar
2017,159,39.53,27.55,53.81,2.65,19.5,Khordha_Bhubaneswar
2017,160,37.28,28.14,59.19,2.53,20.57,Khordha_Bhubaneswar
2017,161,32.39,27.29,77.87,1.53,16.23,Khordha_Bhubaneswar
2017,162,33.3,26.78,76.56,3.23,10.06,Khordha_Bhubaneswar
2017,163,33.62,27.08,73.16,4.2,14.78,Khordha_Bhubaneswar
2017,164,32.22,27.83,73.48,3.98,13.99,Khordha_Bhubaneswar
2017,165,34.28,27.26,75.39,3.64,16.96,Khordha_Bhubaneswar
2017,166,32.69,26.75,85.01,3.3,15.99,Khordha_Bhubaneswar
2017,167,31.95,26.76,81.5,3.21,15.08,Khordha_Bhubaneswar
2017,168,37.53,26.13,66.93,3.91,21.41,Khordha_Bhubaneswar
2017,169,38.74,27.39,64.45,4.34,21.08,Khordha_Bhubaneswar
2017,170,35.08,28.54,67.6,3.73,17.24,Khordha_Bhubaneswar
2017,171,32.7,27.34,79.71,3.04,13.5,Khordha_Bhubaneswar
2017,172,31.56,26.52,83.95,3.72,17.55,Khordha_Bhubaneswar
2017,173,32.56,26.53,78.76,3.04,8.92,Khordha_Bhubaneswar
2017,174,31.89,26.23,79.69,2.38,20.93,Khordha_Bhubaneswar
2017,175,30.81,26.06,85.87,1.99,7.14,Khordha_Bhubaneswar
2017,176,32.55,25.67,83.66,2.48,10.96,Khordha_Bhubaneswar
2017,177,33.12,25.98,81.89,4.08,10.22,Khordha_Bhubaneswar
2017,178,32.37,25.78,81.25,4.63,10.24,Khordha_Bhubaneswar
2017,179,32.03,26.15,82.09,3.52,10.51,Khordha_Bhubaneswar
2017,180,32.81,25.88,80.78,3.07,13.83,Khordha_Bhubaneswar
2017,181,32.33,26.22,84.02,3.24,11.31,Khordha_Bhubaneswar
2017,182,32.11,26.39,83.33,4.46,6.67,Khordha_Bhubaneswar
2017,183,33.01,25.88,80.0,4.81,13.26,Khordha_Bhubaneswar
2017,184,34.22,25.85,76.27,4.74,9.46,Khordha_Bhubaneswar
2017,185,33.9,26.28,76.71,4.87,14.38,Khordha_Bhubaneswar
2017,186,35.11,25.83,73.4,3.64,11.59,Khordha_Bhubaneswar
2017,187,32.38,26.49,76.55,3.52,13.15,Khordha_Bhubaneswar
2017,188,33.2,26.21,80.27,3.33,12.09,Khordha_Bhubaneswar
2017,189,33.85,25.92,80.66,2.8,15.64,Khordha_Bhubaneswar
2017,190,32.87,26.18,82.22,3.86,16.36,Khordha_Bhubaneswar
2017,191,31.49,26.64,86.62,3.78,15.37,Khordha_Bhubaneswar
2017,192,30.38,25.99,86.42,2.64,14.35,Khordha_Bhubaneswar
2017,193,31.11,25.3,85.63,2.41,11.66,Khordha_Bhubaneswar
2017,194,30.74,25.13,84.81,1.49,12.85,Khordha_Bhubaneswar
2017,195,32.34,25.13,84.52,2.39,15.52,Khordha_Bhubaneswar
2017,196,31.28,25.6,85.39,2.11,15.23,Khordha_Bhubaneswar
2017,197,31.24,25.27,87.8,2.3,10.36,Khordha_Bhubaneswar
2017,198,31.13,25.7,89.8,3.67,12.66,Khordha_Bhubaneswar
2017,199,31.36,26.03,90.03,6.97,16.31,Khordha_Bhubaneswar
2017,200,30.99,26.27,87.08,6.72,10.65,Khordha_Bhubaneswar
2017,201,31.26,26.11,86.96,5.87,14.59,Khordha_Bhubaneswar
2017,202,30.77,26.49,90.99,4.73,15.62,Khordha_Bhubaneswar
2017,203,29.88,26.65,91.56,3.87,8.15,Khordha_Bhubaneswar
2017,204,29.49,26.36,91.51,3.83,4.02,Khordha_Bhubaneswar
2017,205,29.27,26.35,90.85,4.96,6.58,Khordha_Bhubaneswar
2017,206,30.48,25.57,87.19,4.03,13.12,Khordha_Bhubaneswar
2017,207,30.67,25.72,85.5,3.64,10.38,Khordha_Bhubaneswar
2017,208,30.48,25.39,87.77,2.42,13.45,Khordha_Bhubaneswar
2017,209,30.63,25.64,87.46,2.33,19.43,Khordha_Bhubaneswar
2017,210,31.83,25.23,86.14,1.77,16.89,Khordha_Bhubaneswar
2017,211,29.8,25.84,89.25,2.39,15.7,Khordha_Bhubaneswar
2017,212,29.92,25.49,89.08,2.43,16.36,Khordha_Bhubaneswar
2017,213,32.25,25.16,86.19,2.82,18.29,Khordha_Bhubaneswar
2017,214,30.9,25.64,89.04,2.9,17.05,Khordha_Bhubaneswar
2017,215,30.17,26.24,89.82,3.31,16.48,Khordha_Bhubaneswar
2017,216,30.55,25.06,88.84,2.65,9.87,Khordha_Bhubaneswar
2017,217,30.56,25.4,88.49,2.58,8.75,Khordha_Bhubaneswar
2017,218,31.81,25.34,86.78,2.82,17.71,Khordha_Bhubaneswar
2017,219,31.16,25.85,89.43,2.88,14.89,Khordha_Bhubaneswar
2017,220,31.84,25.64,87.21,2.9,15.48,Khordha_Bhubaneswar
2017,221,31.02,25.94,88.03,3.94,18.87,Khordha_Bhubaneswar
2017,222,30.93,26.24,87.82,3.85,18.35,Khordha_Bhubaneswar
2017,223,31.45,25.59,87.99,3.99,14.86,Khordha_Bhubaneswar
2017,224,30.21,25.96,90.12,2.99,13.23,Khordha_Bhubaneswar
2017,225,29.7,25.23,88.44,2.4,16.41,Khordha_Bhubaneswar
2017,226,30.8,24.81,86.78,1.81,15.31,Khordha_Bhubaneswar
2017,227,31.33,24.99,87.24,2.37,17.48,Khordha_Bhubaneswar
2017,228,30.07,25.52,86.82,2.47,15.64,Khordha_Bhubaneswar
2017,229,29.26,25.12,90.45,2.49,9.42,Khordha_Bhubaneswar
2017,230,30.46,25.27,89.18,4.53,13.94,Khordha_Bhubaneswar
2017,231,29.91,24.97,89.87,2.68,17.84,Khordha_Bhubaneswar
2017,232,29.53,24.24,89.83,3.0,18.19,Khordha_Bhubaneswar
2017,233,30.83,24.47,88.29,2.59,20.0,Khordha_Bhubaneswar
2017,234,32.06,24.32,84.98,1.94,19.66,Khordha_Bhubaneswar
2017,235,32.29,25.23,83.32,1.4,17.57,Khordha_Bhubaneswar
2017,236,30.87,25.03,88.08,2.74,16.14,Khordha_Bhubaneswar
2017,237,31.31,25.36,86.79,1.87,14.76,Khordha_Bhubaneswar
2017,238,31.76,26.0,86.91,1.59,17.97,Khordha_Bhubaneswar
2017,239,29.45,25.88,91.97,2.03,10.92,Khordha_Bhubaneswar
2017,240,28.77,25.33,92.43,2.64,14.13,Khordha_Bhubaneswar
2017,241,28.45,25.61,92.62,4.02,8.37,Khordha_Bhubaneswar
2017,242,30.98,24.81,87.88,2.71,19.31,Khordha_Bhubaneswar
2017,243,29.82,25.7,91.21,2.75,17.35,Khordha_Bhubaneswar
2017,244,29.18,25.45,92.08,2.26,15.45,Khordha_Bhubaneswar
2017,245,29.59,24.8,91.16,3.22,8.38,Khordha_Bhubaneswar
2017,246,30.98,25.01,87.18,2.33,20.89,Khordha_Bhubaneswar
2017,247,32.27,24.08,83.84,2.12,20.72,Khordha_Bhubaneswar
2017,248,31.93,25.86,86.06,1.93,20.21,Khordha_Bhubaneswar
2017,249,30.83,25.77,90.04,1.85,20.35,Khordha_Bhubaneswar
2017,250,29.98,25.62,90.87,1.97,17.39,Khordha_Bhubaneswar
2017,251,29.96,25.32,90.83,2.65,20.89,Khordha_Bhubaneswar
2017,252,30.02,25.45,90.4,2.72,19.98,Khordha_Bhubaneswar
2017,253,30.84,25.42,89.76,2.43,19.44,Khordha_Bhubaneswar
2017,254,29.82,24.98,90.3,2.04,17.1,Khordha_Bhubaneswar
2017,255,27.88,25.46,94.42,2.52,15.3,Khordha_Bhubaneswar
2017,256,29.47,25.13,89.66,1.83,18.38,Khordha_Bhubaneswar
2017,257,28.69,24.93,91.35,2.29,19.45,Khordha_Bhubaneswar
2017,258,30.01,24.53,88.04,1.58,17.84,Khordha_Bhubaneswar
2017,259,31.59,24.44,86.87,1.8,18.69,Khordha_Bhubaneswar
2017,260,31.07,25.55,88.16,1.34,17.3,Khordha_Bhubaneswar
2017,261,30.73,25.29,86.82,1.72,5.1,Khordha_Bhubaneswar
2017,262,29.3,25.18,92.08,2.93,10.35,Khordha_Bhubaneswar
2017,263,30.3,24.81,89.56,2.68,11.45,Khordha_Bhubaneswar
2017,264,29.69,25.32,91.55,2.76,18.35,Khordha_Bhubaneswar
2017,265,30.69,24.95,89.27,2.84,20.47,Khordha_Bhubaneswar
2017,266,32.08,24.82,86.83,1.77,20.09,Khordha_Bhubaneswar
2017,267,30.43,25.52,88.43,1.7,21.62,Khordha_Bhubaneswar
2017,268,30.23,24.56,88.18,1.81,19.27,Khordha_Bhubaneswar
2017,269,30.66,24.84,87.75,1.43,17.67,Khordha_Bhubaneswar
2017,270,30.09,25.43,88.76,1.54,15.64,Khordha_Bhubaneswar
2017,271,28.54,24.66,90.76,1.63,14.73,Khordha_Bhubaneswar
2017,272,30.56,24.28,86.28,1.22,16.34,Khordha_Bhubaneswar
2017,273,29.29,24.71,91.31,1.73,10.16,Khordha_Bhubaneswar
2017,274,29.24,25.03,88.43,1.29,14.55,Khordha_Bhubaneswar
2017,275,29.04,24.51,91.3,1.97,13.1,Khordha_Bhubaneswar
2017,276,29.06,25.03,90.9,1.81,13.26,Khordha_Bhubaneswar
2017,277,30.46,24.34,88.62,1.57,17.76,Khordha_Bhubaneswar
2017,278,29.89,24.42,90.64,1.95,14.58,Khordha_Bhubaneswar
2017,279,27.72,24.6,94.04,3.38,7.2,Khordha_Bhubaneswar
2017,280,28.53,24.52,92.52,2.2,16.76,Khordha_Bhubaneswar
2017,281,29.98,24.15,89.79,2.1,11.39,Khordha_Bhubaneswar
2017,282,29.17,24.78,91.58,2.62,16.52,Khordha_Bhubaneswar
2017,283,30.0,24.61,88.46,1.7,15.27,Khordha_Bhubaneswar
2017,284,31.1,24.06,88.15,1.98,18.86,Khordha_Bhubaneswar
2017,285,30.89,24.26,89.26,2.28,18.81,Khordha_Bhubaneswar
2017,286,30.79,24.57,88.49,2.49,20.19,Khordha_Bhubaneswar
2017,287,31.19,24.29,85.82,2.1,18.81,Khordha_Bhubaneswar
2017,288,32.19,24.59,82.51,1.51,20.32,Khordha_Bhubaneswar
2017,289,31.81,23.44,82.17,1.87,20.67,Khordha_Bhubaneswar
2017,290,30.45,21.4,83.45,2.25,20.05,Khordha_Bhubaneswar
2017,291,29.8,21.85,88.66,3.55,11.9,Khordha_Bhubaneswar
2017,292,27.66,25.26,95.9,5.3,4.85,Khordha_Bhubaneswar
2017,293,26.92,24.68,94.08,5.37,4.68,Khordha_Bhubaneswar
2017,294,30.56,24.0,88.6,3.83,17.37,Khordha_Bhubaneswar
2017,295,30.91,22.86,82.45,1.6,19.29,Khordha_Bhubaneswar
2017,296,31.13,21.87,76.52,1.39,19.11,Khordha_Bhubaneswar
2017,297,31.29,21.39,78.46,1.92,17.29,Khordha_Bhubaneswar
2017,298,30.93,21.7,77.65,1.52,17.82,Khordha_Bhubaneswar
2017,299,30.49,20.95,74.36,1.46,16.42,Khordha_Bhubaneswar
2017,300,29.53,21.23,81.76,1.58,17.2,Khordha_Bhubaneswar
2017,301,29.74,20.5,71.25,0.99,17.45,Khordha_Bhubaneswar
2017,302,29.64,19.87,68.24,1.13,17.1,Khordha_Bhubaneswar
2017,303,28.75,19.83,71.6,1.25,17.05,Khordha_Bhubaneswar
2017,304,28.09,18.81,75.46,1.49,17.59,Khordha_Bhubaneswar
2017,305,27.13,17.39,82.35,2.59,16.5,Khordha_Bhubaneswar
2017,306,27.29,17.37,82.56,2.52,19.26,Khordha_Bhubaneswar
2017,307,27.32,16.79,81.31,2.13,19.51,Khordha_Bhubaneswar
2017,308,28.34,17.33,84.86,2.82,18.86,Khordha_Bhubaneswar
2017,309,28.94,19.19,82.26,1.54,19.39,Khordha_Bhubaneswar
2017,310,29.04,19.39,82.4,2.17,19.27,Khordha_Bhubaneswar
2017,311,28.76,18.91,80.78,2.31,19.71,Khordha_Bhubaneswar
2017,312,28.34,17.83,76.79,1.72,18.68,Khordha_Bhubaneswar
2017,313,27.78,17.88,74.46,1.54,17.14,Khordha_Bhubaneswar
2017,314,27.28,16.81,74.54,2.07,18.33,Khordha_Bhubaneswar
2017,315,27.32,16.16,77.66,2.33,16.92,Khordha_Bhubaneswar
2017,316,27.76,17.58,78.46,2.21,18.05,Khordha_Bhubaneswar
2017,317,27.63,17.95,82.89,2.73,17.69,Khordha_Bhubaneswar
2017,318,25.67,19.06,89.59,3.36,9.79,Khordha_Bhubaneswar
2017,319,22.34,20.08,95.16,4.86,3.71,Khordha_Bhubaneswar
2017,320,24.67,19.64,94.94,4.52,5.71,Khordha_Bhubaneswar
2017,321,25.49,20.54,93.36,4.78,6.79,Khordha_Bhubaneswar
2017,322,29.29,21.39,88.95,1.77,6.96,Khordha_Bhubaneswar
2017,323,29.28,22.23,87.41,1.34,9.41,Khordha_Bhubaneswar
2017,324,28.82,20.75,83.28,2.23,14.27,Khordha_Bhubaneswar
2017,325,27.64,18.84,78.49,2.64,15.63,Khordha_Bhubaneswar
2017,326,26.55,15.48,72.63,1.95,15.48,Khordha_Bhubaneswar
2017,327,26.07,15.81,78.5,2.42,15.51,Khordha_Bhubaneswar
2017,328,24.82,12.65,68.91,2.2,16.51,Khordha_Bhubaneswar
2017,329,24.95,11.94,72.93,2.2,15.99,Khordha_Bhubaneswar
2017,330,25.1,12.63,73.41,1.63,16.13,Khordha_Bhubaneswar
2017,331,24.81,12.1,77.62,2.63,15.34,Khordha_Bhubaneswar
2017,332,25.64,11.75,72.94,2.27,15.71,Khordha_Bhubaneswar
2017,333,25.4,12.98,70.75,1.78,16.24,Khordha_Bhubaneswar
2017,334,25.2,12.43,70.9,1.72,15.21,Khordha_Bhubaneswar
2017,335,25.05,12.3,72.09,1.98,15.5,Khordha_Bhubaneswar
2017,336,24.63,12.39,73.62,1.71,16.14,Khordha_Bhubaneswar
2017,337,23.8,12.02,75.41,1.94,16.33,Khordha_Bhubaneswar
2017,338,23.89,11.23,72.73,1.74,15.09,Khordha_Bhubaneswar
2017,339,23.88,12.62,73.19,1.68,15.47,Khordha_Bhubaneswar
2017,340,22.56,12.44,75.19,1.69,14.29,Khordha_Bhubaneswar
2017,341,24.21,11.95,81.01,2.53,10.1,Khordha_Bhubaneswar
2017,342,21.09,16.35,91.27,3.66,4.48,Khordha_Bhubaneswar
2017,343,24.86,18.66,90.33,6.16,6.14,Khordha_Bhubaneswar
2017,344,25.98,18.97,89.59,3.84,11.09,Khordha_Bhubaneswar
2017,345,26.48,17.26,84.51,2.08,14.26,Khordha_Bhubaneswar
2017,346,26.54,15.38,80.01,1.88,13.8,Khordha_Bhubaneswar
2017,347,26.89,16.14,77.47,1.99,13.59,Khordha_Bhubaneswar
2017,348,26.59,15.1,73.9,1.92,14.56,Khordha_Bhubaneswar
2017,349,26.52,14.7,73.54,1.92,13.84,Khordha_Bhubaneswar
2017,350,26.32,14.12,74.57,2.31,15.16,Khordha_Bhubaneswar
2017,351,25.24,14.11,73.6,2.42,16.01,Khordha_Bhubaneswar
2017,352,23.8,11.74,65.21,2.18,15.97,Khordha_Bhubaneswar
2017,353,23.21,10.25,67.41,1.6,13.32,Khordha_Bhubaneswar
2017,354,23.56,10.55,75.75,1.85,13.35,Khordha_Bhubaneswar
2017,355,24.36,11.56,76.93,1.54,14.32,Khordha_Bhubaneswar
2017,356,24.34,12.81,76.58,1.71,13.84,Khordha_Bhubaneswar
2017,357,25.1,12.98,78.67,1.52,12.82,Khordha_Bhubaneswar
2017,358,24.81,12.97,73.98,1.33,13.13,Khordha_Bhubaneswar
2017,359,24.91,12.43,74.12,1.59,14.35,Khordha_Bhubaneswar
2017,360,24.43,11.15,72.29,2.54,14.95,Khordha_Bhubaneswar
2017,361,23.31,9.05,70.01,2.22,15.93,Khordha_Bhubaneswar
2017,362,24.25,10.1,70.69,1.85,16.39,Khordha_Bhubaneswar
2017,363,24.36,11.33,72.71,1.7,16.74,Khordha_Bhubaneswar
2017,364,24.25,10.59,71.42,1.94,16.65,Khordha_Bhubaneswar
2017,365,24.4,10.51,73.63,2.26,14.68,Khordha_Bhubaneswar
2018,1,21.5,15.02,81.98,2.13,12.35,Khordha_Bhubaneswar
2018,2,23.17,13.33,74.72,1.8,15.38,Khordha_Bhubaneswar
2018,3,24.3,11.35,67.29,1.69,14.61,Khordha_Bhubaneswar
2018,4,22.73,9.49,73.86,2.22,15.64,Khordha_Bhubaneswar
2018,5,23.03,9.82,70.61,1.85,15.2,Khordha_Bhubaneswar
2018,6,23.12,8.43,64.29,2.0,15.38,Khordha_Bhubaneswar
2018,7,22.94,7.88,62.66,2.12,15.34,Khordha_Bhubaneswar
2018,8,22.49,8.76,65.31,1.84,16.21,Khordha_Bhubaneswar
2018,9,22.37,8.14,63.93,1.74,15.61,Khordha_Bhubaneswar
2018,10,22.92,7.93,63.21,1.78,16.12,Khordha_Bhubaneswar
2018,11,23.15,8.17,60.76,2.01,15.42,Khordha_Bhubaneswar
2018,12,24.31,9.46,62.71,2.01,14.33,Khordha_Bhubaneswar
2018,13,24.44,9.78,66.94,2.15,14.77,Khordha_Bhubaneswar
2018,14,24.32,10.26,63.61,2.31,14.61,Khordha_Bhubaneswar
2018,15,24.85,9.42,63.51,2.36,16.44,Khordha_Bhubaneswar
2018,16,24.7,9.26,64.9,1.95,16.47,Khordha_Bhubaneswar
2018,17,24.79,10.71,63.19,1.47,15.44,Khordha_Bhubaneswar
2018,18,24.52,8.93,58.33,1.69,16.3,Khordha_Bhubaneswar
2018,19,24.29,8.39,57.63,1.76,16.84,Khordha_Bhubaneswar
2018,20,25.23,9.94,64.74,1.76,17.52,Khordha_Bhubaneswar
2018,21,25.15,11.27,65.3,1.51,16.94,Khordha_Bhubaneswar
2018,22,24.83,11.26,67.74,1.65,16.59,Khordha_Bhubaneswar
2018,23,24.87,11.52,75.1,1.76,16.16,Khordha_Bhubaneswar
2018,24,26.05,12.64,75.91,1.64,16.45,Khordha_Bhubaneswar
2018,25,25.4,12.79,71.36,1.96,13.93,Khordha_Bhubaneswar
2018,26,25.64,12.04,64.99,1.37,15.82,Khordha_Bhubaneswar
2018,27,25.1,11.07,63.68,1.89,14.6,Khordha_Bhubaneswar
2018,28,25.0,10.79,64.73,1.53,17.28,Khordha_Bhubaneswar
2018,29,25.33,11.28,59.91,1.64,18.09,Khordha_Bhubaneswar
2018,30,26.25,8.86,54.73,2.53,18.54,Khordha_Bhubaneswar
2018,31,28.17,10.03,59.1,3.73,19.15,Khordha_Bhubaneswar
2018,32,27.82,10.88,56.58,3.16,18.78,Khordha_Bhubaneswar
2018,33,28.25,10.96,59.25,2.54,19.01,Khordha_Bhubaneswar
2018,34,26.93,14.83,65.49,1.93,19.37,Khordha_Bhubaneswar
2018,35,28.11,14.48,74.8,2.25,19.29,Khordha_Bhubaneswar
2018,36,27.89,16.21,77.58,1.84,18.19,Khordha_Bhubaneswar
2018,37,28.77,15.63,68.78,2.01,18.09,Khordha_Bhubaneswar
2018,38,28.92,15.03,65.35,2.45,16.08,Khordha_Bhubaneswar
2018,39,29.02,16.59,60.97,2.51,14.75,Khordha_Bhubaneswar
2018,40,30.23,16.65,66.79,2.25,14.08,Khordha_Bhubaneswar
2018,41,30.31,18.1,73.94,1.72,15.49,Khordha_Bhubaneswar
2018,42,25.43,17.93,72.08,1.89,11.84,Khordha_Bhubaneswar
2018,43,29.16,14.76,57.23,2.12,19.43,Khordha_Bhubaneswar
2018,44,28.02,14.32,52.98,1.74,17.92,Khordha_Bhubaneswar
2018,45,29.48,14.64,57.42,2.69,18.92,Khordha_Bhubaneswar
2018,46,29.26,13.95,59.7,2.54,20.77,Khordha_Bhubaneswar
2018,47,28.96,14.04,59.81,1.7,20.08,Khordha_Bhubaneswar
2018,48,30.88,13.34,55.69,2.53,19.78,Khordha_Bhubaneswar
2018,49,30.71,15.93,61.16,1.58,19.83,Khordha_Bhubaneswar
2018,50,30.54,16.45,68.2,2.2,19.59,Khordha_Bhubaneswar
2018,51,31.29,16.81,68.89,2.21,19.16,Khordha_Bhubaneswar
2018,52,32.38,17.02,58.55,2.48,19.81,Khordha_Bhubaneswar
2018,53,32.65,14.68,51.85,1.98,20.85,Khordha_Bhubaneswar
2018,54,33.3,17.85,54.21,1.89,21.31,Khordha_Bhubaneswar
2018,55,34.21,16.86,59.04,2.25,21.41,Khordha_Bhubaneswar
2018,56,35.28,17.73,51.06,2.34,21.36,Khordha_Bhubaneswar
2018,57,34.64,18.96,51.11,2.39,18.01,Khordha_Bhubaneswar
2018,58,34.97,18.79,51.82,2.15,20.49,Khordha_Bhubaneswar
2018,59,34.75,17.77,61.12,1.8,21.83,Khordha_Bhubaneswar
2018,60,35.08,19.53,59.05,1.78,21.61,Khordha_Bhubaneswar
2018,61,35.9,19.0,52.64,2.4,21.58,Khordha_Bhubaneswar
2018,62,36.75,19.32,47.41,2.92,20.88,Khordha_Bhubaneswar
2018,63,37.12,19.82,45.45,2.01,20.19,Khordha_Bhubaneswar
2018,64,37.05,21.05,50.24,1.78,18.52,Khordha_Bhubaneswar
2018,65,35.37,21.32,60.18,2.17,18.18,Khordha_Bhubaneswar
2018,66,35.48,20.72,57.21,2.31,19.61,Khordha_Bhubaneswar
2018,67,34.75,19.83,60.64,1.69,21.15,Khordha_Bhubaneswar
2018,68,35.49,20.33,58.34,1.71,18.26,Khordha_Bhubaneswar
2018,69,37.17,20.08,54.76,2.64,21.82,Khordha_Bhubaneswar
2018,70,36.25,19.96,59.12,2.77,21.07,Khordha_Bhubaneswar
2018,71,36.98,21.4,56.45,3.09,16.99,Khordha_Bhubaneswar
2018,72,38.03,21.12,49.73,2.95,20.3,Khordha_Bhubaneswar
2018,73,37.69,20.31,40.63,2.47,21.18,Khordha_Bhubaneswar
2018,74,39.04,20.51,52.31,3.45,17.43,Khordha_Bhubaneswar
2018,75,35.75,22.72,47.66,3.82,8.67,Khordha_Bhubaneswar
2018,76,35.72,21.95,48.0,3.25,19.34,Khordha_Bhubaneswar
2018,77,36.74,21.36,52.13,2.16,19.9,Khordha_Bhubaneswar
2018,78,37.83,20.7,48.07,2.27,20.27,Khordha_Bhubaneswar
2018,79,38.67,21.01,39.37,2.69,22.85,Khordha_Bhubaneswar
2018,80,38.13,21.02,51.56,1.55,21.59,Khordha_Bhubaneswar
2018,81,38.52,22.39,61.2,2.78,17.26,Khordha_Bhubaneswar
2018,82,38.52,23.12,61.9,2.92,20.14,Khordha_Bhubaneswar
2018,83,38.72,23.33,62.96,2.59,20.14,Khordha_Bhubaneswar
2018,84,37.44,23.51,65.15,2.78,17.77,Khordha_Bhubaneswar
2018,85,38.6,22.93,55.81,2.75,19.11,Khordha_Bhubaneswar
2018,86,39.2,22.95,53.17,2.71,22.35,Khordha_Bhubaneswar
2018,87,39.59,22.74,55.64,2.6,22.64,Khordha_Bhubaneswar
2018,88,38.76,23.28,62.79,3.44,20.36,Khordha_Bhubaneswar
2018,89,38.42,24.28,64.23,3.36,16.7,Khordha_Bhubaneswar
2018,90,38.8,24.26,66.24,4.74,18.19,Khordha_Bhubaneswar
2018,91,38.35,24.08,64.63,4.38,20.71,Khordha_Bhubaneswar
2018,92,34.47,22.44,60.4,3.43,19.97,Khordha_Bhubaneswar
2018,93,35.83,21.95,65.23,3.19,20.28,Khordha_Bhubaneswar
2018,94,35.0,23.37,70.29,3.5,19.97,Khordha_Bhubaneswar
2018,95,36.49,23.75,69.62,4.44,21.99,Khordha_Bhubaneswar
2018,96,37.51,23.92,67.53,4.3,18.15,Khordha_Bhubaneswar
2018,97,31.94,24.71,77.5,3.32,19.45,Khordha_Bhubaneswar
2018,98,34.03,23.6,71.79,3.0,21.46,Khordha_Bhubaneswar
2018,99,35.65,23.17,63.67,3.35,19.34,Khordha_Bhubaneswar
2018,100,37.23,23.09,60.03,3.43,22.77,Khordha_Bhubaneswar
2018,101,39.09,23.64,55.75,3.42,24.5,Khordha_Bhubaneswar
2018,102,39.02,24.06,57.03,3.66,19.82,Khordha_Bhubaneswar
2018,103,39.29,24.55,54.81,2.76,24.3,Khordha_Bhubaneswar
2018,104,39.33,24.99,55.18,3.25,19.76,Khordha_Bhubaneswar
2018,105,40.05,24.86,51.58,2.67,23.88,Khordha_Bhubaneswar
2018,106,41.23,24.98,50.93,2.64,24.67,Khordha_Bhubaneswar
2018,107,41.47,26.24,53.22,4.29,24.77,Khordha_Bhubaneswar
2018,108,41.57,25.87,57.36,3.68,23.91,Khordha_Bhubaneswar
2018,109,41.55,25.62,57.66,3.52,22.07,Khordha_Bhubaneswar
2018,110,40.99,26.47,59.73,5.24,22.79,Khordha_Bhubaneswar
2018,111,42.05,26.65,55.89,4.89,24.43,Khordha_Bhubaneswar
2018,112,42.61,26.15,54.69,4.19,23.65,Khordha_Bhubaneswar
2018,113,40.25,26.51,59.73,2.92,22.05,Khordha_Bhubaneswar
2018,114,39.28,25.74,61.36,3.29,23.91,Khordha_Bhubaneswar
2018,115,41.25,25.24,52.7,3.4,25.08,Khordha_Bhubaneswar
2018,116,41.06,24.72,59.81,4.64,24.4,Khordha_Bhubaneswar
2018,117,39.88,24.94,59.7,5.02,24.25,Khordha_Bhubaneswar
2018,118,38.63,25.17,62.64,5.79,22.82,Khordha_Bhubaneswar
2018,119,39.79,25.36,65.06,5.34,21.35,Khordha_Bhubaneswar
2018,120,37.41,25.9,72.4,4.69,20.5,Khordha_Bhubaneswar
2018,121,34.47,25.9,77.23,4.08,18.39,Khordha_Bhubaneswar
2018,122,38.63,25.26,69.4,4.8,25.13,Khordha_Bhubaneswar
2018,123,34.38,25.72,72.74,2.98,22.14,Khordha_Bhubaneswar
2018,124,38.69,24.19,65.21,4.14,25.45,Khordha_Bhubaneswar
2018,125,40.63,25.74,63.85,5.27,25.26,Khordha_Bhubaneswar
2018,126,42.22,26.29,61.64,5.25,23.49,Khordha_Bhubaneswar
2018,127,43.23,27.16,55.36,5.11,19.33,Khordha_Bhubaneswar
2018,128,42.44,26.8,56.56,5.34,23.31,Khordha_Bhubaneswar
2018,129,42.24,27.76,55.95,4.7,23.07,Khordha_Bhubaneswar
2018,130,40.77,27.02,56.61,3.85,24.37,Khordha_Bhubaneswar
2018,131,40.99,26.71,59.94,4.31,20.49,Khordha_Bhubaneswar
2018,132,40.69,26.08,60.71,4.15,25.5,Khordha_Bhubaneswar
2018,133,38.52,26.6,68.68,4.6,25.12,Khordha_Bhubaneswar
2018,134,33.45,25.46,71.61,3.54,11.74,Khordha_Bhubaneswar
2018,135,36.8,23.81,66.22,2.93,23.33,Khordha_Bhubaneswar
2018,136,38.29,24.93,66.55,4.81,21.63,Khordha_Bhubaneswar
2018,137,38.39,25.83,69.74,4.29,23.57,Khordha_Bhubaneswar
2018,138,40.49,25.59,63.7,3.31,25.08,Khordha_Bhubaneswar
2018,139,37.68,26.37,67.98,3.99,21.98,Khordha_Bhubaneswar
2018,140,38.81,25.86,66.72,4.75,24.46,Khordha_Bhubaneswar
2018,141,35.79,26.01,73.77,3.73,22.58,Khordha_Bhubaneswar
2018,142,37.43,26.34,71.51,4.56,24.23,Khordha_Bhubaneswar
2018,143,32.24,26.48,81.06,4.92,9.46,Khordha_Bhubaneswar
2018,144,32.24,26.04,81.85,4.73,23.3,Khordha_Bhubaneswar
2018,145,35.57,25.93,75.36,4.84,22.57,Khordha_Bhubaneswar
2018,146,35.29,26.13,76.54,3.94,22.65,Khordha_Bhubaneswar
2018,147,36.01,26.6,73.34,3.66,25.81,Khordha_Bhubaneswar
2018,148,37.86,26.44,69.78,4.18,21.76,Khordha_Bhubaneswar
2018,149,35.6,27.06,76.13,3.84,20.02,Khordha_Bhubaneswar
2018,150,37.04,27.03,71.59,4.19,22.33,Khordha_Bhubaneswar
2018,151,36.82,26.6,71.02,3.52,12.72,Khordha_Bhubaneswar
2018,152,32.66,27.58,77.91,3.84,16.26,Khordha_Bhubaneswar
2018,153,33.27,26.84,79.82,3.49,17.71,Khordha_Bhubaneswar
2018,154,34.98,27.1,74.59,3.26,18.64,Khordha_Bhubaneswar
2018,155,33.92,27.19,75.43,2.79,19.47,Khordha_Bhubaneswar
2018,156,33.99,26.76,77.16,2.38,16.82,Khordha_Bhubaneswar
2018,157,32.72,27.26,78.02,3.08,19.69,Khordha_Bhubaneswar
2018,158,35.91,27.01,70.41,2.55,21.41,Khordha_Bhubaneswar
2018,159,33.32,27.34,76.92,2.18,14.77,Khordha_Bhubaneswar
2018,160,34.29,26.49,74.7,3.16,12.0,Khordha_Bhubaneswar
2018,161,34.48,26.57,72.73,2.88,16.32,Khordha_Bhubaneswar
2018,162,34.95,26.84,74.51,4.51,11.76,Khordha_Bhubaneswar
2018,163,33.09,27.27,80.62,4.46,7.76,Khordha_Bhubaneswar
2018,164,38.5,26.08,69.14,4.93,14.45,Khordha_Bhubaneswar
2018,165,38.27,27.68,62.58,5.03,20.16,Khordha_Bhubaneswar
2018,166,41.96,27.93,54.92,4.71,24.3,Khordha_Bhubaneswar
2018,167,41.54,27.56,53.88,4.33,23.74,Khordha_Bhubaneswar
2018,168,41.97,28.4,50.94,4.14,23.64,Khordha_Bhubaneswar
2018,169,40.62,28.3,52.2,4.39,24.48,Khordha_Bhubaneswar
2018,170,38.97,28.55,57.84,4.35,25.09,Khordha_Bhubaneswar
2018,171,35.09,28.27,68.43,3.31,21.03,Khordha_Bhubaneswar
2018,172,32.64,27.14,75.0,2.59,10.53,Khordha_Bhubaneswar
2018,173,31.24,25.81,84.02,3.46,16.75,Khordha_Bhubaneswar
2018,174,32.66,25.93,78.29,3.28,15.29,Khordha_Bhubaneswar
2018,175,32.12,26.44,82.69,4.12,14.01,Khordha_Bhubaneswar
2018,176,32.16,26.66,83.84,3.64,7.77,Khordha_Bhubaneswar
2018,177,31.89,26.02,82.1,2.41,5.62,Khordha_Bhubaneswar
2018,178,29.62,25.42,88.13,2.34,4.81,Khordha_Bhubaneswar
2018,179,30.67,25.39,86.95,3.81,11.03,Khordha_Bhubaneswar
2018,180,31.92,24.77,81.71,3.26,16.16,Khordha_Bhubaneswar
2018,181,33.27,25.01,79.82,3.54,19.04,Khordha_Bhubaneswar
2018,182,31.36,25.77,84.89,3.72,18.15,Khordha_Bhubaneswar
2018,183,32.09,25.2,83.08,3.46,15.7,Khordha_Bhubaneswar
2018,184,32.0,25.93,83.88,4.17,14.54,Khordha_Bhubaneswar
2018,185,31.36,25.89,84.08,3.59,11.79,Khordha_Bhubaneswar
2018,186,32.02,25.17,82.15,3.73,15.37,Khordha_Bhubaneswar
2018,187,31.75,25.28,81.72,2.12,18.74,Khordha_Bhubaneswar
2018,188,32.49,24.93,83.16,2.31,13.6,Khordha_Bhubaneswar
2018,189,32.2,25.31,84.21,2.71,18.62,Khordha_Bhubaneswar
2018,190,32.56,25.65,85.26,3.74,19.4,Khordha_Bhubaneswar
2018,191,32.58,25.93,83.29,2.94,16.24,Khordha_Bhubaneswar
2018,192,32.34,25.84,80.9,2.56,11.24,Khordha_Bhubaneswar
2018,193,32.12,25.6,82.1,2.27,13.08,Khordha_Bhubaneswar
2018,194,33.2,26.11,84.54,2.13,17.41,Khordha_Bhubaneswar
2018,195,31.78,26.23,85.65,1.67,11.96,Khordha_Bhubaneswar
2018,196,30.82,26.22,90.71,3.87,13.25,Khordha_Bhubaneswar
2018,197,30.65,26.06,89.15,4.64,3.67,Khordha_Bhubaneswar
2018,198,32.49,25.79,86.37,4.35,13.0,Khordha_Bhubaneswar
2018,199,32.49,25.76,84.07,2.84,13.71,Khordha_Bhubaneswar
2018,200,30.9,25.82,87.28,3.03,12.93,Khordha_Bhubaneswar
2018,201,31.15,26.14,88.33,3.84,8.58,Khordha_Bhubaneswar
2018,202,30.65,25.85,91.58,6.95,4.96,Khordha_Bhubaneswar
2018,203,30.5,25.54,87.04,7.44,5.21,Khordha_Bhubaneswar
2018,204,32.49,25.14,84.75,4.4,17.9,Khordha_Bhubaneswar
2018,205,31.4,25.71,85.38,3.26,15.5,Khordha_Bhubaneswar
2018,206,30.74,25.68,85.77,3.04,13.38,Khordha_Bhubaneswar
2018,207,31.0,25.74,87.05,3.27,11.73,Khordha_Bhubaneswar
2018,208,31.71,24.65,83.77,3.68,16.76,Khordha_Bhubaneswar
2018,209,32.22,24.52,82.68,3.37,16.82,Khordha_Bhubaneswar
2018,210,31.57,25.35,85.87,3.21,16.54,Khordha_Bhubaneswar
2018,211,30.94,25.75,88.37,3.52,8.22,Khordha_Bhubaneswar
2018,212,30.39,24.79,87.68,3.5,7.76,Khordha_Bhubaneswar
2018,213,30.4,24.91,85.91,3.48,9.93,Khordha_Bhubaneswar
2018,214,31.33,24.79,84.68,3.6,10.37,Khordha_Bhubaneswar
2018,215,31.33,24.58,86.04,3.9,18.78,Khordha_Bhubaneswar
2018,216,32.25,24.75,84.19,3.91,21.2,Khordha_Bhubaneswar
2018,217,29.56,25.18,90.12,3.58,15.91,Khordha_Bhubaneswar
2018,218,28.57,25.06,92.14,3.88,6.76,Khordha_Bhubaneswar
2018,219,29.07,24.65,92.67,3.88,5.08,Khordha_Bhubaneswar
2018,220,30.15,25.37,89.01,5.37,18.21,Khordha_Bhubaneswar
2018,221,32.03,24.16,83.49,2.21,16.98,Khordha_Bhubaneswar
2018,222,32.19,25.21,85.83,2.6,20.9,Khordha_Bhubaneswar
2018,223,31.86,25.62,87.28,1.98,15.58,Khordha_Bhubaneswar
2018,224,31.63,25.99,86.38,1.67,13.03,Khordha_Bhubaneswar
2018,225,32.12,25.58,86.64,1.64,17.33,Khordha_Bhubaneswar
2018,226,32.04,26.28,89.15,2.88,11.75,Khordha_Bhubaneswar
2018,227,31.94,26.03,89.81,3.58,12.67,Khordha_Bhubaneswar
2018,228,29.69,25.38,91.36,5.53,17.78,Khordha_Bhubaneswar
2018,229,31.48,25.54,87.22,2.79,19.02,Khordha_Bhubaneswar
2018,230,30.43,25.51,89.06,1.74,17.84,Khordha_Bhubaneswar
2018,231,31.3,25.75,89.7,2.39,18.52,Khordha_Bhubaneswar
2018,232,30.58,25.65,87.97,2.41,9.76,Khordha_Bhubaneswar
2018,233,30.99,26.13,86.85,2.08,16.63,Khordha_Bhubaneswar
2018,234,29.84,24.85,87.46,3.47,14.07,Khordha_Bhubaneswar
2018,235,32.17,24.8,85.43,2.84,15.11,Khordha_Bhubaneswar
2018,236,29.79,25.73,89.97,2.82,17.68,Khordha_Bhubaneswar
2018,237,30.79,25.55,88.74,4.06,11.36,Khordha_Bhubaneswar
2018,238,30.39,25.38,90.49,3.98,5.76,Khordha_Bhubaneswar
2018,239,31.35,25.35,88.92,3.32,13.43,Khordha_Bhubaneswar
2018,240,30.88,24.73,87.66,4.66,14.22,Khordha_Bhubaneswar
2018,241,30.48,24.54,85.75,2.81,13.97,Khordha_Bhubaneswar
2018,242,29.81,24.78,89.02,2.68,13.96,Khordha_Bhubaneswar
2018,243,29.43,25.21,90.07,2.71,13.89,Khordha_Bhubaneswar
2018,244,28.86,25.23,91.6,1.93,12.91,Khordha_Bhubaneswar
2018,245,29.65,24.48,90.11,2.76,12.61,Khordha_Bhubaneswar
2018,246,29.81,24.49,89.56,3.04,16.87,Khordha_Bhubaneswar
2018,247,30.01,24.76,88.92,3.16,14.1,Khordha_Bhubaneswar
2018,248,28.97,24.62,92.21,3.94,4.48,Khordha_Bhubaneswar
2018,249,30.43,24.08,89.67,4.24,5.55,Khordha_Bhubaneswar
2018,250,30.44,24.75,89.34,4.99,15.81,Khordha_Bhubaneswar
2018,251,31.42,23.85,84.03,1.85,16.11,Khordha_Bhubaneswar
2018,252,31.81,24.7,86.01,2.18,21.33,Khordha_Bhubaneswar
2018,253,31.28,24.9,85.0,1.89,16.54,Khordha_Bhubaneswar
2018,254,29.43,25.02,88.71,2.2,16.2,Khordha_Bhubaneswar
2018,255,31.04,24.04,86.24,2.61,20.58,Khordha_Bhubaneswar
2018,256,31.15,24.52,86.56,2.73,20.8,Khordha_Bhubaneswar
2018,257,28.42,24.53,89.94,2.82,17.87,Khordha_Bhubaneswar
2018,258,30.98,24.02,88.56,2.31,17.03,Khordha_Bhubaneswar
2018,259,29.04,24.97,89.72,1.54,11.84,Khordha_Bhubaneswar
2018,260,30.08,24.29,87.86,1.86,20.93,Khordha_Bhubaneswar
2018,261,31.61,24.44,83.81,2.19,19.57,Khordha_Bhubaneswar
2018,262,30.25,25.2,88.79,2.24,16.29,Khordha_Bhubaneswar
2018,263,29.05,24.84,93.74,6.42,4.05,Khordha_Bhubaneswar
2018,264,27.89,25.28,92.44,7.55,6.82,Khordha_Bhubaneswar
2018,265,28.07,24.88,92.97,3.65,14.59,Khordha_Bhubaneswar
2018,266,29.82,24.33,88.69,1.97,20.45,Khordha_Bhubaneswar
2018,267,31.1,23.6,85.84,1.77,21.98,Khordha_Bhubaneswar
2018,268,29.81,24.68,89.91,2.29,19.97,Khordha_Bhubaneswar
2018,269,30.14,24.29,88.86,1.85,15.72,Khordha_Bhubaneswar
2018,270,31.27,24.06,84.4,1.54,18.76,Khordha_Bhubaneswar
2018,271,31.69,24.13,83.55,1.48,18.97,Khordha_Bhubaneswar
2018,272,32.32,24.61,82.23,1.46,18.62,Khordha_Bhubaneswar
2018,273,31.31,25.32,83.31,1.47,19.14,Khordha_Bhubaneswar
2018,274,32.09,24.9,84.02,1.67,19.95,Khordha_Bhubaneswar
2018,275,32.42,24.12,79.73,1.62,21.14,Khordha_Bhubaneswar
2018,276,32.05,22.93,79.02,1.97,21.41,Khordha_Bhubaneswar
2018,277,32.01,23.0,76.71,1.69,21.24,Khordha_Bhubaneswar
2018,278,32.06,22.78,76.52,1.64,20.52,Khordha_Bhubaneswar
2018,279,31.85,23.02,76.48,1.73,18.57,Khordha_Bhubaneswar
2018,280,31.38,22.38,74.49,1.67,20.23,Khordha_Bhubaneswar
2018,281,31.1,21.34,77.49,2.0,21.51,Khordha_Bhubaneswar
2018,282,30.22,21.47,85.0,3.14,16.64,Khordha_Bhubaneswar
2018,283,26.25,22.68,93.97,6.31,5.87,Khordha_Bhubaneswar
2018,284,27.23,23.54,92.93,8.59,5.19,Khordha_Bhubaneswar
2018,285,27.43,24.23,92.3,5.78,6.04,Khordha_Bhubaneswar
2018,286,29.53,24.36,86.54,3.36,10.51,Khordha_Bhubaneswar
2018,287,28.64,23.22,87.02,1.21,17.69,Khordha_Bhubaneswar
2018,288,29.48,22.08,80.91,1.7,17.03,Khordha_Bhubaneswar
2018,289,28.84,20.14,78.57,2.16,19.65,Khordha_Bhubaneswar
2018,290,29.53,18.6,77.89,2.06,20.22,Khordha_Bhubaneswar
2018,291,29.85,19.76,80.37,2.48,19.55,Khordha_Bhubaneswar
2018,292,30.78,20.9,77.91,2.03,19.65,Khordha_Bhubaneswar
2018,293,30.75,20.65,76.21,1.86,19.24,Khordha_Bhubaneswar
2018,294,30.26,19.91,74.67,2.02,19.36,Khordha_Bhubaneswar
2018,295,30.53,19.65,73.66,1.52,18.77,Khordha_Bhubaneswar
2018,296,30.73,20.98,78.97,1.57,16.8,Khordha_Bhubaneswar
2018,297,30.23,21.44,80.16,2.0,16.4,Khordha_Bhubaneswar
2018,298,29.39,19.77,69.48,1.94,19.44,Khordha_Bhubaneswar
2018,299,29.45,16.51,63.28,1.56,19.56,Khordha_Bhubaneswar
2018,300,28.38,17.61,71.96,2.07,19.15,Khordha_Bhubaneswar
2018,301,27.05,17.62,80.83,2.29,12.54,Khordha_Bhubaneswar
2018,302,26.46,20.33,91.23,3.69,14.29,Khordha_Bhubaneswar
2018,303,26.35,20.07,92.03,3.56,12.52,Khordha_Bhubaneswar
2018,304,29.02,20.46,87.94,1.83,17.34,Khordha_Bhubaneswar
2018,305,28.49,21.2,89.0,2.68,18.82,Khordha_Bhubaneswar
2018,306,28.83,20.23,87.58,2.01,19.06,Khordha_Bhubaneswar
2018,307,29.82,21.45,81.3,0.95,18.86,Khordha_Bhubaneswar
2018,308,30.04,21.05,81.29,1.26,19.3,Khordha_Bhubaneswar
2018,309,30.26,20.65,80.12,1.58,18.59,Khordha_Bhubaneswar
2018,310,30.09,20.9,80.16,1.78,17.16,Khordha_Bhubaneswar
2018,311,29.96,22.12,81.94,1.26,14.98,Khordha_Bhubaneswar
2018,312,28.87,21.19,83.36,1.23,12.68,Khordha_Bhubaneswar
2018,313,28.46,20.53,80.84,1.08,13.06,Khordha_Bhubaneswar
2018,314,28.07,19.06,77.91,1.27,15.04,Khordha_Bhubaneswar
2018,315,27.55,17.78,79.67,2.18,16.05,Khordha_Bhubaneswar
2018,316,27.02,16.0,81.04,2.45,15.13,Khordha_Bhubaneswar
2018,317,27.63,16.54,78.25,1.93,17.54,Khordha_Bhubaneswar
2018,318,28.19,16.21,78.61,1.83,16.14,Khordha_Bhubaneswar
2018,319,28.98,16.8,72.64,1.51,17.59,Khordha_Bhubaneswar
2018,320,29.59,17.23,69.02,1.67,17.4,Khordha_Bhubaneswar
2018,321,28.77,17.21,69.94,1.52,17.62,Khordha_Bhubaneswar
2018,322,28.51,17.02,74.52,1.64,17.15,Khordha_Bhubaneswar
2018,323,28.21,17.11,76.55,1.4,15.76,Khordha_Bhubaneswar
2018,324,28.19,18.62,77.06,1.25,12.68,Khordha_Bhubaneswar
2018,325,28.05,17.53,75.86,1.93,15.11,Khordha_Bhubaneswar
2018,326,27.4,16.64,68.98,1.23,14.34,Khordha_Bhubaneswar
2018,327,26.46,16.47,74.72,2.02,13.08,Khordha_Bhubaneswar
2018,328,26.15,14.13,73.28,2.8,16.11,Khordha_Bhubaneswar
2018,329,25.97,12.6,68.57,2.16,15.42,Khordha_Bhubaneswar
2018,330,25.65,13.08,64.43,1.23,14.98,Khordha_Bhubaneswar
2018,331,25.72,14.7,72.67,1.45,14.31,Khordha_Bhubaneswar
2018,332,25.93,15.2,80.42,1.59,15.8,Khordha_Bhubaneswar
2018,333,25.9,15.19,80.19,1.34,16.63,Khordha_Bhubaneswar
2018,334,25.82,15.55,79.43,1.43,14.41,Khordha_Bhubaneswar
2018,335,26.37,15.8,73.01,0.91,13.96,Khordha_Bhubaneswar
2018,336,25.61,15.4,74.97,1.47,12.1,Khordha_Bhubaneswar
2018,337,25.67,16.28,75.3,1.43,12.97,Khordha_Bhubaneswar
2018,338,25.48,14.46,76.15,1.8,13.7,Khordha_Bhubaneswar
2018,339,26.0,14.73,75.74,1.13,13.13,Khordha_Bhubaneswar
2018,340,26.51,17.47,72.41,0.91,11.83,Khordha_Bhubaneswar
2018,341,25.72,14.14,70.81,1.35,12.94,Khordha_Bhubaneswar
2018,342,25.32,13.78,76.87,1.7,12.54,Khordha_Bhubaneswar
2018,343,25.29,13.79,76.33,1.5,14.78,Khordha_Bhubaneswar
2018,344,25.53,13.85,71.71,1.69,14.99,Khordha_Bhubaneswar
2018,345,25.69,14.72,72.73,1.43,13.84,Khordha_Bhubaneswar
2018,346,26.69,15.25,77.98,1.65,13.18,Khordha_Bhubaneswar
2018,347,26.09,15.14,79.72,1.7,11.97,Khordha_Bhubaneswar
2018,348,25.6,16.5,80.2,2.56,12.65,Khordha_Bhubaneswar
2018,349,25.15,14.54,74.74,3.16,9.68,Khordha_Bhubaneswar
2018,350,21.08,15.29,79.23,3.29,6.49,Khordha_Bhubaneswar
2018,351,22.73,15.75,88.58,4.97,4.26,Khordha_Bhubaneswar
2018,352,26.42,16.88,90.39,4.85,2.61,Khordha_Bhubaneswar
2018,353,23.27,14.57,80.95,2.4,12.15,Khordha_Bhubaneswar
2018,354,23.45,12.11,77.68,2.02,16.34,Khordha_Bhubaneswar
2018,355,23.73,10.99,75.81,2.07,15.55,Khordha_Bhubaneswar
2018,356,22.91,10.61,69.97,2.17,14.38,Khordha_Bhubaneswar
2018,357,23.06,8.82,62.47,2.16,15.78,Khordha_Bhubaneswar
2018,358,23.33,8.63,65.25,2.38,15.3,Khordha_Bhubaneswar
2018,359,23.89,9.14,69.17,2.54,15.08,Khordha_Bhubaneswar
2018,360,23.81,9.5,66.19,2.2,14.86,Khordha_Bhubaneswar
2018,361,23.83,12.67,68.99,1.13,12.83,Khordha_Bhubaneswar
2018,362,22.91,12.54,74.09,1.7,8.09,Khordha_Bhubaneswar
2018,363,22.04,8.62,64.19,2.32,16.01,Khordha_Bhubaneswar
2018,364,22.14,6.66,66.36,2.87,16.15,Khordha_Bhubaneswar
2018,365,22.45,6.82,66.93,2.51,16.03,Khordha_Bhubaneswar
2019,1,23.15,7.95,64.56,2.09,16.32,Khordha_Bhubaneswar
2019,2,23.57,9.66,64.85,2.07,15.45,Khordha_Bhubaneswar
2019,3,24.47,9.78,66.94,2.66,14.25,Khordha_Bhubaneswar
2019,4,23.99,8.67,63.32,2.0,14.18,Khordha_Bhubaneswar
2019,5,23.48,9.44,61.56,1.53,14.5,Khordha_Bhubaneswar
2019,6,24.88,10.32,61.98,1.65,16.33,Khordha_Bhubaneswar
2019,7,25.37,10.33,61.18,1.64,17.67,Khordha_Bhubaneswar
2019,8,25.09,10.7,71.06,2.9,13.65,Khordha_Bhubaneswar
2019,9,24.81,10.51,68.25,1.82,14.3,Khordha_Bhubaneswar
2019,10,24.63,10.33,63.18,2.01,14.03,Khordha_Bhubaneswar
2019,11,23.8,12.52,73.57,1.2,12.7,Khordha_Bhubaneswar
2019,12,24.26,10.88,67.9,1.19,13.62,Khordha_Bhubaneswar
2019,13,25.03,11.3,66.78,1.26,14.32,Khordha_Bhubaneswar
2019,14,25.76,11.92,71.04,2.41,12.99,Khordha_Bhubaneswar
2019,15,25.36,12.71,70.02,2.15,11.84,Khordha_Bhubaneswar
2019,16,24.15,10.67,71.01,1.31,14.97,Khordha_Bhubaneswar
2019,17,24.45,10.55,65.34,1.51,16.52,Khordha_Bhubaneswar
2019,18,26.21,10.6,59.08,2.08,15.99,Khordha_Bhubaneswar
2019,19,26.12,9.73,56.52,1.71,15.09,Khordha_Bhubaneswar
2019,20,26.55,10.63,52.24,1.87,15.1,Khordha_Bhubaneswar
2019,21,27.78,10.96,58.83,2.08,16.5,Khordha_Bhubaneswar
2019,22,27.7,14.41,74.33,1.83,15.5,Khordha_Bhubaneswar
2019,23,27.8,15.21,76.76,1.91,17.35,Khordha_Bhubaneswar
2019,24,28.64,13.21,72.9,1.81,16.7,Khordha_Bhubaneswar
2019,25,28.18,13.76,74.58,2.14,17.35,Khordha_Bhubaneswar
2019,26,27.48,15.1,70.59,1.45,13.15,Khordha_Bhubaneswar
2019,27,26.91,14.9,72.31,2.49,3.97,Khordha_Bhubaneswar
2019,28,25.94,15.72,73.1,2.25,7.06,Khordha_Bhubaneswar
2019,29,26.62,13.81,63.12,3.1,13.33,Khordha_Bhubaneswar
2019,30,25.42,9.22,52.97,2.36,18.81,Khordha_Bhubaneswar
2019,31,25.9,9.83,56.42,1.77,19.66,Khordha_Bhubaneswar
2019,32,27.77,10.75,48.79,1.49,19.01,Khordha_Bhubaneswar
2019,33,28.63,11.31,46.36,1.78,18.2,Khordha_Bhubaneswar
2019,34,28.91,12.78,53.56,1.62,18.45,Khordha_Bhubaneswar
2019,35,29.79,13.12,53.84,1.72,18.29,Khordha_Bhubaneswar
2019,36,29.77,12.91,52.23,2.1,18.19,Khordha_Bhubaneswar
2019,37,30.38,13.94,53.98,2.1,17.94,Khordha_Bhubaneswar
2019,38,30.68,17.32,60.35,2.06,18.58,Khordha_Bhubaneswar
2019,39,30.8,16.48,71.61,2.94,13.84,Khordha_Bhubaneswar
2019,40,30.15,16.63,68.01,2.2,16.45,Khordha_Bhubaneswar
2019,41,28.06,12.15,47.73,2.22,18.1,Khordha_Bhubaneswar
2019,42,27.7,11.57,53.48,1.75,20.15,Khordha_Bhubaneswar
2019,43,28.72,12.19,53.36,1.69,20.22,Khordha_Bhubaneswar
2019,44,29.9,12.68,54.86,1.62,19.69,Khordha_Bhubaneswar
2019,45,31.66,15.58,60.14,1.75,19.35,Khordha_Bhubaneswar
2019,46,32.26,16.64,65.61,1.77,19.71,Khordha_Bhubaneswar
2019,47,30.33,17.08,69.25,2.17,14.34,Khordha_Bhubaneswar
2019,48,31.42,18.69,61.49,3.56,17.31,Khordha_Bhubaneswar
2019,49,31.44,14.33,45.21,2.04,19.07,Khordha_Bhubaneswar
2019,50,33.16,17.78,59.6,1.64,19.44,Khordha_Bhubaneswar
2019,51,34.61,18.81,67.39,2.0,20.01,Khordha_Bhubaneswar
2019,52,34.56,20.1,65.24,1.45,19.94,Khordha_Bhubaneswar
2019,53,36.61,19.01,55.59,2.25,20.57,Khordha_Bhubaneswar
2019,54,36.82,20.62,57.08,2.75,17.85,Khordha_Bhubaneswar
2019,55,35.62,20.07,53.21,1.96,18.74,Khordha_Bhubaneswar
2019,56,34.73,21.89,71.75,3.78,13.51,Khordha_Bhubaneswar
2019,57,34.03,21.87,72.03,4.39,16.42,Khordha_Bhubaneswar
2019,58,32.63,22.32,71.82,4.67,15.35,Khordha_Bhubaneswar
2019,59,31.24,20.12,68.95,1.72,17.44,Khordha_Bhubaneswar
2019,60,29.72,18.98,68.45,3.17,18.78,Khordha_Bhubaneswar
2019,61,31.05,16.98,62.52,1.8,19.93,Khordha_Bhubaneswar
2019,62,32.75,18.63,65.85,1.87,18.2,Khordha_Bhubaneswar
2019,63,34.24,21.05,70.51,4.37,17.5,Khordha_Bhubaneswar
2019,64,34.76,23.01,70.67,3.95,16.81,Khordha_Bhubaneswar
2019,65,33.64,23.11,72.1,2.19,17.34,Khordha_Bhubaneswar
2019,66,32.94,21.8,65.02,2.68,19.24,Khordha_Bhubaneswar
2019,67,33.19,19.58,58.03,1.33,19.87,Khordha_Bhubaneswar
2019,68,34.54,19.89,61.69,1.92,20.64,Khordha_Bhubaneswar
2019,69,35.87,20.76,67.58,4.02,21.28,Khordha_Bhubaneswar
2019,70,37.62,21.98,61.79,1.91,20.77,Khordha_Bhubaneswar
2019,71,37.91,22.5,63.92,2.82,20.56,Khordha_Bhubaneswar
2019,72,39.13,23.53,59.29,2.03,19.93,Khordha_Bhubaneswar
2019,73,38.25,23.63,61.55,2.44,19.19,Khordha_Bhubaneswar
2019,74,35.83,23.09,64.36,1.81,16.06,Khordha_Bhubaneswar
2019,75,36.8,22.87,60.92,2.62,19.82,Khordha_Bhubaneswar
2019,76,37.89,22.49,56.28,2.32,19.75,Khordha_Bhubaneswar
2019,77,34.69,22.82,63.25,2.76,15.06,Khordha_Bhubaneswar
2019,78,35.91,21.75,56.39,2.29,20.59,Khordha_Bhubaneswar
2019,79,36.23,22.48,59.26,2.15,19.56,Khordha_Bhubaneswar
2019,80,37.11,23.05,61.34,3.0,20.98,Khordha_Bhubaneswar
2019,81,38.28,23.82,51.71,2.37,21.82,Khordha_Bhubaneswar
2019,82,38.28,23.84,48.62,1.63,21.18,Khordha_Bhubaneswar
2019,83,38.35,22.45,45.46,1.95,23.95,Khordha_Bhubaneswar
2019,84,38.66,22.67,55.38,1.66,24.06,Khordha_Bhubaneswar
2019,85,38.79,22.49,56.28,3.37,23.45,Khordha_Bhubaneswar
2019,86,37.9,22.93,57.54,3.02,21.81,Khordha_Bhubaneswar
2019,87,38.57,22.21,56.56,1.89,22.4,Khordha_Bhubaneswar
2019,88,38.99,22.25,58.56,3.13,22.84,Khordha_Bhubaneswar
2019,89,39.93,23.1,55.53,2.9,23.84,Khordha_Bhubaneswar
2019,90,40.71,23.79,59.36,4.29,21.52,Khordha_Bhubaneswar
2019,91,40.36,24.89,57.57,4.54,20.57,Khordha_Bhubaneswar
2019,92,40.35,24.53,54.3,2.91,22.09,Khordha_Bhubaneswar
2019,93,40.71,23.13,56.11,3.28,23.98,Khordha_Bhubaneswar
2019,94,40.6,24.02,55.7,4.11,21.76,Khordha_Bhubaneswar
2019,95,42.67,24.05,51.12,3.96,21.59,Khordha_Bhubaneswar
2019,96,42.25,25.42,47.98,4.23,18.7,Khordha_Bhubaneswar
2019,97,40.18,25.88,52.25,6.02,20.29,Khordha_Bhubaneswar
2019,98,40.16,25.38,57.61,6.36,18.04,Khordha_Bhubaneswar
2019,99,40.25,24.91,58.19,4.41,20.98,Khordha_Bhubaneswar
2019,100,41.31,25.82,58.51,4.68,24.32,Khordha_Bhubaneswar
2019,101,42.31,24.7,52.93,3.72,23.61,Khordha_Bhubaneswar
2019,102,41.47,25.01,54.36,2.55,24.16,Khordha_Bhubaneswar
2019,103,42.52,26.07,43.85,2.45,23.37,Khordha_Bhubaneswar
2019,104,43.06,25.81,47.39,2.76,23.52,Khordha_Bhubaneswar
2019,105,43.44,26.14,46.5,3.92,22.3,Khordha_Bhubaneswar
2019,106,43.81,26.54,41.95,3.15,22.3,Khordha_Bhubaneswar
2019,107,43.41,25.53,44.94,3.61,25.04,Khordha_Bhubaneswar
2019,108,41.16,24.06,52.7,3.77,24.48,Khordha_Bhubaneswar
2019,109,39.82,24.73,53.07,2.69,18.3,Khordha_Bhubaneswar
2019,110,39.35,25.23,50.87,3.25,25.42,Khordha_Bhubaneswar
2019,111,40.81,25.51,54.56,4.12,20.23,Khordha_Bhubaneswar
2019,112,37.94,25.06,62.83,3.3,22.93,Khordha_Bhubaneswar
2019,113,38.95,24.7,60.58,3.3,24.5,Khordha_Bhubaneswar
2019,114,40.48,24.96,56.21,4.13,24.67,Khordha_Bhubaneswar
2019,115,41.73,25.29,55.09,3.87,24.97,Khordha_Bhubaneswar
2019,116,42.59,26.11,55.51,3.46,24.16,Khordha_Bhubaneswar
2019,117,43.5,27.54,53.43,4.65,24.07,Khordha_Bhubaneswar
2019,118,42.86,27.14,54.48,4.5,24.53,Khordha_Bhubaneswar
2019,119,42.84,26.83,56.59,5.21,24.95,Khordha_Bhubaneswar
2019,120,41.19,26.31,56.93,6.02,25.29,Khordha_Bhubaneswar
2019,121,36.37,26.86,66.71,5.03,23.51,Khordha_Bhubaneswar
2019,122,34.93,26.48,68.48,5.81,11.31,Khordha_Bhubaneswar
2019,123,28.94,22.69,89.8,8.29,2.58,Khordha_Bhubaneswar
2019,124,35.37,22.02,72.32,3.61,20.69,Khordha_Bhubaneswar
2019,125,34.82,25.58,78.25,2.53,20.75,Khordha_Bhubaneswar
2019,126,37.66,25.42,71.04,2.58,23.14,Khordha_Bhubaneswar
2019,127,38.07,24.33,69.08,4.42,26.14,Khordha_Bhubaneswar
2019,128,38.45,25.52,67.73,4.62,23.78,Khordha_Bhubaneswar
2019,129,40.99,25.46,60.36,3.95,24.35,Khordha_Bhubaneswar
2019,130,40.69,25.59,61.81,4.65,24.1,Khordha_Bhubaneswar
2019,131,39.2,26.89,69.38,4.63,22.84,Khordha_Bhubaneswar
2019,132,39.79,27.05,66.64,3.82,22.6,Khordha_Bhubaneswar
2019,133,40.95,27.34,61.51,4.66,24.11,Khordha_Bhubaneswar
2019,134,40.59,26.88,62.2,3.99,24.61,Khordha_Bhubaneswar
2019,135,39.67,26.53,64.64,4.71,24.01,Khordha_Bhubaneswar
2019,136,38.89,26.54,67.73,3.42,25.92,Khordha_Bhubaneswar
2019,137,38.98,27.49,64.85,4.65,24.65,Khordha_Bhubaneswar
2019,138,41.64,26.67,61.86,3.42,24.89,Khordha_Bhubaneswar
2019,139,40.65,27.77,64.65,3.05,24.21,Khordha_Bhubaneswar
2019,140,39.16,27.74,64.48,4.53,20.82,Khordha_Bhubaneswar
2019,141,38.48,27.25,66.33,4.5,24.13,Khordha_Bhubaneswar
2019,142,40.58,27.11,62.73,4.32,24.69,Khordha_Bhubaneswar
2019,143,39.32,26.97,65.86,6.07,20.84,Khordha_Bhubaneswar
2019,144,41.94,28.16,60.93,6.68,23.32,Khordha_Bhubaneswar
2019,145,43.28,27.6,59.63,5.53,24.61,Khordha_Bhubaneswar
2019,146,40.64,28.55,62.57,3.54,22.54,Khordha_Bhubaneswar
2019,147,40.08,28.52,62.52,3.72,24.79,Khordha_Bhubaneswar
2019,148,41.45,28.17,59.08,3.88,24.73,Khordha_Bhubaneswar
2019,149,40.27,28.67,58.22,4.68,24.78,Khordha_Bhubaneswar
2019,150,40.98,28.04,58.79,4.87,24.65,Khordha_Bhubaneswar
2019,151,40.28,27.68,64.3,6.28,23.14,Khordha_Bhubaneswar
2019,152,39.91,27.88,63.41,5.4,22.31,Khordha_Bhubaneswar
2019,153,39.53,28.75,64.65,5.49,21.28,Khordha_Bhubaneswar
2019,154,34.63,27.45,75.4,4.49,15.76,Khordha_Bhubaneswar
2019,155,38.4,26.91,67.95,5.28,24.37,Khordha_Bhubaneswar
2019,156,39.29,28.31,68.89,6.35,22.5,Khordha_Bhubaneswar
2019,157,36.53,27.6,74.05,4.64,17.97,Khordha_Bhubaneswar
2019,158,34.09,27.93,76.42,2.45,10.22,Khordha_Bhubaneswar
2019,159,37.53,27.29,67.86,2.76,15.46,Khordha_Bhubaneswar
2019,160,37.3,28.29,69.86,4.4,20.71,Khordha_Bhubaneswar
2019,161,38.81,27.81,66.55,3.18,19.54,Khordha_Bhubaneswar
2019,162,43.13,28.13,56.16,4.57,24.53,Khordha_Bhubaneswar
2019,163,41.15,29.07,59.51,3.31,23.82,Khordha_Bhubaneswar
2019,164,41.37,26.94,64.16,5.02,16.58,Khordha_Bhubaneswar
2019,165,39.68,29.02,58.9,4.86,23.42,Khordha_Bhubaneswar
2019,166,34.98,28.23,72.55,4.1,17.22,Khordha_Bhubaneswar
2019,167,37.52,27.42,68.52,5.33,13.12,Khordha_Bhubaneswar
2019,168,38.55,28.58,62.54,4.7,18.56,Khordha_Bhubaneswar
2019,169,37.94,28.49,65.91,4.23,17.37,Khordha_Bhubaneswar
2019,170,35.46,27.25,73.44,3.42,20.19,Khordha_Bhubaneswar
2019,171,32.32,27.35,79.93,3.28,9.46,Khordha_Bhubaneswar
2019,172,31.01,26.4,87.04,3.46,8.72,Khordha_Bhubaneswar
2019,173,32.06,26.14,82.2,5.11,15.99,Khordha_Bhubaneswar
2019,174,33.28,26.12,79.79,4.57,21.93,Khordha_Bhubaneswar
2019,175,36.47,26.63,73.5,4.2,24.97,Khordha_Bhubaneswar
2019,176,35.93,26.58,73.53,3.96,26.25,Khordha_Bhubaneswar
2019,177,35.52,27.37,74.38,5.12,24.91,Khordha_Bhubaneswar
2019,178,34.88,27.33,76.69,3.97,20.93,Khordha_Bhubaneswar
2019,179,33.45,27.74,79.81,3.43,12.88,Khordha_Bhubaneswar
2019,180,34.31,27.2,78.47,3.6,10.99,Khordha_Bhubaneswar
2019,181,31.34,26.45,83.6,1.76,13.66,Khordha_Bhubaneswar
2019,182,33.56,25.54,79.59,3.34,3.86,Khordha_Bhubaneswar
2019,183,31.82,25.97,82.89,5.81,8.56,Khordha_Bhubaneswar
2019,184,33.99,26.14,78.92,4.86,13.68,Khordha_Bhubaneswar
2019,185,33.85,26.31,78.32,4.2,8.73,Khordha_Bhubaneswar
2019,186,31.74,26.52,85.48,4.08,8.93,Khordha_Bhubaneswar
2019,187,30.05,24.88,83.54,6.17,7.76,Khordha_Bhubaneswar
2019,188,34.17,25.3,77.93,6.35,14.65,Khordha_Bhubaneswar
2019,189,33.98,26.19,81.62,5.04,15.13,Khordha_Bhubaneswar
2019,190,30.6,26.54,86.48,4.1,18.8,Khordha_Bhubaneswar
2019,191,32.54,26.26,84.89,4.79,12.08,Khordha_Bhubaneswar
2019,192,31.28,26.47,86.41,5.32,15.85,Khordha_Bhubaneswar
2019,193,31.77,26.02,84.48,4.23,17.18,Khordha_Bhubaneswar
2019,194,31.8,26.32,85.85,4.09,18.86,Khordha_Bhubaneswar
2019,195,33.18,26.01,82.4,3.79,21.68,Khordha_Bhubaneswar
2019,196,34.07,26.34,78.87,3.5,18.5,Khordha_Bhubaneswar
2019,197,29.74,26.43,87.75,2.54,22.35,Khordha_Bhubaneswar
2019,198,33.92,25.49,80.87,1.63,19.79,Khordha_Bhubaneswar
2019,199,32.47,26.48,83.72,1.98,21.26,Khordha_Bhubaneswar
2019,200,32.83,25.43,83.62,4.0,17.9,Khordha_Bhubaneswar
2019,201,32.81,25.63,82.74,4.45,17.61,Khordha_Bhubaneswar
2019,202,32.8,25.84,80.9,3.42,23.55,Khordha_Bhubaneswar
2019,203,32.76,25.71,80.43,3.55,24.85,Khordha_Bhubaneswar
2019,204,32.23,25.86,81.33,3.49,25.23,Khordha_Bhubaneswar
2019,205,33.87,25.0,79.58,2.39,21.83,Khordha_Bhubaneswar
2019,206,29.49,26.49,91.93,3.21,5.67,Khordha_Bhubaneswar
2019,207,31.87,25.69,84.69,2.51,5.29,Khordha_Bhubaneswar
2019,208,30.12,25.52,87.75,3.06,13.05,Khordha_Bhubaneswar
2019,209,31.26,25.65,86.54,1.63,9.07,Khordha_Bhubaneswar
2019,210,30.49,25.23,87.13,5.41,10.79,Khordha_Bhubaneswar
2019,211,31.01,24.79,83.45,6.79,15.66,Khordha_Bhubaneswar
2019,212,29.57,25.67,85.7,4.93,14.19,Khordha_Bhubaneswar
2019,213,31.95,25.06,83.76,3.54,10.73,Khordha_Bhubaneswar
2019,214,32.08,25.59,84.67,2.83,13.66,Khordha_Bhubaneswar
2019,215,31.87,25.38,85.61,3.81,12.11,Khordha_Bhubaneswar
2019,216,33.46,25.86,81.68,4.6,13.2,Khordha_Bhubaneswar
2019,217,30.35,25.43,86.29,3.79,14.67,Khordha_Bhubaneswar
2019,218,30.58,26.05,90.17,3.16,10.34,Khordha_Bhubaneswar
2019,219,29.82,25.68,91.7,4.65,6.93,Khordha_Bhubaneswar
2019,220,31.56,25.35,87.14,7.1,16.01,Khordha_Bhubaneswar
2019,221,32.89,25.46,83.67,3.04,19.56,Khordha_Bhubaneswar
2019,222,32.83,25.19,81.84,3.03,20.33,Khordha_Bhubaneswar
2019,223,32.25,25.91,86.03,3.93,14.36,Khordha_Bhubaneswar
2019,224,29.62,25.99,92.38,2.93,5.07,Khordha_Bhubaneswar
2019,225,30.79,25.48,89.44,3.21,10.29,Khordha_Bhubaneswar
2019,226,31.57,25.67,86.71,4.71,16.33,Khordha_Bhubaneswar
2019,227,30.58,25.72,87.49,2.6,18.35,Khordha_Bhubaneswar
2019,228,31.17,25.7,88.05,2.13,18.97,Khordha_Bhubaneswar
2019,229,29.55,25.91,90.58,1.57,13.61,Khordha_Bhubaneswar
2019,230,29.75,25.8,91.57,4.74,9.99,Khordha_Bhubaneswar
2019,231,32.16,24.8,84.99,2.88,18.24,Khordha_Bhubaneswar
2019,232,31.74,25.92,87.43,2.8,18.08,Khordha_Bhubaneswar
2019,233,29.85,25.62,90.29,2.33,15.17,Khordha_Bhubaneswar
2019,234,31.82,25.21,83.83,1.41,16.25,Khordha_Bhubaneswar
2019,235,31.37,25.12,87.54,2.56,7.85,Khordha_Bhubaneswar
2019,236,32.8,24.74,83.92,2.03,14.01,Khordha_Bhubaneswar
2019,237,28.55,25.37,91.23,1.68,8.11,Khordha_Bhubaneswar
2019,238,29.22,25.0,90.68,3.7,10.62,Khordha_Bhubaneswar
2019,239,30.96,25.02,85.97,4.46,11.51,Khordha_Bhubaneswar
2019,240,31.23,25.15,85.34,2.7,9.02,Khordha_Bhubaneswar
2019,241,29.3,25.18,90.02,2.83,15.14,Khordha_Bhubaneswar
2019,242,32.04,24.91,86.66,2.02,17.8,Khordha_Bhubaneswar
2019,243,30.78,25.52,89.1,2.12,18.64,Khordha_Bhubaneswar
2019,244,31.01,25.57,86.06,1.69,19.38,Khordha_Bhubaneswar
2019,245,30.36,25.3,89.3,2.29,11.93,Khordha_Bhubaneswar
2019,246,31.01,24.45,89.28,2.63,15.21,Khordha_Bhubaneswar
2019,247,29.79,25.66,90.1,2.61,15.6,Khordha_Bhubaneswar
2019,248,32.23,25.43,86.64,1.74,12.11,Khordha_Bhubaneswar
2019,249,32.28,26.09,88.49,1.98,10.28,Khordha_Bhubaneswar
2019,250,30.98,26.37,90.54,2.89,11.91,Khordha_Bhubaneswar
2019,251,31.65,25.96,90.32,4.1,16.69,Khordha_Bhubaneswar
2019,252,31.06,26.21,89.17,2.81,16.66,Khordha_Bhubaneswar
2019,253,29.8,25.98,92.43,3.35,11.92,Khordha_Bhubaneswar
2019,254,29.31,25.83,93.06,3.7,6.69,Khordha_Bhubaneswar
2019,255,29.14,25.62,92.67,5.12,7.16,Khordha_Bhubaneswar
2019,256,30.75,25.2,88.63,3.53,17.11,Khordha_Bhubaneswar
2019,257,30.67,25.4,89.61,2.45,19.41,Khordha_Bhubaneswar
2019,258,32.03,24.75,87.17,1.96,18.11,Khordha_Bhubaneswar
2019,259,31.13,25.38,89.78,2.27,19.01,Khordha_Bhubaneswar
2019,260,31.28,25.09,88.5,2.73,18.37,Khordha_Bhubaneswar
2019,261,31.08,24.9,89.84,3.65,16.95,Khordha_Bhubaneswar
2019,262,30.95,25.2,89.32,3.11,16.75,Khordha_Bhubaneswar
2019,263,31.25,24.99,87.03,1.92,18.16,Khordha_Bhubaneswar
2019,264,31.76,25.04,83.64,1.52,21.1,Khordha_Bhubaneswar
2019,265,31.21,24.97,85.42,1.71,18.19,Khordha_Bhubaneswar
2019,266,29.81,24.84,91.52,3.21,11.65,Khordha_Bhubaneswar
2019,267,29.0,25.09,94.91,3.72,8.02,Khordha_Bhubaneswar
2019,268,27.45,25.04,93.81,3.26,7.68,Khordha_Bhubaneswar
2019,269,28.68,24.23,91.93,2.78,14.88,Khordha_Bhubaneswar
2019,270,27.74,23.55,91.47,1.89,12.71,Khordha_Bhubaneswar
2019,271,27.96,23.57,93.1,2.45,7.76,Khordha_Bhubaneswar
2019,272,27.52,24.02,93.43,2.44,14.67,Khordha_Bhubaneswar
2019,273,28.41,23.27,90.08,2.4,14.55,Khordha_Bhubaneswar
2019,274,29.66,23.96,89.46,2.77,17.51,Khordha_Bhubaneswar
2019,275,31.51,23.34,85.44,1.85,16.45,Khordha_Bhubaneswar
2019,276,30.13,24.25,86.52,1.91,19.31,Khordha_Bhubaneswar
2019,277,30.12,23.98,84.2,2.2,18.5,Khordha_Bhubaneswar
2019,278,30.21,23.25,82.67,1.57,18.61,Khordha_Bhubaneswar
2019,279,30.5,23.88,84.64,1.57,16.76,Khordha_Bhubaneswar
2019,280,29.49,24.47,86.39,1.51,16.0,Khordha_Bhubaneswar
2019,281,27.99,23.9,89.7,1.72,13.6,Khordha_Bhubaneswar
2019,282,29.38,23.04,86.36,1.18,17.63,Khordha_Bhubaneswar
2019,283,30.33,23.45,86.43,1.36,15.98,Khordha_Bhubaneswar
2019,284,29.76,24.19,88.41,1.76,17.4,Khordha_Bhubaneswar
2019,285,29.23,23.49,90.04,2.35,17.17,Khordha_Bhubaneswar
2019,286,29.89,22.16,85.29,1.78,17.99,Khordha_Bhubaneswar
2019,287,30.62,22.7,84.49,1.86,17.12,Khordha_Bhubaneswar
2019,288,29.52,22.0,85.55,2.44,18.75,Khordha_Bhubaneswar
2019,289,29.46,21.29,87.8,2.3,17.63,Khordha_Bhubaneswar
2019,290,28.76,23.01,89.27,1.62,17.35,Khordha_Bhubaneswar
2019,291,30.25,22.58,85.89,1.69,21.0,Khordha_Bhubaneswar
2019,292,30.74,22.16,83.47,1.67,20.78,Khordha_Bhubaneswar
2019,293,31.01,22.36,80.73,1.29,18.84,Khordha_Bhubaneswar
2019,294,31.36,22.24,80.16,1.23,19.74,Khordha_Bhubaneswar
2019,295,30.9,23.4,80.29,1.04,20.11,Khordha_Bhubaneswar
2019,296,28.07,23.63,89.95,2.25,6.42,Khordha_Bhubaneswar
2019,297,27.11,23.83,95.41,5.18,3.47,Khordha_Bhubaneswar
2019,298,27.53,24.19,93.69,4.45,11.75,Khordha_Bhubaneswar
2019,299,29.2,23.6,87.85,1.01,10.92,Khordha_Bhubaneswar
2019,300,29.41,23.55,88.96,1.37,14.71,Khordha_Bhubaneswar
2019,301,29.09,23.41,89.93,1.95,16.16,Khordha_Bhubaneswar
2019,302,29.34,22.39,87.04,1.44,17.35,Khordha_Bhubaneswar
2019,303,30.06,22.53,83.54,0.93,16.24,Khordha_Bhubaneswar
2019,304,29.53,22.31,84.93,2.04,13.66,Khordha_Bhubaneswar
2019,305,29.16,20.18,82.23,1.93,13.83,Khordha_Bhubaneswar
2019,306,29.12,20.81,84.36,2.03,14.26,Khordha_Bhubaneswar
2019,307,28.93,19.43,84.54,2.23,14.37,Khordha_Bhubaneswar
2019,308,29.03,19.72,83.14,2.52,14.23,Khordha_Bhubaneswar
2019,309,28.81,19.9,81.75,1.94,12.84,Khordha_Bhubaneswar
2019,310,28.22,20.32,82.19,1.94,10.79,Khordha_Bhubaneswar
2019,311,27.98,19.67,81.46,2.63,14.39,Khordha_Bhubaneswar
2019,312,25.63,18.95,89.2,5.42,6.77,Khordha_Bhubaneswar
2019,313,26.76,20.99,89.36,7.38,6.29,Khordha_Bhubaneswar
2019,314,29.44,21.25,88.53,3.81,14.8,Khordha_Bhubaneswar
2019,315,28.62,20.67,86.94,2.26,18.14,Khordha_Bhubaneswar
2019,316,28.48,18.6,81.26,2.05,16.94,Khordha_Bhubaneswar
2019,317,27.22,16.72,76.99,1.94,16.9,Khordha_Bhubaneswar
2019,318,26.49,15.63,75.34,1.72,17.21,Khordha_Bhubaneswar
2019,319,27.57,15.96,80.79,1.69,18.07,Khordha_Bhubaneswar
2019,320,27.11,16.47,82.48,1.91,17.42,Khordha_Bhubaneswar
2019,321,27.31,17.02,83.06,2.35,16.65,Khordha_Bhubaneswar
2019,322,26.8,14.99,80.87,2.18,15.96,Khordha_Bhubaneswar
2019,323,26.98,15.53,81.24,1.86,15.3,Khordha_Bhubaneswar
2019,324,26.46,16.81,82.55,1.48,15.69,Khordha_Bhubaneswar
2019,325,26.35,16.04,81.1,1.37,14.97,Khordha_Bhubaneswar
2019,326,26.17,16.46,78.66,1.06,14.74,Khordha_Bhubaneswar
2019,327,26.78,15.91,80.28,1.41,13.91,Khordha_Bhubaneswar
2019,328,26.63,16.03,79.78,1.42,13.33,Khordha_Bhubaneswar
2019,329,26.56,15.85,82.9,1.63,13.16,Khordha_Bhubaneswar
2019,330,26.59,16.4,86.59,1.71,13.36,Khordha_Bhubaneswar
2019,331,26.31,17.16,87.83,1.68,14.09,Khordha_Bhubaneswar
2019,332,26.91,16.78,88.74,1.74,14.17,Khordha_Bhubaneswar
2019,333,26.97,16.33,82.13,1.14,16.62,Khordha_Bhubaneswar
2019,334,26.59,15.52,84.17,2.0,15.53,Khordha_Bhubaneswar
2019,335,25.77,15.88,85.89,1.69,12.9,Khordha_Bhubaneswar
2019,336,25.24,16.27,83.98,2.15,10.56,Khordha_Bhubaneswar
2019,337,25.51,14.77,78.71,1.68,14.53,Khordha_Bhubaneswar
2019,338,25.26,15.27,82.69,2.41,12.45,Khordha_Bhubaneswar
2019,339,23.92,12.89,75.22,2.35,15.18,Khordha_Bhubaneswar
2019,340,24.39,12.04,78.18,1.8,16.19,Khordha_Bhubaneswar
2019,341,25.82,14.69,86.7,1.96,16.1,Khordha_Bhubaneswar
2019,342,26.44,17.51,83.05,1.15,16.11,Khordha_Bhubaneswar
2019,343,26.56,17.81,76.74,0.94,15.46,Khordha_Bhubaneswar
2019,344,25.53,15.8,76.4,1.32,13.69,Khordha_Bhubaneswar
2019,345,25.43,14.7,76.3,1.58,13.97,Khordha_Bhubaneswar
2019,346,25.3,15.12,76.47,1.42,14.19,Khordha_Bhubaneswar
2019,347,25.56,17.22,84.96,1.91,11.3,Khordha_Bhubaneswar
2019,348,26.21,16.99,84.01,1.53,13.78,Khordha_Bhubaneswar
2019,349,26.0,16.67,81.63,1.33,13.97,Khordha_Bhubaneswar
2019,350,25.56,16.27,83.36,1.48,11.14,Khordha_Bhubaneswar
2019,351,25.82,16.18,86.57,1.59,11.75,Khordha_Bhubaneswar
2019,352,24.13,15.5,86.57,2.27,10.16,Khordha_Bhubaneswar
2019,353,22.08,11.45,80.92,2.32,13.91,Khordha_Bhubaneswar
2019,354,21.99,9.28,76.56,1.86,13.81,Khordha_Bhubaneswar
2019,355,21.96,10.19,75.39,1.9,10.91,Khordha_Bhubaneswar
2019,356,24.0,11.98,73.38,1.45,10.52,Khordha_Bhubaneswar
2019,357,23.92,12.49,81.48,2.08,9.8,Khordha_Bhubaneswar
2019,358,23.86,12.95,80.92,2.25,13.64,Khordha_Bhubaneswar
2019,359,24.38,12.82,77.9,1.52,12.55,Khordha_Bhubaneswar
2019,360,21.28,16.21,87.29,1.15,6.05,Khordha_Bhubaneswar
2019,361,19.79,12.46,91.4,2.45,6.22,Khordha_Bhubaneswar
2019,362,19.85,6.53,72.99,3.1,15.01,Khordha_Bhubaneswar
2019,363,21.2,7.5,74.95,2.01,15.9,Khordha_Bhubaneswar
2019,364,21.34,9.07,76.77,2.29,12.78,Khordha_Bhubaneswar
2019,365,22.16,9.04,81.95,2.21,14.69,Khordha_Bhubaneswar
2020,1,23.06,10.11,81.4,2.63,16.02,Khordha_Bhubaneswar
2020,2,23.95,13.08,84.95,2.53,11.67,Khordha_Bhubaneswar
2020,3,19.49,15.55,92.73,3.8,2.84,Khordha_Bhubaneswar
2020,4,21.47,14.8,90.73,2.16,6.86,Khordha_Bhubaneswar
2020,5,23.44,13.25,85.79,2.63,12.13,Khordha_Bhubaneswar
2020,6,22.22,9.85,78.1,2.12,15.53,Khordha_Bhubaneswar
2020,7,22.49,9.89,74.75,1.14,16.21,Khordha_Bhubaneswar
2020,8,23.75,10.78,76.49,1.84,15.07,Khordha_Bhubaneswar
2020,9,23.86,13.8,89.04,1.45,9.0,Khordha_Bhubaneswar
2020,10,21.89,14.53,86.41,2.13,9.19,Khordha_Bhubaneswar
2020,11,21.64,9.84,79.2,2.62,14.83,Khordha_Bhubaneswar
2020,12,21.26,7.68,73.47,2.45,16.89,Khordha_Bhubaneswar
2020,13,22.42,7.86,68.94,2.13,16.75,Khordha_Bhubaneswar
2020,14,24.26,9.12,66.88,1.65,16.06,Khordha_Bhubaneswar
2020,15,25.66,11.61,70.66,1.37,13.59,Khordha_Bhubaneswar
2020,16,26.06,13.55,76.72,1.39,16.46,Khordha_Bhubaneswar
2020,17,25.58,13.81,79.21,1.36,16.63,Khordha_Bhubaneswar
2020,18,25.78,13.82,74.07,1.02,16.79,Khordha_Bhubaneswar
2020,19,26.62,13.63,67.26,1.03,18.12,Khordha_Bhubaneswar
2020,20,24.39,13.93,84.35,1.59,13.35,Khordha_Bhubaneswar
2020,21,24.58,13.77,84.12,1.68,9.67,Khordha_Bhubaneswar
2020,22,25.09,12.58,78.04,1.4,14.5,Khordha_Bhubaneswar
2020,23,26.89,13.68,78.36,1.97,12.71,Khordha_Bhubaneswar
2020,24,25.28,14.67,76.34,1.91,14.58,Khordha_Bhubaneswar
2020,25,24.17,10.61,68.99,1.49,16.72,Khordha_Bhubaneswar
2020,26,24.87,10.74,71.31,2.57,15.08,Khordha_Bhubaneswar
2020,27,24.77,9.77,64.67,2.37,18.22,Khordha_Bhubaneswar
2020,28,25.84,14.09,70.0,1.85,15.12,Khordha_Bhubaneswar
2020,29,28.81,17.24,84.42,1.94,13.49,Khordha_Bhubaneswar
2020,30,26.87,17.29,81.42,3.15,12.41,Khordha_Bhubaneswar
2020,31,25.13,13.53,80.35,2.06,13.1,Khordha_Bhubaneswar
2020,32,24.82,13.01,82.08,2.16,10.89,Khordha_Bhubaneswar
2020,33,25.0,14.02,81.83,2.01,10.94,Khordha_Bhubaneswar
2020,34,24.51,13.42,80.35,2.38,13.18,Khordha_Bhubaneswar
2020,35,24.64,12.73,79.73,1.99,11.17,Khordha_Bhubaneswar
2020,36,21.0,15.14,85.0,1.33,6.33,Khordha_Bhubaneswar
2020,37,25.34,15.05,81.7,1.95,9.87,Khordha_Bhubaneswar
2020,38,24.24,15.88,87.74,3.74,4.2,Khordha_Bhubaneswar
2020,39,21.77,15.64,90.2,4.71,2.61,Khordha_Bhubaneswar
2020,40,23.56,15.79,82.77,2.87,11.26,Khordha_Bhubaneswar
2020,41,24.71,12.06,70.86,1.53,17.46,Khordha_Bhubaneswar
2020,42,25.03,10.07,59.58,1.89,19.32,Khordha_Bhubaneswar
2020,43,25.8,9.37,59.39,2.31,18.9,Khordha_Bhubaneswar
2020,44,26.92,10.34,65.9,3.64,20.06,Khordha_Bhubaneswar
2020,45,29.71,12.26,66.07,3.9,20.8,Khordha_Bhubaneswar
2020,46,29.04,13.19,62.96,2.38,20.79,Khordha_Bhubaneswar
2020,47,28.39,12.3,58.66,1.71,19.19,Khordha_Bhubaneswar
2020,48,28.73,12.43,58.53,2.18,19.0,Khordha_Bhubaneswar
2020,49,29.0,11.69,55.51,2.21,20.57,Khordha_Bhubaneswar
2020,50,28.48,11.83,59.49,2.27,20.43,Khordha_Bhubaneswar
2020,51,29.18,16.41,76.23,2.48,19.66,Khordha_Bhubaneswar
2020,52,29.09,16.98,68.05,2.23,20.76,Khordha_Bhubaneswar
2020,53,29.49,15.74,64.86,1.82,19.15,Khordha_Bhubaneswar
2020,54,29.9,15.42,59.27,1.74,18.61,Khordha_Bhubaneswar
2020,55,29.76,17.31,65.18,2.15,7.0,Khordha_Bhubaneswar
2020,56,27.92,18.53,83.28,2.09,5.98,Khordha_Bhubaneswar
2020,57,27.7,16.34,74.77,2.57,15.57,Khordha_Bhubaneswar
2020,58,27.86,13.2,65.0,2.53,20.7,Khordha_Bhubaneswar
2020,59,28.24,14.2,69.96,1.77,18.48,Khordha_Bhubaneswar
2020,60,28.78,16.36,71.77,1.57,18.39,Khordha_Bhubaneswar
2020,61,29.54,16.67,72.32,1.77,18.99,Khordha_Bhubaneswar
2020,62,31.32,16.88,65.84,2.15,18.19,Khordha_Bhubaneswar
2020,63,31.78,17.52,66.44,2.59,18.73,Khordha_Bhubaneswar
2020,64,31.45,20.18,74.6,3.22,12.6,Khordha_Bhubaneswar
2020,65,30.38,21.06,76.12,2.49,13.94,Khordha_Bhubaneswar
2020,66,28.91,20.23,82.03,3.21,15.24,Khordha_Bhubaneswar
2020,67,30.28,20.47,81.64,3.13,14.93,Khordha_Bhubaneswar
2020,68,30.43,21.12,78.63,2.73,16.68,Khordha_Bhubaneswar
2020,69,31.06,17.31,63.26,2.38,21.73,Khordha_Bhubaneswar
2020,70,31.36,17.07,63.3,1.76,18.96,Khordha_Bhubaneswar
2020,71,32.4,20.43,78.26,2.73,20.02,Khordha_Bhubaneswar
2020,72,33.21,21.75,78.0,2.73,15.47,Khordha_Bhubaneswar
2020,73,33.88,22.41,76.39,2.38,22.49,Khordha_Bhubaneswar
2020,74,33.79,21.99,70.82,2.51,20.95,Khordha_Bhubaneswar
2020,75,33.12,21.02,72.04,1.94,23.21,Khordha_Bhubaneswar
2020,76,33.78,21.27,68.02,1.23,21.38,Khordha_Bhubaneswar
2020,77,33.89,22.09,62.92,1.38,21.52,Khordha_Bhubaneswar
2020,78,34.67,19.56,54.08,1.92,20.1,Khordha_Bhubaneswar
2020,79,34.79,20.23,59.15,2.14,14.54,Khordha_Bhubaneswar
2020,80,32.1,20.16,66.43,1.92,22.32,Khordha_Bhubaneswar
2020,81,33.87,20.23,60.64,2.21,16.31,Khordha_Bhubaneswar
2020,82,31.36,22.16,71.13,1.28,20.83,Khordha_Bhubaneswar
2020,83,32.6,21.57,67.82,1.27,21.92,Khordha_Bhubaneswar
2020,84,33.44,20.91,62.38,1.37,22.4,Khordha_Bhubaneswar
2020,85,35.75,22.16,58.62,1.89,22.04,Khordha_Bhubaneswar
2020,86,36.29,20.95,54.48,2.31,23.65,Khordha_Bhubaneswar
2020,87,37.33,22.79,58.73,1.74,23.79,Khordha_Bhubaneswar
2020,88,37.83,23.47,54.35,1.65,22.75,Khordha_Bhubaneswar
2020,89,37.95,24.22,53.94,2.33,20.69,Khordha_Bhubaneswar
2020,90,37.83,23.95,53.96,1.86,21.92,Khordha_Bhubaneswar
2020,91,37.96,23.46,48.94,1.75,23.77,Khordha_Bhubaneswar
2020,92,39.16,23.04,46.93,2.54,23.25,Khordha_Bhubaneswar
2020,93,39.69,24.0,48.53,2.83,24.05,Khordha_Bhubaneswar
2020,94,39.51,24.38,50.44,2.18,23.29,Khordha_Bhubaneswar
2020,95,38.64,24.62,49.25,2.1,13.08,Khordha_Bhubaneswar
2020,96,37.3,24.33,50.75,2.41,16.13,Khordha_Bhubaneswar
2020,97,39.04,22.03,39.12,2.98,24.24,Khordha_Bhubaneswar
2020,98,39.12,22.05,42.62,2.87,23.36,Khordha_Bhubaneswar
2020,99,38.36,25.19,56.35,2.53,13.79,Khordha_Bhubaneswar
2020,100,38.33,24.18,55.54,1.95,24.23,Khordha_Bhubaneswar
2020,101,38.96,23.67,55.36,2.23,21.77,Khordha_Bhubaneswar
2020,102,39.87,24.14,51.45,1.98,23.76,Khordha_Bhubaneswar
2020,103,40.23,24.17,42.19,1.96,24.15,Khordha_Bhubaneswar
2020,104,41.45,24.2,40.69,2.34,23.53,Khordha_Bhubaneswar
2020,105,41.25,24.21,44.21,1.95,23.81,Khordha_Bhubaneswar
2020,106,41.66,24.98,48.05,3.24,21.14,Khordha_Bhubaneswar
2020,107,40.63,25.63,50.84,2.89,22.05,Khordha_Bhubaneswar
2020,108,41.81,26.25,52.08,4.57,22.12,Khordha_Bhubaneswar
2020,109,42.04,26.22,55.5,4.3,22.25,Khordha_Bhubaneswar
2020,110,39.42,25.01,62.45,3.38,19.29,Khordha_Bhubaneswar
2020,111,41.0,25.34,55.04,2.96,22.42,Khordha_Bhubaneswar
2020,112,39.82,26.59,56.31,4.57,13.67,Khordha_Bhubaneswar
2020,113,37.82,24.27,64.59,3.76,20.76,Khordha_Bhubaneswar
2020,114,38.71,25.38,62.23,3.77,21.87,Khordha_Bhubaneswar
2020,115,36.35,25.93,74.17,5.16,21.28,Khordha_Bhubaneswar
2020,116,34.97,25.52,76.79,3.02,17.87,Khordha_Bhubaneswar
2020,117,34.49,25.58,75.85,3.42,19.25,Khordha_Bhubaneswar
2020,118,34.05,24.74,73.26,2.45,23.42,Khordha_Bhubaneswar
2020,119,34.2,23.87,69.21,2.16,23.21,Khordha_Bhubaneswar
2020,120,36.56,23.45,66.41,2.69,24.41,Khordha_Bhubaneswar
2020,121,35.9,24.63,69.23,3.04,24.94,Khordha_Bhubaneswar
2020,122,37.75,24.98,66.58,2.78,21.4,Khordha_Bhubaneswar
2020,123,36.3,24.87,70.72,2.83,25.46,Khordha_Bhubaneswar
2020,124,38.27,25.44,66.88,2.62,21.06,Khordha_Bhubaneswar
2020,125,38.94,26.23,68.05,3.85,19.4,Khordha_Bhubaneswar
2020,126,39.64,26.23,66.8,3.85,21.5,Khordha_Bhubaneswar
2020,127,38.11,26.24,64.64,2.03,19.72,Khordha_Bhubaneswar
2020,128,38.88,25.35,60.04,2.03,18.05,Khordha_Bhubaneswar
2020,129,39.71,24.93,55.97,2.03,26.02,Khordha_Bhubaneswar
2020,130,40.8,26.19,52.55,2.8,26.66,Khordha_Bhubaneswar
2020,131,41.51,26.89,53.57,2.9,23.47,Khordha_Bhubaneswar
2020,132,38.12,26.73,60.49,1.78,25.05,Khordha_Bhubaneswar
2020,133,39.54,25.69,54.59,2.45,25.23,Khordha_Bhubaneswar
2020,134,39.88,25.49,55.13,3.58,26.43,Khordha_Bhubaneswar
2020,135,40.78,26.12,56.65,3.88,26.96,Khordha_Bhubaneswar
2020,136,41.24,26.23,55.8,3.76,26.5,Khordha_Bhubaneswar
2020,137,41.25,26.32,56.66,3.07,25.37,Khordha_Bhubaneswar
2020,138,39.25,26.77,60.61,2.83,22.82,Khordha_Bhubaneswar
2020,139,38.45,26.53,62.05,3.17,22.82,Khordha_Bhubaneswar
2020,140,31.03,24.57,70.62,6.5,8.36,Khordha_Bhubaneswar
2020,141,30.89,23.36,76.9,9.77,6.08,Khordha_Bhubaneswar
2020,142,37.53,22.09,62.23,3.26,21.84,Khordha_Bhubaneswar
2020,143,38.82,24.21,66.79,3.18,23.53,Khordha_Bhubaneswar
2020,144,38.49,26.2,73.43,4.52,24.63,Khordha_Bhubaneswar
2020,145,39.2,27.29,72.05,5.87,22.71,Khordha_Bhubaneswar
2020,146,39.25,27.33,69.73,7.05,22.41,Khordha_Bhubaneswar
2020,147,40.02,27.56,67.39,7.27,20.45,Khordha_Bhubaneswar
2020,148,40.68,27.0,67.0,6.93,24.0,Khordha_Bhubaneswar
2020,149,38.33,27.31,73.1,5.37,17.66,Khordha_Bhubaneswar
2020,150,34.95,26.7,81.44,3.34,20.73,Khordha_Bhubaneswar
2020,151,37.31,26.17,74.12,3.15,22.94,Khordha_Bhubaneswar
2020,152,35.84,26.75,74.4,3.55,24.95,Khordha_Bhubaneswar
2020,153,35.44,26.48,73.94,2.05,12.71,Khordha_Bhubaneswar
2020,154,37.64,26.06,68.98,3.0,18.85,Khordha_Bhubaneswar
2020,155,33.85,26.3,75.45,2.74,20.84,Khordha_Bhubaneswar
2020,156,32.19,26.39,81.09,3.31,21.09,Khordha_Bhubaneswar
2020,157,32.99,26.83,80.26,3.93,22.23,Khordha_Bhubaneswar
2020,158,36.39,26.12,70.82,2.45,21.18,Khordha_Bhubaneswar
2020,159,34.45,26.6,73.42,2.2,20.51,Khordha_Bhubaneswar
2020,160,34.91,26.57,73.42,1.82,17.34,Khordha_Bhubaneswar
2020,161,35.54,26.24,73.94,2.34,22.44,Khordha_Bhubaneswar
2020,162,33.69,26.52,76.69,2.11,22.11,Khordha_Bhubaneswar
2020,163,30.92,26.24,86.39,3.97,15.1,Khordha_Bhubaneswar
2020,164,32.95,26.41,81.78,3.3,10.27,Khordha_Bhubaneswar
2020,165,32.81,26.47,83.47,1.9,12.82,Khordha_Bhubaneswar
2020,166,32.01,26.67,85.7,3.26,5.56,Khordha_Bhubaneswar
2020,167,31.44,26.47,86.86,3.36,11.41,Khordha_Bhubaneswar
2020,168,31.96,26.47,86.3,3.43,10.05,Khordha_Bhubaneswar
2020,169,32.13,26.15,84.21,5.07,13.75,Khordha_Bhubaneswar
2020,170,33.52,25.42,81.13,4.0,13.98,Khordha_Bhubaneswar
2020,171,32.94,26.05,80.12,2.87,20.99,Khordha_Bhubaneswar
2020,172,32.32,26.53,83.77,2.91,12.04,Khordha_Bhubaneswar
2020,173,31.27,26.51,85.2,3.58,13.06,Khordha_Bhubaneswar
2020,174,32.11,26.31,85.32,5.15,16.43,Khordha_Bhubaneswar
2020,175,33.17,26.67,81.71,4.8,18.5,Khordha_Bhubaneswar
2020,176,32.27,26.02,84.76,3.98,25.22,Khordha_Bhubaneswar
2020,177,33.54,25.95,81.52,4.24,24.92,Khordha_Bhubaneswar
2020,178,31.69,26.08,83.0,3.63,23.12,Khordha_Bhubaneswar
2020,179,31.55,25.86,86.17,3.18,18.88,Khordha_Bhubaneswar
2020,180,31.31,25.85,87.11,3.79,12.2,Khordha_Bhubaneswar
2020,181,30.12,25.97,87.8,2.73,15.24,Khordha_Bhubaneswar
2020,182,32.31,25.49,83.98,2.96,24.78,Khordha_Bhubaneswar
2020,183,33.2,25.35,81.19,3.35,22.09,Khordha_Bhubaneswar
2020,184,33.17,25.94,81.89,2.91,22.81,Khordha_Bhubaneswar
2020,185,34.23,26.26,80.31,3.33,21.25,Khordha_Bhubaneswar
2020,186,31.79,26.5,85.72,2.36,19.67,Khordha_Bhubaneswar
2020,187,33.17,26.0,83.76,2.67,10.72,Khordha_Bhubaneswar
2020,188,32.47,26.28,85.03,3.59,14.63,Khordha_Bhubaneswar
2020,189,33.31,26.03,79.34,3.54,13.16,Khordha_Bhubaneswar
2020,190,32.39,26.22,83.49,3.59,17.18,Khordha_Bhubaneswar
2020,191,31.03,26.29,86.41,3.65,18.07,Khordha_Bhubaneswar
2020,192,31.85,26.6,85.81,3.46,18.93,Khordha_Bhubaneswar
2020,193,31.97,26.02,85.41,2.96,13.53,Khordha_Bhubaneswar
2020,194,31.85,26.14,84.57,2.47,15.0,Khordha_Bhubaneswar
2020,195,30.23,25.65,86.94,2.63,11.72,Khordha_Bhubaneswar
2020,196,30.45,25.48,87.42,2.88,12.96,Khordha_Bhubaneswar
2020,197,31.92,25.28,82.85,5.38,19.27,Khordha_Bhubaneswar
2020,198,33.03,25.7,81.77,4.94,20.32,Khordha_Bhubaneswar
2020,199,33.39,25.63,80.93,3.64,18.29,Khordha_Bhubaneswar
2020,200,31.12,26.01,84.74,3.83,20.95,Khordha_Bhubaneswar
2020,201,32.98,25.73,83.7,4.03,15.39,Khordha_Bhubaneswar
2020,202,31.86,26.04,84.67,5.29,19.37,Khordha_Bhubaneswar
2020,203,30.7,26.67,86.83,4.18,18.05,Khordha_Bhubaneswar
2020,204,31.09,25.86,87.52,3.69,11.82,Khordha_Bhubaneswar
2020,205,31.46,25.23,84.08,3.2,10.35,Khordha_Bhubaneswar
2020,206,30.29,24.67,87.28,3.11,10.57,Khordha_Bhubaneswar
2020,207,32.74,24.69,81.19,2.79,23.21,Khordha_Bhubaneswar
2020,208,34.21,25.02,77.89,2.72,22.7,Khordha_Bhubaneswar
2020,209,32.83,25.73,80.77,2.4,21.4,Khordha_Bhubaneswar
2020,210,31.25,26.05,86.53,2.13,18.08,Khordha_Bhubaneswar
2020,211,33.92,25.04,81.89,3.36,20.14,Khordha_Bhubaneswar
2020,212,32.81,25.14,81.54,2.27,21.94,Khordha_Bhubaneswar
2020,213,33.55,25.21,79.34,1.64,23.46,Khordha_Bhubaneswar
2020,214,32.7,25.99,82.76,1.74,19.75,Khordha_Bhubaneswar
2020,215,32.18,26.17,85.09,1.96,20.03,Khordha_Bhubaneswar
2020,216,30.72,26.18,87.93,3.14,15.76,Khordha_Bhubaneswar
2020,217,30.26,25.48,91.48,3.74,9.23,Khordha_Bhubaneswar
2020,218,29.99,25.98,89.51,2.75,8.69,Khordha_Bhubaneswar
2020,219,31.34,25.68,85.99,3.9,8.94,Khordha_Bhubaneswar
2020,220,32.6,25.8,85.54,2.79,15.97,Khordha_Bhubaneswar
2020,221,31.81,26.21,86.18,2.48,14.19,Khordha_Bhubaneswar
2020,222,32.73,25.79,85.06,2.35,15.9,Khordha_Bhubaneswar
2020,223,32.46,26.01,87.77,2.95,18.81,Khordha_Bhubaneswar
2020,224,30.71,26.49,88.4,2.77,18.34,Khordha_Bhubaneswar
2020,225,32.61,26.08,86.5,2.18,16.93,Khordha_Bhubaneswar
2020,226,32.53,26.12,84.55,2.09,15.99,Khordha_Bhubaneswar
2020,227,30.83,26.05,87.78,3.34,8.56,Khordha_Bhubaneswar
2020,228,29.27,26.03,91.58,5.46,8.12,Khordha_Bhubaneswar
2020,229,30.32,25.37,88.59,6.09,11.71,Khordha_Bhubaneswar
2020,230,32.43,24.69,85.29,4.63,12.88,Khordha_Bhubaneswar
2020,231,30.85,26.3,89.6,3.63,13.91,Khordha_Bhubaneswar
2020,232,30.09,25.51,90.67,2.86,4.04,Khordha_Bhubaneswar
2020,233,31.29,25.68,88.94,5.22,10.7,Khordha_Bhubaneswar
2020,234,30.75,26.2,89.69,5.36,14.72,Khordha_Bhubaneswar
2020,235,29.93,25.8,90.75,4.09,14.0,Khordha_Bhubaneswar
2020,236,29.89,25.58,90.46,2.49,9.76,Khordha_Bhubaneswar
2020,237,29.42,25.07,90.85,3.1,12.32,Khordha_Bhubaneswar
2020,238,29.02,25.07,92.83,3.72,3.44,Khordha_Bhubaneswar
2020,239,28.54,25.22,94.04,5.19,6.88,Khordha_Bhubaneswar
2020,240,29.31,24.46,91.67,5.49,11.95,Khordha_Bhubaneswar
2020,241,30.72,24.21,87.67,4.09,21.02,Khordha_Bhubaneswar
2020,242,31.56,25.12,86.77,3.05,21.28,Khordha_Bhubaneswar
2020,243,32.15,25.16,86.36,2.16,22.81,Khordha_Bhubaneswar
2020,244,29.5,25.63,89.99,2.51,21.81,Khordha_Bhubaneswar
2020,245,30.43,24.56,89.88,2.03,7.66,Khordha_Bhubaneswar
2020,246,29.77,24.97,87.08,2.13,18.14,Khordha_Bhubaneswar
2020,247,31.22,24.11,85.38,1.95,19.39,Khordha_Bhubaneswar
2020,248,32.41,24.48,83.66,1.57,22.13,Khordha_Bhubaneswar
2020,249,32.15,24.32,85.41,2.81,23.01,Khordha_Bhubaneswar
2020,250,31.34,25.78,88.5,3.26,20.8,Khordha_Bhubaneswar
2020,251,32.08,24.98,87.3,3.08,20.85,Khordha_Bhubaneswar
2020,252,31.65,25.54,88.13,2.68,17.41,Khordha_Bhubaneswar
2020,253,31.26,25.43,87.78,1.94,17.47,Khordha_Bhubaneswar
2020,254,29.72,25.94,91.84,2.57,13.66,Khordha_Bhubaneswar
2020,255,32.06,25.01,87.08,2.83,19.74,Khordha_Bhubaneswar
2020,256,31.05,25.6,87.06,2.27,21.17,Khordha_Bhubaneswar
2020,257,31.58,25.78,88.16,2.57,18.43,Khordha_Bhubaneswar
2020,258,30.18,25.47,91.06,2.63,17.3,Khordha_Bhubaneswar
2020,259,30.08,25.82,90.22,2.37,18.6,Khordha_Bhubaneswar
2020,260,30.74,25.92,89.63,2.66,18.35,Khordha_Bhubaneswar
2020,261,30.75,25.59,89.53,1.94,21.52,Khordha_Bhubaneswar
2020,262,32.21,25.08,84.98,1.36,20.69,Khordha_Bhubaneswar
2020,263,32.71,25.95,84.4,1.22,19.93,Khordha_Bhubaneswar
2020,264,31.59,25.86,86.12,1.36,7.3,Khordha_Bhubaneswar
2020,265,31.53,25.1,86.84,2.52,12.21,Khordha_Bhubaneswar
2020,266,30.78,26.06,89.07,5.12,16.12,Khordha_Bhubaneswar
2020,267,31.3,25.75,88.31,4.67,17.72,Khordha_Bhubaneswar
2020,268,30.99,26.02,89.05,3.65,17.77,Khordha_Bhubaneswar
2020,269,29.18,25.5,91.19,4.37,11.18,Khordha_Bhubaneswar
2020,270,28.8,25.83,93.05,3.12,6.54,Khordha_Bhubaneswar
2020,271,30.19,25.14,88.2,3.52,18.24,Khordha_Bhubaneswar
2020,272,31.04,23.07,80.81,2.1,18.41,Khordha_Bhubaneswar
2020,273,30.2,24.08,86.9,1.73,15.83,Khordha_Bhubaneswar
2020,274,28.68,24.72,91.77,1.72,12.73,Khordha_Bhubaneswar
2020,275,28.34,24.69,93.9,2.71,8.29,Khordha_Bhubaneswar
2020,276,28.85,24.74,95.06,3.01,10.92,Khordha_Bhubaneswar
2020,277,29.09,25.6,94.81,2.31,8.43,Khordha_Bhubaneswar
2020,278,29.46,25.04,92.6,2.15,9.79,Khordha_Bhubaneswar
2020,279,29.87,24.47,89.97,2.06,10.81,Khordha_Bhubaneswar
2020,280,28.91,24.88,94.0,2.91,11.25,Khordha_Bhubaneswar
2020,281,29.62,25.41,89.93,1.22,14.06,Khordha_Bhubaneswar
2020,282,30.63,25.12,87.51,1.64,14.66,Khordha_Bhubaneswar
2020,283,31.31,24.91,85.28,1.03,19.65,Khordha_Bhubaneswar
2020,284,29.51,25.12,90.09,1.47,16.35,Khordha_Bhubaneswar
2020,285,31.16,24.0,88.76,2.83,20.41,Khordha_Bhubaneswar
2020,286,30.24,23.95,91.58,4.39,18.79,Khordha_Bhubaneswar
2020,287,30.81,25.39,90.27,5.44,11.09,Khordha_Bhubaneswar
2020,288,29.18,25.04,93.79,4.39,6.48,Khordha_Bhubaneswar
2020,289,30.54,24.89,91.32,2.65,9.33,Khordha_Bhubaneswar
2020,290,30.5,24.58,90.3,2.35,17.19,Khordha_Bhubaneswar
2020,291,30.94,23.82,85.98,1.65,19.91,Khordha_Bhubaneswar
2020,292,29.45,24.13,88.21,1.82,17.83,Khordha_Bhubaneswar
2020,293,29.31,23.12,91.03,2.32,18.22,Khordha_Bhubaneswar
2020,294,30.43,23.97,89.44,1.57,18.87,Khordha_Bhubaneswar
2020,295,28.45,24.55,94.89,3.63,16.38,Khordha_Bhubaneswar
2020,296,28.18,24.72,94.46,3.22,6.78,Khordha_Bhubaneswar
2020,297,29.85,23.93,89.65,3.72,16.24,Khordha_Bhubaneswar
2020,298,31.16,23.07,82.89,2.12,16.57,Khordha_Bhubaneswar
2020,299,30.03,23.85,83.73,1.77,15.86,Khordha_Bhubaneswar
2020,300,29.67,21.74,80.71,2.06,17.98,Khordha_Bhubaneswar
2020,301,29.33,19.46,77.92,2.46,18.63,Khordha_Bhubaneswar
2020,302,28.87,18.53,75.46,2.52,18.88,Khordha_Bhubaneswar
2020,303,28.58,17.45,78.31,2.75,17.67,Khordha_Bhubaneswar
2020,304,29.6,19.11,80.15,2.83,18.36,Khordha_Bhubaneswar
2020,305,29.98,19.96,85.52,2.57,18.82,Khordha_Bhubaneswar
2020,306,29.59,22.05,87.44,2.34,17.26,Khordha_Bhubaneswar
2020,307,29.25,21.22,86.44,2.83,18.09,Khordha_Bhubaneswar
2020,308,29.58,21.03,82.6,1.92,18.3,Khordha_Bhubaneswar
2020,309,29.04,21.61,77.9,1.64,15.81,Khordha_Bhubaneswar
2020,310,29.25,18.69,69.11,1.61,15.28,Khordha_Bhubaneswar
2020,311,28.16,17.72,72.93,1.91,16.38,Khordha_Bhubaneswar
2020,312,27.72,16.65,74.73,2.13,17.37,Khordha_Bhubaneswar
2020,313,27.19,15.28,76.81,2.4,17.51,Khordha_Bhubaneswar
2020,314,27.03,15.05,80.2,2.41,19.21,Khordha_Bhubaneswar
2020,315,27.56,16.33,88.33,2.79,15.4,Khordha_Bhubaneswar
2020,316,27.83,19.72,88.17,3.3,13.76,Khordha_Bhubaneswar
2020,317,27.71,20.42,85.99,2.69,11.14,Khordha_Bhubaneswar
2020,318,28.26,18.74,86.18,2.66,18.8,Khordha_Bhubaneswar
2020,319,27.91,17.62,85.23,2.7,18.89,Khordha_Bhubaneswar
2020,320,28.05,17.81,85.33,2.53,18.22,Khordha_Bhubaneswar
2020,321,28.97,18.45,79.95,1.48,15.45,Khordha_Bhubaneswar
2020,322,29.35,18.61,80.3,1.85,15.96,Khordha_Bhubaneswar
2020,323,29.09,19.49,79.68,1.32,15.71,Khordha_Bhubaneswar
2020,324,28.57,19.11,77.47,1.36,15.45,Khordha_Bhubaneswar
2020,325,29.5,19.48,80.23,1.79,15.76,Khordha_Bhubaneswar
2020,326,28.49,20.4,86.6,1.91,13.31,Khordha_Bhubaneswar
2020,327,26.78,18.96,83.26,2.08,13.89,Khordha_Bhubaneswar
2020,328,25.6,15.2,80.87,2.28,15.1,Khordha_Bhubaneswar
2020,329,24.84,13.41,79.5,2.46,11.98,Khordha_Bhubaneswar
2020,330,24.48,13.81,81.05,2.77,10.56,Khordha_Bhubaneswar
2020,331,23.26,15.64,86.07,2.32,7.01,Khordha_Bhubaneswar
2020,332,24.99,16.12,82.85,2.98,9.75,Khordha_Bhubaneswar
2020,333,26.12,14.45,79.08,2.57,16.91,Khordha_Bhubaneswar
2020,334,26.17,14.0,74.12,2.37,17.09,Khordha_Bhubaneswar
2020,335,25.85,13.35,73.11,2.2,16.6,Khordha_Bhubaneswar
2020,336,25.74,13.68,70.12,1.77,16.56,Khordha_Bhubaneswar
2020,337,26.34,13.4,73.85,1.5,14.79,Khordha_Bhubaneswar
2020,338,26.07,14.03,78.74,1.91,15.33,Khordha_Bhubaneswar
2020,339,26.04,13.01,70.96,1.52,14.53,Khordha_Bhubaneswar
2020,340,26.1,13.34,68.76,1.3,15.13,Khordha_Bhubaneswar
2020,341,26.14,13.35,68.04,1.38,15.41,Khordha_Bhubaneswar
2020,342,26.69,13.28,73.73,2.16,15.49,Khordha_Bhubaneswar
2020,343,27.12,13.28,76.13,2.22,15.49,Khordha_Bhubaneswar
2020,344,26.61,13.71,76.14,2.09,14.79,Khordha_Bhubaneswar
2020,345,26.73,13.27,71.1,1.96,14.73,Khordha_Bhubaneswar
2020,346,26.45,13.56,71.75,1.78,15.15,Khordha_Bhubaneswar
2020,347,26.29,13.92,74.14,1.4,15.06,Khordha_Bhubaneswar
2020,348,26.42,14.49,72.06,1.65,13.82,Khordha_Bhubaneswar
2020,349,26.63,15.89,77.62,1.45,12.45,Khordha_Bhubaneswar
2020,350,25.96,16.61,84.98,2.05,13.01,Khordha_Bhubaneswar
2020,351,26.4,15.84,82.53,1.63,13.84,Khordha_Bhubaneswar
2020,352,26.13,16.32,83.41,1.54,12.83,Khordha_Bhubaneswar
2020,353,25.03,16.06,81.43,1.58,10.33,Khordha_Bhubaneswar
2020,354,23.64,12.92,76.39,2.14,14.7,Khordha_Bhubaneswar
2020,355,22.66,9.54,67.52,2.16,15.79,Khordha_Bhubaneswar
2020,356,22.65,8.41,65.64,2.28,14.59,Khordha_Bhubaneswar
2020,357,23.62,8.64,66.79,1.89,13.6,Khordha_Bhubaneswar
2020,358,23.9,9.16,66.56,1.6,12.82,Khordha_Bhubaneswar
2020,359,24.4,10.66,67.49,1.46,13.07,Khordha_Bhubaneswar
2020,360,24.4,11.56,70.39,1.53,13.85,Khordha_Bhubaneswar
2020,361,23.75,10.64,68.57,1.81,14.54,Khordha_Bhubaneswar
2020,362,23.59,10.31,67.41,1.47,14.98,Khordha_Bhubaneswar
2020,363,23.85,10.28,65.13,1.26,14.57,Khordha_Bhubaneswar
2020,364,25.51,10.87,68.75,1.65,14.24,Khordha_Bhubaneswar
2020,365,24.44,11.98,73.73,1.83,13.5,Khordha_Bhubaneswar
2020,366,24.68,11.86,74.55,1.99,13.03,Khordha_Bhubaneswar
2021,1,24.43,11.51,67.56,2.05,13.93,Khordha_Bhubaneswar
2021,2,23.53,11.32,68.82,1.64,15.08,Khordha_Bhubaneswar
2021,3,25.08,12.58,70.64,1.7,15.68,Khordha_Bhubaneswar
2021,4,26.14,11.9,73.31,1.95,15.58,Khordha_Bhubaneswar
2021,5,26.72,12.32,77.92,2.16,14.3,Khordha_Bhubaneswar
2021,6,27.73,14.36,71.96,1.39,15.99,Khordha_Bhubaneswar
2021,7,28.43,16.41,69.13,1.37,14.16,Khordha_Bhubaneswar
2021,8,28.16,16.4,72.29,1.83,14.43,Khordha_Bhubaneswar
2021,9,27.99,15.62,75.24,1.92,14.64,Khordha_Bhubaneswar
2021,10,28.58,16.13,73.34,1.29,13.71,Khordha_Bhubaneswar
2021,11,28.74,16.45,72.29,1.7,14.16,Khordha_Bhubaneswar
2021,12,27.74,16.9,78.0,1.93,12.91,Khordha_Bhubaneswar
2021,13,26.84,15.67,79.89,1.53,10.63,Khordha_Bhubaneswar
2021,14,26.41,15.35,74.11,1.67,11.51,Khordha_Bhubaneswar
2021,15,25.46,11.9,67.5,2.07,11.91,Khordha_Bhubaneswar
2021,16,25.81,10.45,61.19,1.93,13.27,Khordha_Bhubaneswar
2021,17,25.07,11.73,76.94,2.59,11.84,Khordha_Bhubaneswar
2021,18,24.81,11.44,66.62,1.73,11.71,Khordha_Bhubaneswar
2021,19,26.31,12.6,68.13,1.69,12.39,Khordha_Bhubaneswar
2021,20,28.94,15.38,73.31,2.37,11.84,Khordha_Bhubaneswar
2021,21,28.23,14.69,61.48,1.9,12.35,Khordha_Bhubaneswar
2021,22,26.75,10.91,53.85,1.83,16.02,Khordha_Bhubaneswar
2021,23,27.3,10.39,55.38,1.76,16.15,Khordha_Bhubaneswar
2021,24,28.52,13.42,61.33,1.65,15.31,Khordha_Bhubaneswar
2021,25,28.97,16.7,75.18,1.51,14.1,Khordha_Bhubaneswar
2021,26,27.38,18.32,81.2,1.85,11.64,Khordha_Bhubaneswar
2021,27,26.74,15.53,76.32,2.3,11.59,Khordha_Bhubaneswar
2021,28,27.26,14.55,71.33,2.17,15.05,Khordha_Bhubaneswar
2021,29,27.37,14.0,68.98,1.34,13.1,Khordha_Bhubaneswar
2021,30,27.42,16.28,67.34,2.07,12.31,Khordha_Bhubaneswar
2021,31,26.58,11.83,51.89,2.17,14.8,Khordha_Bhubaneswar
2021,32,26.16,9.72,47.97,1.78,16.87,Khordha_Bhubaneswar
2021,33,27.42,10.47,43.53,1.35,18.43,Khordha_Bhubaneswar
2021,34,28.3,12.02,49.25,1.26,17.58,Khordha_Bhubaneswar
2021,35,28.62,11.67,52.02,1.69,18.24,Khordha_Bhubaneswar
2021,36,29.01,13.83,52.69,1.5,18.76,Khordha_Bhubaneswar
2021,37,29.86,12.84,53.48,2.0,18.63,Khordha_Bhubaneswar
2021,38,29.05,15.98,56.67,1.06,17.79,Khordha_Bhubaneswar
2021,39,28.93,13.44,56.48,1.86,18.61,Khordha_Bhubaneswar
2021,40,29.2,12.57,49.44,1.26,18.96,Khordha_Bhubaneswar
2021,41,30.45,14.55,53.9,2.16,19.31,Khordha_Bhubaneswar
2021,42,31.15,14.18,64.3,2.2,19.65,Khordha_Bhubaneswar
2021,43,30.97,15.94,67.87,2.16,18.2,Khordha_Bhubaneswar
2021,44,31.32,17.01,62.08,2.54,18.67,Khordha_Bhubaneswar
2021,45,31.6,16.76,61.35,1.98,18.45,Khordha_Bhubaneswar
2021,46,32.77,16.29,52.53,1.95,18.58,Khordha_Bhubaneswar
2021,47,32.83,16.75,53.52,1.57,18.35,Khordha_Bhubaneswar
2021,48,32.24,18.12,64.35,1.86,16.42,Khordha_Bhubaneswar
2021,49,32.55,17.71,61.46,1.55,17.81,Khordha_Bhubaneswar
2021,50,31.11,19.0,57.42,2.46,15.18,Khordha_Bhubaneswar
2021,51,30.06,18.52,58.22,2.71,9.52,Khordha_Bhubaneswar
2021,52,32.28,17.23,55.14,2.24,18.48,Khordha_Bhubaneswar
2021,53,32.79,17.08,52.55,1.93,18.56,Khordha_Bhubaneswar
2021,54,34.21,16.33,43.14,2.74,19.8,Khordha_Bhubaneswar
2021,55,35.2,15.76,36.02,3.17,21.17,Khordha_Bhubaneswar
2021,56,36.18,15.93,35.62,3.29,21.23,Khordha_Bhubaneswar
2021,57,36.65,16.93,36.46,3.45,21.56,Khordha_Bhubaneswar
2021,58,36.66,17.56,35.13,2.75,21.51,Khordha_Bhubaneswar
2021,59,36.85,17.79,36.66,2.57,21.59,Khordha_Bhubaneswar
2021,60,37.23,19.65,44.38,2.66,18.25,Khordha_Bhubaneswar
2021,61,36.97,20.04,44.92,1.6,21.14,Khordha_Bhubaneswar
2021,62,36.19,17.07,35.9,2.37,22.32,Khordha_Bhubaneswar
2021,63,36.55,18.15,38.45,1.99,21.44,Khordha_Bhubaneswar
2021,64,37.43,17.99,40.5,3.53,22.04,Khordha_Bhubaneswar
2021,65,37.59,19.19,40.69,3.3,21.79,Khordha_Bhubaneswar
2021,66,36.93,18.94,36.45,1.68,20.84,Khordha_Bhubaneswar
2021,67,36.43,20.02,55.54,2.23,18.31,Khordha_Bhubaneswar
2021,68,37.5,20.11,61.05,3.69,19.46,Khordha_Bhubaneswar
2021,69,37.88,21.36,58.27,3.48,17.19,Khordha_Bhubaneswar
2021,70,37.07,21.93,61.86,3.44,17.47,Khordha_Bhubaneswar
2021,71,36.45,21.59,63.91,2.81,18.56,Khordha_Bhubaneswar
2021,72,36.66,21.27,57.33,2.4,18.41,Khordha_Bhubaneswar
2021,73,35.9,21.12,50.47,0.97,20.16,Khordha_Bhubaneswar
2021,74,36.56,21.09,49.77,1.89,21.18,Khordha_Bhubaneswar
2021,75,37.92,20.46,39.79,1.98,23.37,Khordha_Bhubaneswar
2021,76,38.15,21.79,49.7,1.71,21.6,Khordha_Bhubaneswar
2021,77,37.47,24.39,43.02,1.67,18.87,Khordha_Bhubaneswar
2021,78,39.04,22.45,38.58,1.76,18.34,Khordha_Bhubaneswar
2021,79,36.65,23.62,36.08,2.49,15.76,Khordha_Bhubaneswar
2021,80,39.59,23.61,35.68,2.45,15.31,Khordha_Bhubaneswar
2021,81,40.01,24.07,41.3,1.33,18.27,Khordha_Bhubaneswar
2021,82,40.19,24.36,46.21,2.16,15.04,Khordha_Bhubaneswar
2021,83,40.98,25.38,37.02,2.15,18.35,Khordha_Bhubaneswar
2021,84,40.55,24.07,35.21,2.23,19.33,Khordha_Bhubaneswar
2021,85,39.68,25.61,44.13,1.99,17.54,Khordha_Bhubaneswar
2021,86,39.91,24.73,47.02,2.14,18.37,Khordha_Bhubaneswar
2021,87,38.99,24.01,51.25,3.0,18.4,Khordha_Bhubaneswar
2021,88,41.6,23.75,48.88,3.38,19.98,Khordha_Bhubaneswar
2021,89,43.17,23.83,37.04,4.34,22.36,Khordha_Bhubaneswar
2021,90,44.19,23.94,26.53,4.01,23.45,Khordha_Bhubaneswar
2021,91,42.82,21.62,29.18,2.74,22.76,Khordha_Bhubaneswar
2021,92,40.89,24.45,53.76,2.15,20.01,Khordha_Bhubaneswar
2021,93,39.49,24.76,58.82,3.58,19.8,Khordha_Bhubaneswar
2021,94,40.31,25.21,51.66,2.55,20.41,Khordha_Bhubaneswar
2021,95,38.88,24.4,50.87,3.27,22.43,Khordha_Bhubaneswar
2021,96,39.0,23.46,53.31,4.46,23.57,Khordha_Bhubaneswar
2021,97,39.32,24.47,59.36,5.24,22.02,Khordha_Bhubaneswar
2021,98,39.24,25.12,59.31,5.79,19.19,Khordha_Bhubaneswar
2021,99,37.14,24.72,63.1,4.72,17.77,Khordha_Bhubaneswar
2021,100,38.44,23.87,60.1,3.04,19.37,Khordha_Bhubaneswar
2021,101,40.31,23.9,52.84,3.06,20.73,Khordha_Bhubaneswar
2021,102,40.24,24.37,46.85,2.83,19.44,Khordha_Bhubaneswar
2021,103,40.86,24.95,47.06,3.16,22.04,Khordha_Bhubaneswar
2021,104,41.39,25.38,46.59,3.63,15.08,Khordha_Bhubaneswar
2021,105,38.28,26.07,48.85,3.75,16.12,Khordha_Bhubaneswar
2021,106,40.02,25.04,48.38,4.19,23.72,Khordha_Bhubaneswar
2021,107,40.41,24.81,53.52,4.54,26.14,Khordha_Bhubaneswar
2021,108,40.48,24.76,52.2,4.78,22.31,Khordha_Bhubaneswar
2021,109,40.29,24.83,52.72,2.94,23.02,Khordha_Bhubaneswar
2021,110,41.05,25.38,53.6,4.32,23.7,Khordha_Bhubaneswar
2021,111,41.41,26.16,53.61,4.58,22.57,Khordha_Bhubaneswar
2021,112,39.93,25.81,52.39,2.47,18.06,Khordha_Bhubaneswar
2021,113,39.81,26.08,50.1,1.94,17.35,Khordha_Bhubaneswar
2021,114,41.05,26.68,44.94,2.42,25.48,Khordha_Bhubaneswar
2021,115,42.65,26.19,42.95,3.69,24.93,Khordha_Bhubaneswar
2021,116,40.51,26.29,46.61,4.13,23.33,Khordha_Bhubaneswar
2021,117,42.01,26.94,47.52,3.31,22.44,Khordha_Bhubaneswar
2021,118,41.6,25.88,53.12,4.18,22.45,Khordha_Bhubaneswar
2021,119,36.88,26.52,60.82,4.24,21.76,Khordha_Bhubaneswar
2021,120,39.96,25.12,59.72,4.98,21.7,Khordha_Bhubaneswar
2021,121,40.4,25.2,55.93,3.63,23.71,Khordha_Bhubaneswar
2021,122,40.81,25.85,55.43,4.08,20.74,Khordha_Bhubaneswar
2021,123,40.18,26.28,52.33,4.06,18.74,Khordha_Bhubaneswar
2021,124,37.51,26.11,60.15,3.71,17.61,Khordha_Bhubaneswar
2021,125,39.09,25.55,56.59,4.18,20.7,Khordha_Bhubaneswar
2021,126,38.53,25.79,59.56,4.14,23.89,Khordha_Bhubaneswar
2021,127,39.66,25.63,58.3,4.18,21.12,Khordha_Bhubaneswar
2021,128,38.91,25.34,61.78,3.14,24.57,Khordha_Bhubaneswar
2021,129,37.9,26.31,63.27,4.05,24.05,Khordha_Bhubaneswar
2021,130,37.98,25.89,64.19,2.85,22.86,Khordha_Bhubaneswar
2021,131,39.19,26.71,63.64,2.87,11.46,Khordha_Bhubaneswar
2021,132,38.39,26.08,64.33,2.8,26.87,Khordha_Bhubaneswar
2021,133,41.1,26.63,60.86,3.69,13.6,Khordha_Bhubaneswar
2021,134,39.2,26.42,63.37,3.27,19.28,Khordha_Bhubaneswar
2021,135,38.68,27.33,59.81,3.52,19.71,Khordha_Bhubaneswar
2021,136,36.29,27.37,66.53,3.82,26.68,Khordha_Bhubaneswar
2021,137,37.54,27.97,66.37,4.07,27.46,Khordha_Bhubaneswar
2021,138,39.73,27.82,63.66,4.56,27.21,Khordha_Bhubaneswar
2021,139,38.14,28.42,63.53,4.49,23.89,Khordha_Bhubaneswar
2021,140,34.26,29.45,70.36,4.99,24.83,Khordha_Bhubaneswar
2021,141,36.22,27.65,70.27,4.22,18.64,Khordha_Bhubaneswar
2021,142,36.95,26.67,68.7,2.27,22.53,Khordha_Bhubaneswar
2021,143,38.5,26.7,61.86,2.62,21.56,Khordha_Bhubaneswar
2021,144,36.71,26.57,56.05,4.78,15.25,Khordha_Bhubaneswar
2021,145,29.73,24.64,76.74,7.98,8.25,Khordha_Bhubaneswar
2021,146,29.26,25.39,85.32,10.59,4.58,Khordha_Bhubaneswar
2021,147,34.92,25.46,72.47,6.18,11.92,Khordha_Bhubaneswar
2021,148,35.99,26.25,78.29,2.95,22.41,Khordha_Bhubaneswar
2021,149,36.14,26.79,75.48,3.42,20.63,Khordha_Bhubaneswar
2021,150,34.25,26.68,80.08,3.19,20.15,Khordha_Bhubaneswar
2021,151,36.69,27.83,73.86,3.04,20.01,Khordha_Bhubaneswar
2021,152,34.66,27.72,76.72,2.03,19.95,Khordha_Bhubaneswar
2021,153,33.05,26.99,78.57,1.72,8.62,Khordha_Bhubaneswar
2021,154,33.71,26.41,79.03,2.62,23.84,Khordha_Bhubaneswar
2021,155,34.62,26.67,72.32,2.3,24.66,Khordha_Bhubaneswar
2021,156,34.9,27.68,74.89,2.91,21.45,Khordha_Bhubaneswar
2021,157,35.79,27.22,71.74,3.05,24.59,Khordha_Bhubaneswar
2021,158,36.6,27.26,71.88,3.26,19.57,Khordha_Bhubaneswar
2021,159,34.37,27.71,79.78,3.75,18.12,Khordha_Bhubaneswar
2021,160,30.46,26.65,88.63,2.08,14.26,Khordha_Bhubaneswar
2021,161,29.13,25.91,85.1,3.09,14.1,Khordha_Bhubaneswar
2021,162,32.4,25.47,82.5,2.41,11.27,Khordha_Bhubaneswar
2021,163,32.27,25.52,83.0,2.21,13.21,Khordha_Bhubaneswar
2021,164,30.3,25.42,85.72,3.45,7.15,Khordha_Bhubaneswar
2021,165,32.39,25.83,85.07,3.1,10.32,Khordha_Bhubaneswar
2021,166,32.75,25.13,79.55,3.69,13.14,Khordha_Bhubaneswar
2021,167,32.76,25.67,79.98,3.48,12.96,Khordha_Bhubaneswar
2021,168,30.18,26.05,85.42,3.55,7.52,Khordha_Bhubaneswar
2021,169,29.71,25.48,86.11,3.53,7.56,Khordha_Bhubaneswar
2021,170,31.14,25.51,86.83,4.39,8.67,Khordha_Bhubaneswar
2021,171,31.9,24.86,82.79,3.03,20.47,Khordha_Bhubaneswar
2021,172,32.91,25.48,79.68,2.35,21.17,Khordha_Bhubaneswar
2021,173,29.13,25.84,88.2,3.1,5.36,Khordha_Bhubaneswar
2021,174,31.66,25.55,85.71,4.05,7.96,Khordha_Bhubaneswar
2021,175,31.03,25.63,85.49,4.9,15.43,Khordha_Bhubaneswar
2021,176,31.0,25.19,83.97,2.12,17.22,Khordha_Bhubaneswar
2021,177,33.11,25.32,81.37,2.28,17.74,Khordha_Bhubaneswar
2021,178,30.99,25.71,86.91,3.04,16.07,Khordha_Bhubaneswar
2021,179,30.53,25.52,86.15,3.66,23.34,Khordha_Bhubaneswar
2021,180,32.34,25.65,84.59,3.93,19.07,Khordha_Bhubaneswar
2021,181,31.89,26.88,87.12,4.57,15.09,Khordha_Bhubaneswar
2021,182,32.42,26.74,86.06,3.84,19.01,Khordha_Bhubaneswar
2021,183,30.35,26.57,89.24,3.43,14.07,Khordha_Bhubaneswar
2021,184,30.56,25.84,86.89,2.14,14.99,Khordha_Bhubaneswar
2021,185,31.81,25.32,85.37,2.78,14.08,Khordha_Bhubaneswar
2021,186,31.43,25.72,85.66,2.22,18.54,Khordha_Bhubaneswar
2021,187,31.9,25.71,84.8,2.12,17.71,Khordha_Bhubaneswar
2021,188,29.94,26.56,90.93,2.23,13.75,Khordha_Bhubaneswar
2021,189,30.15,26.31,88.97,3.49,10.9,Khordha_Bhubaneswar
2021,190,31.42,25.85,85.42,3.53,14.8,Khordha_Bhubaneswar
2021,191,31.94,25.72,84.7,2.85,19.48,Khordha_Bhubaneswar
2021,192,30.99,24.85,88.18,3.66,17.58,Khordha_Bhubaneswar
2021,193,31.86,25.34,86.41,3.95,18.39,Khordha_Bhubaneswar
2021,194,31.14,25.46,87.63,3.68,17.1,Khordha_Bhubaneswar
2021,195,31.68,25.33,85.91,3.72,18.64,Khordha_Bhubaneswar
2021,196,31.67,25.66,85.71,3.33,21.14,Khordha_Bhubaneswar
2021,197,31.74,25.69,85.31,3.18,20.75,Khordha_Bhubaneswar
2021,198,31.57,25.6,85.14,3.29,23.48,Khordha_Bhubaneswar
2021,199,32.78,25.48,84.18,3.59,23.2,Khordha_Bhubaneswar
2021,200,31.36,25.77,86.78,2.66,19.86,Khordha_Bhubaneswar
2021,201,31.53,26.3,83.34,1.67,17.89,Khordha_Bhubaneswar
2021,202,32.08,25.91,85.96,2.55,13.75,Khordha_Bhubaneswar
2021,203,30.13,26.04,88.7,2.93,15.3,Khordha_Bhubaneswar
2021,204,32.79,25.13,87.93,2.78,10.37,Khordha_Bhubaneswar
2021,205,31.91,25.14,84.98,4.05,14.18,Khordha_Bhubaneswar
2021,206,32.68,26.14,84.59,3.64,16.12,Khordha_Bhubaneswar
2021,207,30.28,26.27,86.85,3.55,14.54,Khordha_Bhubaneswar
2021,208,30.25,26.12,88.69,4.24,6.87,Khordha_Bhubaneswar
2021,209,29.86,25.43,87.37,4.97,10.58,Khordha_Bhubaneswar
2021,210,28.41,25.03,88.63,5.84,7.09,Khordha_Bhubaneswar
2021,211,30.03,24.73,87.42,6.33,8.79,Khordha_Bhubaneswar
2021,212,32.1,24.8,83.75,4.3,12.21,Khordha_Bhubaneswar
2021,213,31.56,24.97,86.0,3.03,18.59,Khordha_Bhubaneswar
2021,214,32.34,25.02,84.14,2.49,19.89,Khordha_Bhubaneswar
2021,215,29.88,25.69,88.2,3.73,16.17,Khordha_Bhubaneswar
2021,216,29.37,25.22,89.12,3.39,12.74,Khordha_Bhubaneswar
2021,217,30.88,25.36,86.36,2.6,16.66,Khordha_Bhubaneswar
2021,218,32.78,25.02,84.62,2.38,19.13,Khordha_Bhubaneswar
2021,219,31.3,26.24,85.59,2.55,17.71,Khordha_Bhubaneswar
2021,220,31.8,25.41,86.34,2.89,18.54,Khordha_Bhubaneswar
2021,221,31.47,25.99,87.31,2.75,15.25,Khordha_Bhubaneswar
2021,222,31.62,26.36,87.94,2.85,17.9,Khordha_Bhubaneswar
2021,223,31.4,26.37,87.83,2.77,19.14,Khordha_Bhubaneswar
2021,224,32.24,26.74,87.16,2.28,19.84,Khordha_Bhubaneswar
2021,225,31.72,26.28,85.32,1.78,17.95,Khordha_Bhubaneswar
2021,226,33.32,25.5,82.82,1.95,18.56,Khordha_Bhubaneswar
2021,227,32.5,26.22,85.84,1.58,19.55,Khordha_Bhubaneswar
2021,228,31.74,25.86,85.95,2.57,12.09,Khordha_Bhubaneswar
2021,229,30.98,25.47,87.2,1.77,9.12,Khordha_Bhubaneswar
2021,230,30.5,25.64,88.99,4.12,10.14,Khordha_Bhubaneswar
2021,231,30.32,25.65,88.4,4.14,10.53,Khordha_Bhubaneswar
2021,232,29.54,25.59,90.34,3.62,10.36,Khordha_Bhubaneswar
2021,233,30.95,25.43,88.49,3.7,17.91,Khordha_Bhubaneswar
2021,234,31.73,24.31,85.41,2.81,22.11,Khordha_Bhubaneswar
2021,235,31.85,24.59,84.73,2.67,19.75,Khordha_Bhubaneswar
2021,236,31.8,25.31,85.9,2.51,18.78,Khordha_Bhubaneswar
2021,237,30.04,25.63,90.27,2.45,19.43,Khordha_Bhubaneswar
2021,238,28.77,25.94,93.5,2.96,12.83,Khordha_Bhubaneswar
2021,239,28.34,25.42,90.7,1.99,16.4,Khordha_Bhubaneswar
2021,240,31.71,24.25,87.81,2.46,13.2,Khordha_Bhubaneswar
2021,241,30.98,25.12,91.19,3.64,16.76,Khordha_Bhubaneswar
2021,242,29.99,25.57,89.46,4.49,16.34,Khordha_Bhubaneswar
2021,243,30.73,24.94,88.67,3.95,15.73,Khordha_Bhubaneswar
2021,244,30.81,25.26,87.19,1.92,17.92,Khordha_Bhubaneswar
2021,245,30.88,24.66,85.59,1.42,21.61,Khordha_Bhubaneswar
2021,246,31.38,24.54,85.32,1.72,20.82,Khordha_Bhubaneswar
2021,247,31.41,24.85,86.31,1.85,17.97,Khordha_Bhubaneswar
2021,248,31.96,24.57,88.52,2.69,18.26,Khordha_Bhubaneswar
2021,249,30.24,25.22,92.38,5.06,10.58,Khordha_Bhubaneswar
2021,250,30.03,25.18,89.64,4.67,11.41,Khordha_Bhubaneswar
2021,251,29.47,25.54,90.92,3.16,14.74,Khordha_Bhubaneswar
2021,252,30.45,25.15,86.62,1.26,14.79,Khordha_Bhubaneswar
2021,253,31.29,23.97,87.09,2.22,18.75,Khordha_Bhubaneswar
2021,254,29.61,24.7,91.48,3.49,13.59,Khordha_Bhubaneswar
2021,255,29.73,25.07,92.4,4.48,2.18,Khordha_Bhubaneswar
2021,256,28.49,25.16,94.34,6.79,1.57,Khordha_Bhubaneswar
2021,257,29.1,26.14,92.67,6.11,8.66,Khordha_Bhubaneswar
2021,258,28.82,26.33,94.27,3.87,12.22,Khordha_Bhubaneswar
2021,259,29.99,25.41,90.26,2.03,15.67,Khordha_Bhubaneswar
2021,260,28.37,24.06,90.58,1.41,15.02,Khordha_Bhubaneswar
2021,261,28.47,24.05,91.97,2.04,16.4,Khordha_Bhubaneswar
2021,262,27.95,24.26,93.42,2.07,10.09,Khordha_Bhubaneswar
2021,263,30.01,24.18,89.09,2.62,15.34,Khordha_Bhubaneswar
2021,264,29.71,24.71,90.39,2.41,12.81,Khordha_Bhubaneswar
2021,265,28.98,25.24,93.02,2.38,15.29,Khordha_Bhubaneswar
2021,266,28.53,25.11,94.43,2.76,16.59,Khordha_Bhubaneswar
2021,267,30.87,24.2,87.64,1.93,19.57,Khordha_Bhubaneswar
2021,268,31.56,24.44,86.36,1.51,19.74,Khordha_Bhubaneswar
2021,269,28.84,25.11,93.15,4.79,7.71,Khordha_Bhubaneswar
2021,270,29.56,25.11,92.17,4.99,9.12,Khordha_Bhubaneswar
2021,271,29.2,24.78,91.04,2.25,14.45,Khordha_Bhubaneswar
2021,272,28.72,24.65,91.85,2.17,13.09,Khordha_Bhubaneswar
2021,273,29.86,24.35,89.78,2.39,17.49,Khordha_Bhubaneswar
2021,274,30.82,24.25,88.88,2.34,21.27,Khordha_Bhubaneswar
2021,275,31.28,23.91,87.64,2.27,20.73,Khordha_Bhubaneswar
2021,276,31.22,24.77,88.21,2.74,20.33,Khordha_Bhubaneswar
2021,277,31.64,24.58,86.85,1.89,18.15,Khordha_Bhubaneswar
2021,278,29.46,24.98,90.21,1.77,20.11,Khordha_Bhubaneswar
2021,279,31.1,24.62,85.86,1.51,20.97,Khordha_Bhubaneswar
2021,280,31.92,23.63,85.31,1.67,20.17,Khordha_Bhubaneswar
2021,281,31.71,24.69,85.58,1.85,18.71,Khordha_Bhubaneswar
2021,282,31.37,24.16,84.34,1.57,16.04,Khordha_Bhubaneswar
2021,283,31.04,23.79,83.98,2.06,18.04,Khordha_Bhubaneswar
2021,284,30.66,23.89,85.4,1.59,14.2,Khordha_Bhubaneswar
2021,285,30.93,24.39,84.83,1.19,16.16,Khordha_Bhubaneswar
2021,286,29.57,24.35,88.74,1.89,16.15,Khordha_Bhubaneswar
2021,287,29.15,24.75,91.69,2.02,10.78,Khordha_Bhubaneswar
2021,288,29.64,25.28,92.83,2.71,13.36,Khordha_Bhubaneswar
2021,289,28.72,25.06,93.93,2.25,8.06,Khordha_Bhubaneswar
2021,290,29.5,23.91,90.18,2.11,8.99,Khordha_Bhubaneswar
2021,291,29.86,24.5,90.12,3.73,10.42,Khordha_Bhubaneswar
2021,292,30.02,25.18,91.76,3.79,11.92,Khordha_Bhubaneswar
2021,293,29.11,24.11,93.17,2.64,14.45,Khordha_Bhubaneswar
2021,294,29.92,22.23,85.13,2.5,18.71,Khordha_Bhubaneswar
2021,295,29.12,20.43,80.27,2.51,20.34,Khordha_Bhubaneswar
2021,296,29.13,18.17,74.53,1.95,20.27,Khordha_Bhubaneswar
2021,297,29.6,19.54,72.05,1.31,18.51,Khordha_Bhubaneswar
2021,298,28.57,20.07,75.05,1.33,17.09,Khordha_Bhubaneswar
2021,299,28.41,19.59,85.42,2.08,16.15,Khordha_Bhubaneswar
2021,300,28.46,21.9,90.36,3.52,15.65,Khordha_Bhubaneswar
2021,301,26.5,22.76,93.41,4.18,13.11,Khordha_Bhubaneswar
2021,302,28.1,22.38,90.09,3.63,9.35,Khordha_Bhubaneswar
2021,303,29.26,20.78,86.96,2.35,13.11,Khordha_Bhubaneswar
2021,304,28.98,21.28,88.65,2.03,15.39,Khordha_Bhubaneswar
2021,305,28.46,21.63,87.92,1.46,15.77,Khordha_Bhubaneswar
2021,306,27.68,21.19,89.84,2.65,9.41,Khordha_Bhubaneswar
2021,307,28.0,20.67,88.56,2.29,15.41,Khordha_Bhubaneswar
2021,308,28.2,20.53,86.96,1.87,16.02,Khordha_Bhubaneswar
2021,309,27.74,20.2,85.22,1.89,14.75,Khordha_Bhubaneswar
2021,310,27.47,18.86,81.92,1.89,17.23,Khordha_Bhubaneswar
2021,311,26.42,16.59,76.56,2.16,18.03,Khordha_Bhubaneswar
2021,312,26.26,15.2,77.83,2.28,18.28,Khordha_Bhubaneswar
2021,313,26.48,15.35,81.74,2.29,17.23,Khordha_Bhubaneswar
2021,314,26.64,15.78,84.49,2.58,17.26,Khordha_Bhubaneswar
2021,315,26.46,17.99,90.24,2.9,9.81,Khordha_Bhubaneswar
2021,316,27.69,21.07,93.3,3.43,7.75,Khordha_Bhubaneswar
2021,317,27.17,23.01,94.69,2.84,4.64,Khordha_Bhubaneswar
2021,318,28.97,22.6,91.31,2.45,10.4,Khordha_Bhubaneswar
2021,319,29.31,22.71,90.27,1.81,10.17,Khordha_Bhubaneswar
2021,320,28.81,22.28,91.36,2.57,8.07,Khordha_Bhubaneswar
2021,321,27.64,20.59,90.68,3.24,12.43,Khordha_Bhubaneswar
2021,322,27.62,18.98,88.56,2.47,17.11,Khordha_Bhubaneswar
2021,323,27.83,19.66,88.58,2.26,13.76,Khordha_Bhubaneswar
2021,324,28.13,19.86,87.6,2.3,9.52,Khordha_Bhubaneswar
2021,325,28.3,20.82,87.73,1.58,14.49,Khordha_Bhubaneswar
2021,326,29.95,22.09,84.12,0.71,12.19,Khordha_Bhubaneswar
2021,327,29.68,21.92,86.11,1.37,13.3,Khordha_Bhubaneswar
2021,328,27.11,20.88,89.68,2.48,12.28,Khordha_Bhubaneswar
2021,329,27.62,18.8,83.78,1.95,12.79,Khordha_Bhubaneswar
2021,330,27.02,18.03,83.66,1.93,11.95,Khordha_Bhubaneswar
2021,331,26.1,17.0,86.27,2.2,12.23,Khordha_Bhubaneswar
2021,332,24.92,15.2,81.35,2.6,16.09,Khordha_Bhubaneswar
2021,333,24.83,14.68,82.29,2.71,16.07,Khordha_Bhubaneswar
2021,334,25.04,13.06,81.37,2.6,15.62,Khordha_Bhubaneswar
2021,335,24.74,13.69,82.65,2.38,16.0,Khordha_Bhubaneswar
2021,336,25.85,13.72,86.29,2.33,17.14,Khordha_Bhubaneswar
2021,337,23.82,15.71,92.0,3.17,9.63,Khordha_Bhubaneswar
2021,338,23.86,18.85,93.23,5.82,7.09,Khordha_Bhubaneswar
2021,339,26.65,20.5,95.24,5.11,2.27,Khordha_Bhubaneswar
2021,340,27.42,21.02,92.11,1.93,9.23,Khordha_Bhubaneswar
2021,341,26.29,18.54,89.12,2.67,15.53,Khordha_Bhubaneswar
2021,342,25.83,17.57,89.21,3.17,11.05,Khordha_Bhubaneswar
2021,343,23.64,18.97,93.47,3.53,3.49,Khordha_Bhubaneswar
2021,344,25.56,18.12,88.7,2.19,14.15,Khordha_Bhubaneswar
2021,345,25.94,17.91,87.04,1.92,13.28,Khordha_Bhubaneswar
2021,346,24.56,16.24,86.51,2.89,12.96,Khordha_Bhubaneswar
2021,347,24.28,15.01,84.26,2.24,12.79,Khordha_Bhubaneswar
2021,348,24.11,14.34,83.27,1.71,12.62,Khordha_Bhubaneswar
2021,349,23.55,14.09,80.63,1.67,12.53,Khordha_Bhubaneswar
2021,350,23.35,13.73,78.45,2.68,13.18,Khordha_Bhubaneswar
2021,351,23.78,10.62,75.95,2.35,15.32,Khordha_Bhubaneswar
2021,352,24.78,12.66,82.22,2.45,14.63,Khordha_Bhubaneswar
2021,353,22.7,13.41,76.48,1.56,11.48,Khordha_Bhubaneswar
2021,354,21.82,10.43,72.28,1.99,14.27,Khordha_Bhubaneswar
2021,355,21.14,7.61,69.19,2.39,15.9,Khordha_Bhubaneswar
2021,356,21.38,7.19,67.93,2.66,15.38,Khordha_Bhubaneswar
2021,357,22.6,7.86,62.99,1.81,14.92,Khordha_Bhubaneswar
2021,358,24.03,10.08,62.69,1.27,13.88,Khordha_Bhubaneswar
2021,359,24.21,13.67,74.05,1.44,12.72,Khordha_Bhubaneswar
2021,360,25.05,14.74,84.53,1.53,9.68,Khordha_Bhubaneswar
2021,361,24.78,16.32,86.37,1.53,8.42,Khordha_Bhubaneswar
2021,362,24.79,15.52,89.05,2.09,10.54,Khordha_Bhubaneswar
2021,363,24.89,15.53,88.3,2.09,10.22,Khordha_Bhubaneswar
2021,364,25.12,16.14,88.07,2.43,14.53,Khordha_Bhubaneswar
2021,365,24.38,15.26,88.27,2.28,14.04,Khordha_Bhubaneswar
2022,1,23.79,14.57,85.51,2.23,10.85,Khordha_Bhubaneswar
2022,2,23.41,12.56,79.14,2.16,14.59,Khordha_Bhubaneswar
2022,3,23.22,11.22,75.02,1.93,15.99,Khordha_Bhubaneswar
2022,4,23.88,10.99,76.78,1.84,16.03,Khordha_Bhubaneswar
2022,5,24.5,11.61,76.09,1.43,15.87,Khordha_Bhubaneswar
2022,6,25.06,12.89,74.85,1.11,14.68,Khordha_Bhubaneswar
2022,7,25.07,12.92,80.76,1.77,14.62,Khordha_Bhubaneswar
2022,8,24.58,12.93,80.98,1.77,16.1,Khordha_Bhubaneswar
2022,9,25.03,13.07,78.44,1.47,16.55,Khordha_Bhubaneswar
2022,10,25.23,14.74,77.65,1.13,13.05,Khordha_Bhubaneswar
2022,11,25.34,15.01,80.64,1.5,12.68,Khordha_Bhubaneswar
2022,12,21.45,16.37,92.3,2.04,4.68,Khordha_Bhubaneswar
2022,13,22.49,16.76,90.89,2.43,7.29,Khordha_Bhubaneswar
2022,14,22.41,16.97,91.89,4.09,8.67,Khordha_Bhubaneswar
2022,15,22.29,15.1,86.42,2.81,14.78,Khordha_Bhubaneswar
2022,16,23.62,12.82,83.61,2.52,13.53,Khordha_Bhubaneswar
2022,17,22.69,11.77,78.3,1.95,13.28,Khordha_Bhubaneswar
2022,18,23.36,10.11,69.83,1.54,15.92,Khordha_Bhubaneswar
2022,19,23.52,9.77,67.46,1.27,15.66,Khordha_Bhubaneswar
2022,20,23.84,10.55,64.58,1.7,14.35,Khordha_Bhubaneswar
2022,21,25.48,12.21,70.07,1.58,12.76,Khordha_Bhubaneswar
2022,22,26.04,13.95,78.82,1.39,14.35,Khordha_Bhubaneswar
2022,23,26.62,15.96,86.88,2.82,10.29,Khordha_Bhubaneswar
2022,24,25.78,17.36,82.35,2.71,11.84,Khordha_Bhubaneswar
2022,25,24.73,14.44,78.77,1.47,9.16,Khordha_Bhubaneswar
2022,26,24.78,13.63,78.72,1.9,13.71,Khordha_Bhubaneswar
2022,27,23.03,11.11,74.19,2.77,14.99,Khordha_Bhubaneswar
2022,28,22.34,8.73,68.94,2.71,16.79,Khordha_Bhubaneswar
2022,29,21.72,7.88,66.52,2.53,18.43,Khordha_Bhubaneswar
2022,30,23.32,7.54,64.52,2.84,18.93,Khordha_Bhubaneswar
2022,31,24.88,9.09,62.02,2.08,19.32,Khordha_Bhubaneswar
2022,32,26.17,10.44,64.83,2.57,18.94,Khordha_Bhubaneswar
2022,33,26.35,10.9,63.94,1.96,18.65,Khordha_Bhubaneswar
2022,34,26.15,14.68,79.94,3.07,16.48,Khordha_Bhubaneswar
2022,35,26.21,17.34,87.37,4.2,10.09,Khordha_Bhubaneswar
2022,36,24.5,10.89,66.82,3.1,18.94,Khordha_Bhubaneswar
2022,37,24.28,9.48,59.43,2.02,19.53,Khordha_Bhubaneswar
2022,38,24.6,10.24,61.63,1.47,19.72,Khordha_Bhubaneswar
2022,39,25.73,10.46,62.97,1.87,19.0,Khordha_Bhubaneswar
2022,40,26.28,14.12,72.64,1.99,18.65,Khordha_Bhubaneswar
2022,41,25.66,15.77,78.68,2.12,13.95,Khordha_Bhubaneswar
2022,42,26.1,13.74,73.0,2.53,13.32,Khordha_Bhubaneswar
2022,43,25.86,10.57,61.29,2.84,17.95,Khordha_Bhubaneswar
2022,44,25.55,10.66,65.35,1.93,20.08,Khordha_Bhubaneswar
2022,45,26.06,11.24,62.41,1.52,20.7,Khordha_Bhubaneswar
2022,46,26.47,11.86,64.14,1.55,20.78,Khordha_Bhubaneswar
2022,47,27.06,13.26,70.0,1.87,18.7,Khordha_Bhubaneswar
2022,48,28.23,15.04,75.6,1.71,13.81,Khordha_Bhubaneswar
2022,49,27.31,15.67,76.27,1.6,12.75,Khordha_Bhubaneswar
2022,50,27.87,15.73,69.57,1.48,14.63,Khordha_Bhubaneswar
2022,51,28.9,17.86,77.57,2.75,10.19,Khordha_Bhubaneswar
2022,52,29.01,14.53,62.11,1.61,19.59,Khordha_Bhubaneswar
2022,53,29.17,15.37,70.1,1.63,18.34,Khordha_Bhubaneswar
2022,54,29.28,18.16,81.48,1.99,16.66,Khordha_Bhubaneswar
2022,55,30.46,17.8,79.98,2.86,20.96,Khordha_Bhubaneswar
2022,56,30.97,17.98,77.91,2.81,19.68,Khordha_Bhubaneswar
2022,57,30.84,19.09,71.62,1.8,20.41,Khordha_Bhubaneswar
2022,58,30.94,18.8,68.73,1.79,22.12,Khordha_Bhubaneswar
2022,59,32.6,17.64,62.11,2.11,21.92,Khordha_Bhubaneswar
2022,60,32.31,19.99,63.28,1.62,20.98,Khordha_Bhubaneswar
2022,61,31.84,19.29,68.79,1.61,21.08,Khordha_Bhubaneswar
2022,62,32.17,19.61,67.49,1.41,20.73,Khordha_Bhubaneswar
2022,63,32.35,19.47,65.12,1.54,19.1,Khordha_Bhubaneswar
2022,64,33.2,19.49,66.66,1.7,19.22,Khordha_Bhubaneswar
2022,65,33.05,18.6,61.02,2.42,20.6,Khordha_Bhubaneswar
2022,66,33.29,19.48,64.27,1.45,21.45,Khordha_Bhubaneswar
2022,67,33.54,19.62,59.99,1.16,22.06,Khordha_Bhubaneswar
2022,68,34.54,18.29,52.53,1.64,22.67,Khordha_Bhubaneswar
2022,69,35.09,19.93,56.35,1.53,22.22,Khordha_Bhubaneswar
2022,70,35.02,19.04,55.19,1.6,21.61,Khordha_Bhubaneswar
2022,71,34.07,20.79,57.72,1.12,20.9,Khordha_Bhubaneswar
2022,72,35.07,18.16,47.77,2.08,22.45,Khordha_Bhubaneswar
2022,73,36.39,20.09,48.59,1.15,23.49,Khordha_Bhubaneswar
2022,74,36.97,20.42,47.37,1.76,23.65,Khordha_Bhubaneswar
2022,75,37.84,20.1,54.11,2.78,22.84,Khordha_Bhubaneswar
2022,76,37.26,21.69,65.58,3.83,22.04,Khordha_Bhubaneswar
2022,77,36.25,22.09,61.4,3.82,23.11,Khordha_Bhubaneswar
2022,78,36.69,20.11,58.11,2.89,23.87,Khordha_Bhubaneswar
2022,79,37.79,20.55,60.58,3.3,23.64,Khordha_Bhubaneswar
2022,80,37.77,22.06,64.79,2.58,19.44,Khordha_Bhubaneswar
2022,81,38.42,23.2,63.29,2.58,19.38,Khordha_Bhubaneswar
2022,82,38.31,23.86,61.75,3.1,20.2,Khordha_Bhubaneswar
2022,83,38.37,23.36,64.41,3.49,18.81,Khordha_Bhubaneswar
2022,84,38.9,23.05,64.23,4.22,18.87,Khordha_Bhubaneswar
2022,85,39.52,25.23,62.05,4.15,14.95,Khordha_Bhubaneswar
2022,86,39.2,24.95,57.92,1.87,19.31,Khordha_Bhubaneswar
2022,87,39.96,23.87,52.05,2.31,21.2,Khordha_Bhubaneswar
2022,88,39.87,23.01,56.24,3.55,21.35,Khordha_Bhubaneswar
2022,89,39.3,24.02,65.58,4.02,19.56,Khordha_Bhubaneswar
2022,90,38.7,24.68,69.59,4.74,17.87,Khordha_Bhubaneswar
2022,91,39.01,24.74,67.62,5.49,18.99,Khordha_Bhubaneswar
2022,92,39.52,25.25,65.65,5.04,21.36,Khordha_Bhubaneswar
2022,93,38.98,25.05,65.83,4.53,20.18,Khordha_Bhubaneswar
2022,94,38.58,25.52,63.68,5.74,17.61,Khordha_Bhubaneswar
2022,95,39.39,24.26,61.45,5.05,19.33,Khordha_Bhubaneswar
2022,96,38.84,24.24,62.16,4.6,18.49,Khordha_Bhubaneswar
2022,97,39.72,23.29,60.93,4.4,21.8,Khordha_Bhubaneswar
2022,98,39.63,23.4,56.51,4.95,22.5,Khordha_Bhubaneswar
2022,99,40.58,24.27,60.44,5.09,22.36,Khordha_Bhubaneswar
2022,100,41.08,24.84,58.14,5.42,22.16,Khordha_Bhubaneswar
2022,101,41.74,25.22,58.16,5.57,21.81,Khordha_Bhubaneswar
2022,102,41.93,25.14,57.53,4.6,22.0,Khordha_Bhubaneswar
2022,103,41.42,25.36,58.96,5.1,23.62,Khordha_Bhubaneswar
2022,104,43.09,26.1,53.5,5.06,21.09,Khordha_Bhubaneswar
2022,105,43.31,26.6,49.34,4.54,18.91,Khordha_Bhubaneswar
2022,106,43.13,27.08,47.54,5.36,20.92,Khordha_Bhubaneswar
2022,107,41.75,27.3,47.79,5.63,22.91,Khordha_Bhubaneswar
2022,108,43.13,26.57,48.18,3.88,23.57,Khordha_Bhubaneswar
2022,109,42.13,25.7,56.42,5.03,24.26,Khordha_Bhubaneswar
2022,110,42.59,25.94,58.09,5.69,22.93,Khordha_Bhubaneswar
2022,111,40.02,26.7,62.65,6.43,20.23,Khordha_Bhubaneswar
2022,112,41.95,26.37,52.8,3.77,21.63,Khordha_Bhubaneswar
2022,113,43.14,26.79,44.87,3.29,24.21,Khordha_Bhubaneswar
2022,114,44.12,27.42,43.45,3.52,22.86,Khordha_Bhubaneswar
2022,115,43.55,26.63,47.02,3.84,21.66,Khordha_Bhubaneswar
2022,116,42.61,27.19,51.56,4.24,22.17,Khordha_Bhubaneswar
2022,117,43.68,26.59,52.17,4.6,23.91,Khordha_Bhubaneswar
2022,118,44.93,26.45,50.95,4.16,23.23,Khordha_Bhubaneswar
2022,119,45.04,26.8,48.13,3.91,23.16,Khordha_Bhubaneswar
2022,120,43.08,26.91,51.96,5.97,22.18,Khordha_Bhubaneswar
2022,121,41.04,27.27,56.3,6.47,17.74,Khordha_Bhubaneswar
2022,122,42.75,27.11,51.85,4.76,22.65,Khordha_Bhubaneswar
2022,123,40.73,27.65,60.54,6.15,24.25,Khordha_Bhubaneswar
2022,124,39.76,26.36,66.56,4.78,24.79,Khordha_Bhubaneswar
2022,125,39.62,26.57,64.07,3.02,19.43,Khordha_Bhubaneswar
2022,126,38.93,25.78,62.54,2.27,16.13,Khordha_Bhubaneswar
2022,127,40.39,25.76,55.27,2.58,23.86,Khordha_Bhubaneswar
2022,128,40.06,26.13,56.87,3.43,25.12,Khordha_Bhubaneswar
2022,129,36.18,26.6,64.86,4.72,20.62,Khordha_Bhubaneswar
2022,130,32.98,26.39,77.44,4.45,14.54,Khordha_Bhubaneswar
2022,131,35.11,25.92,70.59,4.62,17.65,Khordha_Bhubaneswar
2022,132,36.94,26.94,67.2,5.58,20.62,Khordha_Bhubaneswar
2022,133,39.51,27.37,62.74,6.41,24.94,Khordha_Bhubaneswar
2022,134,39.86,27.83,63.94,6.55,22.63,Khordha_Bhubaneswar
2022,135,37.33,27.9,69.73,6.45,24.3,Khordha_Bhubaneswar
2022,136,39.42,27.36,65.73,5.51,17.07,Khordha_Bhubaneswar
2022,137,38.6,27.6,67.09,5.55,24.87,Khordha_Bhubaneswar
2022,138,36.22,27.94,69.73,4.47,20.33,Khordha_Bhubaneswar
2022,139,39.75,26.89,62.77,5.52,15.17,Khordha_Bhubaneswar
2022,140,40.28,27.51,61.65,5.49,25.38,Khordha_Bhubaneswar
2022,141,41.76,28.06,60.43,5.99,24.9,Khordha_Bhubaneswar
2022,142,38.76,27.18,66.42,3.67,16.78,Khordha_Bhubaneswar
2022,143,41.64,26.55,58.51,2.71,23.85,Khordha_Bhubaneswar
2022,144,38.33,26.43,62.82,2.44,23.38,Khordha_Bhubaneswar
2022,145,39.65,26.64,55.11,2.26,22.48,Khordha_Bhubaneswar
2022,146,41.27,26.46,50.46,2.93,24.48,Khordha_Bhubaneswar
2022,147,41.7,27.21,48.1,4.08,23.99,Khordha_Bhubaneswar
2022,148,42.74,28.75,44.17,3.3,23.35,Khordha_Bhubaneswar
2022,149,43.54,29.49,47.45,2.98,23.46,Khordha_Bhubaneswar
2022,150,39.0,28.46,59.14,2.54,17.03,Khordha_Bhubaneswar
2022,151,39.27,29.03,57.04,2.66,22.68,Khordha_Bhubaneswar
2022,152,35.8,28.9,64.92,4.28,17.93,Khordha_Bhubaneswar
2022,153,38.33,27.76,64.79,4.01,19.42,Khordha_Bhubaneswar
2022,154,35.81,28.04,72.55,4.25,19.47,Khordha_Bhubaneswar
2022,155,36.07,28.6,70.34,4.98,20.54,Khordha_Bhubaneswar
2022,156,35.76,27.8,68.66,4.77,15.12,Khordha_Bhubaneswar
2022,157,36.54,27.6,64.24,4.5,19.28,Khordha_Bhubaneswar
2022,158,39.13,27.42,64.34,4.75,20.16,Khordha_Bhubaneswar
2022,159,37.39,28.17,67.64,4.53,20.7,Khordha_Bhubaneswar
2022,160,36.81,29.15,67.55,6.45,11.47,Khordha_Bhubaneswar
2022,161,37.11,28.04,63.96,4.14,7.63,Khordha_Bhubaneswar
2022,162,38.9,28.69,58.66,5.27,6.74,Khordha_Bhubaneswar
2022,163,37.81,28.99,55.96,4.05,21.12,Khordha_Bhubaneswar
2022,164,36.28,28.21,61.69,3.32,22.14,Khordha_Bhubaneswar
2022,165,37.36,28.15,66.17,4.02,20.16,Khordha_Bhubaneswar
2022,166,35.29,27.57,73.34,3.24,14.75,Khordha_Bhubaneswar
2022,167,34.22,27.44,74.01,4.42,19.08,Khordha_Bhubaneswar
2022,168,34.1,27.0,73.01,5.29,13.15,Khordha_Bhubaneswar
2022,169,33.26,26.99,77.32,4.48,12.76,Khordha_Bhubaneswar
2022,170,33.31,26.33,77.57,3.78,19.15,Khordha_Bhubaneswar
2022,171,30.92,26.34,85.46,3.6,16.09,Khordha_Bhubaneswar
2022,172,33.63,25.83,75.94,3.57,20.78,Khordha_Bhubaneswar
2022,173,33.16,26.08,71.78,2.45,14.53,Khordha_Bhubaneswar
2022,174,33.19,25.15,73.38,3.05,14.31,Khordha_Bhubaneswar
2022,175,31.07,26.1,78.85,3.36,10.71,Khordha_Bhubaneswar
2022,176,31.84,25.89,80.41,3.34,14.23,Khordha_Bhubaneswar
2022,177,35.15,25.71,73.2,3.73,21.38,Khordha_Bhubaneswar
2022,178,35.59,26.21,71.43,3.44,19.64,Khordha_Bhubaneswar
2022,179,35.54,26.18,72.35,2.88,18.59,Khordha_Bhubaneswar
2022,180,34.9,26.54,73.32,3.51,21.57,Khordha_Bhubaneswar
2022,181,33.69,27.02,77.59,3.16,14.94,Khordha_Bhubaneswar
2022,182,32.49,26.87,79.66,2.56,14.33,Khordha_Bhubaneswar
2022,183,31.19,26.55,84.08,1.76,12.43,Khordha_Bhubaneswar
2022,184,30.99,25.98,85.96,2.08,16.81,Khordha_Bhubaneswar
2022,185,30.42,25.86,86.3,2.21,16.56,Khordha_Bhubaneswar
2022,186,29.76,25.88,87.67,1.49,7.27,Khordha_Bhubaneswar
2022,187,32.31,25.63,83.94,3.15,14.79,Khordha_Bhubaneswar
2022,188,30.07,26.05,88.99,2.89,15.7,Khordha_Bhubaneswar
2022,189,31.02,25.91,88.07,3.05,15.93,Khordha_Bhubaneswar
2022,190,29.7,25.41,89.1,4.29,16.41,Khordha_Bhubaneswar
2022,191,31.53,25.4,87.23,4.63,14.55,Khordha_Bhubaneswar
2022,192,30.79,25.11,87.76,2.58,12.69,Khordha_Bhubaneswar
2022,193,33.04,26.06,84.38,2.63,13.19,Khordha_Bhubaneswar
2022,194,30.72,25.56,87.51,4.4,12.88,Khordha_Bhubaneswar
2022,195,32.15,24.67,85.94,3.17,12.79,Khordha_Bhubaneswar
2022,196,32.48,25.33,86.36,2.72,12.18,Khordha_Bhubaneswar
2022,197,32.09,26.29,87.37,1.9,4.75,Khordha_Bhubaneswar
2022,198,31.65,26.09,87.44,4.56,13.46,Khordha_Bhubaneswar
2022,199,31.64,25.76,86.14,5.07,17.9,Khordha_Bhubaneswar
2022,200,32.85,25.13,79.92,3.27,18.08,Khordha_Bhubaneswar
2022,201,32.33,25.04,83.61,3.09,13.5,Khordha_Bhubaneswar
2022,202,31.23,25.68,87.43,3.33,11.83,Khordha_Bhubaneswar
2022,203,31.63,26.25,87.45,3.91,9.86,Khordha_Bhubaneswar
2022,204,31.52,25.86,87.94,3.72,8.13,Khordha_Bhubaneswar
2022,205,30.68,25.74,87.7,3.29,11.11,Khordha_Bhubaneswar
2022,206,29.73,25.32,89.73,3.64,8.59,Khordha_Bhubaneswar
2022,207,30.83,25.04,87.04,3.24,16.49,Khordha_Bhubaneswar
2022,208,31.47,24.97,84.97,2.6,24.39,Khordha_Bhubaneswar
2022,209,32.29,24.58,84.1,2.03,23.31,Khordha_Bhubaneswar
2022,210,32.34,25.66,84.01,2.24,22.76,Khordha_Bhubaneswar
2022,211,32.22,25.77,84.64,2.46,20.11,Khordha_Bhubaneswar
2022,212,32.38,25.84,85.47,2.8,19.4,Khordha_Bhubaneswar
2022,213,30.94,26.08,86.93,1.97,18.79,Khordha_Bhubaneswar
2022,214,33.03,25.55,84.11,1.81,19.84,Khordha_Bhubaneswar
2022,215,31.95,25.36,85.46,2.54,17.42,Khordha_Bhubaneswar
2022,216,30.99,24.13,85.07,2.43,18.67,Khordha_Bhubaneswar
2022,217,31.71,25.64,84.43,1.62,18.87,Khordha_Bhubaneswar
2022,218,31.48,25.27,87.93,1.92,9.14,Khordha_Bhubaneswar
2022,219,30.76,25.72,90.81,3.15,14.18,Khordha_Bhubaneswar
2022,220,29.63,25.18,88.77,2.32,13.47,Khordha_Bhubaneswar
2022,221,32.15,25.19,88.03,3.56,4.05,Khordha_Bhubaneswar
2022,222,30.62,25.85,88.64,4.8,4.46,Khordha_Bhubaneswar
2022,223,30.99,26.09,87.42,3.8,7.66,Khordha_Bhubaneswar
2022,224,29.96,25.7,89.37,3.09,6.2,Khordha_Bhubaneswar
2022,225,30.41,24.93,91.21,3.5,3.17,Khordha_Bhubaneswar
2022,226,29.32,25.52,90.8,4.67,4.16,Khordha_Bhubaneswar
2022,227,30.58,24.91,88.35,6.88,14.93,Khordha_Bhubaneswar
2022,228,31.76,25.13,85.8,2.58,21.49,Khordha_Bhubaneswar
2022,229,30.78,25.32,87.9,2.55,20.3,Khordha_Bhubaneswar
2022,230,30.2,25.55,91.59,3.68,16.03,Khordha_Bhubaneswar
2022,231,28.77,25.02,92.66,5.99,7.58,Khordha_Bhubaneswar
2022,232,29.3,24.79,92.92,5.85,8.33,Khordha_Bhubaneswar
2022,233,30.96,24.91,87.5,3.2,21.61,Khordha_Bhubaneswar
2022,234,31.07,25.74,86.22,2.49,16.72,Khordha_Bhubaneswar
2022,235,29.18,25.43,91.85,2.12,16.09,Khordha_Bhubaneswar
2022,236,29.58,24.65,90.62,2.46,6.02,Khordha_Bhubaneswar
2022,237,31.95,24.07,83.27,2.17,18.84,Khordha_Bhubaneswar
2022,238,32.19,24.13,83.62,2.22,19.7,Khordha_Bhubaneswar
2022,239,30.24,25.23,88.19,2.24,18.96,Khordha_Bhubaneswar
2022,240,30.16,25.44,88.87,2.26,20.74,Khordha_Bhubaneswar
2022,241,30.9,25.06,87.13,2.11,20.69,Khordha_Bhubaneswar
2022,242,31.45,24.54,86.14,1.52,21.9,Khordha_Bhubaneswar
2022,243,30.72,24.47,87.49,1.75,22.37,Khordha_Bhubaneswar
2022,244,31.08,24.79,87.62,2.38,22.62,Khordha_Bhubaneswar
2022,245,30.86,24.55,87.06,2.11,23.0,Khordha_Bhubaneswar
2022,246,30.82,25.24,87.61,2.44,19.93,Khordha_Bhubaneswar
2022,247,31.08,25.66,87.32,2.31,20.97,Khordha_Bhubaneswar
2022,248,31.37,24.72,85.42,2.11,20.78,Khordha_Bhubaneswar
2022,249,31.58,25.38,86.03,1.6,14.53,Khordha_Bhubaneswar
2022,250,30.07,26.07,88.99,1.85,17.8,Khordha_Bhubaneswar
2022,251,29.49,25.27,93.11,3.68,14.5,Khordha_Bhubaneswar
2022,252,30.57,26.02,91.53,4.89,14.81,Khordha_Bhubaneswar
2022,253,29.28,25.42,92.7,4.33,8.03,Khordha_Bhubaneswar
2022,254,29.03,25.64,93.49,4.97,5.97,Khordha_Bhubaneswar
2022,255,29.08,26.11,91.47,6.41,12.82,Khordha_Bhubaneswar
2022,256,29.65,25.82,91.66,5.82,9.65,Khordha_Bhubaneswar
2022,257,29.1,25.74,92.35,4.13,16.46,Khordha_Bhubaneswar
2022,258,30.19,25.14,89.49,2.45,19.61,Khordha_Bhubaneswar
2022,259,28.86,25.6,92.38,2.9,17.9,Khordha_Bhubaneswar
2022,260,29.85,24.9,90.23,2.18,16.59,Khordha_Bhubaneswar
2022,261,29.79,24.68,88.89,2.03,12.34,Khordha_Bhubaneswar
2022,262,31.05,24.95,90.18,3.23,10.43,Khordha_Bhubaneswar
2022,263,31.19,23.89,86.73,1.79,12.98,Khordha_Bhubaneswar
2022,264,29.52,25.14,91.58,3.71,13.84,Khordha_Bhubaneswar
2022,265,30.52,24.74,89.82,2.13,14.93,Khordha_Bhubaneswar
2022,266,30.86,24.58,87.98,2.59,15.8,Khordha_Bhubaneswar
2022,267,31.1,24.22,85.57,2.1,18.43,Khordha_Bhubaneswar
2022,268,29.75,23.62,85.21,1.51,16.34,Khordha_Bhubaneswar
2022,269,31.1,24.37,85.2,1.39,18.35,Khordha_Bhubaneswar
2022,270,30.81,24.51,86.33,1.56,19.42,Khordha_Bhubaneswar
2022,271,31.01,24.7,86.52,1.47,20.27,Khordha_Bhubaneswar
2022,272,30.96,24.45,88.78,2.31,17.89,Khordha_Bhubaneswar
2022,273,30.77,24.1,87.58,2.45,18.91,Khordha_Bhubaneswar
2022,274,31.12,23.67,86.84,1.87,18.5,Khordha_Bhubaneswar
2022,275,31.26,24.94,88.26,1.61,15.35,Khordha_Bhubaneswar
2022,276,30.53,24.88,89.82,1.75,11.55,Khordha_Bhubaneswar
2022,277,29.76,25.43,94.17,3.81,2.24,Khordha_Bhubaneswar
2022,278,30.36,25.31,90.75,4.36,13.86,Khordha_Bhubaneswar
2022,279,29.69,24.78,91.27,3.32,8.64,Khordha_Bhubaneswar
2022,280,29.09,24.36,91.86,2.71,16.0,Khordha_Bhubaneswar
2022,281,29.8,24.05,90.36,2.5,16.19,Khordha_Bhubaneswar
2022,282,28.89,23.83,92.58,2.55,8.92,Khordha_Bhubaneswar
2022,283,29.38,24.32,91.44,1.87,15.88,Khordha_Bhubaneswar
2022,284,30.08,23.17,88.73,2.05,20.52,Khordha_Bhubaneswar
2022,285,30.06,23.47,87.94,1.74,17.45,Khordha_Bhubaneswar
2022,286,29.3,23.78,87.4,1.08,16.9,Khordha_Bhubaneswar
2022,287,30.04,22.92,88.94,2.05,15.87,Khordha_Bhubaneswar
2022,288,30.55,23.16,88.53,1.9,18.74,Khordha_Bhubaneswar
2022,289,30.75,23.21,86.47,1.6,18.06,Khordha_Bhubaneswar
2022,290,30.17,23.18,86.95,1.7,19.04,Khordha_Bhubaneswar
2022,291,29.91,23.33,85.29,1.49,17.86,Khordha_Bhubaneswar
2022,292,29.89,21.67,83.82,1.6,16.16,Khordha_Bhubaneswar
2022,293,29.35,22.17,86.89,2.65,17.67,Khordha_Bhubaneswar
2022,294,28.88,19.15,81.2,3.15,19.42,Khordha_Bhubaneswar
2022,295,29.33,18.96,83.49,3.34,20.1,Khordha_Bhubaneswar
2022,296,29.27,19.54,86.07,4.15,15.45,Khordha_Bhubaneswar
2022,297,28.33,20.76,86.88,5.02,14.75,Khordha_Bhubaneswar
2022,298,29.8,20.02,81.2,2.47,19.94,Khordha_Bhubaneswar
2022,299,29.25,19.69,76.11,1.44,19.2,Khordha_Bhubaneswar
2022,300,28.6,17.92,75.46,2.01,19.57,Khordha_Bhubaneswar
2022,301,28.51,17.63,73.8,1.65,18.47,Khordha_Bhubaneswar
2022,302,27.92,17.44,74.61,2.14,18.4,Khordha_Bhubaneswar
2022,303,27.56,15.54,75.48,2.43,19.55,Khordha_Bhubaneswar
2022,304,28.74,17.93,78.78,1.69,18.46,Khordha_Bhubaneswar
2022,305,28.85,19.44,80.33,1.51,19.3,Khordha_Bhubaneswar
2022,306,29.18,20.62,80.95,1.59,17.61,Khordha_Bhubaneswar
2022,307,28.28,21.61,80.15,1.35,15.15,Khordha_Bhubaneswar
2022,308,28.13,17.0,75.22,2.11,18.34,Khordha_Bhubaneswar
2022,309,28.01,16.32,73.8,1.6,17.45,Khordha_Bhubaneswar
2022,310,27.52,18.05,76.2,1.21,16.95,Khordha_Bhubaneswar
2022,311,27.48,18.46,76.56,1.01,15.68,Khordha_Bhubaneswar
2022,312,27.72,18.92,76.23,0.99,13.81,Khordha_Bhubaneswar
2022,313,27.21,18.28,75.64,1.27,15.87,Khordha_Bhubaneswar
2022,314,27.53,17.25,74.94,1.8,16.89,Khordha_Bhubaneswar
2022,315,27.48,17.15,76.59,2.2,16.49,Khordha_Bhubaneswar
2022,316,27.53,16.71,77.95,2.33,16.47,Khordha_Bhubaneswar
2022,317,26.56,15.79,73.42,2.04,16.75,Khordha_Bhubaneswar
2022,318,25.96,14.15,74.8,2.41,16.89,Khordha_Bhubaneswar
2022,319,25.96,13.5,76.05,2.62,17.63,Khordha_Bhubaneswar
2022,320,26.51,13.7,77.43,2.3,16.82,Khordha_Bhubaneswar
2022,321,27.05,14.28,77.26,2.64,17.07,Khordha_Bhubaneswar
2022,322,26.53,14.52,79.18,3.08,16.5,Khordha_Bhubaneswar
2022,323,25.08,14.27,77.74,3.09,14.54,Khordha_Bhubaneswar
2022,324,25.57,13.51,74.26,2.06,14.59,Khordha_Bhubaneswar
2022,325,26.4,16.57,76.89,2.14,14.41,Khordha_Bhubaneswar
2022,326,27.14,16.72,75.42,1.86,16.38,Khordha_Bhubaneswar
2022,327,26.21,15.83,75.53,2.01,14.71,Khordha_Bhubaneswar
2022,328,26.33,14.06,75.2,2.13,14.99,Khordha_Bhubaneswar
2022,329,25.94,13.2,72.38,2.28,16.06,Khordha_Bhubaneswar
2022,330,25.65,12.11,71.39,2.15,16.85,Khordha_Bhubaneswar
2022,331,25.0,11.65,74.4,2.24,16.6,Khordha_Bhubaneswar
2022,332,25.12,12.27,77.5,2.24,15.89,Khordha_Bhubaneswar
2022,333,26.64,14.61,75.76,2.3,15.48,Khordha_Bhubaneswar
2022,334,27.25,16.47,78.8,2.25,11.19,Khordha_Bhubaneswar
2022,335,27.57,17.25,77.24,1.34,15.37,Khordha_Bhubaneswar
2022,336,26.77,16.59,77.48,1.28,13.65,Khordha_Bhubaneswar
2022,337,26.04,15.79,78.52,1.51,13.38,Khordha_Bhubaneswar
2022,338,26.26,15.36,78.96,1.7,13.87,Khordha_Bhubaneswar
2022,339,25.31,14.2,76.66,1.73,14.69,Khordha_Bhubaneswar
2022,340,25.16,12.97,75.86,2.12,14.05,Khordha_Bhubaneswar
2022,341,23.34,12.19,72.87,2.02,12.64,Khordha_Bhubaneswar
2022,342,23.96,11.59,71.58,2.97,14.98,Khordha_Bhubaneswar
2022,343,23.93,11.05,73.97,2.68,13.39,Khordha_Bhubaneswar
2022,344,25.61,14.62,75.7,2.3,7.43,Khordha_Bhubaneswar
2022,345,26.06,16.07,73.66,1.6,13.81,Khordha_Bhubaneswar
2022,346,26.96,14.59,72.35,1.42,14.92,Khordha_Bhubaneswar
2022,347,27.59,14.78,71.16,1.63,14.73,Khordha_Bhubaneswar
2022,348,27.9,15.74,74.26,2.56,15.28,Khordha_Bhubaneswar
2022,349,27.52,16.44,74.22,1.28,14.91,Khordha_Bhubaneswar
2022,350,26.66,16.12,72.31,1.39,15.2,Khordha_Bhubaneswar
2022,351,25.74,13.29,67.82,1.4,16.04,Khordha_Bhubaneswar
2022,352,24.9,11.55,66.11,2.06,14.48,Khordha_Bhubaneswar
2022,353,24.75,10.97,65.61,1.71,14.05,Khordha_Bhubaneswar
2022,354,25.48,11.7,64.84,1.32,13.46,Khordha_Bhubaneswar
2022,355,25.27,12.6,68.47,1.09,11.9,Khordha_Bhubaneswar
2022,356,24.51,14.25,70.89,1.04,10.82,Khordha_Bhubaneswar
2022,357,26.69,13.54,68.39,2.1,13.78,Khordha_Bhubaneswar
2022,358,27.13,13.15,65.43,1.49,15.93,Khordha_Bhubaneswar
2022,359,28.19,14.73,71.98,1.83,17.24,Khordha_Bhubaneswar
2022,360,28.32,15.68,77.14,1.67,17.27,Khordha_Bhubaneswar
2022,361,28.96,17.73,79.24,1.84,15.73,Khordha_Bhubaneswar
2022,362,28.27,15.83,75.68,1.83,12.78,Khordha_Bhubaneswar
2022,363,26.54,15.38,71.55,1.42,12.3,Khordha_Bhubaneswar
2022,364,26.38,12.95,61.38,1.45,14.83,Khordha_Bhubaneswar
2022,365,26.81,13.7,65.16,1.61,14.93,Khordha_Bhubaneswar
2023,1,26.74,15.76,78.94,1.43,10.05,Khordha_Bhubaneswar
2023,2,25.65,16.3,82.16,2.14,7.84,Khordha_Bhubaneswar
2023,3,25.4,14.4,78.98,2.31,9.52,Khordha_Bhubaneswar
2023,4,25.19,13.77,77.16,2.55,11.93,Khordha_Bhubaneswar
2023,5,24.82,13.18,73.97,2.5,11.39,Khordha_Bhubaneswar
2023,6,25.21,12.18,68.47,2.64,13.76,Khordha_Bhubaneswar
2023,7,24.86,8.05,54.66,2.68,17.67,Khordha_Bhubaneswar
2023,8,25.46,8.67,55.3,2.26,17.03,Khordha_Bhubaneswar
2023,9,26.26,9.71,60.12,2.19,16.0,Khordha_Bhubaneswar
2023,10,27.4,10.55,54.52,1.82,16.91,Khordha_Bhubaneswar
2023,11,26.95,10.55,56.09,1.78,16.0,Khordha_Bhubaneswar
2023,12,27.16,12.85,64.89,1.64,14.62,Khordha_Bhubaneswar
2023,13,28.34,15.39,73.89,1.9,15.13,Khordha_Bhubaneswar
2023,14,28.91,14.27,62.78,2.14,15.25,Khordha_Bhubaneswar
2023,15,28.69,13.31,58.41,1.65,13.73,Khordha_Bhubaneswar
2023,16,27.74,14.25,69.73,1.58,10.7,Khordha_Bhubaneswar
2023,17,27.58,16.66,79.71,1.56,11.08,Khordha_Bhubaneswar
2023,18,27.65,18.3,80.42,1.54,8.18,Khordha_Bhubaneswar
2023,19,26.9,17.22,79.53,2.22,10.51,Khordha_Bhubaneswar
2023,20,27.55,14.81,75.81,1.68,11.58,Khordha_Bhubaneswar
2023,21,29.26,14.88,69.31,1.57,12.46,Khordha_Bhubaneswar
2023,22,28.92,16.41,68.15,1.17,13.94,Khordha_Bhubaneswar
2023,23,30.57,14.88,60.56,1.5,14.94,Khordha_Bhubaneswar
2023,24,31.08,15.58,55.41,1.75,15.35,Khordha_Bhubaneswar
2023,25,30.53,16.01,61.33,1.65,15.84,Khordha_Bhubaneswar
2023,26,31.49,15.41,57.7,1.71,16.84,Khordha_Bhubaneswar
2023,27,31.41,15.99,57.65,1.88,16.02,Khordha_Bhubaneswar
2023,28,30.41,16.6,67.68,2.03,15.08,Khordha_Bhubaneswar
2023,29,30.25,16.43,70.13,2.68,15.93,Khordha_Bhubaneswar
2023,30,31.27,15.79,60.64,2.49,18.35,Khordha_Bhubaneswar
2023,31,31.3,15.04,49.11,1.73,13.15,Khordha_Bhubaneswar
2023,32,30.83,16.67,51.54,1.68,14.18,Khordha_Bhubaneswar
2023,33,31.02,14.71,45.91,2.0,19.16,Khordha_Bhubaneswar
2023,34,30.97,11.42,39.85,2.78,19.97,Khordha_Bhubaneswar
2023,35,31.25,10.63,36.5,2.44,19.64,Khordha_Bhubaneswar
2023,36,31.72,12.08,40.14,2.04,20.05,Khordha_Bhubaneswar
2023,37,31.32,14.2,43.0,1.4,19.34,Khordha_Bhubaneswar
2023,38,31.9,14.26,44.8,2.23,19.29,Khordha_Bhubaneswar
2023,39,32.46,15.55,53.58,3.13,18.93,Khordha_Bhubaneswar
2023,40,32.36,13.97,48.98,2.34,18.69,Khordha_Bhubaneswar
2023,41,32.17,17.02,54.61,1.53,18.32,Khordha_Bhubaneswar
2023,42,34.49,15.99,49.95,3.44,20.31,Khordha_Bhubaneswar
2023,43,34.51,14.98,36.29,4.15,21.44,Khordha_Bhubaneswar
2023,44,32.59,13.26,29.3,3.87,22.28,Khordha_Bhubaneswar
2023,45,32.13,12.07,31.64,3.13,21.78,Khordha_Bhubaneswar
2023,46,32.24,12.57,34.96,2.86,20.7,Khordha_Bhubaneswar
2023,47,32.77,15.03,50.12,1.7,19.58,Khordha_Bhubaneswar
2023,48,30.77,18.77,71.79,3.01,15.98,Khordha_Bhubaneswar
2023,49,30.82,19.11,69.94,2.53,13.3,Khordha_Bhubaneswar
2023,50,32.46,19.73,63.81,1.6,16.39,Khordha_Bhubaneswar
2023,51,33.51,19.21,62.28,2.17,17.18,Khordha_Bhubaneswar
2023,52,36.08,18.55,46.2,2.22,20.39,Khordha_Bhubaneswar
2023,53,36.17,18.75,48.7,2.36,21.59,Khordha_Bhubaneswar
2023,54,36.04,19.11,61.21,3.02,20.46,Khordha_Bhubaneswar
2023,55,35.87,19.43,55.67,1.62,19.78,Khordha_Bhubaneswar
2023,56,34.5,19.81,59.21,2.1,18.13,Khordha_Bhubaneswar
2023,57,34.02,21.1,62.4,2.32,17.64,Khordha_Bhubaneswar
2023,58,34.67,20.46,56.14,2.39,19.43,Khordha_Bhubaneswar
2023,59,35.21,20.27,48.2,2.33,18.96,Khordha_Bhubaneswar
2023,60,35.47,20.34,48.23,1.86,20.31,Khordha_Bhubaneswar
2023,61,36.02,20.94,47.57,1.62,19.81,Khordha_Bhubaneswar
2023,62,37.08,22.09,44.88,1.09,20.08,Khordha_Bhubaneswar
2023,63,38.06,20.71,39.93,1.68,22.31,Khordha_Bhubaneswar
2023,64,38.02,20.22,43.6,1.65,22.84,Khordha_Bhubaneswar
2023,65,37.08,20.71,42.5,2.02,20.11,Khordha_Bhubaneswar
2023,66,37.04,21.66,50.08,2.03,18.7,Khordha_Bhubaneswar
2023,67,35.28,22.29,51.25,1.66,19.01,Khordha_Bhubaneswar
2023,68,34.45,23.19,45.39,1.83,15.23,Khordha_Bhubaneswar
2023,69,36.35,23.34,46.51,1.93,15.14,Khordha_Bhubaneswar
2023,70,36.88,22.58,48.06,1.76,19.85,Khordha_Bhubaneswar
2023,71,37.32,22.25,48.44,1.59,20.3,Khordha_Bhubaneswar
2023,72,37.68,22.48,47.25,2.02,19.34,Khordha_Bhubaneswar
2023,73,36.66,22.93,48.07,3.39,16.36,Khordha_Bhubaneswar
2023,74,37.18,23.58,50.24,3.09,9.92,Khordha_Bhubaneswar
2023,75,35.01,23.07,59.28,4.71,7.77,Khordha_Bhubaneswar
2023,76,34.75,23.01,56.78,2.06,10.99,Khordha_Bhubaneswar
2023,77,32.93,22.9,60.82,2.8,15.98,Khordha_Bhubaneswar
2023,78,25.58,20.26,82.06,3.11,10.18,Khordha_Bhubaneswar
2023,79,30.98,17.15,69.17,3.51,22.59,Khordha_Bhubaneswar
2023,80,33.4,21.41,67.93,2.4,17.87,Khordha_Bhubaneswar
2023,81,32.89,21.65,62.74,1.91,18.2,Khordha_Bhubaneswar
2023,82,34.85,21.14,51.83,2.43,19.77,Khordha_Bhubaneswar
2023,83,35.7,21.75,53.57,1.8,20.3,Khordha_Bhubaneswar
2023,84,36.62,22.87,61.67,2.5,21.43,Khordha_Bhubaneswar
2023,85,37.4,23.39,59.15,3.1,17.6,Khordha_Bhubaneswar
2023,86,38.12,23.68,57.18,2.18,16.28,Khordha_Bhubaneswar
2023,87,37.42,24.45,56.38,2.64,20.0,Khordha_Bhubaneswar
2023,88,36.83,24.86,61.93,3.75,17.86,Khordha_Bhubaneswar
2023,89,37.85,23.88,60.75,3.79,20.23,Khordha_Bhubaneswar
2023,90,34.98,24.1,70.4,3.24,17.47,Khordha_Bhubaneswar
2023,91,32.79,23.36,75.12,3.54,18.68,Khordha_Bhubaneswar
2023,92,35.4,22.29,63.25,3.17,22.14,Khordha_Bhubaneswar
2023,93,36.7,21.52,54.33,2.03,22.3,Khordha_Bhubaneswar
2023,94,37.42,22.89,62.67,3.96,19.81,Khordha_Bhubaneswar
2023,95,38.39,24.18,54.41,2.02,23.7,Khordha_Bhubaneswar
2023,96,38.68,24.01,50.59,2.26,21.33,Khordha_Bhubaneswar
2023,97,37.4,24.09,58.49,1.4,23.36,Khordha_Bhubaneswar
2023,98,38.32,23.95,52.17,1.88,22.29,Khordha_Bhubaneswar
2023,99,38.63,23.74,45.86,2.36,20.19,Khordha_Bhubaneswar
2023,100,39.99,23.68,42.85,2.5,22.76,Khordha_Bhubaneswar
2023,101,40.62,24.32,39.64,2.65,24.36,Khordha_Bhubaneswar
2023,102,41.75,23.04,35.01,2.47,26.37,Khordha_Bhubaneswar
2023,103,41.61,23.46,35.89,2.19,25.31,Khordha_Bhubaneswar
2023,104,41.91,24.59,41.94,2.42,22.4,Khordha_Bhubaneswar
2023,105,41.86,25.91,46.32,2.11,20.06,Khordha_Bhubaneswar
2023,106,41.13,26.74,48.2,2.28,17.81,Khordha_Bhubaneswar
2023,107,41.64,26.53,47.6,2.63,19.01,Khordha_Bhubaneswar
2023,108,43.86,25.87,46.29,2.39,20.63,Khordha_Bhubaneswar
2023,109,43.77,26.58,43.86,2.89,20.97,Khordha_Bhubaneswar
2023,110,43.93,26.17,41.48,3.87,21.61,Khordha_Bhubaneswar
2023,111,40.96,27.15,38.11,4.8,9.07,Khordha_Bhubaneswar
2023,112,40.42,25.6,46.67,3.58,15.69,Khordha_Bhubaneswar
2023,113,36.34,24.81,54.28,2.57,15.13,Khordha_Bhubaneswar
2023,114,36.59,24.01,56.69,3.15,21.47,Khordha_Bhubaneswar
2023,115,36.38,24.45,58.63,1.81,15.57,Khordha_Bhubaneswar
2023,116,38.72,24.52,52.04,2.5,24.25,Khordha_Bhubaneswar
2023,117,39.9,25.69,50.43,2.59,23.44,Khordha_Bhubaneswar
2023,118,40.02,25.98,52.44,2.45,20.52,Khordha_Bhubaneswar
2023,119,39.52,25.84,49.82,2.65,18.64,Khordha_Bhubaneswar
2023,120,40.34,26.73,45.93,2.46,19.93,Khordha_Bhubaneswar
2023,121,35.78,24.91,52.04,3.16,10.28,Khordha_Bhubaneswar
2023,122,36.81,23.94,50.69,3.38,25.42,Khordha_Bhubaneswar
2023,123,36.35,25.49,59.73,3.35,12.26,Khordha_Bhubaneswar
2023,124,35.88,25.11,60.55,3.42,20.27,Khordha_Bhubaneswar
2023,125,38.3,25.45,59.37,3.21,19.81,Khordha_Bhubaneswar
2023,126,39.52,25.81,56.38,3.27,19.58,Khordha_Bhubaneswar
2023,127,41.5,26.58,47.23,3.15,23.73,Khordha_Bhubaneswar
2023,128,42.2,26.8,50.73,2.86,21.27,Khordha_Bhubaneswar
2023,129,42.7,27.56,49.96,2.96,19.37,Khordha_Bhubaneswar
2023,130,42.4,27.9,48.19,3.11,20.78,Khordha_Bhubaneswar
2023,131,41.93,27.91,50.13,3.27,22.51,Khordha_Bhubaneswar
2023,132,39.11,26.66,54.45,3.31,19.17,Khordha_Bhubaneswar
2023,133,39.69,26.31,55.87,4.36,21.38,Khordha_Bhubaneswar
2023,134,42.97,26.63,44.94,3.29,20.15,Khordha_Bhubaneswar
2023,135,43.2,27.17,48.13,4.13,21.82,Khordha_Bhubaneswar
2023,136,42.7,28.45,52.35,4.65,20.26,Khordha_Bhubaneswar
2023,137,41.76,28.58,56.28,5.72,21.97,Khordha_Bhubaneswar
2023,138,41.95,29.13,55.74,4.72,21.88,Khordha_Bhubaneswar
2023,139,39.7,28.51,61.24,4.93,22.11,Khordha_Bhubaneswar
2023,140,40.71,27.6,57.19,3.85,24.2,Khordha_Bhubaneswar
2023,141,41.19,27.58,56.31,4.44,19.55,Khordha_Bhubaneswar
2023,142,41.07,28.03,53.97,4.9,24.68,Khordha_Bhubaneswar
2023,143,43.05,28.72,48.58,4.08,24.51,Khordha_Bhubaneswar
2023,144,44.33,27.44,47.7,4.11,22.71,Khordha_Bhubaneswar
2023,145,41.4,28.13,55.83,4.12,20.15,Khordha_Bhubaneswar
2023,146,41.1,27.35,57.52,3.85,21.84,Khordha_Bhubaneswar
2023,147,41.16,27.18,55.68,2.7,24.85,Khordha_Bhubaneswar
2023,148,40.41,26.88,52.93,1.98,25.69,Khordha_Bhubaneswar
2023,149,41.29,26.43,49.84,2.87,25.11,Khordha_Bhubaneswar
2023,150,38.99,27.31,58.61,3.04,21.55,Khordha_Bhubaneswar
2023,151,38.23,29.11,57.1,2.22,19.24,Khordha_Bhubaneswar
2023,152,40.26,28.93,54.59,2.76,17.52,Khordha_Bhubaneswar
2023,153,41.42,28.59,53.43,3.77,22.05,Khordha_Bhubaneswar
2023,154,41.27,27.78,56.03,3.89,18.95,Khordha_Bhubaneswar
2023,155,39.23,28.79,59.11,3.81,22.46,Khordha_Bhubaneswar
2023,156,39.11,28.74,55.11,2.34,23.82,Khordha_Bhubaneswar
2023,157,40.83,28.49,50.49,2.22,19.46,Khordha_Bhubaneswar
2023,158,40.61,29.11,52.87,3.24,20.53,Khordha_Bhubaneswar
2023,159,40.77,29.4,53.35,3.03,21.79,Khordha_Bhubaneswar
2023,160,36.93,29.69,63.78,5.06,20.59,Khordha_Bhubaneswar
2023,161,38.37,29.63,58.1,4.81,20.77,Khordha_Bhubaneswar
2023,162,41.62,29.29,56.68,4.37,23.88,Khordha_Bhubaneswar
2023,163,37.42,29.11,60.94,3.42,22.94,Khordha_Bhubaneswar
2023,164,37.11,27.66,69.51,3.67,16.32,Khordha_Bhubaneswar
2023,165,40.1,28.55,57.44,4.18,16.0,Khordha_Bhubaneswar
2023,166,44.74,28.67,48.29,4.67,22.85,Khordha_Bhubaneswar
2023,167,42.45,30.37,52.13,3.97,21.3,Khordha_Bhubaneswar
2023,168,39.84,30.34,58.32,4.65,21.42,Khordha_Bhubaneswar
2023,169,37.5,29.71,65.75,4.03,21.41,Khordha_Bhubaneswar
2023,170,31.14,28.13,81.21,2.5,14.29,Khordha_Bhubaneswar
2023,171,35.57,27.62,70.57,3.18,22.28,Khordha_Bhubaneswar
2023,172,35.06,28.0,71.74,4.15,17.56,Khordha_Bhubaneswar
2023,173,35.76,27.39,72.83,3.25,12.69,Khordha_Bhubaneswar
2023,174,31.53,26.77,81.94,2.04,13.84,Khordha_Bhubaneswar
2023,175,32.91,26.19,78.76,3.15,7.3,Khordha_Bhubaneswar
2023,176,29.09,25.47,89.04,4.68,5.26,Khordha_Bhubaneswar
2023,177,30.01,25.82,85.56,4.49,7.54,Khordha_Bhubaneswar
2023,178,32.14,24.71,78.96,5.1,11.63,Khordha_Bhubaneswar
2023,179,33.21,26.15,79.03,5.27,16.14,Khordha_Bhubaneswar
2023,180,32.6,26.34,81.66,4.56,15.66,Khordha_Bhubaneswar
2023,181,32.7,26.89,80.75,3.19,20.86,Khordha_Bhubaneswar
2023,182,33.9,26.63,76.63,2.76,20.65,Khordha_Bhubaneswar
2023,183,33.26,27.07,80.57,2.14,20.35,Khordha_Bhubaneswar
2023,184,32.18,26.7,82.83,2.19,19.05,Khordha_Bhubaneswar
2023,185,34.67,26.36,77.34,2.61,21.76,Khordha_Bhubaneswar
2023,186,34.15,26.25,77.93,2.05,15.42,Khordha_Bhubaneswar
2023,187,32.78,25.97,81.31,3.02,16.76,Khordha_Bhubaneswar
2023,188,32.48,26.21,81.17,4.15,16.05,Khordha_Bhubaneswar
2023,189,32.48,25.94,80.55,3.28,11.93,Khordha_Bhubaneswar
2023,190,34.6,25.83,76.47,2.96,16.09,Khordha_Bhubaneswar
2023,191,33.48,26.49,79.12,2.63,19.09,Khordha_Bhubaneswar
2023,192,34.25,26.13,75.96,3.89,15.53,Khordha_Bhubaneswar
2023,193,33.17,25.51,81.14,2.72,19.09,Khordha_Bhubaneswar
2023,194,33.52,25.4,79.83,2.97,17.04,Khordha_Bhubaneswar
2023,195,31.16,26.11,83.24,2.97,14.06,Khordha_Bhubaneswar
2023,196,28.47,26.06,92.15,3.05,2.78,Khordha_Bhubaneswar
2023,197,33.12,25.51,83.24,3.19,7.25,Khordha_Bhubaneswar
2023,198,32.14,25.67,84.76,2.79,8.61,Khordha_Bhubaneswar
2023,199,32.63,25.76,84.48,3.05,14.67,Khordha_Bhubaneswar
2023,200,31.94,25.89,86.46,4.31,14.89,Khordha_Bhubaneswar
2023,201,33.36,26.28,85.09,4.59,8.66,Khordha_Bhubaneswar
2023,202,30.99,26.19,88.29,4.26,15.49,Khordha_Bhubaneswar
2023,203,32.43,25.72,86.56,4.31,16.31,Khordha_Bhubaneswar
2023,204,32.35,26.49,86.12,3.06,18.93,Khordha_Bhubaneswar
2023,205,32.0,25.59,87.63,4.49,19.23,Khordha_Bhubaneswar
2023,206,33.39,25.74,84.83,5.78,16.95,Khordha_Bhubaneswar
2023,207,32.55,26.47,86.27,5.32,19.1,Khordha_Bhubaneswar
2023,208,32.58,26.58,86.05,5.92,14.68,Khordha_Bhubaneswar
2023,209,34.05,26.83,85.55,3.75,12.1,Khordha_Bhubaneswar
2023,210,32.56,27.48,87.65,4.11,9.22,Khordha_Bhubaneswar
2023,211,31.3,27.0,88.15,5.33,17.56,Khordha_Bhubaneswar
2023,212,29.58,26.42,91.41,5.77,13.92,Khordha_Bhubaneswar
2023,213,29.84,26.06,92.23,4.8,5.85,Khordha_Bhubaneswar
2023,214,28.75,25.15,89.02,8.32,2.88,Khordha_Bhubaneswar
2023,215,32.54,25.28,84.12,6.28,15.02,Khordha_Bhubaneswar
2023,216,30.21,25.58,86.77,3.97,10.57,Khordha_Bhubaneswar
2023,217,32.13,25.57,86.01,4.08,14.27,Khordha_Bhubaneswar
2023,218,32.31,25.91,86.06,4.77,12.63,Khordha_Bhubaneswar
2023,219,31.09,25.71,86.84,4.28,13.26,Khordha_Bhubaneswar
2023,220,31.55,25.27,84.42,4.12,15.68,Khordha_Bhubaneswar
2023,221,32.3,24.37,82.86,3.7,19.93,Khordha_Bhubaneswar
2023,222,32.16,24.58,84.04,3.29,19.79,Khordha_Bhubaneswar
2023,223,31.68,24.92,84.65,2.68,21.02,Khordha_Bhubaneswar
2023,224,30.67,24.99,88.41,3.08,14.38,Khordha_Bhubaneswar
2023,225,30.85,25.43,87.09,2.48,11.7,Khordha_Bhubaneswar
2023,226,30.42,24.67,85.75,2.54,13.14,Khordha_Bhubaneswar
2023,227,32.04,24.74,84.25,3.0,18.65,Khordha_Bhubaneswar
2023,228,31.58,24.98,85.22,3.05,17.69,Khordha_Bhubaneswar
2023,229,29.05,25.72,92.43,3.17,6.3,Khordha_Bhubaneswar
2023,230,30.08,24.76,90.4,3.41,6.37,Khordha_Bhubaneswar
2023,231,31.38,25.38,87.4,4.5,18.37,Khordha_Bhubaneswar
2023,232,31.97,25.96,86.16,4.17,19.41,Khordha_Bhubaneswar
2023,233,32.91,25.56,86.17,2.34,15.3,Khordha_Bhubaneswar
2023,234,30.44,25.89,89.92,2.0,16.54,Khordha_Bhubaneswar
2023,235,29.21,26.18,91.67,2.09,15.57,Khordha_Bhubaneswar
2023,236,30.69,25.77,89.63,2.67,11.0,Khordha_Bhubaneswar
2023,237,30.41,25.59,86.84,3.73,8.29,Khordha_Bhubaneswar
2023,238,30.1,25.09,88.74,3.17,18.77,Khordha_Bhubaneswar
2023,239,31.95,24.43,85.71,3.65,21.85,Khordha_Bhubaneswar
2023,240,31.88,24.82,84.18,3.33,21.17,Khordha_Bhubaneswar
2023,241,32.61,23.81,83.26,3.54,19.65,Khordha_Bhubaneswar
2023,242,32.03,24.09,80.15,2.63,20.03,Khordha_Bhubaneswar
2023,243,32.31,24.86,82.57,2.09,16.45,Khordha_Bhubaneswar
2023,244,31.55,25.17,84.64,2.07,17.28,Khordha_Bhubaneswar
2023,245,30.38,25.89,90.27,2.85,14.36,Khordha_Bhubaneswar
2023,246,30.23,25.33,90.3,2.12,13.74,Khordha_Bhubaneswar
2023,247,30.31,25.36,87.57,1.39,10.25,Khordha_Bhubaneswar
2023,248,29.18,24.62,91.04,2.15,13.56,Khordha_Bhubaneswar
2023,249,29.79,25.37,90.28,2.63,15.06,Khordha_Bhubaneswar
2023,250,29.98,24.76,91.06,3.3,10.06,Khordha_Bhubaneswar
2023,251,30.92,25.85,87.89,4.01,9.36,Khordha_Bhubaneswar
2023,252,30.39,25.77,89.89,3.01,15.65,Khordha_Bhubaneswar
2023,253,31.83,25.53,87.68,2.84,18.32,Khordha_Bhubaneswar
2023,254,32.12,25.94,88.32,1.78,18.26,Khordha_Bhubaneswar
2023,255,30.36,26.14,87.37,1.2,15.93,Khordha_Bhubaneswar
2023,256,30.44,24.83,89.58,2.45,12.98,Khordha_Bhubaneswar
2023,257,31.15,26.13,90.52,4.06,6.08,Khordha_Bhubaneswar
2023,258,29.86,26.18,90.89,3.6,15.89,Khordha_Bhubaneswar
2023,259,29.92,25.51,88.76,2.53,15.71,Khordha_Bhubaneswar
2023,260,31.53,24.06,86.38,2.89,14.2,Khordha_Bhubaneswar
2023,261,32.4,25.02,84.84,2.27,18.16,Khordha_Bhubaneswar
2023,262,29.8,25.61,91.03,2.36,15.11,Khordha_Bhubaneswar
2023,263,29.15,25.32,93.39,2.47,7.4,Khordha_Bhubaneswar
2023,264,29.36,25.26,91.56,4.41,12.79,Khordha_Bhubaneswar
2023,265,29.86,25.9,90.5,3.65,14.67,Khordha_Bhubaneswar
2023,266,30.66,25.34,88.8,2.66,15.01,Khordha_Bhubaneswar
2023,267,29.6,25.5,90.81,2.34,12.85,Khordha_Bhubaneswar
2023,268,30.56,25.0,87.01,1.09,16.53,Khordha_Bhubaneswar
2023,269,31.11,25.42,87.13,1.28,18.44,Khordha_Bhubaneswar
2023,270,32.09,25.17,85.31,1.11,19.17,Khordha_Bhubaneswar
2023,271,32.24,25.13,85.89,1.72,17.49,Khordha_Bhubaneswar
2023,272,31.07,25.51,88.1,1.96,16.17,Khordha_Bhubaneswar
2023,273,29.59,25.04,89.88,3.39,14.73,Khordha_Bhubaneswar
2023,274,30.68,24.31,90.01,4.19,12.05,Khordha_Bhubaneswar
2023,275,27.99,25.62,92.13,3.0,5.26,Khordha_Bhubaneswar
2023,276,29.03,25.8,93.89,4.82,9.37,Khordha_Bhubaneswar
2023,277,30.62,24.22,88.77,4.64,11.41,Khordha_Bhubaneswar
2023,278,29.65,22.54,83.36,3.36,21.24,Khordha_Bhubaneswar
2023,279,31.42,21.38,85.35,2.62,19.37,Khordha_Bhubaneswar
2023,280,32.37,24.35,84.79,1.21,15.95,Khordha_Bhubaneswar
2023,281,31.26,24.37,85.52,1.94,17.02,Khordha_Bhubaneswar
2023,282,31.03,22.57,84.07,2.66,19.19,Khordha_Bhubaneswar
2023,283,31.51,22.95,83.07,2.75,19.72,Khordha_Bhubaneswar
2023,284,31.78,22.66,80.86,2.61,19.19,Khordha_Bhubaneswar
2023,285,31.58,22.04,79.74,2.18,19.58,Khordha_Bhubaneswar
2023,286,31.38,22.14,77.51,1.66,18.6,Khordha_Bhubaneswar
2023,287,31.04,22.15,81.64,2.43,17.48,Khordha_Bhubaneswar
2023,288,30.36,19.73,80.2,2.7,20.45,Khordha_Bhubaneswar
2023,289,30.73,20.71,76.44,2.24,20.19,Khordha_Bhubaneswar
2023,290,30.41,20.55,80.33,2.36,17.89,Khordha_Bhubaneswar
2023,291,29.89,20.89,83.13,2.24,17.55,Khordha_Bhubaneswar
2023,292,29.65,21.33,84.96,2.32,16.46,Khordha_Bhubaneswar
2023,293,29.27,20.08,83.59,2.61,19.45,Khordha_Bhubaneswar
2023,294,28.92,19.14,82.14,2.74,19.78,Khordha_Bhubaneswar
2023,295,27.97,17.9,82.91,3.12,15.68,Khordha_Bhubaneswar
2023,296,27.84,20.24,90.11,4.22,12.6,Khordha_Bhubaneswar
2023,297,29.77,21.84,86.06,3.18,16.02,Khordha_Bhubaneswar
2023,298,29.53,22.0,84.66,2.31,18.3,Khordha_Bhubaneswar
2023,299,28.99,19.06,81.85,2.48,17.44,Khordha_Bhubaneswar
2023,300,28.33,18.46,80.78,2.38,17.56,Khordha_Bhubaneswar
2023,301,27.9,17.48,78.18,2.48,17.48,Khordha_Bhubaneswar
2023,302,27.74,16.8,76.29,2.4,17.27,Khordha_Bhubaneswar
2023,303,27.88,17.58,79.9,2.29,18.18,Khordha_Bhubaneswar
2023,304,28.34,17.49,79.3,2.16,19.14,Khordha_Bhubaneswar
2023,305,28.46,19.0,83.16,2.39,16.08,Khordha_Bhubaneswar
2023,306,29.65,20.22,85.85,1.98,17.21,Khordha_Bhubaneswar
2023,307,29.64,21.11,84.34,1.57,18.1,Khordha_Bhubaneswar
2023,308,30.3,21.33,81.01,0.89,15.02,Khordha_Bhubaneswar
2023,309,29.47,20.87,84.5,1.9,14.64,Khordha_Bhubaneswar
2023,310,28.24,20.57,81.68,2.52,13.29,Khordha_Bhubaneswar
2023,311,28.31,18.27,73.02,2.17,15.08,Khordha_Bhubaneswar
2023,312,27.45,16.25,78.36,2.84,16.8,Khordha_Bhubaneswar
2023,313,26.99,14.88,77.26,2.65,16.63,Khordha_Bhubaneswar
2023,314,28.2,16.47,76.42,2.51,15.87,Khordha_Bhubaneswar
2023,315,27.8,16.48,79.76,2.59,15.71,Khordha_Bhubaneswar
2023,316,28.34,17.65,80.33,2.37,14.48,Khordha_Bhubaneswar
2023,317,27.55,17.14,80.69,2.59,14.62,Khordha_Bhubaneswar
2023,318,26.81,15.91,77.66,2.64,14.98,Khordha_Bhubaneswar
2023,319,25.36,16.19,82.58,3.15,13.2,Khordha_Bhubaneswar
2023,320,24.56,18.63,86.82,6.13,8.77,Khordha_Bhubaneswar
2023,321,28.44,19.97,86.27,5.09,14.49,Khordha_Bhubaneswar
2023,322,28.35,19.35,85.17,2.16,16.16,Khordha_Bhubaneswar
2023,323,27.79,18.34,84.97,2.46,16.85,Khordha_Bhubaneswar
2023,324,26.36,17.37,81.53,2.52,13.81,Khordha_Bhubaneswar
2023,325,26.52,17.29,80.59,2.08,12.54,Khordha_Bhubaneswar
2023,326,26.64,16.24,78.88,2.41,13.8,Khordha_Bhubaneswar
2023,327,25.75,15.41,75.2,1.8,13.46,Khordha_Bhubaneswar
2023,328,26.37,15.68,75.17,1.98,13.88,Khordha_Bhubaneswar
2023,329,25.92,16.12,77.91,2.22,12.42,Khordha_Bhubaneswar
2023,330,26.04,15.68,74.76,2.34,14.92,Khordha_Bhubaneswar
2023,331,25.41,16.89,81.38,1.94,11.34,Khordha_Bhubaneswar
2023,332,27.13,15.3,76.45,1.75,15.62,Khordha_Bhubaneswar
2023,333,27.93,16.12,71.09,1.74,14.3,Khordha_Bhubaneswar
2023,334,28.04,16.59,76.98,2.21,14.95,Khordha_Bhubaneswar
2023,335,28.42,17.32,83.39,2.76,16.08,Khordha_Bhubaneswar
2023,336,27.63,17.32,83.11,2.91,15.9,Khordha_Bhubaneswar
2023,337,28.37,17.41,83.85,3.08,11.37,Khordha_Bhubaneswar
2023,338,26.84,18.67,84.35,2.82,9.18,Khordha_Bhubaneswar
2023,339,25.07,19.98,87.19,3.13,6.6,Khordha_Bhubaneswar
2023,340,23.53,19.09,92.65,4.66,4.44,Khordha_Bhubaneswar
2023,341,27.21,18.73,89.3,2.94,6.67,Khordha_Bhubaneswar
2023,342,25.5,19.25,89.37,2.31,6.97,Khordha_Bhubaneswar
2023,343,25.92,16.43,83.14,2.78,14.32,Khordha_Bhubaneswar
2023,344,24.96,13.61,79.05,2.69,13.13,Khordha_Bhubaneswar
2023,345,24.42,12.21,73.76,2.59,16.59,Khordha_Bhubaneswar
2023,346,24.12,10.72,71.68,2.28,16.03,Khordha_Bhubaneswar
2023,347,24.51,11.61,77.02,2.49,14.69,Khordha_Bhubaneswar
2023,348,24.36,12.26,77.96,2.44,14.92,Khordha_Bhubaneswar
2023,349,23.71,10.27,68.75,2.6,15.55,Khordha_Bhubaneswar
2023,350,23.84,9.21,67.79,2.43,15.23,Khordha_Bhubaneswar
2023,351,24.09,9.75,65.31,2.21,15.47,Khordha_Bhubaneswar
2023,352,23.9,10.21,67.19,2.29,14.24,Khordha_Bhubaneswar
2023,353,24.18,11.65,69.92,2.57,14.34,Khordha_Bhubaneswar
2023,354,23.58,10.41,67.82,2.7,14.37,Khordha_Bhubaneswar
2023,355,23.68,9.54,65.8,2.33,14.01,Khordha_Bhubaneswar
2023,356,24.25,10.37,65.71,1.85,13.93,Khordha_Bhubaneswar
2023,357,26.15,12.95,72.46,1.89,11.1,Khordha_Bhubaneswar
2023,358,25.84,13.15,75.03,1.74,14.35,Khordha_Bhubaneswar
2023,359,26.8,12.98,70.36,1.52,14.75,Khordha_Bhubaneswar
2023,360,26.97,14.34,71.33,0.98,12.94,Khordha_Bhubaneswar
2023,361,26.71,15.24,73.83,1.23,12.83,Khordha_Bhubaneswar
2023,362,25.94,13.03,70.73,1.56,10.24,Khordha_Bhubaneswar
2023,363,25.48,13.11,70.59,1.74,11.67,Khordha_Bhubaneswar
2023,364,25.62,12.86,70.41,2.0,13.09,Khordha_Bhubaneswar
2023,365,25.21,12.45,68.98,1.76,13.06,Khordha_Bhubaneswar
2024,1,25.64,12.32,71.42,1.78,12.1,Khordha_Bhubaneswar
2024,2,25.85,11.76,72.22,2.03,13.18,Khordha_Bhubaneswar
2024,3,26.46,11.73,71.92,2.34,14.84,Khordha_Bhubaneswar
2024,4,27.14,11.9,72.4,2.32,15.33,Khordha_Bhubaneswar
2024,5,27.68,13.05,76.17,2.43,13.17,Khordha_Bhubaneswar
2024,6,27.79,13.3,74.94,2.13,13.9,Khordha_Bhubaneswar
2024,7,27.08,13.25,72.65,2.31,13.03,Khordha_Bhubaneswar
2024,8,28.05,13.45,69.51,2.5,13.08,Khordha_Bhubaneswar
2024,9,27.43,13.51,68.06,2.08,12.87,Khordha_Bhubaneswar
2024,10,29.47,13.59,62.35,1.99,12.86,Khordha_Bhubaneswar
2024,11,27.76,15.9,69.79,2.03,11.29,Khordha_Bhubaneswar
2024,12,27.15,14.68,72.19,2.26,14.27,Khordha_Bhubaneswar
2024,13,26.74,11.08,55.95,2.1,15.39,Khordha_Bhubaneswar
2024,14,27.06,11.09,57.9,1.99,14.57,Khordha_Bhubaneswar
2024,15,26.75,11.37,63.82,1.63,9.86,Khordha_Bhubaneswar
2024,16,26.25,14.2,74.09,2.15,8.12,Khordha_Bhubaneswar
2024,17,26.42,13.99,78.76,2.2,7.19,Khordha_Bhubaneswar
2024,18,27.6,17.56,80.87,2.3,11.79,Khordha_Bhubaneswar
2024,19,26.76,17.01,80.83,2.41,7.58,Khordha_Bhubaneswar
2024,20,26.79,14.66,75.31,1.61,10.24,Khordha_Bhubaneswar
2024,21,26.3,17.17,82.1,1.11,5.33,Khordha_Bhubaneswar
2024,22,26.88,14.45,67.06,2.47,9.07,Khordha_Bhubaneswar
2024,23,25.96,14.4,65.42,1.79,7.54,Khordha_Bhubaneswar
2024,24,20.41,14.58,89.25,3.23,3.12,Khordha_Bhubaneswar
2024,25,24.95,14.09,75.33,2.63,7.91,Khordha_Bhubaneswar
2024,26,25.63,11.73,65.6,2.2,14.59,Khordha_Bhubaneswar
2024,27,26.38,11.11,54.3,2.1,14.89,Khordha_Bhubaneswar
2024,28,26.89,9.69,50.99,1.51,15.51,Khordha_Bhubaneswar
2024,29,27.46,11.74,55.97,1.34,14.61,Khordha_Bhubaneswar
2024,30,28.24,12.66,60.18,2.11,14.18,Khordha_Bhubaneswar
2024,31,28.82,14.89,69.05,1.95,14.06,Khordha_Bhubaneswar
2024,32,28.73,18.02,70.47,1.54,14.11,Khordha_Bhubaneswar
2024,33,29.82,17.32,69.71,2.18,12.72,Khordha_Bhubaneswar
2024,34,30.08,15.62,55.07,2.17,15.14,Khordha_Bhubaneswar
2024,35,30.11,13.3,52.26,2.56,18.06,Khordha_Bhubaneswar
2024,36,31.42,15.15,57.16,1.93,17.31,Khordha_Bhubaneswar
2024,37,33.46,17.54,68.28,2.3,17.11,Khordha_Bhubaneswar
2024,38,31.32,17.75,63.42,1.84,13.45,Khordha_Bhubaneswar
2024,39,29.91,15.35,52.87,3.07,10.76,Khordha_Bhubaneswar
2024,40,28.12,13.6,49.79,2.52,17.64,Khordha_Bhubaneswar
2024,41,28.26,11.75,46.45,1.71,19.75,Khordha_Bhubaneswar
2024,42,30.55,14.82,51.82,1.63,17.44,Khordha_Bhubaneswar
2024,43,31.15,16.64,59.88,1.22,15.73,Khordha_Bhubaneswar
2024,44,32.04,18.04,58.57,1.93,15.85,Khordha_Bhubaneswar
2024,45,32.4,18.39,62.22,1.9,17.08,Khordha_Bhubaneswar
2024,46,33.24,18.33,58.78,1.29,16.68,Khordha_Bhubaneswar
2024,47,32.91,17.52,53.3,1.86,17.6,Khordha_Bhubaneswar
2024,48,32.18,16.98,49.46,2.76,15.29,Khordha_Bhubaneswar
2024,49,31.84,17.16,49.7,1.88,15.49,Khordha_Bhubaneswar
2024,50,32.63,17.85,51.21,1.66,15.08,Khordha_Bhubaneswar
2024,51,34.47,18.75,49.74,2.74,17.39,Khordha_Bhubaneswar
2024,52,35.43,19.86,47.66,2.31,16.92,Khordha_Bhubaneswar
2024,53,36.12,22.42,59.67,3.43,17.16,Khordha_Bhubaneswar
2024,54,33.55,20.43,54.77,1.81,17.8,Khordha_Bhubaneswar
2024,55,32.09,19.34,67.97,2.72,12.78,Khordha_Bhubaneswar
2024,56,31.67,20.16,69.99,2.47,7.28,Khordha_Bhubaneswar
2024,57,32.58,19.09,65.17,2.69,13.35,Khordha_Bhubaneswar
2024,58,33.4,19.12,57.4,1.52,18.29,Khordha_Bhubaneswar
2024,59,33.01,19.92,63.37,1.89,18.01,Khordha_Bhubaneswar
2024,60,33.81,19.49,53.14,2.15,18.57,Khordha_Bhubaneswar
2024,61,34.63,16.86,42.35,2.02,19.53,Khordha_Bhubaneswar
2024,62,35.42,19.44,52.71,1.55,20.58,Khordha_Bhubaneswar
2024,63,35.77,20.43,58.7,2.5,18.24,Khordha_Bhubaneswar
2024,64,36.14,21.39,61.33,2.95,18.82,Khordha_Bhubaneswar
2024,65,35.5,22.09,54.32,0.89,17.88,Khordha_Bhubaneswar
2024,66,36.02,20.26,44.98,2.39,17.95,Khordha_Bhubaneswar
2024,67,34.93,22.03,62.78,1.38,14.24,Khordha_Bhubaneswar
2024,68,32.99,20.27,60.17,1.87,12.39,Khordha_Bhubaneswar
2024,69,33.71,20.2,57.64,1.06,20.75,Khordha_Bhubaneswar
2024,70,34.24,19.84,51.69,0.99,20.7,Khordha_Bhubaneswar
2024,71,34.78,20.15,55.75,1.46,19.86,Khordha_Bhubaneswar
2024,72,37.57,21.98,54.34,2.06,18.39,Khordha_Bhubaneswar
2024,73,38.43,22.74,58.38,2.57,17.52,Khordha_Bhubaneswar
2024,74,37.65,24.54,61.24,2.65,16.52,Khordha_Bhubaneswar
2024,75,38.1,21.62,46.76,1.94,19.07,Khordha_Bhubaneswar
2024,76,36.22,23.68,61.76,2.71,14.88,Khordha_Bhubaneswar
2024,77,36.84,23.05,56.97,2.25,17.32,Khordha_Bhubaneswar
2024,78,36.91,23.3,52.03,1.86,10.65,Khordha_Bhubaneswar
2024,79,33.83,22.85,65.55,1.96,6.57,Khordha_Bhubaneswar
2024,80,24.15,17.12,74.26,3.5,4.61,Khordha_Bhubaneswar
2024,81,33.01,15.1,47.83,1.79,23.0,Khordha_Bhubaneswar
2024,82,34.86,19.85,58.03,2.11,22.65,Khordha_Bhubaneswar
2024,83,37.07,20.66,54.26,2.21,23.57,Khordha_Bhubaneswar
2024,84,38.17,21.84,60.77,3.1,21.78,Khordha_Bhubaneswar
2024,85,38.58,22.62,57.99,3.31,21.21,Khordha_Bhubaneswar
2024,86,38.23,23.28,58.67,2.91,21.91,Khordha_Bhubaneswar
2024,87,38.77,23.28,51.89,2.01,21.88,Khordha_Bhubaneswar
2024,88,39.97,23.45,51.13,2.3,21.66,Khordha_Bhubaneswar
2024,89,40.93,24.3,54.7,2.94,21.51,Khordha_Bhubaneswar
2024,90,41.4,25.07,52.07,2.85,20.33,Khordha_Bhubaneswar
2024,91,40.7,25.25,51.48,3.05,13.32,Khordha_Bhubaneswar
2024,92,41.28,25.51,43.93,3.56,21.56,Khordha_Bhubaneswar
2024,93,41.97,25.64,48.88,3.01,22.09,Khordha_Bhubaneswar
2024,94,42.0,25.54,48.21,2.26,21.27,Khordha_Bhubaneswar
2024,95,41.61,25.25,54.97,2.59,19.18,Khordha_Bhubaneswar
2024,96,42.79,25.88,48.95,3.37,21.35,Khordha_Bhubaneswar
2024,97,43.26,25.86,40.9,2.97,21.85,Khordha_Bhubaneswar
2024,98,40.76,26.81,57.07,2.39,14.65,Khordha_Bhubaneswar
2024,99,35.92,25.54,56.26,3.76,15.9,Khordha_Bhubaneswar
2024,100,38.08,22.84,42.29,3.59,15.73,Khordha_Bhubaneswar
2024,101,39.63,23.27,41.02,2.51,15.48,Khordha_Bhubaneswar
2024,102,37.31,24.37,50.18,3.47,7.04,Khordha_Bhubaneswar
2024,103,37.67,24.15,42.63,2.94,13.42,Khordha_Bhubaneswar
2024,104,39.66,23.43,38.26,2.28,22.57,Khordha_Bhubaneswar
2024,105,40.46,25.38,42.67,2.21,21.78,Khordha_Bhubaneswar
2024,106,41.6,26.01,42.18,2.6,22.55,Khordha_Bhubaneswar
2024,107,43.11,26.66,45.76,3.16,21.79,Khordha_Bhubaneswar
2024,108,44.67,27.85,41.02,3.52,23.6,Khordha_Bhubaneswar
2024,109,44.76,27.24,30.22,2.79,26.34,Khordha_Bhubaneswar
2024,110,44.63,26.74,32.03,3.13,25.14,Khordha_Bhubaneswar
2024,111,45.6,26.85,42.25,3.95,23.32,Khordha_Bhubaneswar
2024,112,45.24,28.29,38.38,3.59,21.09,Khordha_Bhubaneswar
2024,113,44.4,29.53,33.45,3.34,18.27,Khordha_Bhubaneswar
2024,114,44.04,28.68,28.2,4.31,21.72,Khordha_Bhubaneswar
2024,115,43.56,27.86,35.19,3.43,20.59,Khordha_Bhubaneswar
2024,116,44.26,27.13,37.29,3.1,23.04,Khordha_Bhubaneswar
2024,117,44.61,27.44,43.69,2.96,22.66,Khordha_Bhubaneswar
2024,118,45.55,27.59,42.57,3.35,23.17,Khordha_Bhubaneswar
2024,119,45.61,28.5,40.14,3.05,22.65,Khordha_Bhubaneswar
2024,120,44.3,28.74,40.88,3.04,20.14,Khordha_Bhubaneswar
2024,121,46.08,28.81,38.62,3.85,22.74,Khordha_Bhubaneswar
2024,122,46.2,29.08,42.62,4.17,20.19,Khordha_Bhubaneswar
2024,123,44.53,28.93,46.44,3.95,25.13,Khordha_Bhubaneswar
2024,124,43.63,27.31,45.29,2.66,25.96,Khordha_Bhubaneswar
2024,125,41.74,27.62,52.16,3.6,24.49,Khordha_Bhubaneswar
2024,126,43.45,27.25,55.83,4.92,23.81,Khordha_Bhubaneswar
2024,127,44.64,28.29,56.07,5.68,16.64,Khordha_Bhubaneswar
2024,128,36.86,28.3,60.56,4.71,15.71,Khordha_Bhubaneswar
2024,129,38.13,26.82,57.77,3.44,22.58,Khordha_Bhubaneswar
2024,130,38.93,26.02,60.13,3.82,21.62,Khordha_Bhubaneswar
2024,131,38.69,26.36,59.76,4.1,22.14,Khordha_Bhubaneswar
2024,132,37.57,26.86,69.52,4.19,18.87,Khordha_Bhubaneswar
2024,133,36.97,26.61,72.5,2.97,22.29,Khordha_Bhubaneswar
2024,134,37.4,26.27,67.32,2.34,24.69,Khordha_Bhubaneswar
2024,135,36.53,26.45,64.32,2.15,24.2,Khordha_Bhubaneswar
2024,136,37.29,26.52,62.18,2.35,25.02,Khordha_Bhubaneswar
2024,137,37.15,26.35,57.62,2.88,20.2,Khordha_Bhubaneswar
2024,138,40.97,27.62,51.69,3.35,24.01,Khordha_Bhubaneswar
2024,139,40.37,28.14,53.5,3.11,19.51,Khordha_Bhubaneswar
2024,140,39.2,27.86,57.59,3.0,21.75,Khordha_Bhubaneswar
2024,141,40.59,27.74,59.97,3.38,25.86,Khordha_Bhubaneswar
2024,142,38.1,27.34,67.32,2.79,25.29,Khordha_Bhubaneswar
2024,143,39.74,26.73,60.81,2.87,26.09,Khordha_Bhubaneswar
2024,144,38.58,26.3,63.7,3.24,25.01,Khordha_Bhubaneswar
2024,145,36.52,26.12,70.63,3.98,20.26,Khordha_Bhubaneswar
2024,146,36.58,26.32,68.38,4.2,22.83,Khordha_Bhubaneswar
2024,147,37.83,27.51,62.78,3.7,9.04,Khordha_Bhubaneswar
2024,148,40.97,28.21,62.84,4.31,15.51,Khordha_Bhubaneswar
2024,149,42.81,28.31,61.82,4.92,21.93,Khordha_Bhubaneswar
2024,150,42.87,29.2,63.43,4.85,23.5,Khordha_Bhubaneswar
2024,151,39.94,28.66,67.15,5.37,22.31,Khordha_Bhubaneswar
2024,152,39.1,28.7,70.61,5.55,17.86,Khordha_Bhubaneswar
2024,153,35.37,28.47,74.67,4.51,16.98,Khordha_Bhubaneswar
2024,154,35.81,28.07,78.01,4.21,16.29,Khordha_Bhubaneswar
2024,155,35.26,27.13,78.94,3.68,22.72,Khordha_Bhubaneswar
2024,156,37.39,26.63,71.94,3.25,23.4,Khordha_Bhubaneswar
2024,157,37.57,27.8,69.61,2.98,21.08,Khordha_Bhubaneswar
2024,158,38.3,28.3,66.27,3.57,22.29,Khordha_Bhubaneswar
2024,159,37.77,27.73,68.72,4.23,19.37,Khordha_Bhubaneswar
2024,160,36.59,27.64,70.0,4.43,23.35,Khordha_Bhubaneswar
2024,161,38.87,27.27,63.73,3.12,22.36,Khordha_Bhubaneswar
2024,162,40.36,28.01,61.26,3.89,24.32,Khordha_Bhubaneswar
2024,163,36.99,28.64,65.66,4.18,17.24,Khordha_Bhubaneswar
2024,164,40.83,27.28,58.05,4.15,18.19,Khordha_Bhubaneswar
2024,165,39.35,28.9,59.69,4.46,17.56,Khordha_Bhubaneswar
2024,166,31.81,27.57,77.18,4.65,11.14,Khordha_Bhubaneswar
2024,167,35.1,27.66,71.18,4.23,21.73,Khordha_Bhubaneswar
2024,168,35.2,25.24,68.55,4.17,22.13,Khordha_Bhubaneswar
2024,169,36.83,28.05,67.18,2.79,19.8,Khordha_Bhubaneswar
2024,170,37.44,28.77,67.06,4.8,15.53,Khordha_Bhubaneswar
2024,171,35.1,28.4,71.85,3.08,19.16,Khordha_Bhubaneswar
2024,172,35.38,28.03,73.02,3.4,20.47,Khordha_Bhubaneswar
2024,173,31.99,26.55,81.95,3.48,13.49,Khordha_Bhubaneswar
2024,174,33.74,26.08,77.83,2.73,17.54,Khordha_Bhubaneswar
2024,175,33.74,26.02,76.81,2.89,19.65,Khordha_Bhubaneswar
2024,176,36.17,26.46,71.38,3.66,20.84,Khordha_Bhubaneswar
2024,177,36.51,27.32,69.21,2.85,19.03,Khordha_Bhubaneswar
2024,178,33.65,27.54,77.67,2.77,19.08,Khordha_Bhubaneswar
2024,179,32.92,26.82,80.77,3.16,13.57,Khordha_Bhubaneswar
2024,180,34.79,26.15,79.04,2.7,15.92,Khordha_Bhubaneswar
2024,181,31.91,27.02,84.1,3.45,12.63,Khordha_Bhubaneswar
2024,182,31.77,27.13,85.19,3.82,10.39,Khordha_Bhubaneswar
2024,183,30.79,26.32,84.68,4.55,13.07,Khordha_Bhubaneswar
2024,184,31.44,25.91,85.23,4.0,9.88,Khordha_Bhubaneswar
2024,185,32.02,26.3,86.24,3.02,5.7,Khordha_Bhubaneswar
2024,186,31.37,26.35,86.63,3.71,9.15,Khordha_Bhubaneswar
2024,187,32.73,26.79,83.44,3.11,12.13,Khordha_Bhubaneswar
2024,188,29.4,26.28,89.66,2.34,12.54,Khordha_Bhubaneswar
2024,189,32.46,25.83,83.84,1.29,17.52,Khordha_Bhubaneswar
2024,190,32.73,25.64,83.62,2.7,19.0,Khordha_Bhubaneswar
2024,191,32.22,26.03,83.84,2.41,17.04,Khordha_Bhubaneswar
2024,192,33.48,26.25,80.1,4.07,18.81,Khordha_Bhubaneswar
2024,193,32.84,26.68,82.8,4.04,18.64,Khordha_Bhubaneswar
2024,194,30.62,26.5,87.03,3.56,9.21,Khordha_Bhubaneswar
2024,195,33.13,25.77,83.84,3.01,17.08,Khordha_Bhubaneswar
2024,196,33.22,26.44,84.43,2.78,15.28,Khordha_Bhubaneswar
2024,197,33.02,26.01,84.39,2.98,15.84,Khordha_Bhubaneswar
2024,198,31.4,25.82,84.74,3.75,16.0,Khordha_Bhubaneswar
2024,199,32.03,25.7,86.59,3.03,17.66,Khordha_Bhubaneswar
2024,200,33.05,26.18,84.52,3.88,16.5,Khordha_Bhubaneswar
2024,201,32.57,26.37,87.13,4.52,14.75,Khordha_Bhubaneswar
2024,202,33.3,26.42,86.05,4.07,11.79,Khordha_Bhubaneswar
2024,203,33.47,25.86,84.43,3.85,11.3,Khordha_Bhubaneswar
2024,204,31.06,26.64,86.26,5.97,7.0,Khordha_Bhubaneswar
2024,205,31.06,25.49,85.98,5.62,3.64,Khordha_Bhubaneswar
2024,206,32.88,24.79,83.62,5.54,7.28,Khordha_Bhubaneswar
2024,207,31.24,25.66,84.9,5.7,7.01,Khordha_Bhubaneswar
2024,208,31.72,25.97,86.68,5.23,8.61,Khordha_Bhubaneswar
2024,209,31.58,26.35,88.95,4.25,7.86,Khordha_Bhubaneswar
2024,210,34.02,26.45,83.36,1.32,14.36,Khordha_Bhubaneswar
2024,211,31.63,26.64,86.49,2.83,11.74,Khordha_Bhubaneswar
2024,212,33.05,26.21,85.41,3.11,8.71,Khordha_Bhubaneswar
2024,213,30.63,27.11,90.47,3.82,8.33,Khordha_Bhubaneswar
2024,214,31.38,26.65,88.2,4.39,6.78,Khordha_Bhubaneswar
2024,215,31.01,26.07,87.53,5.54,9.38,Khordha_Bhubaneswar
2024,216,32.18,26.27,85.52,5.2,16.46,Khordha_Bhubaneswar
2024,217,31.31,25.97,87.43,4.39,16.3,Khordha_Bhubaneswar
2024,218,31.09,25.65,88.05,2.75,12.72,Khordha_Bhubaneswar
2024,219,29.84,26.01,90.98,2.7,5.9,Khordha_Bhubaneswar
2024,220,31.58,25.76,86.85,3.31,9.46,Khordha_Bhubaneswar
2024,221,30.85,25.5,87.77,3.22,15.46,Khordha_Bhubaneswar
2024,222,31.27,26.24,87.66,2.85,13.5,Khordha_Bhubaneswar
2024,223,31.87,25.86,85.14,2.39,14.61,Khordha_Bhubaneswar
2024,224,31.79,26.18,86.28,2.19,18.35,Khordha_Bhubaneswar
2024,225,32.12,26.31,86.68,2.57,13.63,Khordha_Bhubaneswar
2024,226,30.41,26.32,89.01,2.24,16.51,Khordha_Bhubaneswar
2024,227,31.23,26.16,88.09,1.89,9.47,Khordha_Bhubaneswar
2024,228,30.85,26.17,88.89,2.4,14.27,Khordha_Bhubaneswar
2024,229,30.19,26.15,90.85,2.73,9.96,Khordha_Bhubaneswar
2024,230,32.2,25.54,86.31,2.24,16.24,Khordha_Bhubaneswar
2024,231,30.96,26.08,88.96,2.16,12.44,Khordha_Bhubaneswar
2024,232,29.94,26.04,89.65,2.6,17.18,Khordha_Bhubaneswar
2024,233,31.82,25.27,87.01,2.79,16.33,Khordha_Bhubaneswar
2024,234,30.13,26.14,90.88,3.23,15.36,Khordha_Bhubaneswar
2024,235,28.59,26.29,91.42,3.46,13.32,Khordha_Bhubaneswar
2024,236,29.96,25.59,90.12,3.55,10.22,Khordha_Bhubaneswar
2024,237,28.72,25.56,91.7,3.99,8.37,Khordha_Bhubaneswar
2024,238,28.8,25.6,91.85,4.54,9.56,Khordha_Bhubaneswar
2024,239,30.11,24.95,89.41,3.35,14.36,Khordha_Bhubaneswar
2024,240,29.32,25.63,90.43,2.57,11.86,Khordha_Bhubaneswar
2024,241,30.31,25.25,89.55,2.01,13.58,Khordha_Bhubaneswar
2024,242,30.08,25.03,90.6,3.09,12.21,Khordha_Bhubaneswar
2024,243,31.68,24.7,88.73,3.86,19.91,Khordha_Bhubaneswar
2024,244,31.26,26.17,90.57,5.52,15.6,Khordha_Bhubaneswar
2024,245,30.46,26.27,91.54,5.14,15.9,Khordha_Bhubaneswar
2024,246,30.64,25.79,89.39,3.55,15.95,Khordha_Bhubaneswar
2024,247,31.13,25.15,88.26,2.85,17.71,Khordha_Bhubaneswar
2024,248,31.51,25.35,87.65,2.26,17.8,Khordha_Bhubaneswar
2024,249,32.22,25.68,85.59,1.73,19.61,Khordha_Bhubaneswar
2024,250,32.02,24.72,86.92,2.06,16.97,Khordha_Bhubaneswar
2024,251,30.34,25.48,90.63,3.24,16.37,Khordha_Bhubaneswar
2024,252,30.55,26.68,92.24,4.72,15.19,Khordha_Bhubaneswar
2024,253,30.2,26.88,92.41,7.72,8.57,Khordha_Bhubaneswar
2024,254,31.21,26.7,89.92,6.77,18.73,Khordha_Bhubaneswar
2024,255,31.69,26.52,87.17,2.91,17.51,Khordha_Bhubaneswar
2024,256,31.72,26.04,85.61,2.99,16.58,Khordha_Bhubaneswar
2024,257,30.02,25.45,90.24,4.02,14.72,Khordha_Bhubaneswar
2024,258,29.69,25.52,91.44,4.94,10.35,Khordha_Bhubaneswar
2024,259,29.47,24.95,88.9,7.47,10.21,Khordha_Bhubaneswar
2024,260,30.62,24.39,89.1,5.82,11.53,Khordha_Bhubaneswar
2024,261,31.12,25.08,88.76,3.57,11.84,Khordha_Bhubaneswar
2024,262,31.39,24.6,87.05,2.17,14.94,Khordha_Bhubaneswar
2024,263,31.83,24.19,82.54,1.36,20.49,Khordha_Bhubaneswar
2024,264,32.6,24.99,83.94,1.7,21.24,Khordha_Bhubaneswar
2024,265,31.88,25.7,89.03,2.45,17.15,Khordha_Bhubaneswar
2024,266,30.6,25.39,89.15,1.91,15.65,Khordha_Bhubaneswar
2024,267,30.79,25.47,91.45,2.6,12.63,Khordha_Bhubaneswar
2024,268,29.43,25.35,93.66,4.19,10.89,Khordha_Bhubaneswar
2024,269,28.59,25.72,94.25,3.2,10.61,Khordha_Bhubaneswar
2024,270,29.03,26.07,93.49,4.54,9.15,Khordha_Bhubaneswar
2024,271,29.08,25.81,92.78,3.88,11.6,Khordha_Bhubaneswar
2024,272,30.86,25.33,89.76,2.99,20.31,Khordha_Bhubaneswar
2024,273,31.49,24.76,88.78,2.15,17.99,Khordha_Bhubaneswar
2024,274,31.13,25.7,88.93,2.31,20.53,Khordha_Bhubaneswar
2024,275,31.15,25.36,89.85,2.5,20.64,Khordha_Bhubaneswar
2024,276,30.01,25.84,90.36,2.85,11.35,Khordha_Bhubaneswar
2024,277,31.2,25.08,89.17,3.02,16.51,Khordha_Bhubaneswar
2024,278,29.3,25.03,91.79,2.01,17.42,Khordha_Bhubaneswar
2024,279,31.01,25.02,84.64,1.44,17.25,Khordha_Bhubaneswar
2024,280,30.43,24.94,85.96,1.41,12.2,Khordha_Bhubaneswar
2024,281,29.08,24.26,90.47,1.63,16.82,Khordha_Bhubaneswar
2024,282,31.16,24.96,83.97,1.24,17.18,Khordha_Bhubaneswar
2024,283,31.66,23.88,84.35,1.77,20.68,Khordha_Bhubaneswar
2024,284,31.47,22.55,83.63,1.83,21.82,Khordha_Bhubaneswar
2024,285,32.03,23.29,84.07,1.75,21.17,Khordha_Bhubaneswar
2024,286,32.1,23.64,83.28,1.6,21.01,Khordha_Bhubaneswar
2024,287,31.62,23.88,84.83,1.77,20.88,Khordha_Bhubaneswar
2024,288,31.71,23.71,86.33,1.85,20.06,Khordha_Bhubaneswar
2024,289,31.9,23.98,83.8,1.5,19.55,Khordha_Bhubaneswar
2024,290,31.54,23.95,84.79,1.59,20.07,Khordha_Bhubaneswar
2024,291,31.66,23.91,86.04,1.56,17.02,Khordha_Bhubaneswar
2024,292,31.78,24.34,85.14,1.49,18.4,Khordha_Bhubaneswar
2024,293,31.93,24.67,83.99,1.18,16.66,Khordha_Bhubaneswar
2024,294,29.54,24.54,87.63,1.82,16.75,Khordha_Bhubaneswar
2024,295,30.05,22.23,85.51,2.26,15.28,Khordha_Bhubaneswar
2024,296,30.13,20.7,83.75,2.76,19.11,Khordha_Bhubaneswar
2024,297,30.2,21.1,87.23,3.72,15.02,Khordha_Bhubaneswar
2024,298,26.26,23.64,92.36,7.22,8.12,Khordha_Bhubaneswar
2024,299,27.97,23.93,91.67,7.78,4.29,Khordha_Bhubaneswar
2024,300,26.87,23.98,93.83,5.62,4.29,Khordha_Bhubaneswar
2024,301,30.02,24.4,90.21,3.32,11.7,Khordha_Bhubaneswar
2024,302,30.4,23.42,89.44,2.08,11.87,Khordha_Bhubaneswar
2024,303,30.95,23.81,86.29,1.17,13.57,Khordha_Bhubaneswar
2024,304,30.64,23.37,86.41,1.76,18.17,Khordha_Bhubaneswar
2024,305,30.73,22.19,84.74,1.6,18.62,Khordha_Bhubaneswar
2024,306,31.24,22.6,83.31,1.45,13.38,Khordha_Bhubaneswar
2024,307,30.26,21.05,79.2,1.57,17.14,Khordha_Bhubaneswar
2024,308,29.35,20.35,74.07,1.17,17.04,Khordha_Bhubaneswar
2024,309,29.23,19.11,73.62,1.24,16.21,Khordha_Bhubaneswar
2024,310,28.94,19.23,82.5,2.21,16.61,Khordha_Bhubaneswar
2024,311,28.89,21.33,88.28,2.45,15.56,Khordha_Bhubaneswar
2024,312,29.2,20.97,87.47,2.26,17.33,Khordha_Bhubaneswar
2024,313,28.8,20.41,86.07,2.07,16.39,Khordha_Bhubaneswar
2024,314,28.86,19.59,84.89,2.3,18.01,Khordha_Bhubaneswar
2024,315,28.14,18.81,84.77,2.9,19.38,Khordha_Bhubaneswar
2024,316,27.8,19.33,82.66,3.43,14.92,Khordha_Bhubaneswar
2024,317,27.66,19.68,86.11,3.25,14.0,Khordha_Bhubaneswar
2024,318,26.72,20.94,85.74,3.09,16.98,Khordha_Bhubaneswar
2024,319,27.79,19.6,82.62,2.32,16.1,Khordha_Bhubaneswar
2024,320,27.22,17.76,78.67,2.25,15.55,Khordha_Bhubaneswar
2024,321,26.68,15.5,76.13,2.02,16.92,Khordha_Bhubaneswar
2024,322,26.26,15.44,75.5,2.09,16.8,Khordha_Bhubaneswar
2024,323,26.43,14.86,72.95,1.71,16.43,Khordha_Bhubaneswar
2024,324,25.54,14.05,75.0,2.09,15.77,Khordha_Bhubaneswar
2024,325,25.32,14.4,78.24,1.85,16.05,Khordha_Bhubaneswar
2024,326,25.89,15.29,76.82,1.13,15.8,Khordha_Bhubaneswar
2024,327,25.68,15.29,76.89,1.69,14.11,Khordha_Bhubaneswar
2024,328,25.55,15.11,73.19,1.53,13.13,Khordha_Bhubaneswar
2024,329,24.91,14.72,76.59,1.43,12.28,Khordha_Bhubaneswar
2024,330,25.25,15.29,80.41,1.91,12.43,Khordha_Bhubaneswar
2024,331,25.28,13.98,76.92,1.87,13.9,Khordha_Bhubaneswar
2024,332,24.47,14.08,82.16,2.68,12.88,Khordha_Bhubaneswar
2024,333,25.07,14.07,85.68,3.2,13.79,Khordha_Bhubaneswar
2024,334,25.06,17.22,88.91,3.6,5.89,Khordha_Bhubaneswar
2024,335,25.1,18.97,90.82,3.47,9.52,Khordha_Bhubaneswar
2024,336,25.64,19.01,89.6,3.42,8.0,Khordha_Bhubaneswar
2024,337,25.42,18.72,89.93,3.43,8.94,Khordha_Bhubaneswar
2024,338,27.02,18.57,85.54,2.54,11.54,Khordha_Bhubaneswar
2024,339,27.78,18.77,84.66,1.64,15.33,Khordha_Bhubaneswar
2024,340,28.43,18.36,82.96,1.47,14.59,Khordha_Bhubaneswar
2024,341,27.44,18.58,80.57,1.64,11.68,Khordha_Bhubaneswar
2024,342,26.37,15.78,83.89,1.91,8.76,Khordha_Bhubaneswar
2024,343,26.43,18.52,89.68,2.17,5.77,Khordha_Bhubaneswar
2024,344,27.17,19.54,89.23,1.84,8.67,Khordha_Bhubaneswar
2024,345,26.25,18.36,86.75,1.97,8.74,Khordha_Bhubaneswar
2024,346,23.71,14.77,81.23,2.62,13.28,Khordha_Bhubaneswar
2024,347,23.2,11.45,73.79,1.87,15.16,Khordha_Bhubaneswar
2024,348,23.82,10.98,67.44,2.08,15.77,Khordha_Bhubaneswar
2024,349,23.64,10.4,66.59,2.17,15.88,Khordha_Bhubaneswar
2024,350,22.67,9.48,67.77,2.48,16.4,Khordha_Bhubaneswar
2024,351,22.78,8.58,65.74,1.93,16.66,Khordha_Bhubaneswar
2024,352,25.3,10.52,73.58,1.99,13.47,Khordha_Bhubaneswar
2024,353,25.54,15.01,79.74,2.26,11.93,Khordha_Bhubaneswar
2024,354,24.86,15.86,81.13,2.76,8.48,Khordha_Bhubaneswar
2024,355,25.07,16.44,84.48,2.94,5.13,Khordha_Bhubaneswar
2024,356,21.04,16.2,92.42,3.77,5.31,Khordha_Bhubaneswar
2024,357,25.0,14.67,86.51,3.0,12.29,Khordha_Bhubaneswar
2024,358,24.82,14.75,82.92,2.66,11.56,Khordha_Bhubaneswar
2024,359,20.74,16.37,91.03,2.19,5.05,Khordha_Bhubaneswar
2024,360,23.6,16.97,88.43,2.33,4.85,Khordha_Bhubaneswar
2024,361,25.88,15.9,82.82,2.09,12.57,Khordha_Bhubaneswar
2024,362,26.52,15.67,81.38,2.59,14.59,Khordha_Bhubaneswar
2024,363,26.78,15.08,78.05,1.45,15.4,Khordha_Bhubaneswar
2024,364,27.45,16.25,78.64,1.45,13.86,Khordha_Bhubaneswar
2024,365,26.37,16.32,81.88,2.07,13.04,Khordha_Bhubaneswar
2024,366,24.93,15.14,80.03,1.75,11.1,Khordha_Bhubaneswar
2015,1,22.71,15.02,87.98,6.59,6.12,Sambalpur
2015,2,26.95,17.04,84.27,3.17,7.22,Sambalpur
2015,3,28.46,15.66,79.9,2.23,7.1,Sambalpur
2015,4,22.75,16.49,88.24,3.08,11.91,Sambalpur
2015,5,23.62,11.07,72.37,3.38,17.47,Sambalpur
2015,6,24.21,7.43,62.1,2.63,17.7,Sambalpur
2015,7,24.67,9.71,58.12,2.03,17.68,Sambalpur
2015,8,24.42,9.71,64.83,2.43,14.17,Sambalpur
2015,9,23.01,8.16,66.8,2.93,15.31,Sambalpur
2015,10,24.02,7.09,61.07,2.58,17.35,Sambalpur
2015,11,24.02,6.04,52.97,2.31,17.71,Sambalpur
2015,12,24.61,7.19,51.31,2.03,16.79,Sambalpur
2015,13,24.45,7.49,54.8,1.75,15.16,Sambalpur
2015,14,25.11,10.27,60.47,1.79,14.62,Sambalpur
2015,15,25.27,10.64,59.3,1.97,15.93,Sambalpur
2015,16,25.11,9.29,61.49,2.49,17.57,Sambalpur
2015,17,24.75,8.74,61.54,3.01,16.64,Sambalpur
2015,18,23.78,6.51,56.29,2.74,18.3,Sambalpur
2015,19,24.31,6.54,53.45,2.59,18.41,Sambalpur
2015,20,24.67,7.45,54.94,2.25,18.05,Sambalpur
2015,21,25.72,9.26,53.1,1.82,17.61,Sambalpur
2015,22,26.43,10.8,48.51,1.24,18.05,Sambalpur
2015,23,27.61,10.64,58.27,2.18,17.18,Sambalpur
2015,24,27.58,12.2,65.76,2.63,15.77,Sambalpur
2015,25,27.87,13.44,63.96,2.26,16.69,Sambalpur
2015,26,28.51,13.74,60.4,1.91,14.55,Sambalpur
2015,27,28.78,14.31,62.29,1.99,16.48,Sambalpur
2015,28,28.64,13.42,67.56,2.3,16.0,Sambalpur
2015,29,28.81,14.17,67.04,2.37,15.6,Sambalpur
2015,30,26.79,14.05,69.32,2.89,13.71,Sambalpur
2015,31,25.24,8.03,44.89,2.66,19.59,Sambalpur
2015,32,26.38,7.77,44.16,2.23,19.97,Sambalpur
2015,33,27.46,9.12,46.08,2.05,19.52,Sambalpur
2015,34,29.26,12.16,47.1,1.49,20.22,Sambalpur
2015,35,30.25,12.7,45.68,2.2,19.95,Sambalpur
2015,36,28.73,13.56,56.28,2.33,16.99,Sambalpur
2015,37,28.82,14.09,51.15,2.42,15.56,Sambalpur
2015,38,28.75,13.24,47.65,2.16,18.21,Sambalpur
2015,39,29.36,13.97,50.36,1.78,16.94,Sambalpur
2015,40,27.09,14.36,58.46,2.76,16.75,Sambalpur
2015,41,27.72,16.24,60.85,2.22,15.83,Sambalpur
2015,42,29.07,14.94,53.35,2.13,14.72,Sambalpur
2015,43,27.75,15.01,63.86,2.05,11.79,Sambalpur
2015,44,29.18,15.99,57.43,2.27,18.05,Sambalpur
2015,45,30.12,12.22,46.75,2.64,20.51,Sambalpur
2015,46,31.41,14.83,42.06,2.02,21.42,Sambalpur
2015,47,31.25,14.27,44.95,2.34,19.76,Sambalpur
2015,48,31.93,15.32,43.37,2.27,20.13,Sambalpur
2015,49,33.02,16.65,38.28,1.9,20.25,Sambalpur
2015,50,32.84,15.75,41.79,2.58,19.92,Sambalpur
2015,51,32.24,14.6,39.31,2.53,20.45,Sambalpur
2015,52,33.22,14.64,39.45,2.96,20.63,Sambalpur
2015,53,33.91,15.62,40.6,2.83,22.16,Sambalpur
2015,54,33.7,15.52,37.76,2.75,22.29,Sambalpur
2015,55,34.49,15.47,37.74,2.54,21.95,Sambalpur
2015,56,34.68,15.48,36.6,2.4,21.08,Sambalpur
2015,57,35.42,18.77,31.18,1.68,22.42,Sambalpur
2015,58,34.23,18.91,35.24,1.41,19.09,Sambalpur
2015,59,34.7,17.71,48.88,2.41,20.8,Sambalpur
2015,60,33.8,18.12,47.58,2.84,15.63,Sambalpur
2015,61,32.37,18.34,61.95,3.48,8.38,Sambalpur
2015,62,30.52,20.42,63.61,2.85,20.14,Sambalpur
2015,63,30.99,18.94,55.03,3.33,18.1,Sambalpur
2015,64,31.58,14.7,41.08,3.79,24.5,Sambalpur
2015,65,31.92,14.6,41.6,2.94,23.92,Sambalpur
2015,66,32.81,15.2,38.02,2.64,24.27,Sambalpur
2015,67,33.77,16.08,37.85,2.09,23.29,Sambalpur
2015,68,35.34,18.71,37.96,1.98,18.74,Sambalpur
2015,69,35.76,20.54,41.74,2.59,20.11,Sambalpur
2015,70,35.85,18.92,39.33,3.01,22.6,Sambalpur
2015,71,36.49,18.88,35.17,2.69,22.87,Sambalpur
2015,72,36.45,18.85,33.78,2.67,22.33,Sambalpur
2015,73,36.84,20.5,37.14,2.19,20.86,Sambalpur
2015,74,36.94,21.89,38.07,2.68,19.76,Sambalpur
2015,75,37.4,20.99,36.25,2.7,16.22,Sambalpur
2015,76,36.01,21.8,41.73,2.67,21.41,Sambalpur
2015,77,35.56,21.6,44.7,2.71,19.93,Sambalpur
2015,78,36.12,20.75,37.94,3.19,25.02,Sambalpur
2015,79,35.81,18.48,29.74,2.97,24.96,Sambalpur
2015,80,36.62,18.49,27.35,3.49,25.72,Sambalpur
2015,81,38.12,18.86,28.62,3.51,25.49,Sambalpur
2015,82,38.71,21.06,31.78,2.53,24.28,Sambalpur
2015,83,38.52,21.93,31.93,2.71,24.37,Sambalpur
2015,84,39.22,21.96,30.96,1.97,23.02,Sambalpur
2015,85,39.09,22.78,35.97,1.53,21.22,Sambalpur
2015,86,36.86,23.68,46.07,2.49,20.16,Sambalpur
2015,87,38.94,23.19,42.01,2.62,22.05,Sambalpur
2015,88,39.38,23.58,32.25,2.17,24.1,Sambalpur
2015,89,36.33,24.62,44.3,4.5,7.88,Sambalpur
2015,90,37.22,22.74,41.46,2.29,22.25,Sambalpur
2015,91,38.56,25.79,32.73,3.37,22.86,Sambalpur
2015,92,40.15,24.69,30.32,4.21,24.73,Sambalpur
2015,93,40.84,22.16,27.8,4.29,25.86,Sambalpur
2015,94,41.42,24.01,27.1,3.95,23.54,Sambalpur
2015,95,40.14,23.72,25.75,3.48,25.35,Sambalpur
2015,96,40.02,23.96,28.36,2.72,22.92,Sambalpur
2015,97,40.12,24.93,32.29,2.39,21.88,Sambalpur
2015,98,37.93,25.02,42.97,2.63,22.96,Sambalpur
2015,99,36.14,23.57,42.08,2.83,25.37,Sambalpur
2015,100,39.41,25.2,37.61,1.89,25.34,Sambalpur
2015,101,38.54,25.88,35.2,2.05,14.61,Sambalpur
2015,102,34.78,24.43,45.49,3.47,6.77,Sambalpur
2015,103,29.68,23.19,57.94,1.87,14.51,Sambalpur
2015,104,32.4,22.18,57.57,2.3,15.16,Sambalpur
2015,105,34.52,21.78,52.66,1.23,19.44,Sambalpur
2015,106,35.9,23.45,50.94,1.37,23.88,Sambalpur
2015,107,37.65,23.93,46.33,3.23,25.48,Sambalpur
2015,108,39.36,23.86,42.9,2.59,26.16,Sambalpur
2015,109,41.73,24.76,38.31,3.31,26.09,Sambalpur
2015,110,42.49,25.49,33.1,2.49,25.7,Sambalpur
2015,111,42.53,28.4,29.59,4.65,24.25,Sambalpur
2015,112,43.45,28.77,25.5,5.73,22.88,Sambalpur
2015,113,42.94,28.42,26.09,4.43,23.59,Sambalpur
2015,114,42.07,27.83,30.28,4.13,22.89,Sambalpur
2015,115,39.28,26.69,44.0,3.49,23.86,Sambalpur
2015,116,37.62,24.65,49.05,2.98,26.18,Sambalpur
2015,117,39.13,24.73,46.23,3.17,25.09,Sambalpur
2015,118,40.89,26.2,40.63,3.4,24.68,Sambalpur
2015,119,39.52,25.67,52.8,2.55,23.81,Sambalpur
2015,120,39.47,25.95,46.94,2.32,23.72,Sambalpur
2015,121,41.85,26.02,37.91,2.1,24.91,Sambalpur
2015,122,41.79,26.25,33.44,3.28,25.47,Sambalpur
2015,123,41.5,26.36,38.31,1.53,25.38,Sambalpur
2015,124,40.1,28.2,36.62,1.9,24.43,Sambalpur
2015,125,41.6,26.86,35.68,3.23,24.47,Sambalpur
2015,126,43.09,26.72,33.01,3.86,25.56,Sambalpur
2015,127,42.73,26.45,29.69,3.27,25.28,Sambalpur
2015,128,44.05,26.67,24.3,2.69,24.65,Sambalpur
2015,129,43.61,27.08,28.37,2.02,24.33,Sambalpur
2015,130,41.42,28.86,29.9,1.74,16.78,Sambalpur
2015,131,37.34,28.49,37.88,4.66,7.21,Sambalpur
2015,132,40.24,26.47,43.04,2.62,25.43,Sambalpur
2015,133,42.59,28.43,30.63,2.79,23.33,Sambalpur
2015,134,41.83,29.66,32.27,1.69,21.67,Sambalpur
2015,135,41.6,30.65,34.9,2.78,19.67,Sambalpur
2015,136,36.86,28.89,46.53,1.94,11.96,Sambalpur
2015,137,40.12,27.15,43.94,2.36,26.63,Sambalpur
2015,138,42.37,27.16,39.01,3.53,25.47,Sambalpur
2015,139,44.48,27.57,41.0,4.09,23.6,Sambalpur
2015,140,45.07,28.93,39.16,4.22,24.28,Sambalpur
2015,141,46.07,28.11,23.39,3.57,27.12,Sambalpur
2015,142,46.67,27.66,23.57,3.12,27.0,Sambalpur
2015,143,46.45,31.24,20.8,2.79,24.1,Sambalpur
2015,144,46.64,30.19,18.04,2.43,26.82,Sambalpur
2015,145,46.87,30.95,22.23,3.12,26.16,Sambalpur
2015,146,47.12,32.16,21.83,2.75,24.29,Sambalpur
2015,147,44.9,30.6,37.46,4.77,23.56,Sambalpur
2015,148,45.24,31.16,29.11,2.87,27.0,Sambalpur
2015,149,45.66,28.44,33.95,2.74,26.89,Sambalpur
2015,150,44.37,30.75,38.77,3.35,26.13,Sambalpur
2015,151,40.95,31.47,43.05,4.0,20.95,Sambalpur
2015,152,37.67,27.5,56.46,3.07,21.52,Sambalpur
2015,153,40.39,27.08,47.38,1.9,22.02,Sambalpur
2015,154,35.71,28.57,59.1,3.04,20.66,Sambalpur
2015,155,36.59,25.8,62.77,3.2,20.33,Sambalpur
2015,156,34.98,26.86,62.41,1.76,17.98,Sambalpur
2015,157,35.87,27.04,61.47,2.8,21.74,Sambalpur
2015,158,38.47,26.18,57.95,2.51,21.42,Sambalpur
2015,159,40.25,28.24,50.34,3.69,23.04,Sambalpur
2015,160,41.96,28.16,46.49,5.02,24.77,Sambalpur
2015,161,43.59,29.03,40.07,3.68,24.18,Sambalpur
2015,162,43.7,30.19,41.21,3.23,19.88,Sambalpur
2015,163,32.77,27.39,71.01,4.77,12.02,Sambalpur
2015,164,33.16,26.64,70.22,3.26,18.34,Sambalpur
2015,165,33.03,26.17,75.48,2.84,15.86,Sambalpur
2015,166,30.04,26.02,78.72,4.63,16.55,Sambalpur
2015,167,34.13,26.01,67.88,3.47,17.35,Sambalpur
2015,168,35.39,25.08,66.74,2.7,19.51,Sambalpur
2015,169,36.84,26.5,65.59,3.54,22.94,Sambalpur
2015,170,37.33,26.12,62.08,4.3,21.72,Sambalpur
2015,171,35.79,26.96,66.38,6.39,17.96,Sambalpur
2015,172,35.29,26.39,70.63,8.18,13.36,Sambalpur
2015,173,30.53,25.55,84.2,7.12,5.11,Sambalpur
2015,174,28.17,25.17,84.85,8.96,4.69,Sambalpur
2015,175,33.37,25.23,78.24,5.81,19.51,Sambalpur
2015,176,33.79,25.5,74.66,6.49,19.48,Sambalpur
2015,177,34.49,25.29,70.13,6.58,15.56,Sambalpur
2015,178,35.52,24.96,67.82,4.95,21.06,Sambalpur
2015,179,35.65,25.68,72.85,3.28,20.13,Sambalpur
2015,180,30.66,25.8,82.32,3.76,17.67,Sambalpur
2015,181,32.78,25.1,76.14,2.71,14.61,Sambalpur
2015,182,32.06,24.92,79.67,4.41,16.55,Sambalpur
2015,183,30.8,25.41,83.01,4.5,14.51,Sambalpur
2015,184,29.52,25.09,84.47,4.07,18.85,Sambalpur
2015,185,33.83,24.8,76.74,3.87,20.35,Sambalpur
2015,186,33.49,26.32,78.43,3.73,21.02,Sambalpur
2015,187,30.42,25.76,87.03,3.73,16.76,Sambalpur
2015,188,29.56,25.64,88.33,3.86,13.74,Sambalpur
2015,189,31.57,24.82,84.46,4.11,7.99,Sambalpur
2015,190,30.25,25.41,89.63,4.65,9.4,Sambalpur
2015,191,27.78,24.66,92.66,6.35,3.22,Sambalpur
2015,192,30.96,24.3,84.51,3.88,12.5,Sambalpur
2015,193,30.95,24.96,81.98,2.74,19.25,Sambalpur
2015,194,32.39,24.94,81.05,2.67,21.92,Sambalpur
2015,195,31.98,25.96,84.12,2.99,20.96,Sambalpur
2015,196,30.63,26.28,88.82,3.42,17.46,Sambalpur
2015,197,29.24,25.73,90.29,3.27,12.51,Sambalpur
2015,198,29.72,24.64,87.81,2.76,14.31,Sambalpur
2015,199,31.15,24.74,83.82,3.59,11.5,Sambalpur
2015,200,31.85,24.42,84.44,4.99,17.27,Sambalpur
2015,201,30.55,24.45,85.87,4.75,13.37,Sambalpur
2015,202,31.73,24.55,83.78,2.75,14.21,Sambalpur
2015,203,31.61,25.52,87.33,1.48,14.49,Sambalpur
2015,204,28.87,25.75,91.33,3.11,11.55,Sambalpur
2015,205,29.33,25.1,89.47,3.5,13.97,Sambalpur
2015,206,29.08,24.63,90.86,3.55,11.42,Sambalpur
2015,207,28.41,24.52,91.31,3.62,17.6,Sambalpur
2015,208,30.42,23.68,84.61,5.47,21.23,Sambalpur
2015,209,29.75,24.11,85.77,4.88,18.92,Sambalpur
2015,210,30.68,24.12,84.76,4.73,22.33,Sambalpur
2015,211,29.88,24.7,86.25,5.21,15.34,Sambalpur
2015,212,29.15,24.74,88.58,4.06,18.47,Sambalpur
2015,213,28.82,24.28,88.07,3.92,14.51,Sambalpur
2015,214,28.43,24.33,90.96,5.73,14.9,Sambalpur
2015,215,29.37,24.38,91.01,5.4,4.07,Sambalpur
2015,216,30.34,23.21,86.64,5.05,16.45,Sambalpur
2015,217,30.54,22.1,85.58,3.11,16.1,Sambalpur
2015,218,29.73,23.06,86.8,3.45,9.71,Sambalpur
2015,219,31.59,23.42,84.87,2.32,15.09,Sambalpur
2015,220,31.96,24.46,82.15,1.93,20.46,Sambalpur
2015,221,31.21,25.5,82.17,0.83,20.09,Sambalpur
2015,222,32.06,25.41,81.68,1.46,19.1,Sambalpur
2015,223,31.57,25.54,87.16,2.94,23.16,Sambalpur
2015,224,29.88,25.11,90.36,2.53,14.99,Sambalpur
2015,225,31.09,25.79,87.18,3.36,20.02,Sambalpur
2015,226,29.24,25.53,90.84,2.98,18.2,Sambalpur
2015,227,31.38,24.23,86.55,3.29,16.62,Sambalpur
2015,228,30.86,24.46,89.68,3.53,12.78,Sambalpur
2015,229,29.7,25.45,89.47,4.27,16.28,Sambalpur
2015,230,31.19,24.3,86.9,3.99,18.74,Sambalpur
2015,231,30.43,25.41,87.66,4.37,15.81,Sambalpur
2015,232,30.49,24.78,87.94,3.84,17.39,Sambalpur
2015,233,30.52,24.38,85.78,4.04,19.95,Sambalpur
2015,234,30.35,23.8,86.37,3.93,18.5,Sambalpur
2015,235,30.71,23.86,86.63,3.8,16.26,Sambalpur
2015,236,29.7,24.49,87.92,3.38,17.63,Sambalpur
2015,237,30.56,24.28,87.93,3.29,18.81,Sambalpur
2015,238,30.08,24.94,88.81,2.77,13.11,Sambalpur
2015,239,32.19,24.85,83.9,1.8,14.65,Sambalpur
2015,240,31.62,25.51,87.82,3.16,14.43,Sambalpur
2015,241,29.55,25.09,92.63,2.22,13.62,Sambalpur
2015,242,29.34,25.64,91.04,3.11,11.85,Sambalpur
2015,243,30.62,25.27,89.43,2.76,11.8,Sambalpur
2015,244,29.47,25.02,89.76,2.92,14.98,Sambalpur
2015,245,30.96,23.92,86.87,2.35,16.58,Sambalpur
2015,246,30.61,23.82,85.31,1.68,19.82,Sambalpur
2015,247,30.96,24.79,85.72,2.42,19.78,Sambalpur
2015,248,31.14,24.15,85.82,2.44,15.79,Sambalpur
2015,249,31.19,24.35,83.84,2.12,21.1,Sambalpur
2015,250,31.39,23.42,83.65,2.46,20.45,Sambalpur
2015,251,30.7,23.78,84.29,3.12,21.58,Sambalpur
2015,252,31.38,23.56,83.13,2.98,22.91,Sambalpur
2015,253,31.3,23.41,80.99,2.01,21.05,Sambalpur
2015,254,30.12,25.21,81.3,0.76,16.49,Sambalpur
2015,255,29.66,24.73,87.91,2.23,18.91,Sambalpur
2015,256,30.12,24.15,84.87,1.71,21.75,Sambalpur
2015,257,31.39,24.97,85.6,2.11,21.26,Sambalpur
2015,258,29.85,25.04,90.09,4.14,15.47,Sambalpur
2015,259,28.42,25.27,94.35,5.55,11.43,Sambalpur
2015,260,30.31,25.15,90.8,6.22,14.77,Sambalpur
2015,261,31.05,24.2,87.84,2.96,20.28,Sambalpur
2015,262,30.47,24.4,85.87,1.2,19.19,Sambalpur
2015,263,27.32,24.66,94.27,3.12,6.6,Sambalpur
2015,264,28.68,23.16,90.13,4.42,6.85,Sambalpur
2015,265,30.73,23.87,87.82,3.75,19.69,Sambalpur
2015,266,30.21,24.07,88.89,3.75,18.79,Sambalpur
2015,267,29.43,24.09,86.67,2.91,21.01,Sambalpur
2015,268,28.87,23.62,85.27,2.55,20.93,Sambalpur
2015,269,29.74,22.31,82.53,2.31,21.67,Sambalpur
2015,270,30.4,20.34,72.4,0.96,21.62,Sambalpur
2015,271,30.44,21.84,73.41,1.1,20.56,Sambalpur
2015,272,30.8,22.93,72.71,0.89,19.95,Sambalpur
2015,273,31.32,23.59,72.69,0.92,19.66,Sambalpur
2015,274,31.18,24.5,78.82,1.0,19.38,Sambalpur
2015,275,30.31,24.47,86.2,1.63,19.22,Sambalpur
2015,276,31.68,24.34,81.71,1.78,18.13,Sambalpur
2015,277,31.76,23.33,76.12,2.21,18.16,Sambalpur
2015,278,30.59,19.61,68.23,1.99,21.47,Sambalpur
2015,279,30.86,19.66,71.96,1.84,20.99,Sambalpur
2015,280,30.32,22.44,80.19,1.79,15.5,Sambalpur
2015,281,30.87,22.5,76.69,2.64,18.4,Sambalpur
2015,282,30.4,19.5,78.07,2.73,21.09,Sambalpur
2015,283,30.79,18.99,77.26,2.49,21.73,Sambalpur
2015,284,30.78,20.21,77.25,1.96,21.13,Sambalpur
2015,285,30.99,20.91,74.36,1.54,20.15,Sambalpur
2015,286,30.72,20.16,77.13,1.26,18.93,Sambalpur
2015,287,30.23,21.64,77.85,1.22,18.22,Sambalpur
2015,288,29.17,21.15,81.37,1.7,17.78,Sambalpur
2015,289,29.77,21.38,78.02,0.98,17.95,Sambalpur
2015,290,30.57,22.45,71.42,0.74,20.01,Sambalpur
2015,291,30.66,22.04,64.24,0.76,20.37,Sambalpur
2015,292,29.98,20.21,75.64,1.61,18.84,Sambalpur
2015,293,30.33,20.22,79.09,2.02,18.81,Sambalpur
2015,294,30.5,19.63,71.32,1.02,19.24,Sambalpur
2015,295,30.15,20.71,75.23,1.4,18.47,Sambalpur
2015,296,29.77,21.32,79.99,2.23,17.5,Sambalpur
2015,297,30.28,19.32,67.97,1.31,18.96,Sambalpur
2015,298,29.83,18.35,62.57,1.03,19.81,Sambalpur
2015,299,29.12,18.75,65.61,0.82,19.8,Sambalpur
2015,300,28.72,18.8,76.99,1.31,18.87,Sambalpur
2015,301,29.02,19.07,78.52,1.36,18.36,Sambalpur
2015,302,27.74,18.58,83.68,2.58,12.55,Sambalpur
2015,303,26.62,19.6,86.06,2.24,10.11,Sambalpur
2015,304,27.65,19.82,86.37,3.2,12.55,Sambalpur
2015,305,27.88,19.15,87.45,3.88,16.39,Sambalpur
2015,306,28.2,19.98,87.01,3.27,17.8,Sambalpur
2015,307,28.26,19.58,79.99,1.44,18.41,Sambalpur
2015,308,28.7,18.71,70.63,1.3,17.67,Sambalpur
2015,309,28.78,18.22,69.7,1.72,17.12,Sambalpur
2015,310,28.87,18.0,70.89,1.3,18.18,Sambalpur
2015,311,29.38,18.69,72.28,1.03,17.1,Sambalpur
2015,312,28.47,18.59,75.16,1.35,16.8,Sambalpur
2015,313,28.0,17.05,71.55,1.79,14.63,Sambalpur
2015,314,27.46,17.79,70.99,1.47,14.86,Sambalpur
2015,315,28.69,17.34,68.19,1.69,16.93,Sambalpur
2015,316,28.04,16.66,69.53,1.53,16.73,Sambalpur
2015,317,27.82,16.4,73.03,1.92,17.4,Sambalpur
2015,318,27.93,15.42,69.78,1.56,16.81,Sambalpur
2015,319,28.16,16.35,68.68,1.47,15.4,Sambalpur
2015,320,27.95,16.26,69.45,1.41,15.2,Sambalpur
2015,321,28.29,16.23,73.93,1.81,11.25,Sambalpur
2015,322,27.27,15.25,76.16,1.48,16.38,Sambalpur
2015,323,27.48,14.69,74.2,2.39,15.05,Sambalpur
2015,324,27.69,15.11,72.89,2.38,16.67,Sambalpur
2015,325,27.4,14.43,70.7,1.82,17.06,Sambalpur
2015,326,27.15,14.05,68.06,1.59,17.15,Sambalpur
2015,327,27.12,14.81,66.19,1.07,16.54,Sambalpur
2015,328,26.79,15.62,69.8,0.99,15.39,Sambalpur
2015,329,27.45,15.51,73.3,1.5,15.1,Sambalpur
2015,330,27.84,14.96,69.64,1.92,15.49,Sambalpur
2015,331,27.99,14.78,64.71,1.29,16.18,Sambalpur
2015,332,28.7,16.99,66.03,1.31,14.99,Sambalpur
2015,333,28.19,16.5,69.62,1.34,14.06,Sambalpur
2015,334,27.35,18.59,71.52,1.16,8.61,Sambalpur
2015,335,29.15,17.43,72.27,1.46,11.43,Sambalpur
2015,336,28.91,17.92,69.29,1.01,13.76,Sambalpur
2015,337,28.17,17.92,72.81,1.31,13.68,Sambalpur
2015,338,28.32,17.5,75.02,1.35,14.24,Sambalpur
2015,339,27.97,16.49,75.35,1.8,12.89,Sambalpur
2015,340,27.24,15.14,70.71,1.95,14.66,Sambalpur
2015,341,26.31,12.12,64.68,2.14,14.6,Sambalpur
2015,342,26.75,12.11,63.82,1.83,15.11,Sambalpur
2015,343,26.81,12.39,59.81,1.31,16.58,Sambalpur
2015,344,26.64,12.87,56.79,1.44,16.81,Sambalpur
2015,345,27.91,15.42,55.36,1.5,12.09,Sambalpur
2015,346,28.52,16.33,69.8,2.14,11.09,Sambalpur
2015,347,28.2,17.5,80.48,2.12,9.97,Sambalpur
2015,348,28.1,18.64,83.27,2.15,6.23,Sambalpur
2015,349,26.86,15.68,76.16,2.6,10.61,Sambalpur
2015,350,26.5,12.63,70.41,2.47,11.14,Sambalpur
2015,351,27.8,16.97,82.14,2.39,7.46,Sambalpur
2015,352,25.63,15.18,74.83,2.65,7.89,Sambalpur
2015,353,24.87,9.87,57.87,2.54,14.86,Sambalpur
2015,354,25.71,9.97,63.88,2.11,14.49,Sambalpur
2015,355,24.78,15.57,84.6,2.18,7.83,Sambalpur
2015,356,26.27,16.85,87.15,2.19,8.64,Sambalpur
2015,357,25.74,16.86,86.21,2.27,6.2,Sambalpur
2015,358,25.57,16.92,83.99,2.47,8.41,Sambalpur
2015,359,24.63,12.13,65.55,3.39,12.27,Sambalpur
2015,360,22.99,7.42,54.08,2.47,16.54,Sambalpur
2015,361,24.48,8.07,52.89,1.94,17.26,Sambalpur
2015,362,26.32,9.92,51.85,2.07,16.92,Sambalpur
2015,363,27.2,11.18,53.2,1.86,16.95,Sambalpur
2015,364,27.23,11.25,52.89,1.67,16.68,Sambalpur
2015,365,27.76,11.57,52.0,1.6,16.73,Sambalpur
2016,1,28.17,12.07,52.46,1.66,16.67,Sambalpur
2016,2,27.05,13.33,55.11,1.43,14.15,Sambalpur
2016,3,26.32,12.26,57.28,1.86,14.62,Sambalpur
2016,4,26.55,10.15,47.34,1.87,16.31,Sambalpur
2016,5,26.83,10.03,49.88,2.06,16.6,Sambalpur
2016,6,27.78,11.85,49.12,1.39,16.72,Sambalpur
2016,7,27.23,11.59,49.42,1.45,13.96,Sambalpur
2016,8,27.79,13.48,53.26,1.93,14.82,Sambalpur
2016,9,27.68,13.56,55.56,2.04,14.22,Sambalpur
2016,10,27.11,12.36,54.82,2.36,16.17,Sambalpur
2016,11,26.63,10.39,44.87,1.85,17.46,Sambalpur
2016,12,26.97,9.83,44.03,1.74,17.51,Sambalpur
2016,13,26.79,9.47,45.54,1.78,15.97,Sambalpur
2016,14,27.8,12.93,43.65,1.23,15.01,Sambalpur
2016,15,27.33,13.76,50.76,1.49,14.97,Sambalpur
2016,16,28.38,15.08,54.71,1.73,13.85,Sambalpur
2016,17,28.38,15.62,60.13,2.29,7.63,Sambalpur
2016,18,28.23,14.21,66.97,2.43,12.29,Sambalpur
2016,19,29.66,15.33,66.44,3.67,8.63,Sambalpur
2016,20,26.51,15.42,69.44,3.28,9.92,Sambalpur
2016,21,24.45,10.92,53.75,3.68,17.41,Sambalpur
2016,22,24.3,8.1,51.59,2.76,17.97,Sambalpur
2016,23,24.93,6.77,42.17,2.28,18.81,Sambalpur
2016,24,25.74,6.8,38.02,1.91,19.21,Sambalpur
2016,25,26.67,7.5,40.64,2.0,18.47,Sambalpur
2016,26,27.47,9.27,42.65,2.04,17.65,Sambalpur
2016,27,27.61,11.88,50.61,1.92,13.03,Sambalpur
2016,28,29.46,12.05,46.87,2.07,17.1,Sambalpur
2016,29,29.78,12.22,42.05,2.07,18.18,Sambalpur
2016,30,31.03,12.95,44.0,2.56,18.29,Sambalpur
2016,31,32.5,15.69,38.84,1.95,19.0,Sambalpur
2016,32,31.39,14.41,45.51,2.36,18.62,Sambalpur
2016,33,31.74,14.65,46.15,2.31,17.87,Sambalpur
2016,34,31.17,14.61,48.5,2.54,16.11,Sambalpur
2016,35,30.22,13.58,46.43,2.77,16.85,Sambalpur
2016,36,30.27,13.61,47.88,2.28,18.09,Sambalpur
2016,37,30.92,12.49,41.55,2.24,19.26,Sambalpur
2016,38,32.2,14.64,44.32,1.79,16.44,Sambalpur
2016,39,32.19,16.4,57.86,2.89,16.41,Sambalpur
2016,40,30.62,14.07,40.25,2.78,17.49,Sambalpur
2016,41,31.2,12.96,35.82,2.25,19.39,Sambalpur
2016,42,29.82,15.7,52.88,2.49,13.26,Sambalpur
2016,43,33.12,19.54,49.47,1.76,16.93,Sambalpur
2016,44,33.4,19.22,48.88,2.0,15.08,Sambalpur
2016,45,33.41,20.15,50.98,1.91,14.17,Sambalpur
2016,46,33.78,20.75,45.9,2.32,15.05,Sambalpur
2016,47,34.98,19.74,47.02,2.61,16.04,Sambalpur
2016,48,35.15,18.66,45.01,1.81,18.87,Sambalpur
2016,49,35.68,19.88,41.05,2.18,19.57,Sambalpur
2016,50,36.35,20.5,38.47,2.22,19.95,Sambalpur
2016,51,36.9,20.25,35.01,2.44,19.91,Sambalpur
2016,52,35.88,20.6,36.31,2.89,17.52,Sambalpur
2016,53,36.08,20.73,38.25,2.42,17.56,Sambalpur
2016,54,36.1,20.0,27.63,2.64,16.66,Sambalpur
2016,55,34.84,22.5,47.99,2.32,13.42,Sambalpur
2016,56,34.03,22.34,46.21,3.45,12.9,Sambalpur
2016,57,32.61,22.91,63.11,3.98,14.46,Sambalpur
2016,58,27.75,21.44,72.12,2.62,12.13,Sambalpur
2016,59,33.41,18.37,56.76,1.72,18.28,Sambalpur
2016,60,34.56,18.83,36.61,1.49,17.91,Sambalpur
2016,61,34.58,19.9,36.15,1.05,16.16,Sambalpur
2016,62,35.08,19.4,31.29,1.44,18.88,Sambalpur
2016,63,36.16,17.83,26.62,2.3,18.5,Sambalpur
2016,64,36.76,20.89,26.15,1.72,20.07,Sambalpur
2016,65,36.88,21.81,30.1,1.65,18.73,Sambalpur
2016,66,37.4,23.37,33.69,2.07,14.85,Sambalpur
2016,67,36.57,20.39,41.79,2.5,15.19,Sambalpur
2016,68,36.82,21.51,37.64,1.93,17.51,Sambalpur
2016,69,37.06,22.92,36.2,2.24,16.41,Sambalpur
2016,70,37.89,24.11,36.65,2.26,15.72,Sambalpur
2016,71,37.52,23.44,33.78,2.02,20.15,Sambalpur
2016,72,36.41,23.86,34.42,1.8,19.9,Sambalpur
2016,73,38.5,22.63,35.21,3.65,15.73,Sambalpur
2016,74,34.13,20.88,57.36,3.27,12.92,Sambalpur
2016,75,33.22,21.74,61.51,2.38,21.41,Sambalpur
2016,76,35.03,21.35,44.66,2.77,22.81,Sambalpur
2016,77,35.7,20.87,36.36,2.31,21.68,Sambalpur
2016,78,37.53,21.88,39.77,1.67,20.78,Sambalpur
2016,79,39.49,25.82,38.06,2.47,19.08,Sambalpur
2016,80,39.12,22.78,30.98,3.22,23.75,Sambalpur
2016,81,39.36,21.71,27.99,2.52,23.68,Sambalpur
2016,82,38.93,21.8,23.14,1.95,23.38,Sambalpur
2016,83,39.07,19.91,20.2,2.64,24.84,Sambalpur
2016,84,38.78,18.87,19.06,2.55,24.04,Sambalpur
2016,85,39.5,19.35,22.13,1.68,21.98,Sambalpur
2016,86,40.0,21.46,34.3,1.32,20.61,Sambalpur
2016,87,41.1,22.0,27.89,1.82,21.06,Sambalpur
2016,88,37.14,23.34,37.43,3.06,20.35,Sambalpur
2016,89,38.7,22.88,31.66,1.49,22.55,Sambalpur
2016,90,39.69,24.81,31.21,1.06,20.95,Sambalpur
2016,91,39.7,24.75,28.87,1.79,23.13,Sambalpur
2016,92,40.56,23.78,25.56,1.91,23.47,Sambalpur
2016,93,41.44,24.56,27.49,1.31,24.9,Sambalpur
2016,94,42.68,24.8,24.91,1.69,24.88,Sambalpur
2016,95,42.88,26.99,21.98,1.1,22.38,Sambalpur
2016,96,42.05,27.21,25.51,3.38,22.67,Sambalpur
2016,97,40.27,29.78,26.83,3.86,21.05,Sambalpur
2016,98,41.42,28.35,29.57,4.13,21.3,Sambalpur
2016,99,41.79,26.68,30.82,2.67,22.72,Sambalpur
2016,100,42.49,26.66,29.49,2.3,22.89,Sambalpur
2016,101,43.21,27.54,24.54,3.3,24.51,Sambalpur
2016,102,43.48,27.4,23.02,4.07,23.52,Sambalpur
2016,103,43.45,27.73,20.78,3.72,25.66,Sambalpur
2016,104,42.97,27.75,19.86,3.11,26.37,Sambalpur
2016,105,43.48,25.12,16.31,2.84,27.67,Sambalpur
2016,106,44.44,25.16,15.41,2.07,27.24,Sambalpur
2016,107,44.75,26.33,17.96,3.47,26.07,Sambalpur
2016,108,45.19,27.11,21.43,4.39,25.29,Sambalpur
2016,109,44.67,29.85,22.9,4.4,23.65,Sambalpur
2016,110,44.6,29.1,25.3,3.71,25.95,Sambalpur
2016,111,45.33,28.74,20.29,2.74,25.65,Sambalpur
2016,112,45.19,31.37,22.66,3.79,24.9,Sambalpur
2016,113,46.03,29.57,18.19,3.67,26.52,Sambalpur
2016,114,44.95,28.07,15.58,5.01,27.69,Sambalpur
2016,115,44.41,27.87,17.42,3.34,27.61,Sambalpur
2016,116,44.32,26.97,19.1,2.33,27.71,Sambalpur
2016,117,44.61,27.84,30.68,2.1,25.84,Sambalpur
2016,118,44.44,29.21,31.18,3.75,25.4,Sambalpur
2016,119,44.1,30.19,22.08,2.25,21.66,Sambalpur
2016,120,43.7,30.42,27.16,3.4,20.02,Sambalpur
2016,121,43.1,28.6,33.79,3.67,20.75,Sambalpur
2016,122,43.86,27.41,28.65,4.26,26.22,Sambalpur
2016,123,44.5,26.36,19.93,2.26,25.87,Sambalpur
2016,124,37.57,29.38,30.87,4.21,22.38,Sambalpur
2016,125,41.77,26.52,31.27,2.39,25.34,Sambalpur
2016,126,39.77,27.8,33.31,2.81,25.52,Sambalpur
2016,127,40.3,26.33,31.79,2.96,24.37,Sambalpur
2016,128,40.64,27.25,33.05,3.01,26.6,Sambalpur
2016,129,41.66,27.59,29.09,1.99,24.74,Sambalpur
2016,130,41.86,29.63,32.64,2.61,22.8,Sambalpur
2016,131,42.05,28.25,34.6,1.89,23.17,Sambalpur
2016,132,41.63,27.94,40.69,2.39,24.15,Sambalpur
2016,133,43.46,29.48,34.26,2.43,23.83,Sambalpur
2016,134,44.09,29.65,34.38,4.33,25.8,Sambalpur
2016,135,44.04,30.18,35.08,3.18,22.74,Sambalpur
2016,136,44.1,29.87,39.65,3.98,25.87,Sambalpur
2016,137,44.19,30.65,37.05,4.53,24.23,Sambalpur
2016,138,43.86,30.74,37.03,4.81,23.15,Sambalpur
2016,139,42.79,29.15,42.47,5.03,23.91,Sambalpur
2016,140,36.93,27.66,53.3,4.98,22.85,Sambalpur
2016,141,40.49,27.4,47.52,4.57,17.21,Sambalpur
2016,142,42.82,27.17,39.37,1.8,24.41,Sambalpur
2016,143,45.38,29.98,36.36,4.14,23.8,Sambalpur
2016,144,45.63,32.29,28.31,4.5,25.17,Sambalpur
2016,145,43.45,29.94,39.47,2.86,25.47,Sambalpur
2016,146,43.98,30.64,32.29,3.82,23.27,Sambalpur
2016,147,42.89,28.59,31.04,2.92,25.37,Sambalpur
2016,148,43.35,30.03,36.25,3.09,24.45,Sambalpur
2016,149,42.52,29.35,41.91,2.92,23.32,Sambalpur
2016,150,41.35,29.15,39.2,1.61,17.09,Sambalpur
2016,151,42.44,28.38,40.77,2.2,23.84,Sambalpur
2016,152,42.65,28.68,41.03,2.42,22.5,Sambalpur
2016,153,42.97,29.4,41.05,3.0,23.64,Sambalpur
2016,154,42.34,29.53,43.38,3.66,23.29,Sambalpur
2016,155,38.47,29.61,53.89,4.69,21.19,Sambalpur
2016,156,35.2,27.93,61.73,4.16,24.06,Sambalpur
2016,157,39.03,26.51,52.17,3.23,25.17,Sambalpur
2016,158,37.03,28.5,53.87,3.2,24.92,Sambalpur
2016,159,36.44,28.56,56.35,2.74,23.79,Sambalpur
2016,160,37.19,27.89,59.35,2.26,20.42,Sambalpur
2016,161,38.83,27.35,58.2,3.65,23.13,Sambalpur
2016,162,42.4,29.21,43.46,4.98,23.91,Sambalpur
2016,163,41.95,29.54,43.51,4.55,22.63,Sambalpur
2016,164,42.87,29.61,45.12,4.13,22.69,Sambalpur
2016,165,40.57,29.66,49.18,4.07,22.35,Sambalpur
2016,166,40.75,28.63,49.06,4.88,23.32,Sambalpur
2016,167,42.14,29.56,45.46,3.56,22.59,Sambalpur
2016,168,33.76,28.12,63.09,1.64,15.55,Sambalpur
2016,169,34.19,26.42,65.73,1.33,16.71,Sambalpur
2016,170,29.98,27.15,78.7,1.94,14.86,Sambalpur
2016,171,34.76,25.38,69.35,3.57,18.21,Sambalpur
2016,172,36.08,25.6,65.95,3.95,21.55,Sambalpur
2016,173,36.94,26.13,61.78,3.35,23.73,Sambalpur
2016,174,35.19,27.68,62.58,2.39,20.76,Sambalpur
2016,175,32.91,27.74,68.91,1.76,18.1,Sambalpur
2016,176,32.66,27.31,72.92,1.82,18.33,Sambalpur
2016,177,36.59,26.55,64.61,2.18,24.05,Sambalpur
2016,178,36.55,26.78,61.93,2.14,24.25,Sambalpur
2016,179,35.69,27.27,64.47,2.03,17.46,Sambalpur
2016,180,36.12,26.55,72.39,4.31,17.19,Sambalpur
2016,181,35.19,25.58,71.91,5.43,19.81,Sambalpur
2016,182,35.99,26.24,69.83,4.64,17.83,Sambalpur
2016,183,37.05,26.69,68.03,1.83,20.77,Sambalpur
2016,184,33.65,27.03,75.7,3.4,10.72,Sambalpur
2016,185,30.88,26.03,82.12,5.7,9.15,Sambalpur
2016,186,30.54,25.16,83.23,6.53,7.8,Sambalpur
2016,187,32.72,25.02,78.57,6.91,8.03,Sambalpur
2016,188,33.33,25.03,77.06,7.4,10.96,Sambalpur
2016,189,32.22,24.91,80.9,4.83,5.69,Sambalpur
2016,190,30.64,25.25,83.83,5.05,9.92,Sambalpur
2016,191,33.46,24.15,77.39,4.01,12.11,Sambalpur
2016,192,34.18,24.85,77.61,2.73,11.83,Sambalpur
2016,193,32.68,25.0,79.19,4.39,11.13,Sambalpur
2016,194,34.08,24.5,75.36,3.64,11.16,Sambalpur
2016,195,33.56,24.65,73.55,4.94,9.81,Sambalpur
2016,196,33.89,25.49,75.86,5.24,14.54,Sambalpur
2016,197,31.13,25.8,83.35,4.36,11.95,Sambalpur
2016,198,31.46,25.1,84.17,5.03,9.94,Sambalpur
2016,199,31.16,24.86,84.36,4.41,14.66,Sambalpur
2016,200,31.47,24.26,82.39,4.07,15.84,Sambalpur
2016,201,31.24,24.22,82.25,3.89,10.84,Sambalpur
2016,202,30.27,24.79,85.24,1.97,15.08,Sambalpur
2016,203,33.04,25.19,80.23,1.97,16.37,Sambalpur
2016,204,32.6,24.67,81.46,3.37,17.21,Sambalpur
2016,205,31.5,24.73,83.15,3.44,19.51,Sambalpur
2016,206,31.99,24.29,82.91,3.13,20.11,Sambalpur
2016,207,29.34,24.79,87.96,2.72,15.48,Sambalpur
2016,208,29.56,24.44,87.25,3.68,9.83,Sambalpur
2016,209,32.1,23.7,80.18,3.19,18.96,Sambalpur
2016,210,32.24,23.93,78.02,2.57,20.88,Sambalpur
2016,211,31.75,24.62,79.61,1.74,19.86,Sambalpur
2016,212,31.54,25.25,80.41,1.28,18.0,Sambalpur
2016,213,30.8,24.97,83.05,2.15,16.45,Sambalpur
2016,214,30.72,24.5,85.71,3.1,16.8,Sambalpur
2016,215,28.48,24.73,89.39,2.68,10.16,Sambalpur
2016,216,30.19,24.55,88.62,3.93,13.27,Sambalpur
2016,217,29.74,24.28,89.57,3.92,10.22,Sambalpur
2016,218,30.19,24.85,89.57,4.83,11.07,Sambalpur
2016,219,30.18,24.11,88.26,3.67,6.41,Sambalpur
2016,220,30.19,25.01,85.79,4.94,10.1,Sambalpur
2016,221,30.51,24.45,84.95,4.43,17.58,Sambalpur
2016,222,28.37,24.18,90.3,3.97,13.1,Sambalpur
2016,223,28.22,24.71,90.87,5.32,7.25,Sambalpur
2016,224,30.11,23.99,88.37,5.11,11.39,Sambalpur
2016,225,29.71,24.65,88.59,5.4,15.43,Sambalpur
2016,226,31.15,23.96,86.66,5.17,13.83,Sambalpur
2016,227,31.56,25.13,85.88,4.62,15.55,Sambalpur
2016,228,29.43,25.07,91.94,5.02,7.2,Sambalpur
2016,229,28.19,24.42,91.69,6.9,7.46,Sambalpur
2016,230,28.81,25.4,90.37,5.33,9.83,Sambalpur
2016,231,28.01,24.19,87.58,7.56,9.92,Sambalpur
2016,232,31.52,23.41,83.01,4.67,21.75,Sambalpur
2016,233,31.38,22.49,81.4,2.98,22.27,Sambalpur
2016,234,31.49,23.41,82.63,3.64,21.42,Sambalpur
2016,235,29.51,24.23,87.54,3.35,11.66,Sambalpur
2016,236,29.84,23.91,83.79,3.18,15.86,Sambalpur
2016,237,30.99,24.41,81.81,1.84,19.97,Sambalpur
2016,238,31.79,24.81,81.46,1.59,18.39,Sambalpur
2016,239,30.32,24.73,85.69,2.57,16.76,Sambalpur
2016,240,31.04,24.57,87.11,3.79,20.64,Sambalpur
2016,241,31.53,24.4,84.72,1.85,23.36,Sambalpur
2016,242,32.21,24.75,81.8,1.5,22.08,Sambalpur
2016,243,31.6,24.37,86.03,2.24,17.78,Sambalpur
2016,244,30.63,24.36,86.39,2.68,17.14,Sambalpur
2016,245,29.39,23.95,90.67,2.22,8.65,Sambalpur
2016,246,29.59,24.46,90.36,3.76,14.85,Sambalpur
2016,247,29.59,24.62,90.93,3.51,9.47,Sambalpur
2016,248,28.99,24.82,90.63,4.02,6.89,Sambalpur
2016,249,29.39,24.13,89.5,4.41,8.53,Sambalpur
2016,250,30.35,23.48,85.91,3.9,13.71,Sambalpur
2016,251,28.67,23.33,89.25,4.26,7.84,Sambalpur
2016,252,29.06,23.95,91.48,3.78,9.86,Sambalpur
2016,253,28.7,24.64,92.01,3.15,15.9,Sambalpur
2016,254,31.15,24.97,88.72,2.27,12.35,Sambalpur
2016,255,31.35,24.54,87.53,2.21,16.7,Sambalpur
2016,256,30.03,24.93,89.61,2.88,18.13,Sambalpur
2016,257,29.7,24.48,89.35,3.08,17.88,Sambalpur
2016,258,30.85,23.77,87.97,2.88,17.44,Sambalpur
2016,259,30.45,23.99,87.6,2.77,19.17,Sambalpur
2016,260,30.76,24.16,86.13,2.34,19.8,Sambalpur
2016,261,30.89,24.34,87.56,2.33,18.86,Sambalpur
2016,262,30.43,24.14,87.94,2.12,20.18,Sambalpur
2016,263,31.22,24.21,84.37,1.07,18.95,Sambalpur
2016,264,28.92,25.3,89.91,1.28,17.51,Sambalpur
2016,265,30.83,24.2,88.39,3.02,19.17,Sambalpur
2016,266,29.55,24.28,89.56,3.62,15.75,Sambalpur
2016,267,29.5,24.17,88.88,2.87,16.59,Sambalpur
2016,268,29.19,24.04,90.78,3.35,16.51,Sambalpur
2016,269,30.6,23.89,88.29,2.24,18.04,Sambalpur
2016,270,30.36,24.26,88.31,3.02,17.56,Sambalpur
2016,271,30.12,24.48,89.24,3.37,14.21,Sambalpur
2016,272,29.91,24.49,89.76,3.47,15.93,Sambalpur
2016,273,30.18,24.31,88.52,4.07,16.19,Sambalpur
2016,274,29.74,24.34,90.59,3.94,16.19,Sambalpur
2016,275,29.89,23.98,89.11,3.89,17.74,Sambalpur
2016,276,29.91,23.77,87.25,2.72,15.89,Sambalpur
2016,277,30.55,23.64,84.69,1.29,18.79,Sambalpur
2016,278,30.29,23.93,86.91,2.43,18.12,Sambalpur
2016,279,29.87,23.71,88.1,2.44,18.64,Sambalpur
2016,280,29.32,23.91,90.77,2.1,13.89,Sambalpur
2016,281,28.94,24.26,88.35,1.74,14.89,Sambalpur
2016,282,27.78,23.7,92.03,2.15,13.6,Sambalpur
2016,283,30.22,23.75,88.45,2.75,13.35,Sambalpur
2016,284,28.57,23.03,88.42,2.52,17.5,Sambalpur
2016,285,30.49,19.94,82.92,2.45,19.04,Sambalpur
2016,286,30.74,20.95,79.09,2.24,19.7,Sambalpur
2016,287,30.35,20.37,71.04,1.48,20.48,Sambalpur
2016,288,29.76,19.25,68.34,2.25,21.05,Sambalpur
2016,289,28.98,17.03,66.51,2.02,21.17,Sambalpur
2016,290,28.83,17.22,67.12,1.54,21.06,Sambalpur
2016,291,28.74,17.7,71.98,1.62,21.01,Sambalpur
2016,292,28.91,18.05,74.86,1.77,20.55,Sambalpur
2016,293,29.14,18.37,71.27,1.66,19.41,Sambalpur
2016,294,28.6,16.96,69.23,2.08,20.7,Sambalpur
2016,295,28.64,16.51,69.82,1.89,20.47,Sambalpur
2016,296,28.97,17.58,72.03,2.05,20.21,Sambalpur
2016,297,28.28,16.21,75.85,2.55,20.2,Sambalpur
2016,298,28.3,15.97,77.91,2.89,18.3,Sambalpur
2016,299,28.33,16.7,75.8,2.71,19.52,Sambalpur
2016,300,28.42,15.2,75.88,3.02,19.67,Sambalpur
2016,301,27.5,16.09,82.1,3.16,17.31,Sambalpur
2016,302,28.66,19.33,85.97,3.03,16.12,Sambalpur
2016,303,28.26,20.0,85.06,3.15,15.38,Sambalpur
2016,304,27.99,18.43,79.56,2.59,18.24,Sambalpur
2016,305,27.66,17.09,79.93,2.52,18.23,Sambalpur
2016,306,28.29,17.94,82.74,2.35,17.77,Sambalpur
2016,307,28.56,18.49,81.08,2.24,18.2,Sambalpur
2016,308,28.68,19.05,84.29,3.02,18.26,Sambalpur
2016,309,27.4,20.52,87.52,2.93,13.08,Sambalpur
2016,310,28.35,19.27,83.59,3.38,18.25,Sambalpur
2016,311,27.2,17.56,78.03,2.99,17.13,Sambalpur
2016,312,27.19,14.22,77.14,2.87,15.8,Sambalpur
2016,313,26.81,13.56,71.45,2.29,16.85,Sambalpur
2016,314,25.4,12.41,72.01,2.2,15.51,Sambalpur
2016,315,23.63,12.55,73.83,1.56,14.4,Sambalpur
2016,316,25.53,13.16,72.05,0.91,15.41,Sambalpur
2016,317,26.21,13.84,69.11,0.8,16.93,Sambalpur
2016,318,26.72,15.37,70.02,0.8,17.01,Sambalpur
2016,319,27.21,15.73,75.72,1.36,16.04,Sambalpur
2016,320,27.03,16.98,80.13,1.65,15.03,Sambalpur
2016,321,26.29,15.61,70.15,2.54,16.98,Sambalpur
2016,322,25.23,12.61,70.32,2.31,17.81,Sambalpur
2016,323,25.35,11.93,70.41,1.71,18.46,Sambalpur
2016,324,25.66,11.78,67.3,1.54,17.9,Sambalpur
2016,325,25.91,12.28,68.37,1.77,17.51,Sambalpur
2016,326,25.15,11.87,70.45,2.09,16.96,Sambalpur
2016,327,25.39,11.21,71.57,2.23,16.69,Sambalpur
2016,328,25.08,11.3,69.61,1.86,17.74,Sambalpur
2016,329,25.61,11.63,69.81,2.03,17.94,Sambalpur
2016,330,25.78,10.61,73.21,2.4,17.5,Sambalpur
2016,331,25.66,11.67,72.89,2.59,17.8,Sambalpur
2016,332,25.97,11.07,78.99,2.78,17.58,Sambalpur
2016,333,25.9,11.94,78.7,2.53,16.55,Sambalpur
2016,334,25.69,10.98,72.25,2.05,17.48,Sambalpur
2016,335,25.66,10.81,68.56,1.51,15.9,Sambalpur
2016,336,25.59,13.69,72.29,1.35,13.23,Sambalpur
2016,337,26.91,15.52,78.82,1.67,15.23,Sambalpur
2016,338,26.95,15.16,80.52,2.14,14.26,Sambalpur
2016,339,26.46,14.68,79.68,2.66,14.94,Sambalpur
2016,340,25.83,12.92,77.81,2.47,15.79,Sambalpur
2016,341,26.03,12.23,72.46,2.21,17.15,Sambalpur
2016,342,25.91,11.64,73.41,2.3,17.02,Sambalpur
2016,343,25.66,11.8,74.42,2.08,16.48,Sambalpur
2016,344,25.41,11.59,73.9,2.24,16.9,Sambalpur
2016,345,25.23,10.88,74.26,2.51,16.88,Sambalpur
2016,346,24.74,10.1,68.92,2.65,16.08,Sambalpur
2016,347,27.0,12.19,67.02,3.22,16.38,Sambalpur
2016,348,26.83,12.09,66.83,2.95,17.08,Sambalpur
2016,349,25.98,12.22,66.31,2.92,15.47,Sambalpur
2016,350,26.13,11.26,68.75,2.77,16.94,Sambalpur
2016,351,24.58,9.87,69.55,2.73,16.54,Sambalpur
2016,352,24.17,9.41,66.99,2.57,16.41,Sambalpur
2016,353,24.44,8.63,65.8,2.27,16.33,Sambalpur
2016,354,24.7,8.88,66.33,2.35,16.44,Sambalpur
2016,355,24.76,9.74,63.09,2.35,16.53,Sambalpur
2016,356,25.24,8.2,62.62,2.71,16.84,Sambalpur
2016,357,24.12,7.49,62.19,2.28,16.94,Sambalpur
2016,358,24.22,8.02,64.81,2.2,15.2,Sambalpur
2016,359,24.47,9.96,61.1,1.4,14.67,Sambalpur
2016,360,25.19,11.3,60.39,1.51,15.36,Sambalpur
2016,361,26.3,10.61,65.51,2.43,15.64,Sambalpur
2016,362,25.98,8.5,67.1,2.67,13.45,Sambalpur
2016,363,25.34,9.99,70.68,2.28,12.55,Sambalpur
2016,364,25.65,10.42,64.75,1.91,13.72,Sambalpur
2016,365,26.13,10.31,61.85,2.03,14.12,Sambalpur
2016,366,27.05,10.6,60.78,1.78,14.12,Sambalpur
2017,1,26.94,12.01,64.62,1.53,14.78,Sambalpur
2017,2,26.63,12.33,74.6,2.18,12.37,Sambalpur
2017,3,25.74,13.94,76.17,2.32,13.31,Sambalpur
2017,4,25.67,11.81,71.65,2.49,16.1,Sambalpur
2017,5,25.8,10.34,61.62,2.36,17.06,Sambalpur
2017,6,26.44,9.91,54.36,1.71,17.47,Sambalpur
2017,7,26.74,11.24,49.07,1.27,17.0,Sambalpur
2017,8,26.9,12.22,56.69,1.78,15.94,Sambalpur
2017,9,27.22,12.32,56.38,1.43,15.36,Sambalpur
2017,10,26.8,13.23,66.32,2.32,7.41,Sambalpur
2017,11,24.66,13.77,73.5,2.42,10.87,Sambalpur
2017,12,24.46,10.93,64.12,2.41,12.14,Sambalpur
2017,13,24.15,9.6,62.41,2.37,14.9,Sambalpur
2017,14,24.48,8.29,58.27,2.6,16.72,Sambalpur
2017,15,25.09,8.0,53.49,2.34,17.57,Sambalpur
2017,16,26.84,8.16,51.59,2.17,17.83,Sambalpur
2017,17,27.53,12.3,49.97,1.52,15.97,Sambalpur
2017,18,28.44,12.66,58.56,2.24,16.17,Sambalpur
2017,19,28.24,12.04,60.43,3.17,17.83,Sambalpur
2017,20,29.1,12.2,59.37,2.97,16.66,Sambalpur
2017,21,29.32,12.41,59.1,2.56,17.91,Sambalpur
2017,22,29.76,12.13,53.21,3.05,18.54,Sambalpur
2017,23,29.46,12.01,53.12,3.07,18.33,Sambalpur
2017,24,29.29,11.84,54.79,2.74,18.4,Sambalpur
2017,25,29.59,12.14,54.21,2.35,18.82,Sambalpur
2017,26,29.43,12.7,53.41,1.99,11.89,Sambalpur
2017,27,30.52,16.43,54.44,2.97,14.54,Sambalpur
2017,28,28.52,14.17,61.86,2.95,16.78,Sambalpur
2017,29,28.77,10.71,50.75,2.55,18.99,Sambalpur
2017,30,30.37,11.48,46.93,2.16,19.92,Sambalpur
2017,31,30.59,11.62,46.89,2.34,19.32,Sambalpur
2017,32,30.51,11.97,44.73,2.77,18.94,Sambalpur
2017,33,29.71,12.24,50.11,2.65,16.61,Sambalpur
2017,34,28.86,11.69,50.03,2.65,17.28,Sambalpur
2017,35,29.93,10.86,45.08,2.35,19.32,Sambalpur
2017,36,31.04,13.38,45.01,1.91,19.72,Sambalpur
2017,37,32.01,13.7,39.87,2.22,19.95,Sambalpur
2017,38,31.39,14.5,45.55,2.88,19.61,Sambalpur
2017,39,32.02,12.83,39.87,2.51,20.81,Sambalpur
2017,40,32.15,13.17,35.76,2.06,20.99,Sambalpur
2017,41,32.19,14.39,34.65,1.7,19.29,Sambalpur
2017,42,32.0,14.9,43.2,2.05,17.53,Sambalpur
2017,43,31.75,15.5,57.38,2.3,13.14,Sambalpur
2017,44,31.94,17.38,49.55,1.42,17.92,Sambalpur
2017,45,32.06,16.98,49.09,2.46,18.25,Sambalpur
2017,46,32.58,15.63,46.6,2.72,19.41,Sambalpur
2017,47,32.67,14.98,40.79,2.89,20.21,Sambalpur
2017,48,32.4,14.99,38.32,2.6,20.18,Sambalpur
2017,49,33.32,15.47,43.22,2.47,19.8,Sambalpur
2017,50,33.13,16.56,45.47,2.83,19.41,Sambalpur
2017,51,34.47,15.44,41.25,3.06,21.15,Sambalpur
2017,52,35.53,15.9,32.22,3.01,22.05,Sambalpur
2017,53,35.78,17.39,33.7,2.81,21.77,Sambalpur
2017,54,35.42,16.11,32.11,2.77,22.68,Sambalpur
2017,55,33.07,14.1,28.92,3.14,23.37,Sambalpur
2017,56,32.89,12.31,24.94,3.03,24.23,Sambalpur
2017,57,34.35,13.45,25.41,2.55,23.75,Sambalpur
2017,58,34.87,14.81,26.84,2.31,23.34,Sambalpur
2017,59,34.7,14.83,26.71,2.96,23.69,Sambalpur
2017,60,36.26,15.41,25.21,2.4,21.82,Sambalpur
2017,61,35.99,18.15,26.14,1.48,22.95,Sambalpur
2017,62,36.78,17.58,28.28,2.33,20.84,Sambalpur
2017,63,36.29,18.53,29.49,2.21,18.83,Sambalpur
2017,64,36.15,18.42,31.57,2.99,20.94,Sambalpur
2017,65,34.92,17.55,30.28,3.26,21.48,Sambalpur
2017,66,35.86,17.9,29.18,2.69,14.16,Sambalpur
2017,67,31.28,21.5,60.88,2.51,10.7,Sambalpur
2017,68,35.15,20.91,56.13,3.65,16.87,Sambalpur
2017,69,35.46,19.73,52.0,3.42,10.4,Sambalpur
2017,70,33.07,19.58,56.99,3.82,19.63,Sambalpur
2017,71,33.07,18.98,44.46,3.19,23.02,Sambalpur
2017,72,32.4,14.07,32.7,2.52,24.59,Sambalpur
2017,73,32.91,15.61,39.45,2.32,23.24,Sambalpur
2017,74,33.42,15.64,31.8,2.38,23.21,Sambalpur
2017,75,34.43,14.5,25.24,2.76,24.32,Sambalpur
2017,76,35.52,16.69,29.77,2.46,21.76,Sambalpur
2017,77,36.06,21.65,34.18,2.46,23.89,Sambalpur
2017,78,37.29,19.05,30.97,3.82,20.13,Sambalpur
2017,79,34.92,21.17,41.44,3.76,23.44,Sambalpur
2017,80,35.77,17.53,27.65,2.75,25.2,Sambalpur
2017,81,37.72,16.66,23.4,2.45,25.67,Sambalpur
2017,82,39.84,20.93,22.72,2.14,24.94,Sambalpur
2017,83,39.9,20.7,25.34,1.76,24.83,Sambalpur
2017,84,40.96,22.97,28.91,1.78,22.93,Sambalpur
2017,85,40.5,23.13,26.65,2.83,23.78,Sambalpur
2017,86,40.59,22.28,26.36,2.26,25.59,Sambalpur
2017,87,41.87,24.74,22.21,2.77,25.75,Sambalpur
2017,88,42.04,23.72,21.82,2.3,25.4,Sambalpur
2017,89,42.91,24.48,18.79,2.45,25.51,Sambalpur
2017,90,43.46,23.7,19.88,2.22,25.83,Sambalpur
2017,91,42.78,24.5,21.74,2.06,24.18,Sambalpur
2017,92,43.24,26.76,20.88,3.19,22.16,Sambalpur
2017,93,42.24,27.43,25.09,4.34,22.72,Sambalpur
2017,94,43.25,24.95,23.34,3.68,23.03,Sambalpur
2017,95,43.13,27.17,24.02,3.92,22.21,Sambalpur
2017,96,42.91,28.58,23.97,3.0,22.98,Sambalpur
2017,97,44.29,26.7,24.99,3.21,24.5,Sambalpur
2017,98,43.66,25.89,22.77,1.73,25.31,Sambalpur
2017,99,42.47,26.18,25.02,2.02,24.71,Sambalpur
2017,100,41.12,23.53,14.54,3.14,25.64,Sambalpur
2017,101,40.91,20.83,12.13,3.22,28.65,Sambalpur
2017,102,41.09,23.09,12.0,1.63,28.39,Sambalpur
2017,103,41.94,23.15,15.03,1.45,26.84,Sambalpur
2017,104,41.97,22.6,29.97,2.08,25.87,Sambalpur
2017,105,43.0,23.22,33.98,2.46,26.0,Sambalpur
2017,106,42.51,24.44,39.38,2.34,25.25,Sambalpur
2017,107,41.26,24.8,44.96,2.53,26.06,Sambalpur
2017,108,43.62,26.24,41.09,2.71,25.21,Sambalpur
2017,109,43.41,26.79,36.91,2.48,22.01,Sambalpur
2017,110,44.78,26.65,18.98,3.25,24.97,Sambalpur
2017,111,44.26,25.27,18.89,3.81,26.34,Sambalpur
2017,112,45.53,27.87,21.44,2.79,25.3,Sambalpur
2017,113,44.39,28.59,17.77,3.52,23.19,Sambalpur
2017,114,43.89,26.9,15.2,4.86,27.78,Sambalpur
2017,115,43.43,26.13,16.63,4.77,28.17,Sambalpur
2017,116,43.55,27.16,17.99,3.6,26.79,Sambalpur
2017,117,43.68,28.1,16.05,3.87,26.37,Sambalpur
2017,118,43.55,25.7,14.55,2.03,27.65,Sambalpur
2017,119,44.23,27.32,15.38,1.65,26.69,Sambalpur
2017,120,43.78,28.1,20.71,2.23,24.89,Sambalpur
2017,121,42.75,27.74,22.34,2.47,18.2,Sambalpur
2017,122,41.73,29.08,24.89,1.46,24.44,Sambalpur
2017,123,42.85,27.64,22.84,1.53,25.83,Sambalpur
2017,124,43.82,27.13,20.06,1.3,24.73,Sambalpur
2017,125,44.21,29.01,23.14,3.2,23.85,Sambalpur
2017,126,43.77,29.46,25.38,1.53,19.99,Sambalpur
2017,127,43.41,28.6,30.83,2.06,22.83,Sambalpur
2017,128,43.82,28.8,28.09,2.23,25.36,Sambalpur
2017,129,42.79,30.46,29.92,3.2,20.6,Sambalpur
2017,130,41.71,28.23,38.55,3.88,22.9,Sambalpur
2017,131,43.61,28.03,35.98,3.16,24.4,Sambalpur
2017,132,42.3,28.98,37.09,2.19,25.32,Sambalpur
2017,133,43.49,29.65,34.71,3.04,24.0,Sambalpur
2017,134,45.43,29.69,29.51,2.68,25.81,Sambalpur
2017,135,46.64,30.04,27.83,2.81,25.25,Sambalpur
2017,136,46.08,30.71,27.33,2.53,24.38,Sambalpur
2017,137,45.76,30.18,29.68,2.3,25.63,Sambalpur
2017,138,45.26,30.88,33.21,3.06,22.23,Sambalpur
2017,139,40.3,29.2,48.41,3.75,25.22,Sambalpur
2017,140,42.16,28.13,42.74,2.16,24.21,Sambalpur
2017,141,43.48,28.42,39.51,3.12,25.59,Sambalpur
2017,142,43.94,28.72,40.25,3.34,25.38,Sambalpur
2017,143,44.46,29.73,38.92,3.74,25.76,Sambalpur
2017,144,44.01,30.2,40.53,3.99,24.36,Sambalpur
2017,145,44.9,29.33,38.11,3.41,25.96,Sambalpur
2017,146,44.08,31.06,37.57,3.84,20.55,Sambalpur
2017,147,41.58,29.81,45.12,5.14,23.49,Sambalpur
2017,148,42.01,29.64,41.77,2.2,25.08,Sambalpur
2017,149,42.75,29.91,37.99,3.16,21.47,Sambalpur
2017,150,42.91,29.09,39.72,3.43,25.52,Sambalpur
2017,151,41.59,31.0,36.81,2.57,20.49,Sambalpur
2017,152,42.92,31.47,36.02,2.88,22.72,Sambalpur
2017,153,39.18,29.39,50.49,4.26,23.02,Sambalpur
2017,154,42.51,27.93,47.07,4.04,25.44,Sambalpur
2017,155,44.2,30.72,37.92,5.53,25.24,Sambalpur
2017,156,45.14,32.21,33.69,4.17,23.14,Sambalpur
2017,157,40.33,30.16,45.68,3.52,17.31,Sambalpur
2017,158,34.98,29.75,55.51,1.84,18.87,Sambalpur
2017,159,36.65,28.87,53.87,1.12,17.26,Sambalpur
2017,160,40.39,29.06,46.28,2.5,20.47,Sambalpur
2017,161,39.51,29.44,49.92,2.81,20.47,Sambalpur
2017,162,35.56,28.57,60.11,3.88,14.89,Sambalpur
2017,163,36.65,28.29,60.25,4.81,16.71,Sambalpur
2017,164,36.22,27.02,63.92,4.39,17.67,Sambalpur
2017,165,38.76,26.87,57.31,2.22,20.5,Sambalpur
2017,166,37.64,28.46,58.27,1.79,20.09,Sambalpur
2017,167,34.08,27.07,71.16,2.66,19.57,Sambalpur
2017,168,38.12,25.52,57.5,2.98,23.25,Sambalpur
2017,169,38.55,27.47,58.16,4.15,22.5,Sambalpur
2017,170,35.53,27.58,65.68,5.11,21.86,Sambalpur
2017,171,32.44,26.38,77.44,3.43,21.08,Sambalpur
2017,172,32.4,25.8,81.0,3.67,22.01,Sambalpur
2017,173,31.07,25.87,84.02,3.44,15.5,Sambalpur
2017,174,32.83,25.69,78.01,2.92,19.45,Sambalpur
2017,175,34.81,25.75,70.42,2.13,18.03,Sambalpur
2017,176,32.94,25.64,77.65,2.08,13.73,Sambalpur
2017,177,33.28,26.19,75.39,2.31,13.39,Sambalpur
2017,178,32.4,26.06,79.41,2.46,11.98,Sambalpur
2017,179,29.8,25.4,85.56,3.78,7.66,Sambalpur
2017,180,31.84,24.73,82.51,3.84,11.08,Sambalpur
2017,181,32.7,25.26,80.25,4.8,12.93,Sambalpur
2017,182,31.94,25.64,79.92,5.41,13.15,Sambalpur
2017,183,30.62,24.82,81.9,4.63,10.19,Sambalpur
2017,184,32.74,25.19,77.84,5.07,6.41,Sambalpur
2017,185,32.13,25.09,77.19,6.65,10.11,Sambalpur
2017,186,31.45,24.17,81.11,4.39,15.29,Sambalpur
2017,187,32.94,24.63,79.39,3.87,17.45,Sambalpur
2017,188,34.49,25.19,74.55,3.63,16.81,Sambalpur
2017,189,34.44,25.62,76.12,3.01,20.5,Sambalpur
2017,190,32.56,26.24,79.84,3.33,16.56,Sambalpur
2017,191,28.18,25.43,90.98,4.86,10.58,Sambalpur
2017,192,31.62,24.93,82.69,3.94,10.07,Sambalpur
2017,193,32.01,24.47,81.37,3.66,16.28,Sambalpur
2017,194,30.47,24.86,85.92,2.6,16.61,Sambalpur
2017,195,31.12,24.77,83.87,2.75,14.01,Sambalpur
2017,196,30.92,24.44,83.87,2.01,15.77,Sambalpur
2017,197,30.88,25.04,83.76,2.49,13.81,Sambalpur
2017,198,32.03,25.74,84.58,2.62,18.09,Sambalpur
2017,199,31.76,25.66,83.1,6.08,17.78,Sambalpur
2017,200,32.09,25.24,84.87,6.03,14.78,Sambalpur
2017,201,29.97,25.23,89.56,5.67,12.27,Sambalpur
2017,202,31.23,25.19,86.79,5.0,14.13,Sambalpur
2017,203,29.97,25.63,87.02,3.33,10.9,Sambalpur
2017,204,28.7,25.12,89.15,3.9,4.89,Sambalpur
2017,205,28.52,24.97,89.57,5.29,7.19,Sambalpur
2017,206,28.41,24.56,88.5,4.83,11.02,Sambalpur
2017,207,28.76,24.36,87.67,5.68,3.83,Sambalpur
2017,208,31.14,24.31,83.48,4.64,14.47,Sambalpur
2017,209,31.16,24.02,83.94,2.96,15.09,Sambalpur
2017,210,31.3,24.57,83.01,2.53,20.28,Sambalpur
2017,211,30.22,24.62,87.8,3.38,13.8,Sambalpur
2017,212,29.29,24.84,88.09,2.27,13.47,Sambalpur
2017,213,31.12,24.52,84.58,3.07,16.65,Sambalpur
2017,214,30.92,25.01,86.26,3.65,18.43,Sambalpur
2017,215,29.78,25.28,88.5,4.04,17.63,Sambalpur
2017,216,30.53,24.51,86.65,3.12,15.49,Sambalpur
2017,217,30.59,24.34,88.86,2.72,11.15,Sambalpur
2017,218,31.04,25.15,86.71,2.4,12.21,Sambalpur
2017,219,30.23,25.34,89.11,3.13,12.92,Sambalpur
2017,220,31.71,24.55,86.24,3.57,15.32,Sambalpur
2017,221,30.8,24.69,86.36,3.78,14.83,Sambalpur
2017,222,30.74,24.28,84.77,4.22,12.22,Sambalpur
2017,223,30.81,24.8,86.97,4.05,17.28,Sambalpur
2017,224,29.21,24.99,89.04,3.81,13.16,Sambalpur
2017,225,29.91,24.05,87.88,3.03,15.15,Sambalpur
2017,226,29.99,24.29,87.85,2.59,11.71,Sambalpur
2017,227,30.6,24.28,88.22,3.02,16.77,Sambalpur
2017,228,28.91,24.88,91.78,3.28,14.39,Sambalpur
2017,229,29.41,24.41,92.88,3.64,10.51,Sambalpur
2017,230,31.21,25.3,88.54,4.94,14.52,Sambalpur
2017,231,30.03,24.14,88.95,4.22,15.48,Sambalpur
2017,232,30.25,23.52,87.67,3.96,16.73,Sambalpur
2017,233,30.62,24.34,84.77,2.95,16.0,Sambalpur
2017,234,30.96,24.72,83.43,1.33,17.75,Sambalpur
2017,235,31.34,24.99,81.17,0.87,16.56,Sambalpur
2017,236,30.97,24.63,85.49,2.22,15.75,Sambalpur
2017,237,31.62,25.24,83.49,1.11,15.06,Sambalpur
2017,238,31.59,25.23,86.56,2.45,15.1,Sambalpur
2017,239,29.95,25.14,89.87,2.94,15.17,Sambalpur
2017,240,29.35,24.65,87.67,2.83,11.74,Sambalpur
2017,241,28.31,24.4,92.08,3.63,16.42,Sambalpur
2017,242,31.39,23.82,84.44,2.55,17.33,Sambalpur
2017,243,30.45,24.33,86.11,2.31,13.76,Sambalpur
2017,244,29.51,25.01,90.31,2.95,16.43,Sambalpur
2017,245,29.99,24.24,87.35,2.29,10.39,Sambalpur
2017,246,30.51,24.8,85.14,2.78,20.2,Sambalpur
2017,247,31.71,23.6,84.02,2.21,20.41,Sambalpur
2017,248,32.03,24.83,82.04,1.76,20.6,Sambalpur
2017,249,31.93,25.5,80.66,1.31,21.28,Sambalpur
2017,250,31.31,25.25,83.53,1.3,18.01,Sambalpur
2017,251,31.14,24.66,84.49,1.46,17.58,Sambalpur
2017,252,30.43,24.87,87.7,1.92,16.68,Sambalpur
2017,253,30.34,24.79,87.85,1.56,15.6,Sambalpur
2017,254,30.62,25.04,82.96,1.15,14.3,Sambalpur
2017,255,30.05,24.84,87.48,1.85,16.57,Sambalpur
2017,256,27.86,24.34,92.67,2.21,15.27,Sambalpur
2017,257,29.25,24.71,90.31,2.3,17.08,Sambalpur
2017,258,29.18,24.42,85.52,1.31,16.36,Sambalpur
2017,259,31.71,23.85,81.89,1.16,15.56,Sambalpur
2017,260,30.98,25.45,84.43,1.18,15.32,Sambalpur
2017,261,28.56,25.04,93.12,3.09,11.93,Sambalpur
2017,262,27.77,23.99,93.16,3.72,7.92,Sambalpur
2017,263,29.4,23.93,90.08,4.21,8.64,Sambalpur
2017,264,28.8,23.66,90.92,2.62,15.0,Sambalpur
2017,265,29.56,24.14,88.26,2.52,19.4,Sambalpur
2017,266,30.58,24.06,85.86,1.82,19.08,Sambalpur
2017,267,31.03,23.55,83.7,1.99,19.54,Sambalpur
2017,268,31.05,23.93,81.18,2.17,21.25,Sambalpur
2017,269,31.86,23.65,76.31,1.44,19.19,Sambalpur
2017,270,31.56,24.77,80.0,1.32,17.05,Sambalpur
2017,271,29.68,24.78,87.08,1.06,16.84,Sambalpur
2017,272,29.94,24.21,85.92,1.28,14.64,Sambalpur
2017,273,30.13,24.17,85.97,1.13,13.69,Sambalpur
2017,274,29.83,24.69,84.91,0.89,12.91,Sambalpur
2017,275,28.36,23.83,88.32,2.22,14.97,Sambalpur
2017,276,26.97,23.98,91.49,2.33,16.03,Sambalpur
2017,277,29.81,23.07,86.84,1.6,15.63,Sambalpur
2017,278,28.99,23.57,90.22,1.98,17.31,Sambalpur
2017,279,29.59,23.49,88.55,2.03,16.96,Sambalpur
2017,280,28.99,23.5,91.2,3.79,15.52,Sambalpur
2017,281,27.88,24.18,91.48,2.76,9.89,Sambalpur
2017,282,30.75,23.55,85.04,1.45,13.28,Sambalpur
2017,283,30.51,23.21,84.28,1.84,17.48,Sambalpur
2017,284,30.95,23.58,84.21,1.62,16.48,Sambalpur
2017,285,30.78,24.39,81.0,0.98,16.45,Sambalpur
2017,286,30.94,24.41,80.95,1.24,14.95,Sambalpur
2017,287,31.27,23.75,80.32,1.45,15.31,Sambalpur
2017,288,32.12,23.89,73.49,1.37,19.66,Sambalpur
2017,289,31.05,21.49,74.02,1.92,20.49,Sambalpur
2017,290,31.01,19.48,73.79,2.1,20.89,Sambalpur
2017,291,30.43,19.28,78.86,2.4,18.82,Sambalpur
2017,292,29.74,23.62,89.0,3.47,13.07,Sambalpur
2017,293,27.88,23.55,90.85,4.46,12.52,Sambalpur
2017,294,30.09,22.81,86.45,3.54,19.9,Sambalpur
2017,295,30.3,21.7,80.19,1.85,14.08,Sambalpur
2017,296,30.63,20.75,76.02,1.7,18.0,Sambalpur
2017,297,30.61,21.21,73.82,1.56,17.44,Sambalpur
2017,298,30.39,21.73,69.29,0.8,17.27,Sambalpur
2017,299,29.4,22.73,68.98,0.7,15.7,Sambalpur
2017,300,29.56,21.75,70.18,0.85,16.58,Sambalpur
2017,301,29.13,21.21,69.77,0.82,15.79,Sambalpur
2017,302,29.39,21.09,61.11,0.94,17.37,Sambalpur
2017,303,27.8,17.61,63.03,1.02,18.51,Sambalpur
2017,304,28.02,18.34,64.6,0.72,17.56,Sambalpur
2017,305,26.94,16.91,71.96,1.46,17.13,Sambalpur
2017,306,27.49,17.53,71.92,1.51,18.64,Sambalpur
2017,307,27.24,16.44,77.92,1.88,18.98,Sambalpur
2017,308,27.59,15.45,77.15,2.14,19.47,Sambalpur
2017,309,27.47,16.57,78.14,2.13,19.33,Sambalpur
2017,310,28.36,17.0,76.23,1.81,19.03,Sambalpur
2017,311,28.75,18.08,71.61,1.36,18.55,Sambalpur
2017,312,28.1,17.91,70.69,1.15,17.26,Sambalpur
2017,313,27.22,18.05,66.5,1.1,16.72,Sambalpur
2017,314,26.88,16.26,66.5,1.4,16.75,Sambalpur
2017,315,26.7,15.08,67.17,1.7,16.69,Sambalpur
2017,316,26.72,14.79,69.82,1.71,18.08,Sambalpur
2017,317,26.77,15.37,73.78,1.97,18.02,Sambalpur
2017,318,25.89,16.79,83.04,2.72,15.21,Sambalpur
2017,319,25.63,19.68,88.99,3.48,9.27,Sambalpur
2017,320,24.52,19.11,90.2,3.02,8.47,Sambalpur
2017,321,26.67,18.3,86.73,2.82,8.52,Sambalpur
2017,322,27.94,18.97,87.08,2.35,9.97,Sambalpur
2017,323,28.4,19.27,81.2,1.99,13.84,Sambalpur
2017,324,28.62,18.76,78.75,1.89,15.68,Sambalpur
2017,325,27.16,16.87,71.3,2.37,16.26,Sambalpur
2017,326,26.65,15.29,70.64,1.84,15.72,Sambalpur
2017,327,25.63,15.48,71.17,2.41,16.34,Sambalpur
2017,328,24.9,11.85,65.41,1.99,17.26,Sambalpur
2017,329,24.96,11.15,61.35,1.51,17.67,Sambalpur
2017,330,24.9,11.7,62.89,1.45,17.19,Sambalpur
2017,331,24.82,10.99,64.73,1.97,17.17,Sambalpur
2017,332,25.05,11.24,64.82,1.73,17.12,Sambalpur
2017,333,24.87,11.79,65.43,1.27,17.33,Sambalpur
2017,334,24.76,11.59,66.86,1.22,17.11,Sambalpur
2017,335,24.97,11.98,62.82,1.25,15.83,Sambalpur
2017,336,24.7,11.12,61.56,1.37,15.97,Sambalpur
2017,337,23.86,10.76,63.76,1.62,15.6,Sambalpur
2017,338,23.88,10.37,65.71,1.31,15.89,Sambalpur
2017,339,23.94,11.38,67.9,1.26,15.77,Sambalpur
2017,340,23.99,11.03,71.8,1.27,15.28,Sambalpur
2017,341,24.89,13.26,70.99,2.18,14.93,Sambalpur
2017,342,25.74,13.76,76.41,3.2,14.22,Sambalpur
2017,343,26.46,16.86,78.31,3.38,14.2,Sambalpur
2017,344,25.84,14.14,75.32,2.46,14.14,Sambalpur
2017,345,25.81,14.07,74.48,1.7,14.38,Sambalpur
2017,346,26.45,13.43,71.29,1.39,15.05,Sambalpur
2017,347,27.26,13.45,67.67,1.4,15.46,Sambalpur
2017,348,26.88,13.71,62.79,1.14,15.33,Sambalpur
2017,349,26.89,13.52,67.55,1.77,15.57,Sambalpur
2017,350,26.5,13.16,73.24,2.2,15.2,Sambalpur
2017,351,25.75,12.39,74.47,2.61,15.89,Sambalpur
2017,352,24.54,9.98,61.75,2.4,17.17,Sambalpur
2017,353,24.35,8.75,58.87,1.59,15.85,Sambalpur
2017,354,24.35,9.39,63.54,1.7,16.05,Sambalpur
2017,355,24.21,10.61,71.12,1.62,15.24,Sambalpur
2017,356,24.95,12.32,76.05,1.71,14.36,Sambalpur
2017,357,25.68,11.37,66.45,1.87,14.69,Sambalpur
2017,358,25.17,10.19,60.35,1.92,15.84,Sambalpur
2017,359,25.13,10.22,61.1,2.08,16.03,Sambalpur
2017,360,24.78,8.97,61.9,2.93,17.13,Sambalpur
2017,361,24.02,7.14,62.38,2.11,17.48,Sambalpur
2017,362,25.42,8.38,57.79,1.91,17.32,Sambalpur
2017,363,25.73,9.57,52.21,1.42,16.99,Sambalpur
2017,364,25.4,11.71,50.9,1.27,16.53,Sambalpur
2017,365,25.98,9.93,53.81,1.57,16.37,Sambalpur
2018,1,24.59,10.56,55.82,1.82,16.08,Sambalpur
2018,2,23.88,9.72,64.11,2.55,14.99,Sambalpur
2018,3,24.29,9.36,61.17,2.31,14.81,Sambalpur
2018,4,24.2,8.35,55.05,1.76,16.15,Sambalpur
2018,5,23.69,9.01,53.67,2.01,17.03,Sambalpur
2018,6,24.17,6.97,51.4,2.23,17.25,Sambalpur
2018,7,24.08,7.68,49.22,2.1,16.86,Sambalpur
2018,8,24.49,7.69,47.49,1.88,17.49,Sambalpur
2018,9,24.14,7.37,50.95,2.27,17.89,Sambalpur
2018,10,24.67,6.96,49.45,2.3,18.04,Sambalpur
2018,11,25.17,6.99,48.33,2.48,17.3,Sambalpur
2018,12,26.18,9.01,48.69,2.28,17.34,Sambalpur
2018,13,26.76,9.35,46.91,2.48,16.91,Sambalpur
2018,14,26.1,10.48,53.24,2.47,16.88,Sambalpur
2018,15,26.83,8.69,52.37,2.5,18.05,Sambalpur
2018,16,26.55,9.23,46.93,1.68,18.03,Sambalpur
2018,17,26.66,8.8,44.29,1.8,18.63,Sambalpur
2018,18,26.1,7.51,40.12,2.23,18.18,Sambalpur
2018,19,26.95,7.45,40.72,2.06,19.01,Sambalpur
2018,20,27.97,9.29,47.35,2.21,18.74,Sambalpur
2018,21,27.23,10.18,47.85,1.84,18.19,Sambalpur
2018,22,26.8,9.32,46.78,1.89,18.23,Sambalpur
2018,23,26.48,10.79,44.2,1.1,17.33,Sambalpur
2018,24,26.98,11.65,52.22,2.2,15.06,Sambalpur
2018,25,27.13,11.19,55.73,2.11,17.49,Sambalpur
2018,26,26.86,10.18,45.31,2.55,18.56,Sambalpur
2018,27,26.83,8.49,42.82,2.28,19.14,Sambalpur
2018,28,27.22,9.17,37.45,1.95,19.55,Sambalpur
2018,29,27.58,8.87,37.68,2.23,19.5,Sambalpur
2018,30,28.34,8.79,41.67,2.41,20.13,Sambalpur
2018,31,30.02,10.46,43.31,3.1,20.26,Sambalpur
2018,32,30.06,10.61,44.62,3.33,20.29,Sambalpur
2018,33,30.5,10.94,42.79,2.31,20.01,Sambalpur
2018,34,30.33,13.31,37.79,1.55,19.99,Sambalpur
2018,35,31.29,14.25,36.81,1.43,19.65,Sambalpur
2018,36,31.61,15.22,40.75,1.52,18.2,Sambalpur
2018,37,29.23,15.47,46.93,1.82,17.54,Sambalpur
2018,38,27.54,17.28,52.56,2.04,9.43,Sambalpur
2018,39,30.74,17.01,47.65,2.26,17.94,Sambalpur
2018,40,31.88,16.78,41.31,1.41,16.27,Sambalpur
2018,41,30.97,16.3,45.09,2.43,13.71,Sambalpur
2018,42,29.99,17.51,57.36,3.33,13.96,Sambalpur
2018,43,30.94,14.62,52.17,2.22,16.16,Sambalpur
2018,44,30.93,15.21,48.13,2.2,13.28,Sambalpur
2018,45,29.5,16.29,63.54,3.53,20.11,Sambalpur
2018,46,30.03,12.41,45.07,2.83,22.41,Sambalpur
2018,47,30.53,12.03,41.19,2.88,21.58,Sambalpur
2018,48,31.85,13.58,42.55,2.79,21.58,Sambalpur
2018,49,31.91,14.13,37.69,1.85,21.19,Sambalpur
2018,50,32.37,17.54,35.38,1.49,20.64,Sambalpur
2018,51,32.93,16.21,39.77,2.14,18.99,Sambalpur
2018,52,33.13,16.05,34.49,2.98,21.7,Sambalpur
2018,53,33.64,15.41,32.75,2.02,21.58,Sambalpur
2018,54,34.35,17.36,29.76,1.97,21.78,Sambalpur
2018,55,35.29,18.15,31.03,1.33,21.55,Sambalpur
2018,56,35.59,18.95,33.8,1.84,20.09,Sambalpur
2018,57,34.68,19.66,41.88,2.53,18.07,Sambalpur
2018,58,35.16,16.97,33.43,2.68,22.2,Sambalpur
2018,59,35.14,15.53,33.17,2.87,23.64,Sambalpur
2018,60,35.88,17.3,33.02,2.74,22.64,Sambalpur
2018,61,36.29,18.39,32.02,2.7,22.53,Sambalpur
2018,62,37.16,20.04,29.71,2.33,21.85,Sambalpur
2018,63,37.08,20.84,27.3,1.31,21.58,Sambalpur
2018,64,37.22,21.56,28.71,1.76,17.07,Sambalpur
2018,65,35.62,20.15,34.05,2.54,18.32,Sambalpur
2018,66,35.76,18.62,30.15,2.32,22.89,Sambalpur
2018,67,36.01,17.47,27.23,2.14,21.7,Sambalpur
2018,68,35.94,19.04,31.54,2.73,16.03,Sambalpur
2018,69,37.03,18.42,24.29,2.78,22.96,Sambalpur
2018,70,36.89,20.67,23.52,1.39,20.48,Sambalpur
2018,71,36.71,22.71,26.51,1.85,18.2,Sambalpur
2018,72,37.94,20.73,27.09,2.81,22.91,Sambalpur
2018,73,38.22,19.81,23.04,2.05,23.74,Sambalpur
2018,74,39.25,22.15,21.97,3.22,15.79,Sambalpur
2018,75,34.28,23.06,36.07,4.53,5.46,Sambalpur
2018,76,35.3,19.9,41.65,3.12,22.97,Sambalpur
2018,77,36.6,20.47,28.15,2.08,23.05,Sambalpur
2018,78,37.57,19.02,19.8,2.78,24.39,Sambalpur
2018,79,37.84,20.05,20.62,2.59,24.85,Sambalpur
2018,80,38.38,20.99,24.58,1.88,17.21,Sambalpur
2018,81,38.78,24.2,28.37,1.82,20.16,Sambalpur
2018,82,38.78,22.58,24.51,1.93,23.08,Sambalpur
2018,83,38.96,20.59,23.5,2.41,22.89,Sambalpur
2018,84,38.44,21.03,32.45,2.44,21.35,Sambalpur
2018,85,38.63,21.35,22.0,2.74,25.45,Sambalpur
2018,86,39.17,21.44,15.63,1.78,24.93,Sambalpur
2018,87,39.28,22.31,15.13,1.92,24.59,Sambalpur
2018,88,39.02,22.99,22.54,1.5,22.7,Sambalpur
2018,89,40.63,22.7,31.03,2.36,23.36,Sambalpur
2018,90,41.19,22.4,34.07,2.35,22.73,Sambalpur
2018,91,38.83,21.79,45.6,2.89,15.18,Sambalpur
2018,92,37.41,23.42,42.73,2.95,23.33,Sambalpur
2018,93,38.1,22.28,44.55,2.46,22.81,Sambalpur
2018,94,39.05,22.99,45.83,2.48,22.16,Sambalpur
2018,95,40.72,23.44,42.96,2.63,23.22,Sambalpur
2018,96,40.67,23.97,40.7,2.86,23.08,Sambalpur
2018,97,39.52,26.2,42.05,3.87,19.02,Sambalpur
2018,98,38.47,23.89,46.05,3.38,20.72,Sambalpur
2018,99,38.09,24.7,43.63,2.81,21.81,Sambalpur
2018,100,39.29,23.82,41.95,2.43,23.97,Sambalpur
2018,101,39.73,23.86,39.91,3.23,23.6,Sambalpur
2018,102,38.56,25.23,34.73,2.43,20.86,Sambalpur
2018,103,39.32,24.76,36.76,2.15,21.69,Sambalpur
2018,104,40.2,26.86,35.53,2.05,20.71,Sambalpur
2018,105,39.25,25.25,43.3,3.22,24.99,Sambalpur
2018,106,40.7,25.01,39.54,3.02,25.67,Sambalpur
2018,107,42.24,26.07,33.94,3.27,23.2,Sambalpur
2018,108,42.61,25.65,32.09,3.11,25.09,Sambalpur
2018,109,42.06,26.06,25.97,2.09,25.4,Sambalpur
2018,110,43.55,25.98,24.7,3.02,24.22,Sambalpur
2018,111,43.1,24.95,29.02,3.66,26.59,Sambalpur
2018,112,43.0,26.4,24.32,3.28,24.17,Sambalpur
2018,113,41.28,25.98,29.7,2.52,22.84,Sambalpur
2018,114,41.24,25.77,36.92,2.09,24.14,Sambalpur
2018,115,41.94,25.85,24.14,2.41,27.06,Sambalpur
2018,116,42.67,24.06,18.09,1.67,25.05,Sambalpur
2018,117,42.57,23.61,32.31,2.85,24.87,Sambalpur
2018,118,43.2,26.19,29.85,3.54,24.19,Sambalpur
2018,119,42.48,26.3,33.93,3.18,23.95,Sambalpur
2018,120,40.5,26.64,41.3,3.31,23.21,Sambalpur
2018,121,40.99,26.4,51.39,2.86,23.59,Sambalpur
2018,122,41.77,26.25,43.5,2.85,26.12,Sambalpur
2018,123,40.16,26.97,47.9,3.17,19.51,Sambalpur
2018,124,41.6,25.74,43.42,3.14,24.81,Sambalpur
2018,125,42.73,27.13,34.68,3.6,26.53,Sambalpur
2018,126,43.32,28.89,30.96,3.5,23.53,Sambalpur
2018,127,43.82,29.6,29.91,4.82,25.0,Sambalpur
2018,128,44.61,29.47,26.36,4.34,25.17,Sambalpur
2018,129,44.03,28.16,21.85,2.3,24.51,Sambalpur
2018,130,43.3,29.31,31.59,2.57,24.65,Sambalpur
2018,131,43.48,29.87,24.68,2.28,23.27,Sambalpur
2018,132,43.62,28.64,27.62,1.53,25.08,Sambalpur
2018,133,41.76,29.74,37.45,3.32,22.54,Sambalpur
2018,134,37.95,27.15,48.16,3.89,18.59,Sambalpur
2018,135,37.36,25.39,57.02,2.76,24.01,Sambalpur
2018,136,40.47,25.1,46.91,3.53,20.24,Sambalpur
2018,137,41.27,25.99,43.32,2.59,24.01,Sambalpur
2018,138,40.92,26.13,49.63,2.5,23.38,Sambalpur
2018,139,41.34,26.19,49.03,2.89,23.04,Sambalpur
2018,140,41.89,26.92,46.69,3.28,22.89,Sambalpur
2018,141,39.17,27.46,55.39,2.77,23.78,Sambalpur
2018,142,41.06,27.15,47.61,3.04,21.08,Sambalpur
2018,143,42.24,27.35,47.21,2.8,21.11,Sambalpur
2018,144,39.22,28.12,49.86,3.89,21.57,Sambalpur
2018,145,41.29,28.1,46.26,2.61,22.87,Sambalpur
2018,146,42.98,27.92,44.09,3.33,23.97,Sambalpur
2018,147,42.22,29.84,42.83,3.29,22.36,Sambalpur
2018,148,43.58,29.08,42.01,3.41,23.66,Sambalpur
2018,149,44.8,30.84,37.75,4.3,22.85,Sambalpur
2018,150,41.24,29.56,48.31,2.85,23.28,Sambalpur
2018,151,42.22,27.92,49.82,2.5,18.39,Sambalpur
2018,152,36.53,29.75,54.89,3.47,22.76,Sambalpur
2018,153,40.22,27.89,50.49,2.12,21.6,Sambalpur
2018,154,39.78,28.97,48.82,2.88,22.82,Sambalpur
2018,155,39.69,28.62,47.76,3.11,22.86,Sambalpur
2018,156,36.82,28.61,56.28,3.54,20.55,Sambalpur
2018,157,37.04,27.97,57.19,2.96,20.46,Sambalpur
2018,158,34.23,28.19,65.63,2.28,19.16,Sambalpur
2018,159,35.66,27.36,66.14,2.36,15.55,Sambalpur
2018,160,34.42,27.6,66.04,2.59,13.81,Sambalpur
2018,161,35.31,26.39,67.27,2.74,14.22,Sambalpur
2018,162,36.35,26.68,70.09,5.12,12.17,Sambalpur
2018,163,34.93,26.71,74.51,6.57,18.01,Sambalpur
2018,164,38.85,25.64,64.02,5.63,15.25,Sambalpur
2018,165,39.68,26.51,57.07,5.09,22.69,Sambalpur
2018,166,40.63,27.71,46.69,5.61,25.84,Sambalpur
2018,167,40.57,27.59,46.08,5.52,23.91,Sambalpur
2018,168,40.59,27.32,46.47,4.83,25.26,Sambalpur
2018,169,39.59,26.97,49.19,4.77,26.21,Sambalpur
2018,170,38.71,27.01,55.75,4.0,26.22,Sambalpur
2018,171,37.89,27.16,60.17,2.88,23.58,Sambalpur
2018,172,33.93,27.75,69.94,2.6,20.7,Sambalpur
2018,173,35.13,25.91,69.73,2.9,19.17,Sambalpur
2018,174,35.93,26.38,61.63,2.99,20.24,Sambalpur
2018,175,35.48,26.71,62.66,4.26,16.71,Sambalpur
2018,176,34.38,27.0,66.02,4.09,18.62,Sambalpur
2018,177,33.32,26.17,68.65,3.0,8.89,Sambalpur
2018,178,31.22,25.34,77.41,1.69,4.86,Sambalpur
2018,179,29.91,24.66,81.86,3.39,9.91,Sambalpur
2018,180,33.99,23.42,70.2,3.04,15.39,Sambalpur
2018,181,35.99,25.07,63.16,3.33,20.85,Sambalpur
2018,182,31.99,26.08,71.81,3.91,15.05,Sambalpur
2018,183,31.16,24.84,79.51,3.54,16.75,Sambalpur
2018,184,33.76,24.94,74.37,4.34,13.37,Sambalpur
2018,185,31.52,25.46,73.99,5.78,15.7,Sambalpur
2018,186,32.62,24.66,75.73,5.08,16.02,Sambalpur
2018,187,32.63,24.25,75.57,2.21,18.3,Sambalpur
2018,188,34.08,24.58,72.7,1.64,15.39,Sambalpur
2018,189,31.77,26.34,80.95,1.93,17.72,Sambalpur
2018,190,33.77,25.58,80.07,3.66,14.61,Sambalpur
2018,191,32.88,25.44,82.0,4.69,10.14,Sambalpur
2018,192,29.92,24.66,84.54,3.88,9.8,Sambalpur
2018,193,32.12,24.5,82.0,2.84,10.51,Sambalpur
2018,194,32.76,25.02,80.7,3.41,11.16,Sambalpur
2018,195,31.04,25.01,83.24,3.57,14.37,Sambalpur
2018,196,33.06,25.42,82.68,3.39,17.67,Sambalpur
2018,197,33.15,26.05,80.54,2.57,9.85,Sambalpur
2018,198,31.79,25.46,84.84,4.02,7.55,Sambalpur
2018,199,32.25,24.71,82.74,4.48,12.19,Sambalpur
2018,200,29.99,24.7,86.23,4.6,11.22,Sambalpur
2018,201,30.2,25.0,87.33,4.02,14.32,Sambalpur
2018,202,29.67,25.02,90.86,6.95,7.06,Sambalpur
2018,203,29.55,25.05,87.74,8.87,3.4,Sambalpur
2018,204,30.31,23.93,84.67,6.97,7.74,Sambalpur
2018,205,31.61,23.71,81.78,4.73,11.65,Sambalpur
2018,206,31.31,24.02,83.09,4.55,11.02,Sambalpur
2018,207,30.83,24.3,83.41,5.58,7.29,Sambalpur
2018,208,31.09,23.65,82.15,4.38,14.7,Sambalpur
2018,209,31.58,24.08,82.21,4.09,16.64,Sambalpur
2018,210,30.32,24.24,87.13,4.5,12.14,Sambalpur
2018,211,29.69,25.0,87.78,4.51,11.85,Sambalpur
2018,212,31.24,23.76,83.89,4.82,14.56,Sambalpur
2018,213,31.24,23.87,83.02,4.94,8.1,Sambalpur
2018,214,31.48,24.22,83.78,4.46,16.17,Sambalpur
2018,215,31.5,24.23,82.8,4.73,17.15,Sambalpur
2018,216,31.98,24.48,81.54,4.63,20.06,Sambalpur
2018,217,30.77,24.57,83.66,4.2,17.2,Sambalpur
2018,218,28.89,24.87,88.29,4.25,7.85,Sambalpur
2018,219,27.33,24.51,92.48,4.5,10.9,Sambalpur
2018,220,30.19,23.76,88.78,4.76,11.63,Sambalpur
2018,221,31.58,22.32,84.64,3.7,12.73,Sambalpur
2018,222,31.62,24.45,84.69,3.78,15.18,Sambalpur
2018,223,31.55,25.0,86.79,1.94,16.75,Sambalpur
2018,224,30.57,25.41,88.51,1.86,13.8,Sambalpur
2018,225,30.6,25.36,88.43,3.98,14.05,Sambalpur
2018,226,29.41,25.06,91.49,3.61,15.23,Sambalpur
2018,227,31.14,25.74,89.27,4.14,15.83,Sambalpur
2018,228,31.73,24.76,87.54,5.01,14.36,Sambalpur
2018,229,32.16,25.62,82.54,2.46,15.79,Sambalpur
2018,230,30.54,25.23,86.4,1.35,18.33,Sambalpur
2018,231,29.73,25.51,91.3,2.47,17.67,Sambalpur
2018,232,31.05,25.53,86.34,2.91,10.5,Sambalpur
2018,233,28.77,25.0,89.41,3.54,15.64,Sambalpur
2018,234,29.12,23.91,88.42,4.62,8.75,Sambalpur
2018,235,31.0,23.84,87.07,4.13,12.21,Sambalpur
2018,236,30.22,24.59,89.63,5.03,10.55,Sambalpur
2018,237,27.48,24.6,92.09,6.08,7.58,Sambalpur
2018,238,28.24,24.11,91.63,5.59,6.27,Sambalpur
2018,239,30.98,24.32,87.44,3.15,8.71,Sambalpur
2018,240,29.62,24.75,92.61,3.41,9.04,Sambalpur
2018,241,29.95,22.99,88.35,4.45,11.85,Sambalpur
2018,242,29.7,23.77,89.31,3.98,13.5,Sambalpur
2018,243,30.23,24.16,89.63,3.37,12.88,Sambalpur
2018,244,29.47,24.28,89.27,3.18,10.77,Sambalpur
2018,245,28.78,24.34,90.85,4.29,8.67,Sambalpur
2018,246,29.72,23.61,88.7,3.69,13.35,Sambalpur
2018,247,29.89,23.87,87.78,4.18,18.88,Sambalpur
2018,248,28.25,23.84,91.48,4.8,9.93,Sambalpur
2018,249,29.65,24.34,90.6,4.99,9.92,Sambalpur
2018,250,27.65,23.04,92.41,4.85,10.11,Sambalpur
2018,251,30.48,21.92,86.73,2.39,10.13,Sambalpur
2018,252,30.44,22.43,84.9,2.85,17.84,Sambalpur
2018,253,29.42,23.45,88.63,2.58,15.96,Sambalpur
2018,254,30.17,22.8,86.02,2.47,15.88,Sambalpur
2018,255,30.57,22.81,86.01,3.23,19.91,Sambalpur
2018,256,30.84,22.8,86.0,3.58,15.83,Sambalpur
2018,257,30.77,22.62,83.49,3.22,20.57,Sambalpur
2018,258,31.09,23.65,83.15,1.7,19.58,Sambalpur
2018,259,29.32,24.58,85.91,2.0,14.03,Sambalpur
2018,260,29.99,23.99,84.39,2.19,14.73,Sambalpur
2018,261,30.64,23.73,81.41,1.96,19.67,Sambalpur
2018,262,31.12,23.93,82.67,1.99,18.95,Sambalpur
2018,263,28.0,24.42,92.59,4.41,9.75,Sambalpur
2018,264,28.72,23.81,91.32,8.37,7.91,Sambalpur
2018,265,29.7,23.24,87.85,4.19,14.95,Sambalpur
2018,266,30.56,23.58,83.57,1.83,21.29,Sambalpur
2018,267,30.41,24.1,84.12,1.94,21.03,Sambalpur
2018,268,29.92,23.32,88.02,2.79,19.33,Sambalpur
2018,269,30.53,23.61,83.36,2.24,18.79,Sambalpur
2018,270,31.28,22.72,76.52,1.46,19.37,Sambalpur
2018,271,31.79,23.05,75.88,1.42,20.87,Sambalpur
2018,272,32.02,23.12,78.94,2.03,20.86,Sambalpur
2018,273,31.89,22.49,74.42,1.87,21.64,Sambalpur
2018,274,32.05,21.91,67.87,1.29,22.31,Sambalpur
2018,275,31.57,22.12,73.18,1.85,21.79,Sambalpur
2018,276,31.73,21.48,76.53,1.83,21.77,Sambalpur
2018,277,31.64,22.08,73.31,1.53,20.83,Sambalpur
2018,278,31.79,22.39,70.37,1.28,20.26,Sambalpur
2018,279,31.55,22.54,69.75,1.46,21.09,Sambalpur
2018,280,31.0,21.37,68.76,1.14,21.6,Sambalpur
2018,281,31.21,21.78,69.26,1.58,21.23,Sambalpur
2018,282,30.73,20.63,71.72,2.14,22.34,Sambalpur
2018,283,29.01,18.5,82.4,4.64,16.5,Sambalpur
2018,284,24.52,21.49,90.85,7.73,9.25,Sambalpur
2018,285,27.24,22.69,91.71,6.5,8.89,Sambalpur
2018,286,29.37,21.58,80.28,3.17,14.29,Sambalpur
2018,287,29.48,20.69,75.49,1.65,19.61,Sambalpur
2018,288,29.53,19.15,73.57,1.86,20.11,Sambalpur
2018,289,29.45,18.31,71.09,1.96,20.92,Sambalpur
2018,290,29.12,17.52,76.24,2.37,20.46,Sambalpur
2018,291,29.78,18.66,78.76,2.63,19.86,Sambalpur
2018,292,30.46,19.24,75.61,1.81,19.71,Sambalpur
2018,293,30.53,20.09,72.72,1.52,19.67,Sambalpur
2018,294,30.29,20.24,71.21,1.27,18.4,Sambalpur
2018,295,30.2,20.57,78.53,1.68,18.2,Sambalpur
2018,296,30.14,20.88,75.91,1.37,17.07,Sambalpur
2018,297,29.48,20.29,71.85,1.78,19.49,Sambalpur
2018,298,29.14,17.35,60.45,1.36,20.91,Sambalpur
2018,299,28.94,16.44,63.07,1.38,20.3,Sambalpur
2018,300,28.26,15.95,67.56,2.2,20.08,Sambalpur
2018,301,27.97,15.5,71.37,2.15,19.34,Sambalpur
2018,302,27.52,17.72,83.54,2.72,18.34,Sambalpur
2018,303,28.14,18.07,85.27,3.0,18.13,Sambalpur
2018,304,28.25,19.91,85.05,2.82,17.39,Sambalpur
2018,305,28.7,20.8,84.13,3.14,18.28,Sambalpur
2018,306,28.63,20.2,82.57,1.7,18.81,Sambalpur
2018,307,28.94,20.21,76.98,1.02,18.16,Sambalpur
2018,308,29.83,20.04,73.3,0.96,17.67,Sambalpur
2018,309,30.04,19.45,73.34,1.39,15.91,Sambalpur
2018,310,29.57,19.84,76.39,2.0,15.35,Sambalpur
2018,311,29.74,20.38,79.15,1.39,15.73,Sambalpur
2018,312,29.07,19.67,79.17,1.63,13.85,Sambalpur
2018,313,28.53,18.16,75.38,1.63,16.7,Sambalpur
2018,314,27.85,16.16,68.63,1.8,17.22,Sambalpur
2018,315,27.77,14.96,68.13,1.97,17.87,Sambalpur
2018,316,27.49,14.66,68.75,1.8,16.73,Sambalpur
2018,317,28.25,15.29,67.03,1.53,16.99,Sambalpur
2018,318,29.23,16.1,64.95,1.19,17.03,Sambalpur
2018,319,29.99,15.66,64.63,1.46,17.38,Sambalpur
2018,320,29.91,16.24,62.57,1.53,16.75,Sambalpur
2018,321,29.26,15.72,62.93,1.57,16.72,Sambalpur
2018,322,29.29,16.1,67.54,1.48,16.43,Sambalpur
2018,323,29.18,16.32,71.57,1.64,16.37,Sambalpur
2018,324,28.96,17.03,69.11,1.4,14.9,Sambalpur
2018,325,28.63,16.33,69.37,1.59,15.99,Sambalpur
2018,326,28.27,15.85,63.25,1.5,16.83,Sambalpur
2018,327,27.81,15.23,61.65,1.55,15.43,Sambalpur
2018,328,27.58,13.43,58.34,2.03,17.06,Sambalpur
2018,329,27.07,12.11,56.14,1.76,17.9,Sambalpur
2018,330,27.19,12.52,54.47,1.39,17.1,Sambalpur
2018,331,26.94,13.56,62.73,1.85,15.48,Sambalpur
2018,332,27.19,14.41,71.56,1.37,15.53,Sambalpur
2018,333,27.53,15.45,67.95,1.29,14.35,Sambalpur
2018,334,27.28,15.18,69.9,1.44,13.34,Sambalpur
2018,335,27.63,15.01,64.23,1.21,13.62,Sambalpur
2018,336,27.16,14.37,64.39,1.97,11.86,Sambalpur
2018,337,26.99,15.46,67.65,1.75,13.74,Sambalpur
2018,338,26.6,13.79,71.06,1.77,13.58,Sambalpur
2018,339,26.67,14.37,71.63,1.79,11.89,Sambalpur
2018,340,27.32,14.21,64.0,1.8,13.68,Sambalpur
2018,341,27.18,14.05,59.93,1.83,13.54,Sambalpur
2018,342,26.65,12.48,60.39,2.29,13.61,Sambalpur
2018,343,27.0,12.09,61.49,2.19,15.26,Sambalpur
2018,344,27.82,13.22,69.52,1.99,13.3,Sambalpur
2018,345,28.06,14.88,74.42,2.05,9.59,Sambalpur
2018,346,27.68,16.36,72.82,1.93,12.14,Sambalpur
2018,347,25.21,15.21,80.32,2.14,5.33,Sambalpur
2018,348,27.21,16.03,73.19,2.18,12.07,Sambalpur
2018,349,26.42,13.03,61.9,3.35,15.54,Sambalpur
2018,350,23.49,13.14,60.72,3.72,8.73,Sambalpur
2018,351,19.08,14.46,87.04,5.02,2.88,Sambalpur
2018,352,19.54,13.1,90.47,5.7,6.44,Sambalpur
2018,353,22.41,10.5,78.27,1.96,15.09,Sambalpur
2018,354,22.77,9.91,72.33,1.5,17.01,Sambalpur
2018,355,23.34,9.62,65.92,1.73,16.51,Sambalpur
2018,356,22.9,8.39,58.15,1.78,16.31,Sambalpur
2018,357,23.38,7.5,56.69,1.76,17.11,Sambalpur
2018,358,23.84,8.39,56.32,1.65,17.1,Sambalpur
2018,359,24.71,9.09,55.91,1.83,16.56,Sambalpur
2018,360,24.46,8.67,61.72,2.09,15.78,Sambalpur
2018,361,23.47,11.65,69.21,1.83,11.12,Sambalpur
2018,362,22.88,9.72,57.88,2.51,15.01,Sambalpur
2018,363,21.9,5.56,49.67,1.89,17.46,Sambalpur
2018,364,22.18,5.42,52.18,2.28,17.44,Sambalpur
2018,365,22.37,4.88,55.0,1.93,16.55,Sambalpur
2019,1,23.53,7.19,49.63,1.39,16.9,Sambalpur
2019,2,24.84,8.11,51.54,1.77,16.15,Sambalpur
2019,3,24.86,9.2,51.22,1.5,16.08,Sambalpur
2019,4,24.89,8.15,50.6,1.85,16.4,Sambalpur
2019,5,24.29,8.6,53.55,1.55,14.81,Sambalpur
2019,6,25.36,9.63,56.72,2.02,16.0,Sambalpur
2019,7,26.47,11.05,56.32,1.37,14.65,Sambalpur
2019,8,24.12,9.76,60.08,2.5,13.26,Sambalpur
2019,9,24.57,8.71,57.16,1.75,14.33,Sambalpur
2019,10,24.99,8.74,51.7,1.66,16.39,Sambalpur
2019,11,24.03,9.47,55.44,1.54,15.34,Sambalpur
2019,12,24.77,9.9,52.6,1.35,15.21,Sambalpur
2019,13,25.32,11.91,54.11,1.02,14.94,Sambalpur
2019,14,25.64,12.09,62.25,2.12,11.5,Sambalpur
2019,15,25.15,9.69,52.94,2.37,15.9,Sambalpur
2019,16,24.93,7.49,44.55,1.91,17.71,Sambalpur
2019,17,25.59,9.43,41.19,1.58,18.02,Sambalpur
2019,18,26.75,10.6,41.86,1.65,17.78,Sambalpur
2019,19,26.87,8.42,44.29,1.93,17.71,Sambalpur
2019,20,27.44,9.36,41.99,1.92,18.04,Sambalpur
2019,21,28.84,11.23,43.31,1.63,18.5,Sambalpur
2019,22,28.87,11.73,51.4,2.03,18.31,Sambalpur
2019,23,28.69,12.05,65.28,1.86,17.65,Sambalpur
2019,24,29.25,12.7,62.83,1.43,18.07,Sambalpur
2019,25,28.95,11.99,61.38,3.11,13.9,Sambalpur
2019,26,21.68,14.93,71.99,2.48,2.95,Sambalpur
2019,27,19.85,13.88,81.49,2.18,9.82,Sambalpur
2019,28,24.41,13.64,73.65,2.28,8.83,Sambalpur
2019,29,24.66,8.57,49.47,3.47,18.4,Sambalpur
2019,30,24.54,6.01,41.18,1.9,20.41,Sambalpur
2019,31,25.69,7.89,35.61,1.37,20.32,Sambalpur
2019,32,27.15,10.03,43.58,1.93,19.53,Sambalpur
2019,33,28.87,10.85,40.02,1.87,18.86,Sambalpur
2019,34,28.89,12.15,45.45,1.81,18.67,Sambalpur
2019,35,29.12,12.39,47.74,2.09,18.36,Sambalpur
2019,36,29.16,12.45,50.97,2.43,17.86,Sambalpur
2019,37,29.91,13.94,48.74,1.51,17.15,Sambalpur
2019,38,30.44,14.65,47.53,1.86,17.84,Sambalpur
2019,39,30.85,16.04,63.26,3.43,9.68,Sambalpur
2019,40,27.27,12.84,56.36,3.7,16.78,Sambalpur
2019,41,26.83,8.08,40.44,2.34,21.45,Sambalpur
2019,42,26.99,9.04,36.27,1.74,21.17,Sambalpur
2019,43,29.0,10.13,34.86,1.52,21.08,Sambalpur
2019,44,30.39,11.8,35.93,1.76,20.5,Sambalpur
2019,45,32.16,14.8,34.76,0.76,19.73,Sambalpur
2019,46,32.52,14.37,47.23,2.0,18.16,Sambalpur
2019,47,29.25,16.95,66.27,2.41,15.74,Sambalpur
2019,48,29.02,15.61,53.97,3.37,17.84,Sambalpur
2019,49,29.8,10.97,39.63,2.26,21.44,Sambalpur
2019,50,33.27,15.96,33.34,1.4,21.57,Sambalpur
2019,51,33.95,16.32,45.17,1.39,21.19,Sambalpur
2019,52,34.42,17.05,43.12,1.93,21.14,Sambalpur
2019,53,35.55,19.36,43.76,2.27,20.08,Sambalpur
2019,54,35.54,19.77,47.44,3.25,19.09,Sambalpur
2019,55,35.22,18.04,46.13,2.27,20.11,Sambalpur
2019,56,34.33,19.87,48.93,2.58,17.01,Sambalpur
2019,57,32.98,19.32,53.87,2.2,14.04,Sambalpur
2019,58,31.66,18.97,51.69,3.51,19.06,Sambalpur
2019,59,30.19,17.13,57.45,2.55,21.03,Sambalpur
2019,60,29.47,14.31,49.58,2.97,20.88,Sambalpur
2019,61,31.05,15.06,47.9,2.33,22.0,Sambalpur
2019,62,32.56,16.41,54.5,2.03,9.2,Sambalpur
2019,63,33.96,19.75,56.97,3.26,16.26,Sambalpur
2019,64,34.0,19.69,47.33,1.97,16.67,Sambalpur
2019,65,33.33,19.59,49.14,3.09,19.24,Sambalpur
2019,66,32.24,17.37,43.19,2.88,22.17,Sambalpur
2019,67,32.49,15.82,34.47,2.42,23.75,Sambalpur
2019,68,34.4,15.59,33.66,1.99,23.51,Sambalpur
2019,69,36.16,17.79,40.74,2.47,21.93,Sambalpur
2019,70,37.04,18.55,36.92,2.41,22.49,Sambalpur
2019,71,37.73,20.22,35.08,1.96,18.22,Sambalpur
2019,72,38.53,22.93,31.97,1.57,19.14,Sambalpur
2019,73,38.02,23.81,35.39,1.61,17.97,Sambalpur
2019,74,36.81,23.86,48.54,2.24,16.09,Sambalpur
2019,75,36.43,22.12,50.28,2.78,19.07,Sambalpur
2019,76,36.98,21.86,45.25,2.12,18.68,Sambalpur
2019,77,32.67,20.7,57.57,3.07,16.29,Sambalpur
2019,78,33.17,20.64,54.41,2.32,19.05,Sambalpur
2019,79,34.87,19.02,45.42,1.9,21.47,Sambalpur
2019,80,35.62,22.15,53.76,2.44,22.31,Sambalpur
2019,81,34.75,23.83,50.4,2.02,19.99,Sambalpur
2019,82,36.35,19.99,43.46,2.74,24.29,Sambalpur
2019,83,36.76,18.21,32.8,2.46,26.18,Sambalpur
2019,84,37.38,18.94,31.92,1.97,24.14,Sambalpur
2019,85,38.47,20.48,32.81,1.83,22.89,Sambalpur
2019,86,36.79,21.19,40.09,2.81,24.09,Sambalpur
2019,87,37.43,17.91,29.16,2.28,25.3,Sambalpur
2019,88,38.93,20.85,27.64,2.0,25.17,Sambalpur
2019,89,39.8,20.97,31.52,2.07,25.44,Sambalpur
2019,90,41.27,22.36,28.69,3.15,22.34,Sambalpur
2019,91,40.94,24.42,25.59,3.39,22.87,Sambalpur
2019,92,40.34,21.78,21.66,2.92,26.43,Sambalpur
2019,93,40.6,22.69,18.97,1.99,26.12,Sambalpur
2019,94,41.5,23.32,26.11,1.79,23.47,Sambalpur
2019,95,42.09,24.5,25.98,3.43,21.77,Sambalpur
2019,96,42.58,24.86,22.99,2.57,22.79,Sambalpur
2019,97,41.93,25.19,22.78,2.18,23.68,Sambalpur
2019,98,41.17,24.44,26.38,3.86,20.96,Sambalpur
2019,99,41.55,24.0,25.65,2.19,21.99,Sambalpur
2019,100,42.37,24.01,22.53,2.81,25.63,Sambalpur
2019,101,42.22,24.27,25.21,2.08,24.19,Sambalpur
2019,102,42.24,26.7,27.23,3.08,21.59,Sambalpur
2019,103,42.62,25.47,27.49,1.55,24.55,Sambalpur
2019,104,43.37,27.7,21.26,1.67,24.64,Sambalpur
2019,105,43.16,26.89,22.59,3.46,22.26,Sambalpur
2019,106,42.01,27.32,23.93,3.11,21.04,Sambalpur
2019,107,41.79,26.42,25.99,2.68,20.91,Sambalpur
2019,108,40.44,24.92,35.45,2.41,19.89,Sambalpur
2019,109,39.32,26.48,37.03,1.51,22.79,Sambalpur
2019,110,39.76,26.39,37.02,2.82,24.72,Sambalpur
2019,111,40.59,27.28,31.53,2.89,22.51,Sambalpur
2019,112,39.71,25.09,33.2,1.64,25.4,Sambalpur
2019,113,40.56,23.79,31.78,2.0,25.6,Sambalpur
2019,114,41.15,23.36,39.56,2.08,25.62,Sambalpur
2019,115,43.04,25.18,32.36,2.5,25.53,Sambalpur
2019,116,43.59,26.18,35.07,2.2,24.65,Sambalpur
2019,117,45.08,28.6,22.54,2.39,25.06,Sambalpur
2019,118,44.94,27.53,19.51,3.02,27.12,Sambalpur
2019,119,44.38,25.94,25.7,2.1,25.88,Sambalpur
2019,120,44.49,26.68,35.99,3.38,24.48,Sambalpur
2019,121,41.23,27.39,37.18,5.25,24.99,Sambalpur
2019,122,39.77,25.81,53.64,4.92,17.67,Sambalpur
2019,123,31.31,24.68,62.07,4.98,12.32,Sambalpur
2019,124,40.82,23.41,44.9,2.14,24.36,Sambalpur
2019,125,40.96,25.98,50.04,2.59,20.19,Sambalpur
2019,126,42.32,26.26,38.07,1.87,26.52,Sambalpur
2019,127,43.33,24.56,26.8,2.03,27.13,Sambalpur
2019,128,44.02,25.35,35.88,1.79,26.4,Sambalpur
2019,129,45.34,27.1,20.88,2.88,26.41,Sambalpur
2019,130,45.38,26.37,17.5,2.71,27.62,Sambalpur
2019,131,44.81,28.21,20.25,0.79,25.35,Sambalpur
2019,132,44.16,30.02,28.22,2.36,22.74,Sambalpur
2019,133,44.39,28.43,20.29,2.83,26.2,Sambalpur
2019,134,43.46,30.86,20.53,2.29,22.86,Sambalpur
2019,135,43.65,29.04,21.13,1.29,25.27,Sambalpur
2019,136,43.41,28.8,31.15,1.83,24.4,Sambalpur
2019,137,44.62,29.64,28.64,2.99,26.23,Sambalpur
2019,138,44.51,28.61,22.62,2.52,25.45,Sambalpur
2019,139,44.14,30.75,22.63,3.16,24.67,Sambalpur
2019,140,43.86,29.53,31.72,2.1,22.68,Sambalpur
2019,141,44.18,30.25,34.85,2.22,24.76,Sambalpur
2019,142,45.0,29.55,30.21,1.67,25.16,Sambalpur
2019,143,45.6,31.69,27.1,3.72,23.84,Sambalpur
2019,144,45.35,31.94,26.86,5.54,23.94,Sambalpur
2019,145,45.96,30.57,22.79,3.65,25.16,Sambalpur
2019,146,44.11,31.01,30.58,2.51,25.67,Sambalpur
2019,147,44.26,30.18,27.98,2.11,25.06,Sambalpur
2019,148,44.42,31.56,32.7,2.06,24.06,Sambalpur
2019,149,42.27,28.86,43.87,2.15,25.89,Sambalpur
2019,150,43.43,28.62,39.23,2.77,26.42,Sambalpur
2019,151,45.11,28.83,35.23,3.65,23.34,Sambalpur
2019,152,43.8,30.53,36.52,4.26,22.71,Sambalpur
2019,153,45.62,31.43,32.11,3.3,21.24,Sambalpur
2019,154,43.58,31.02,39.38,3.85,16.75,Sambalpur
2019,155,43.82,29.83,41.2,3.87,24.49,Sambalpur
2019,156,45.7,30.92,35.35,4.02,23.82,Sambalpur
2019,157,44.27,31.16,37.06,2.57,21.37,Sambalpur
2019,158,42.99,31.18,40.38,3.61,19.69,Sambalpur
2019,159,41.28,29.95,44.4,2.64,21.87,Sambalpur
2019,160,43.93,31.82,34.16,2.63,24.88,Sambalpur
2019,161,45.19,30.35,33.67,2.65,24.66,Sambalpur
2019,162,45.53,31.59,31.24,5.07,25.04,Sambalpur
2019,163,46.24,33.24,30.16,4.75,24.15,Sambalpur
2019,164,43.21,33.69,34.35,6.37,21.81,Sambalpur
2019,165,38.41,30.9,50.34,4.44,24.45,Sambalpur
2019,166,42.92,30.17,48.38,4.16,23.79,Sambalpur
2019,167,37.04,28.28,62.43,4.62,22.74,Sambalpur
2019,168,40.94,28.29,49.36,4.83,19.18,Sambalpur
2019,169,41.36,30.66,45.66,3.93,22.56,Sambalpur
2019,170,39.55,30.76,42.55,3.47,22.08,Sambalpur
2019,171,39.1,28.98,51.97,1.96,21.41,Sambalpur
2019,172,33.58,27.4,71.56,2.34,9.24,Sambalpur
2019,173,32.75,26.31,76.74,2.74,12.11,Sambalpur
2019,174,33.98,25.79,71.49,2.37,17.4,Sambalpur
2019,175,37.92,26.4,61.99,2.4,24.21,Sambalpur
2019,176,38.33,27.72,58.09,2.58,25.63,Sambalpur
2019,177,37.54,28.38,58.87,3.78,22.14,Sambalpur
2019,178,34.93,28.19,66.67,3.7,16.7,Sambalpur
2019,179,35.91,27.19,68.33,4.54,14.84,Sambalpur
2019,180,33.59,26.67,73.03,3.35,15.47,Sambalpur
2019,181,33.06,25.89,70.75,2.28,15.86,Sambalpur
2019,182,33.75,26.4,73.27,3.95,10.08,Sambalpur
2019,183,30.91,26.18,86.93,6.26,4.95,Sambalpur
2019,184,32.7,25.12,80.31,7.62,8.47,Sambalpur
2019,185,33.13,25.04,78.28,5.7,5.3,Sambalpur
2019,186,33.02,25.15,78.45,5.18,8.45,Sambalpur
2019,187,30.5,24.61,83.42,7.18,4.19,Sambalpur
2019,188,32.73,24.56,79.8,7.26,9.71,Sambalpur
2019,189,30.61,24.74,84.32,6.35,13.28,Sambalpur
2019,190,31.19,25.14,82.73,5.56,12.93,Sambalpur
2019,191,32.9,25.22,80.51,5.34,14.47,Sambalpur
2019,192,32.65,25.57,78.53,5.05,16.02,Sambalpur
2019,193,32.88,25.19,78.08,4.45,15.56,Sambalpur
2019,194,32.97,25.33,77.29,4.87,18.57,Sambalpur
2019,195,32.31,25.82,79.04,5.16,21.54,Sambalpur
2019,196,33.28,25.59,77.53,4.23,21.17,Sambalpur
2019,197,33.01,25.42,77.66,3.13,20.23,Sambalpur
2019,198,33.82,25.88,75.99,2.06,18.64,Sambalpur
2019,199,33.79,26.57,74.9,1.52,21.7,Sambalpur
2019,200,33.08,26.68,79.29,2.37,22.24,Sambalpur
2019,201,33.79,24.89,78.03,4.15,19.65,Sambalpur
2019,202,33.82,25.49,76.98,2.95,22.84,Sambalpur
2019,203,33.56,25.35,77.67,2.76,21.96,Sambalpur
2019,204,32.82,25.57,78.83,2.65,22.98,Sambalpur
2019,205,32.99,25.32,76.82,2.57,18.3,Sambalpur
2019,206,30.44,25.85,87.12,3.43,8.66,Sambalpur
2019,207,30.96,25.21,84.54,2.35,14.22,Sambalpur
2019,208,29.82,24.52,85.21,4.07,10.12,Sambalpur
2019,209,31.14,24.2,83.18,1.76,12.91,Sambalpur
2019,210,31.38,24.57,86.26,3.42,9.89,Sambalpur
2019,211,29.2,23.12,86.28,6.88,7.63,Sambalpur
2019,212,29.43,24.08,84.18,6.71,7.36,Sambalpur
2019,213,30.3,23.88,85.45,5.1,6.62,Sambalpur
2019,214,32.49,24.31,82.7,3.42,12.23,Sambalpur
2019,215,33.23,24.41,83.35,3.08,8.14,Sambalpur
2019,216,32.96,25.16,80.86,5.61,8.93,Sambalpur
2019,217,31.67,24.42,82.92,3.86,16.34,Sambalpur
2019,218,28.96,25.96,91.63,4.44,11.74,Sambalpur
2019,219,30.96,25.89,89.26,6.71,10.92,Sambalpur
2019,220,29.27,24.44,87.36,7.85,6.86,Sambalpur
2019,221,31.71,23.55,83.25,3.88,16.25,Sambalpur
2019,222,31.64,24.13,82.65,2.89,18.17,Sambalpur
2019,223,30.14,25.18,88.61,3.91,13.48,Sambalpur
2019,224,28.54,25.5,92.01,4.24,8.65,Sambalpur
2019,225,31.05,25.12,89.01,2.95,6.48,Sambalpur
2019,226,29.08,23.95,90.33,5.13,9.45,Sambalpur
2019,227,31.16,23.45,84.75,3.73,18.48,Sambalpur
2019,228,31.47,24.3,84.17,2.25,19.24,Sambalpur
2019,229,30.9,24.9,86.26,2.37,18.97,Sambalpur
2019,230,27.73,25.02,93.91,3.63,9.22,Sambalpur
2019,231,29.61,24.35,89.38,3.2,13.56,Sambalpur
2019,232,31.56,24.48,85.29,2.9,16.16,Sambalpur
2019,233,28.5,25.03,89.8,2.5,16.13,Sambalpur
2019,234,31.74,23.62,82.03,1.54,16.39,Sambalpur
2019,235,30.52,25.12,87.33,2.15,9.82,Sambalpur
2019,236,30.55,24.52,89.44,3.84,16.47,Sambalpur
2019,237,28.91,24.46,89.44,2.12,11.91,Sambalpur
2019,238,30.79,24.05,86.69,1.56,12.39,Sambalpur
2019,239,30.44,24.3,86.69,3.54,10.14,Sambalpur
2019,240,29.94,24.02,86.12,2.72,13.58,Sambalpur
2019,241,27.56,24.45,91.07,2.46,11.99,Sambalpur
2019,242,30.81,23.99,87.22,1.99,15.56,Sambalpur
2019,243,30.81,24.74,88.37,2.95,15.57,Sambalpur
2019,244,31.6,24.01,84.33,2.06,18.94,Sambalpur
2019,245,31.31,25.5,82.01,1.55,16.36,Sambalpur
2019,246,30.36,24.76,86.39,1.93,11.98,Sambalpur
2019,247,29.08,25.01,89.86,1.48,17.59,Sambalpur
2019,248,31.56,25.18,87.93,1.85,13.15,Sambalpur
2019,249,31.71,25.56,87.85,3.04,13.46,Sambalpur
2019,250,30.66,25.87,88.24,3.11,3.75,Sambalpur
2019,251,29.3,25.47,92.0,4.47,7.05,Sambalpur
2019,252,29.78,24.94,90.31,4.11,16.53,Sambalpur
2019,253,30.45,24.6,91.23,3.21,12.77,Sambalpur
2019,254,29.4,24.86,91.83,3.14,9.97,Sambalpur
2019,255,27.69,24.44,93.62,4.64,6.36,Sambalpur
2019,256,29.56,23.86,88.08,3.26,13.8,Sambalpur
2019,257,29.15,24.04,88.49,2.41,15.1,Sambalpur
2019,258,30.48,24.24,84.94,1.81,17.35,Sambalpur
2019,259,31.49,25.15,82.08,1.13,15.58,Sambalpur
2019,260,29.36,25.42,89.64,3.12,17.27,Sambalpur
2019,261,30.53,24.0,88.51,3.3,12.64,Sambalpur
2019,262,30.51,24.56,88.82,3.66,16.05,Sambalpur
2019,263,30.41,23.8,86.78,2.03,19.94,Sambalpur
2019,264,31.04,23.62,84.84,1.97,21.15,Sambalpur
2019,265,31.12,23.24,84.25,1.96,19.92,Sambalpur
2019,266,30.12,23.84,89.02,2.58,17.6,Sambalpur
2019,267,29.61,24.26,91.63,3.85,14.26,Sambalpur
2019,268,28.44,23.77,91.44,4.13,7.36,Sambalpur
2019,269,28.78,23.57,90.85,2.9,14.76,Sambalpur
2019,270,27.43,23.22,90.48,2.42,12.84,Sambalpur
2019,271,27.84,23.06,92.06,2.68,8.84,Sambalpur
2019,272,26.62,23.36,93.4,3.28,6.85,Sambalpur
2019,273,27.75,22.9,91.49,3.09,14.55,Sambalpur
2019,274,27.25,22.99,93.75,3.1,16.88,Sambalpur
2019,275,29.68,23.09,87.71,1.83,16.71,Sambalpur
2019,276,28.92,22.81,87.8,2.61,20.03,Sambalpur
2019,277,29.09,21.31,85.0,2.43,18.28,Sambalpur
2019,278,29.32,22.21,86.37,1.73,17.51,Sambalpur
2019,279,29.17,23.78,88.29,1.52,14.8,Sambalpur
2019,280,29.11,22.85,84.01,1.73,15.77,Sambalpur
2019,281,28.47,22.19,86.8,2.05,13.54,Sambalpur
2019,282,28.62,22.74,85.18,1.46,14.73,Sambalpur
2019,283,28.9,21.91,84.29,1.92,16.66,Sambalpur
2019,284,28.92,22.11,81.67,1.75,15.64,Sambalpur
2019,285,28.9,22.39,81.66,1.62,12.53,Sambalpur
2019,286,29.13,21.33,79.83,1.79,18.49,Sambalpur
2019,287,29.53,20.9,73.68,1.36,18.85,Sambalpur
2019,288,29.07,20.0,76.05,1.73,18.92,Sambalpur
2019,289,28.67,20.91,78.32,1.67,17.92,Sambalpur
2019,290,28.84,20.8,83.12,1.66,17.61,Sambalpur
2019,291,28.51,22.16,84.99,1.6,13.07,Sambalpur
2019,292,28.78,22.68,81.68,1.02,18.65,Sambalpur
2019,293,29.54,22.47,77.65,1.26,17.03,Sambalpur
2019,294,29.01,22.41,81.61,1.67,13.71,Sambalpur
2019,295,29.79,21.93,78.31,1.31,14.29,Sambalpur
2019,296,26.72,22.08,90.7,3.09,9.08,Sambalpur
2019,297,26.16,20.68,94.09,6.82,5.69,Sambalpur
2019,298,27.48,22.24,90.52,4.22,9.75,Sambalpur
2019,299,28.41,20.51,86.79,1.98,11.57,Sambalpur
2019,300,29.3,21.84,84.4,1.3,16.02,Sambalpur
2019,301,29.6,21.69,80.02,1.09,15.43,Sambalpur
2019,302,28.81,21.25,82.3,1.68,14.57,Sambalpur
2019,303,28.53,20.72,81.03,1.9,14.06,Sambalpur
2019,304,28.19,19.13,81.49,1.99,14.54,Sambalpur
2019,305,28.6,20.39,81.97,1.62,13.55,Sambalpur
2019,306,28.46,19.1,79.52,1.97,14.74,Sambalpur
2019,307,27.84,18.16,80.43,2.08,11.79,Sambalpur
2019,308,28.59,18.95,81.33,1.99,15.39,Sambalpur
2019,309,28.56,19.35,81.93,2.11,13.22,Sambalpur
2019,310,27.54,18.65,80.8,2.17,13.98,Sambalpur
2019,311,26.74,17.57,78.51,2.28,15.19,Sambalpur
2019,312,25.81,15.73,84.63,3.01,13.21,Sambalpur
2019,313,28.01,18.28,86.27,4.24,12.71,Sambalpur
2019,314,28.79,19.03,86.15,3.1,17.73,Sambalpur
2019,315,27.22,17.57,83.48,2.65,17.85,Sambalpur
2019,316,26.83,15.33,77.32,2.12,17.8,Sambalpur
2019,317,26.26,14.36,72.29,1.5,17.5,Sambalpur
2019,318,25.8,14.05,71.95,1.42,17.9,Sambalpur
2019,319,25.89,13.64,75.48,1.56,17.78,Sambalpur
2019,320,25.89,14.54,76.38,1.56,17.81,Sambalpur
2019,321,26.07,13.73,78.42,1.84,17.58,Sambalpur
2019,322,26.03,13.65,77.35,1.87,17.41,Sambalpur
2019,323,26.08,13.69,76.05,1.4,17.97,Sambalpur
2019,324,25.76,14.64,73.66,1.1,15.75,Sambalpur
2019,325,24.83,14.82,77.84,1.53,14.92,Sambalpur
2019,326,25.22,15.35,80.82,1.54,15.64,Sambalpur
2019,327,25.78,14.44,79.95,1.74,15.69,Sambalpur
2019,328,25.65,14.42,78.39,1.38,16.01,Sambalpur
2019,329,25.99,14.76,76.6,1.13,16.58,Sambalpur
2019,330,26.25,14.25,80.11,1.57,15.42,Sambalpur
2019,331,26.13,16.34,83.83,1.36,14.34,Sambalpur
2019,332,26.07,16.15,84.04,1.35,13.78,Sambalpur
2019,333,25.89,17.25,79.85,0.53,14.8,Sambalpur
2019,334,25.93,15.49,78.8,1.2,13.93,Sambalpur
2019,335,25.95,15.5,80.94,1.68,11.9,Sambalpur
2019,336,25.24,15.68,79.57,2.18,13.48,Sambalpur
2019,337,24.96,14.19,78.24,1.54,13.44,Sambalpur
2019,338,24.4,14.09,77.28,2.34,13.87,Sambalpur
2019,339,23.43,11.56,74.1,2.28,16.69,Sambalpur
2019,340,23.56,10.17,79.02,2.27,15.57,Sambalpur
2019,341,23.63,12.82,79.43,1.29,15.98,Sambalpur
2019,342,24.83,13.02,76.6,1.62,15.6,Sambalpur
2019,343,24.66,12.84,75.97,1.41,14.34,Sambalpur
2019,344,23.74,12.94,76.42,1.38,13.61,Sambalpur
2019,345,24.42,12.83,75.31,1.27,12.19,Sambalpur
2019,346,24.04,13.57,78.74,1.77,12.19,Sambalpur
2019,347,25.01,13.18,83.78,2.86,11.19,Sambalpur
2019,348,24.7,16.47,88.0,2.05,12.32,Sambalpur
2019,349,24.96,16.47,85.9,1.6,13.62,Sambalpur
2019,350,24.55,16.83,87.79,2.26,7.12,Sambalpur
2019,351,24.3,14.88,85.19,2.47,9.45,Sambalpur
2019,352,23.0,11.9,82.15,2.74,13.39,Sambalpur
2019,353,21.27,7.97,75.5,2.43,15.93,Sambalpur
2019,354,21.55,7.52,74.24,1.92,16.06,Sambalpur
2019,355,22.37,9.89,69.03,1.53,14.41,Sambalpur
2019,356,23.62,11.07,67.84,1.45,15.01,Sambalpur
2019,357,23.46,12.93,74.34,1.72,9.04,Sambalpur
2019,358,23.93,11.4,77.18,1.86,13.09,Sambalpur
2019,359,23.85,13.97,76.9,1.11,12.49,Sambalpur
2019,360,21.76,15.94,87.06,1.45,5.79,Sambalpur
2019,361,20.95,8.69,74.95,3.69,10.79,Sambalpur
2019,362,18.8,4.69,65.51,2.42,17.59,Sambalpur
2019,363,20.19,5.52,72.34,1.98,16.12,Sambalpur
2019,364,21.58,8.29,68.97,1.94,16.67,Sambalpur
2019,365,21.6,7.47,75.87,2.39,15.77,Sambalpur
2020,1,20.98,10.82,77.9,2.64,12.33,Sambalpur
2020,2,23.02,9.97,83.92,2.8,7.37,Sambalpur
2020,3,19.36,15.35,91.82,3.39,4.53,Sambalpur
2020,4,21.98,14.55,86.64,1.4,8.61,Sambalpur
2020,5,22.39,12.1,79.28,2.62,14.45,Sambalpur
2020,6,21.04,7.48,70.03,2.11,17.18,Sambalpur
2020,7,22.18,8.39,65.28,1.34,16.99,Sambalpur
2020,8,24.21,11.35,69.86,1.83,9.3,Sambalpur
2020,9,21.61,13.89,88.54,2.19,6.61,Sambalpur
2020,10,21.05,9.61,77.89,3.12,15.11,Sambalpur
2020,11,19.74,5.75,71.78,2.45,17.36,Sambalpur
2020,12,20.4,5.3,71.5,2.28,17.95,Sambalpur
2020,13,22.5,7.49,62.43,1.7,17.86,Sambalpur
2020,14,24.87,9.49,61.63,1.42,18.08,Sambalpur
2020,15,25.29,10.64,66.56,1.59,17.27,Sambalpur
2020,16,26.66,11.77,70.6,2.19,17.0,Sambalpur
2020,17,26.31,11.13,72.23,2.21,17.84,Sambalpur
2020,18,26.2,12.0,75.47,1.71,16.93,Sambalpur
2020,19,25.13,13.7,81.87,2.5,12.78,Sambalpur
2020,20,23.54,11.18,76.91,2.7,13.03,Sambalpur
2020,21,24.38,9.53,69.4,2.08,16.16,Sambalpur
2020,22,25.34,10.3,71.37,2.15,15.62,Sambalpur
2020,23,25.81,13.25,81.43,2.62,12.52,Sambalpur
2020,24,24.37,10.72,65.71,2.88,19.35,Sambalpur
2020,25,24.31,8.23,62.07,2.51,19.11,Sambalpur
2020,26,24.38,9.24,65.89,3.06,18.92,Sambalpur
2020,27,25.05,7.99,60.83,1.79,19.22,Sambalpur
2020,28,27.27,11.94,61.23,1.77,14.13,Sambalpur
2020,29,26.81,16.54,77.89,2.34,11.17,Sambalpur
2020,30,25.63,13.7,72.07,3.07,14.18,Sambalpur
2020,31,24.32,9.04,65.67,2.76,19.05,Sambalpur
2020,32,25.06,9.59,62.86,2.52,14.02,Sambalpur
2020,33,24.85,10.13,66.01,2.78,16.95,Sambalpur
2020,34,25.11,9.89,62.67,2.68,14.68,Sambalpur
2020,35,21.3,11.46,76.72,2.81,7.08,Sambalpur
2020,36,24.56,14.49,80.83,2.25,12.45,Sambalpur
2020,37,26.23,12.03,71.69,2.02,4.92,Sambalpur
2020,38,18.3,15.4,90.46,4.33,2.74,Sambalpur
2020,39,21.71,13.83,87.15,3.17,2.97,Sambalpur
2020,40,24.51,11.78,71.3,2.93,18.06,Sambalpur
2020,41,24.36,7.63,57.91,2.57,20.09,Sambalpur
2020,42,25.07,7.77,54.82,2.46,20.5,Sambalpur
2020,43,25.89,8.63,58.59,2.96,20.71,Sambalpur
2020,44,26.76,9.3,62.1,3.24,20.97,Sambalpur
2020,45,29.47,11.44,63.85,3.35,21.08,Sambalpur
2020,46,27.67,11.32,61.44,2.58,21.15,Sambalpur
2020,47,28.39,10.32,56.46,2.61,21.82,Sambalpur
2020,48,28.54,10.18,55.7,2.86,20.84,Sambalpur
2020,49,28.69,9.25,53.61,2.63,21.68,Sambalpur
2020,50,29.27,10.56,48.6,1.95,21.84,Sambalpur
2020,51,30.03,12.36,50.05,1.96,20.21,Sambalpur
2020,52,30.89,14.22,63.42,2.24,20.34,Sambalpur
2020,53,30.56,14.32,61.57,1.62,19.36,Sambalpur
2020,54,30.89,15.08,60.13,1.86,17.72,Sambalpur
2020,55,28.0,15.43,63.59,2.05,8.63,Sambalpur
2020,56,24.82,17.94,81.62,2.6,6.37,Sambalpur
2020,57,26.6,13.43,66.54,2.39,17.49,Sambalpur
2020,58,26.82,11.78,68.19,2.69,21.39,Sambalpur
2020,59,28.06,12.68,65.06,2.25,20.65,Sambalpur
2020,60,28.88,13.82,58.92,1.56,20.73,Sambalpur
2020,61,29.77,14.95,58.69,1.56,20.47,Sambalpur
2020,62,30.92,15.69,64.1,2.55,18.41,Sambalpur
2020,63,30.95,17.85,63.57,1.95,14.38,Sambalpur
2020,64,31.49,18.48,66.58,2.38,18.01,Sambalpur
2020,65,30.46,19.57,73.99,2.7,18.16,Sambalpur
2020,66,30.41,19.05,73.84,2.87,17.83,Sambalpur
2020,67,29.51,20.37,76.98,3.04,15.51,Sambalpur
2020,68,29.83,18.65,66.23,2.3,19.6,Sambalpur
2020,69,30.6,15.2,57.72,2.56,23.59,Sambalpur
2020,70,30.97,15.85,57.73,2.35,9.03,Sambalpur
2020,71,31.89,17.47,68.05,2.54,15.9,Sambalpur
2020,72,31.63,20.25,75.34,2.86,14.86,Sambalpur
2020,73,32.88,19.79,73.83,2.82,16.03,Sambalpur
2020,74,32.96,20.5,69.75,3.35,14.77,Sambalpur
2020,75,31.2,19.84,71.17,2.08,19.53,Sambalpur
2020,76,31.22,20.11,67.14,2.35,20.94,Sambalpur
2020,77,32.1,17.39,57.9,2.31,22.08,Sambalpur
2020,78,32.25,16.97,57.43,2.42,21.27,Sambalpur
2020,79,32.11,18.26,68.24,2.2,16.88,Sambalpur
2020,80,31.9,18.86,64.25,1.69,22.37,Sambalpur
2020,81,30.95,19.42,60.38,1.59,16.77,Sambalpur
2020,82,31.52,18.54,60.63,2.16,23.43,Sambalpur
2020,83,31.25,18.18,57.05,2.01,21.84,Sambalpur
2020,84,32.11,19.94,55.17,1.51,22.53,Sambalpur
2020,85,34.71,20.42,53.83,2.14,24.2,Sambalpur
2020,86,34.81,19.7,52.92,2.24,24.01,Sambalpur
2020,87,36.13,21.09,54.13,2.11,24.1,Sambalpur
2020,88,35.36,22.19,58.59,3.09,22.51,Sambalpur
2020,89,35.78,21.72,56.13,2.91,23.98,Sambalpur
2020,90,36.02,21.94,52.34,2.52,22.22,Sambalpur
2020,91,36.26,21.68,49.12,2.19,22.33,Sambalpur
2020,92,37.5,22.59,44.75,2.81,24.81,Sambalpur
2020,93,37.78,20.98,46.45,2.91,24.78,Sambalpur
2020,94,37.26,21.38,44.61,3.07,22.68,Sambalpur
2020,95,37.14,20.57,43.9,2.6,23.04,Sambalpur
2020,96,36.22,24.17,46.31,3.12,24.08,Sambalpur
2020,97,37.4,20.08,36.64,2.55,25.67,Sambalpur
2020,98,37.56,22.36,41.67,1.99,23.05,Sambalpur
2020,99,37.9,23.88,44.27,2.21,22.92,Sambalpur
2020,100,37.44,21.99,44.34,2.14,25.49,Sambalpur
2020,101,38.06,23.46,38.86,1.54,23.71,Sambalpur
2020,102,38.84,22.39,35.92,3.2,25.27,Sambalpur
2020,103,39.16,22.73,35.11,2.64,25.14,Sambalpur
2020,104,40.25,22.33,34.25,2.79,26.1,Sambalpur
2020,105,40.37,24.25,31.5,1.89,24.34,Sambalpur
2020,106,40.49,24.98,32.53,2.89,21.54,Sambalpur
2020,107,40.06,25.84,34.99,2.68,24.09,Sambalpur
2020,108,40.93,24.8,34.96,2.55,25.37,Sambalpur
2020,109,41.71,24.54,33.52,2.99,23.87,Sambalpur
2020,110,40.5,24.6,33.72,2.71,14.59,Sambalpur
2020,111,40.33,25.31,33.89,2.4,23.03,Sambalpur
2020,112,39.87,26.01,43.65,2.95,19.47,Sambalpur
2020,113,37.48,24.25,48.43,1.96,21.67,Sambalpur
2020,114,39.28,24.67,40.31,2.52,19.26,Sambalpur
2020,115,38.62,25.15,54.09,3.69,21.16,Sambalpur
2020,116,37.35,24.86,60.3,2.86,22.35,Sambalpur
2020,117,36.75,25.5,61.69,3.49,21.28,Sambalpur
2020,118,34.25,24.12,65.92,2.02,18.34,Sambalpur
2020,119,36.04,23.08,55.61,2.05,24.98,Sambalpur
2020,120,36.71,23.34,49.35,2.23,23.53,Sambalpur
2020,121,37.2,24.3,46.07,2.27,25.01,Sambalpur
2020,122,38.78,24.14,45.4,2.33,23.59,Sambalpur
2020,123,38.28,23.87,50.15,2.87,25.23,Sambalpur
2020,124,39.05,23.53,47.21,2.26,25.44,Sambalpur
2020,125,40.77,25.18,48.42,2.56,20.73,Sambalpur
2020,126,39.94,25.63,53.9,3.57,24.74,Sambalpur
2020,127,38.7,24.93,48.54,2.37,26.11,Sambalpur
2020,128,37.77,22.89,49.34,2.39,22.36,Sambalpur
2020,129,39.18,25.37,43.01,1.98,22.59,Sambalpur
2020,130,39.42,25.61,49.81,3.21,26.45,Sambalpur
2020,131,40.51,25.86,46.74,2.58,24.25,Sambalpur
2020,132,39.81,24.9,43.44,2.08,24.53,Sambalpur
2020,133,39.74,25.88,36.8,1.03,25.68,Sambalpur
2020,134,39.82,24.6,43.95,2.34,25.96,Sambalpur
2020,135,41.58,27.34,39.69,1.91,25.63,Sambalpur
2020,136,41.99,27.28,39.42,2.33,24.71,Sambalpur
2020,137,41.59,27.22,42.35,2.12,23.81,Sambalpur
2020,138,41.3,26.9,45.29,2.04,22.81,Sambalpur
2020,139,41.98,27.18,41.79,3.23,22.86,Sambalpur
2020,140,39.61,26.36,46.62,3.86,18.03,Sambalpur
2020,141,40.77,25.45,38.7,6.72,21.34,Sambalpur
2020,142,40.39,25.23,37.7,3.32,25.74,Sambalpur
2020,143,42.28,24.43,28.89,2.57,27.15,Sambalpur
2020,144,43.92,25.87,29.33,2.02,27.61,Sambalpur
2020,145,45.02,26.62,34.29,2.97,25.64,Sambalpur
2020,146,44.95,28.09,28.76,3.48,24.52,Sambalpur
2020,147,44.93,29.54,29.77,3.77,24.59,Sambalpur
2020,148,44.63,28.22,31.37,3.65,23.88,Sambalpur
2020,149,43.87,29.78,33.05,2.37,23.01,Sambalpur
2020,150,41.33,28.56,48.85,3.25,23.43,Sambalpur
2020,151,38.34,27.13,59.59,3.21,17.89,Sambalpur
2020,152,39.8,26.87,49.02,1.76,21.78,Sambalpur
2020,153,35.91,27.7,58.45,3.54,23.97,Sambalpur
2020,154,34.43,25.84,59.69,2.55,13.04,Sambalpur
2020,155,33.74,26.11,59.28,1.99,16.28,Sambalpur
2020,156,34.08,26.41,61.46,2.29,19.51,Sambalpur
2020,157,37.23,26.11,54.85,5.39,23.83,Sambalpur
2020,158,37.83,24.9,52.2,2.58,24.16,Sambalpur
2020,159,38.72,27.35,49.07,2.13,21.87,Sambalpur
2020,160,38.94,27.71,52.16,1.52,21.2,Sambalpur
2020,161,39.67,27.81,50.31,2.11,21.76,Sambalpur
2020,162,36.24,27.57,58.42,2.41,20.1,Sambalpur
2020,163,32.64,27.59,70.62,2.33,18.65,Sambalpur
2020,164,31.29,26.63,77.49,2.16,14.93,Sambalpur
2020,165,30.86,26.29,80.83,2.19,11.32,Sambalpur
2020,166,30.92,26.02,83.2,1.79,10.56,Sambalpur
2020,167,29.85,25.85,87.75,1.81,11.02,Sambalpur
2020,168,30.52,25.33,85.58,3.87,8.62,Sambalpur
2020,169,33.06,25.28,78.72,3.96,9.28,Sambalpur
2020,170,32.96,24.9,78.36,4.86,15.25,Sambalpur
2020,171,30.29,25.07,81.87,4.03,14.19,Sambalpur
2020,172,31.5,24.84,85.03,3.72,4.73,Sambalpur
2020,173,31.35,25.69,85.86,4.11,11.21,Sambalpur
2020,174,32.06,25.29,84.08,1.8,9.15,Sambalpur
2020,175,32.4,25.37,82.04,3.7,8.27,Sambalpur
2020,176,32.67,25.11,82.15,2.78,21.83,Sambalpur
2020,177,32.49,25.67,81.15,2.74,20.71,Sambalpur
2020,178,29.89,25.56,87.64,3.07,15.29,Sambalpur
2020,179,31.59,25.22,85.56,2.93,20.55,Sambalpur
2020,180,31.74,25.23,85.24,3.21,15.62,Sambalpur
2020,181,30.42,25.36,85.97,2.4,17.24,Sambalpur
2020,182,31.69,24.92,79.34,1.48,21.12,Sambalpur
2020,183,32.36,25.06,80.15,1.93,19.82,Sambalpur
2020,184,32.64,25.59,79.41,1.64,19.48,Sambalpur
2020,185,31.94,26.25,81.81,1.37,19.71,Sambalpur
2020,186,32.32,26.72,81.4,2.03,21.76,Sambalpur
2020,187,30.49,25.96,88.05,2.24,13.82,Sambalpur
2020,188,30.06,25.13,88.02,6.06,11.81,Sambalpur
2020,189,31.91,24.33,81.52,4.66,14.53,Sambalpur
2020,190,32.31,24.67,81.36,2.58,14.3,Sambalpur
2020,191,31.7,25.58,83.6,3.11,13.82,Sambalpur
2020,192,30.96,25.08,86.24,3.22,14.96,Sambalpur
2020,193,30.0,25.22,86.41,3.58,15.82,Sambalpur
2020,194,31.48,24.75,85.22,3.54,10.96,Sambalpur
2020,195,31.2,24.82,85.55,3.14,16.82,Sambalpur
2020,196,30.05,25.19,89.24,2.95,12.5,Sambalpur
2020,197,31.25,25.4,86.36,3.41,17.46,Sambalpur
2020,198,32.13,24.36,82.03,2.29,19.7,Sambalpur
2020,199,31.78,24.77,83.01,2.75,16.38,Sambalpur
2020,200,31.43,24.89,82.51,2.67,20.13,Sambalpur
2020,201,30.48,25.18,86.83,2.42,17.51,Sambalpur
2020,202,30.36,25.01,88.32,2.59,13.98,Sambalpur
2020,203,30.05,24.42,86.33,2.97,12.59,Sambalpur
2020,204,29.81,24.55,88.76,3.4,17.47,Sambalpur
2020,205,29.67,24.26,85.89,3.05,8.88,Sambalpur
2020,206,29.32,23.73,88.01,2.6,11.97,Sambalpur
2020,207,31.63,23.72,81.81,1.88,17.46,Sambalpur
2020,208,32.27,24.23,81.0,3.01,22.2,Sambalpur
2020,209,30.62,24.56,85.01,2.72,19.79,Sambalpur
2020,210,30.9,24.9,84.84,1.86,8.63,Sambalpur
2020,211,33.03,24.42,78.78,1.7,16.79,Sambalpur
2020,212,32.27,25.03,80.15,1.69,18.08,Sambalpur
2020,213,32.66,24.97,77.29,1.08,17.09,Sambalpur
2020,214,32.13,26.63,76.12,1.08,17.78,Sambalpur
2020,215,32.17,25.92,83.14,2.43,16.98,Sambalpur
2020,216,30.07,25.65,87.88,3.7,9.62,Sambalpur
2020,217,29.15,24.89,91.13,5.01,16.1,Sambalpur
2020,218,29.78,25.81,89.52,3.36,11.06,Sambalpur
2020,219,31.29,24.16,85.53,3.44,13.71,Sambalpur
2020,220,32.19,24.47,84.53,2.72,13.61,Sambalpur
2020,221,31.59,24.32,82.27,2.28,8.49,Sambalpur
2020,222,31.53,25.51,86.12,2.85,14.79,Sambalpur
2020,223,32.48,25.14,84.47,2.53,16.89,Sambalpur
2020,224,31.59,25.06,86.22,2.68,12.92,Sambalpur
2020,225,31.13,26.11,87.39,3.01,12.37,Sambalpur
2020,226,32.09,25.1,84.2,2.15,14.99,Sambalpur
2020,227,31.47,24.56,85.47,1.8,9.56,Sambalpur
2020,228,29.26,25.81,91.31,4.04,4.09,Sambalpur
2020,229,28.45,25.06,91.68,5.55,10.63,Sambalpur
2020,230,28.79,24.5,91.7,5.74,8.88,Sambalpur
2020,231,29.19,24.84,90.64,4.86,6.92,Sambalpur
2020,232,30.31,25.6,91.31,3.5,11.63,Sambalpur
2020,233,29.32,24.92,86.44,1.67,11.15,Sambalpur
2020,234,29.21,24.75,89.97,3.37,11.45,Sambalpur
2020,235,30.63,24.45,87.2,3.6,14.13,Sambalpur
2020,236,29.42,24.69,89.81,2.51,13.21,Sambalpur
2020,237,28.38,24.34,91.45,2.43,16.47,Sambalpur
2020,238,28.58,24.27,92.48,3.37,8.29,Sambalpur
2020,239,28.19,24.77,94.11,4.86,7.06,Sambalpur
2020,240,27.28,23.18,94.47,9.54,2.44,Sambalpur
2020,241,28.27,22.56,90.72,7.67,13.55,Sambalpur
2020,242,30.06,23.58,88.14,3.99,17.18,Sambalpur
2020,243,30.57,23.57,86.7,2.57,20.93,Sambalpur
2020,244,29.81,24.24,87.69,2.13,21.32,Sambalpur
2020,245,30.81,24.28,87.34,1.75,14.58,Sambalpur
2020,246,28.04,24.6,85.99,1.32,13.39,Sambalpur
2020,247,30.81,23.69,81.71,1.04,17.47,Sambalpur
2020,248,31.27,23.87,82.54,1.57,21.14,Sambalpur
2020,249,31.48,24.5,82.52,1.67,20.39,Sambalpur
2020,250,31.25,25.67,83.79,1.32,18.2,Sambalpur
2020,251,31.0,25.55,83.71,1.44,14.51,Sambalpur
2020,252,30.33,25.2,86.78,2.37,15.53,Sambalpur
2020,253,30.93,24.63,81.66,1.15,9.9,Sambalpur
2020,254,31.46,25.83,81.74,1.42,14.15,Sambalpur
2020,255,31.2,24.61,87.51,2.17,17.01,Sambalpur
2020,256,31.0,24.49,86.24,2.23,18.77,Sambalpur
2020,257,30.68,24.67,86.14,1.97,21.18,Sambalpur
2020,258,31.19,24.33,87.56,2.66,21.31,Sambalpur
2020,259,30.21,25.11,89.39,2.33,20.73,Sambalpur
2020,260,31.25,24.59,86.93,2.0,20.13,Sambalpur
2020,261,31.54,25.2,84.47,1.24,19.94,Sambalpur
2020,262,31.21,25.28,81.36,0.99,12.67,Sambalpur
2020,263,31.78,26.05,79.47,0.98,15.57,Sambalpur
2020,264,32.06,26.08,83.64,1.78,14.2,Sambalpur
2020,265,30.48,25.73,89.73,2.16,8.41,Sambalpur
2020,266,28.67,25.45,92.97,3.19,11.64,Sambalpur
2020,267,30.56,24.89,88.65,3.48,13.5,Sambalpur
2020,268,30.21,25.22,89.29,3.27,14.75,Sambalpur
2020,269,30.62,25.11,87.85,2.46,13.72,Sambalpur
2020,270,30.92,24.24,85.2,1.7,12.21,Sambalpur
2020,271,30.6,23.0,83.71,2.51,17.52,Sambalpur
2020,272,30.6,21.96,80.79,1.94,21.78,Sambalpur
2020,273,30.42,23.47,83.72,2.15,18.54,Sambalpur
2020,274,28.8,24.25,86.65,2.4,12.46,Sambalpur
2020,275,26.65,22.86,88.42,2.85,9.07,Sambalpur
2020,276,29.23,22.54,88.52,2.28,15.22,Sambalpur
2020,277,28.81,24.28,88.78,1.42,15.7,Sambalpur
2020,278,29.54,23.48,86.01,1.7,11.69,Sambalpur
2020,279,29.5,24.25,86.59,1.61,13.26,Sambalpur
2020,280,30.07,23.9,88.74,2.53,16.1,Sambalpur
2020,281,28.85,24.36,89.43,1.88,15.36,Sambalpur
2020,282,30.61,23.78,84.24,1.33,16.04,Sambalpur
2020,283,29.73,24.63,87.26,1.07,18.43,Sambalpur
2020,284,29.95,24.5,88.09,1.27,13.79,Sambalpur
2020,285,30.82,24.14,84.85,2.02,19.66,Sambalpur
2020,286,30.91,23.18,84.93,2.59,20.27,Sambalpur
2020,287,29.68,23.74,89.95,4.4,19.12,Sambalpur
2020,288,29.76,24.34,89.13,4.47,12.02,Sambalpur
2020,289,29.38,24.38,89.78,3.54,13.88,Sambalpur
2020,290,29.52,24.52,89.69,2.88,15.92,Sambalpur
2020,291,30.83,23.28,82.54,1.78,20.0,Sambalpur
2020,292,31.34,23.69,82.34,1.86,17.04,Sambalpur
2020,293,30.32,23.07,84.77,2.33,18.49,Sambalpur
2020,294,30.82,23.26,83.5,2.11,18.96,Sambalpur
2020,295,30.42,22.74,85.44,3.26,17.24,Sambalpur
2020,296,30.0,22.47,86.99,3.15,15.63,Sambalpur
2020,297,29.41,23.14,85.91,2.62,16.69,Sambalpur
2020,298,30.3,20.55,78.3,2.22,18.45,Sambalpur
2020,299,30.06,20.67,72.05,1.76,17.69,Sambalpur
2020,300,29.23,20.03,72.35,2.11,18.88,Sambalpur
2020,301,29.23,18.04,71.82,2.01,19.58,Sambalpur
2020,302,28.67,17.42,71.19,1.79,19.5,Sambalpur
2020,303,28.35,17.47,74.32,2.07,18.52,Sambalpur
2020,304,28.5,17.96,75.52,2.72,19.27,Sambalpur
2020,305,29.15,17.96,79.17,2.21,19.72,Sambalpur
2020,306,28.85,18.34,80.35,2.29,18.58,Sambalpur
2020,307,28.83,18.36,76.68,1.79,18.78,Sambalpur
2020,308,28.83,18.6,77.42,1.71,17.3,Sambalpur
2020,309,29.04,18.54,73.92,1.46,16.48,Sambalpur
2020,310,28.71,18.76,71.42,1.15,16.7,Sambalpur
2020,311,27.83,16.82,71.16,1.76,17.86,Sambalpur
2020,312,26.93,14.51,69.29,2.1,17.7,Sambalpur
2020,313,26.71,13.72,73.27,2.16,17.4,Sambalpur
2020,314,26.21,13.63,74.32,2.29,18.31,Sambalpur
2020,315,26.42,13.59,78.13,2.27,18.82,Sambalpur
2020,316,27.79,17.79,85.63,2.99,10.44,Sambalpur
2020,317,26.62,18.86,86.94,2.48,13.41,Sambalpur
2020,318,26.81,18.38,84.33,2.48,18.54,Sambalpur
2020,319,28.08,17.65,81.72,2.46,18.21,Sambalpur
2020,320,28.35,17.12,80.98,1.91,17.37,Sambalpur
2020,321,28.64,18.75,78.81,1.27,16.44,Sambalpur
2020,322,28.51,18.13,78.97,1.71,15.61,Sambalpur
2020,323,28.82,19.16,74.91,0.67,14.83,Sambalpur
2020,324,27.97,18.58,75.78,1.17,15.15,Sambalpur
2020,325,28.37,18.52,82.41,2.02,15.61,Sambalpur
2020,326,26.43,17.72,84.74,2.72,10.51,Sambalpur
2020,327,24.75,13.26,68.71,2.5,17.1,Sambalpur
2020,328,24.61,11.02,69.13,1.93,17.69,Sambalpur
2020,329,24.73,11.95,74.09,1.93,15.63,Sambalpur
2020,330,25.02,12.04,75.53,2.63,15.73,Sambalpur
2020,331,21.6,13.83,81.34,2.24,7.54,Sambalpur
2020,332,25.58,15.64,78.75,2.99,6.2,Sambalpur
2020,333,26.82,12.87,76.84,2.5,17.12,Sambalpur
2020,334,26.72,13.58,74.01,1.99,17.61,Sambalpur
2020,335,26.19,13.57,71.09,1.65,17.5,Sambalpur
2020,336,25.95,13.51,69.94,1.28,16.56,Sambalpur
2020,337,26.0,13.5,72.15,1.91,16.28,Sambalpur
2020,338,25.57,12.68,68.62,1.86,15.76,Sambalpur
2020,339,25.68,11.66,65.24,1.54,15.53,Sambalpur
2020,340,25.82,12.0,62.63,0.9,16.09,Sambalpur
2020,341,26.25,12.67,63.19,1.18,16.55,Sambalpur
2020,342,26.81,12.69,67.64,1.74,15.96,Sambalpur
2020,343,26.86,12.82,72.01,2.04,16.01,Sambalpur
2020,344,26.99,12.82,69.62,1.76,15.6,Sambalpur
2020,345,26.96,12.51,64.98,1.68,16.3,Sambalpur
2020,346,26.71,13.64,67.6,1.76,16.49,Sambalpur
2020,347,26.37,13.13,69.34,1.94,14.7,Sambalpur
2020,348,26.84,14.64,69.13,1.66,12.64,Sambalpur
2020,349,26.51,15.85,77.01,1.62,11.86,Sambalpur
2020,350,26.07,16.59,82.9,1.94,9.71,Sambalpur
2020,351,26.79,16.51,81.44,1.6,10.1,Sambalpur
2020,352,25.79,17.24,81.46,2.33,8.98,Sambalpur
2020,353,25.31,13.89,77.45,2.35,13.98,Sambalpur
2020,354,23.75,10.05,68.41,2.76,16.81,Sambalpur
2020,355,23.33,7.35,62.85,2.74,17.27,Sambalpur
2020,356,22.71,7.01,66.2,2.55,16.26,Sambalpur
2020,357,23.93,8.14,65.1,2.11,16.22,Sambalpur
2020,358,24.32,8.43,64.72,1.81,14.49,Sambalpur
2020,359,24.68,9.74,63.93,1.64,14.63,Sambalpur
2020,360,24.96,9.8,66.9,2.52,15.39,Sambalpur
2020,361,24.37,8.73,64.3,2.43,16.05,Sambalpur
2020,362,24.17,8.5,62.66,1.94,16.37,Sambalpur
2020,363,25.4,10.76,60.76,1.31,15.72,Sambalpur
2020,364,25.78,11.09,69.26,2.0,14.56,Sambalpur
2020,365,25.12,11.46,74.86,2.43,12.76,Sambalpur
2020,366,25.21,11.12,73.07,2.38,13.08,Sambalpur
2021,1,24.64,11.4,70.47,2.29,13.45,Sambalpur
2021,2,25.66,12.65,67.18,1.96,15.58,Sambalpur
2021,3,27.14,13.26,62.63,1.43,16.4,Sambalpur
2021,4,27.69,12.95,60.77,1.43,12.74,Sambalpur
2021,5,28.19,13.81,62.74,1.57,15.65,Sambalpur
2021,6,29.89,15.87,62.58,1.4,15.3,Sambalpur
2021,7,29.48,17.01,66.93,1.76,10.32,Sambalpur
2021,8,29.19,17.45,68.52,2.75,9.68,Sambalpur
2021,9,29.47,16.45,66.72,1.76,14.9,Sambalpur
2021,10,29.2,17.15,66.74,1.64,14.93,Sambalpur
2021,11,29.41,17.41,71.05,2.4,14.83,Sambalpur
2021,12,28.34,14.67,71.38,2.54,14.51,Sambalpur
2021,13,27.44,13.05,64.65,2.56,15.1,Sambalpur
2021,14,26.36,10.53,56.81,2.79,16.3,Sambalpur
2021,15,25.8,7.87,52.55,2.53,14.99,Sambalpur
2021,16,26.44,8.21,48.29,2.44,16.31,Sambalpur
2021,17,26.01,8.02,55.69,2.73,15.0,Sambalpur
2021,18,26.09,10.24,66.27,2.21,13.54,Sambalpur
2021,19,26.67,12.26,58.92,1.8,13.92,Sambalpur
2021,20,27.72,13.65,66.05,2.91,12.43,Sambalpur
2021,21,28.06,11.68,50.83,2.75,17.62,Sambalpur
2021,22,26.86,8.8,47.15,2.54,18.96,Sambalpur
2021,23,27.2,8.82,50.0,2.33,18.51,Sambalpur
2021,24,28.66,11.32,49.85,1.87,17.42,Sambalpur
2021,25,28.41,12.08,58.04,2.49,14.09,Sambalpur
2021,26,28.14,13.12,65.83,2.55,13.85,Sambalpur
2021,27,27.83,12.91,63.08,2.57,12.93,Sambalpur
2021,28,27.87,13.04,62.62,2.51,13.41,Sambalpur
2021,29,25.99,13.43,66.15,2.3,6.21,Sambalpur
2021,30,26.65,12.4,56.75,3.08,15.43,Sambalpur
2021,31,26.24,7.17,42.58,2.56,19.6,Sambalpur
2021,32,26.29,7.48,41.58,2.41,20.36,Sambalpur
2021,33,27.85,8.66,42.42,2.41,20.02,Sambalpur
2021,34,28.73,9.47,42.45,2.38,18.94,Sambalpur
2021,35,29.32,9.9,40.98,2.53,20.14,Sambalpur
2021,36,29.67,11.65,38.73,1.86,19.8,Sambalpur
2021,37,29.07,11.1,46.83,2.55,17.46,Sambalpur
2021,38,28.44,12.63,53.44,3.0,17.56,Sambalpur
2021,39,28.46,9.78,41.33,2.77,20.26,Sambalpur
2021,40,29.75,10.3,40.3,2.19,20.67,Sambalpur
2021,41,30.69,11.99,36.71,2.0,20.2,Sambalpur
2021,42,30.9,12.33,39.05,1.95,19.86,Sambalpur
2021,43,31.0,14.1,42.96,1.49,17.56,Sambalpur
2021,44,31.02,15.31,42.32,1.66,18.55,Sambalpur
2021,45,31.15,14.61,42.27,2.32,18.51,Sambalpur
2021,46,31.41,13.99,41.7,2.43,19.03,Sambalpur
2021,47,31.45,16.29,49.89,1.89,16.34,Sambalpur
2021,48,30.35,17.49,56.19,2.53,6.65,Sambalpur
2021,49,30.24,17.45,54.72,2.75,15.58,Sambalpur
2021,50,28.83,16.58,56.12,2.54,13.95,Sambalpur
2021,51,29.81,17.91,50.92,2.65,12.7,Sambalpur
2021,52,31.46,16.91,45.43,1.92,16.72,Sambalpur
2021,53,31.85,15.41,42.01,2.56,19.85,Sambalpur
2021,54,32.85,14.04,36.63,2.9,21.26,Sambalpur
2021,55,33.59,15.26,34.84,2.89,22.64,Sambalpur
2021,56,35.04,15.01,32.66,3.22,22.81,Sambalpur
2021,57,35.16,15.86,33.23,3.01,21.61,Sambalpur
2021,58,35.34,15.38,31.1,2.69,23.4,Sambalpur
2021,59,35.67,17.0,31.06,2.86,22.06,Sambalpur
2021,60,36.52,18.12,30.67,2.18,22.44,Sambalpur
2021,61,35.88,18.76,27.01,2.67,22.46,Sambalpur
2021,62,34.93,14.92,26.93,2.79,22.28,Sambalpur
2021,63,35.69,15.38,25.45,2.54,22.85,Sambalpur
2021,64,35.65,16.79,24.13,3.55,23.0,Sambalpur
2021,65,36.45,16.3,23.68,2.77,23.87,Sambalpur
2021,66,36.28,16.06,20.54,1.94,21.78,Sambalpur
2021,67,36.48,19.26,21.61,1.39,20.4,Sambalpur
2021,68,36.7,18.6,25.91,2.23,19.05,Sambalpur
2021,69,37.13,20.63,29.34,2.32,18.18,Sambalpur
2021,70,37.67,20.71,31.41,1.75,18.35,Sambalpur
2021,71,37.53,21.17,40.29,1.76,15.78,Sambalpur
2021,72,33.67,21.93,49.22,2.19,16.21,Sambalpur
2021,73,34.68,19.8,45.84,1.86,22.24,Sambalpur
2021,74,35.28,18.72,34.44,2.02,23.88,Sambalpur
2021,75,36.42,18.56,32.47,2.15,23.2,Sambalpur
2021,76,36.53,20.94,34.08,2.28,19.99,Sambalpur
2021,77,37.16,22.26,28.5,2.34,20.78,Sambalpur
2021,78,36.9,21.62,29.18,1.81,17.38,Sambalpur
2021,79,36.69,21.63,34.99,2.78,14.55,Sambalpur
2021,80,37.54,21.96,32.5,2.24,19.66,Sambalpur
2021,81,38.21,23.62,27.45,1.31,22.32,Sambalpur
2021,82,38.95,24.96,25.79,1.51,10.7,Sambalpur
2021,83,39.08,24.45,30.42,3.03,19.57,Sambalpur
2021,84,36.9,23.05,28.41,1.77,21.98,Sambalpur
2021,85,37.91,22.54,26.03,2.02,22.06,Sambalpur
2021,86,38.52,21.37,23.27,2.2,21.03,Sambalpur
2021,87,39.19,23.33,21.82,1.51,21.61,Sambalpur
2021,88,40.55,24.05,19.51,2.58,23.03,Sambalpur
2021,89,41.66,21.49,19.13,4.5,24.41,Sambalpur
2021,90,42.11,22.19,15.25,4.78,23.29,Sambalpur
2021,91,40.61,21.92,15.49,2.56,24.38,Sambalpur
2021,92,39.92,21.53,14.62,2.73,22.95,Sambalpur
2021,93,39.63,20.73,26.18,2.38,20.84,Sambalpur
2021,94,39.51,24.12,35.15,1.89,21.05,Sambalpur
2021,95,39.12,22.4,26.27,2.52,24.18,Sambalpur
2021,96,40.71,22.0,21.42,2.09,24.5,Sambalpur
2021,97,41.61,22.69,27.77,2.11,22.42,Sambalpur
2021,98,41.86,23.94,25.97,2.57,22.56,Sambalpur
2021,99,41.18,24.63,25.96,1.55,17.92,Sambalpur
2021,100,40.06,24.69,37.06,1.86,22.95,Sambalpur
2021,101,40.42,25.29,30.33,1.97,19.55,Sambalpur
2021,102,40.2,25.68,28.67,1.45,20.84,Sambalpur
2021,103,41.16,25.57,20.39,2.08,24.66,Sambalpur
2021,104,41.06,23.73,15.71,2.14,17.66,Sambalpur
2021,105,40.82,23.74,19.5,3.35,16.45,Sambalpur
2021,106,40.31,23.2,26.54,2.91,21.93,Sambalpur
2021,107,40.08,24.2,36.98,2.54,22.46,Sambalpur
2021,108,40.59,24.77,34.9,2.19,22.04,Sambalpur
2021,109,40.46,25.67,23.68,1.6,25.57,Sambalpur
2021,110,40.62,25.99,23.57,1.27,23.9,Sambalpur
2021,111,41.05,25.18,29.19,2.07,20.3,Sambalpur
2021,112,39.76,25.75,34.19,3.09,22.23,Sambalpur
2021,113,36.74,25.56,31.24,2.9,19.04,Sambalpur
2021,114,39.47,25.35,27.35,1.6,24.99,Sambalpur
2021,115,41.15,23.99,24.36,3.12,24.53,Sambalpur
2021,116,40.06,25.2,22.03,2.49,24.25,Sambalpur
2021,117,41.46,24.29,18.06,2.29,25.38,Sambalpur
2021,118,42.32,24.53,15.25,1.84,26.05,Sambalpur
2021,119,42.49,25.19,18.21,1.96,24.47,Sambalpur
2021,120,42.5,24.77,26.65,1.95,23.31,Sambalpur
2021,121,41.18,24.58,33.26,2.16,24.15,Sambalpur
2021,122,41.58,26.45,33.67,3.72,14.07,Sambalpur
2021,123,40.46,26.86,29.42,3.01,14.35,Sambalpur
2021,124,40.04,26.01,30.95,1.63,24.35,Sambalpur
2021,125,41.04,26.71,36.38,3.09,16.35,Sambalpur
2021,126,41.1,28.22,36.23,2.98,18.77,Sambalpur
2021,127,40.79,27.51,39.0,2.74,20.54,Sambalpur
2021,128,37.81,27.79,47.7,2.35,23.22,Sambalpur
2021,129,39.13,25.86,49.71,1.98,19.91,Sambalpur
2021,130,34.69,27.73,56.89,2.53,17.58,Sambalpur
2021,131,36.63,25.37,61.21,2.49,15.8,Sambalpur
2021,132,39.17,25.03,55.42,2.64,25.52,Sambalpur
2021,133,39.88,25.52,49.03,3.73,20.66,Sambalpur
2021,134,38.58,24.61,51.76,3.12,24.15,Sambalpur
2021,135,38.82,26.6,42.56,1.94,23.07,Sambalpur
2021,136,39.42,26.6,52.38,2.72,26.67,Sambalpur
2021,137,40.26,27.63,51.84,2.71,27.44,Sambalpur
2021,138,40.91,27.82,49.94,3.34,26.56,Sambalpur
2021,139,38.92,28.94,53.41,2.63,21.22,Sambalpur
2021,140,36.44,29.65,60.38,2.6,22.9,Sambalpur
2021,141,36.33,28.41,60.9,2.05,21.13,Sambalpur
2021,142,38.25,27.45,49.17,3.08,24.42,Sambalpur
2021,143,40.81,25.27,38.97,3.57,24.67,Sambalpur
2021,144,40.93,26.63,35.21,5.5,20.42,Sambalpur
2021,145,38.34,27.38,30.12,7.13,14.15,Sambalpur
2021,146,30.48,26.35,68.28,6.42,7.73,Sambalpur
2021,147,32.51,25.2,69.06,7.2,8.21,Sambalpur
2021,148,38.3,24.57,56.39,2.67,22.64,Sambalpur
2021,149,39.87,26.4,52.56,2.77,22.2,Sambalpur
2021,150,40.19,27.23,53.94,2.86,21.8,Sambalpur
2021,151,40.7,27.83,51.43,2.1,22.45,Sambalpur
2021,152,37.37,27.79,58.12,2.75,23.26,Sambalpur
2021,153,34.41,27.73,66.05,1.24,8.87,Sambalpur
2021,154,36.54,26.75,60.37,1.08,21.76,Sambalpur
2021,155,37.4,26.5,57.98,2.57,25.03,Sambalpur
2021,156,37.07,27.87,54.46,3.12,23.55,Sambalpur
2021,157,37.56,26.94,55.08,3.62,22.14,Sambalpur
2021,158,39.94,28.01,51.03,4.06,23.31,Sambalpur
2021,159,38.89,27.68,60.77,4.37,21.73,Sambalpur
2021,160,33.07,26.56,77.97,3.22,18.19,Sambalpur
2021,161,33.35,24.89,77.01,3.15,7.95,Sambalpur
2021,162,32.85,26.57,74.3,3.54,12.85,Sambalpur
2021,163,32.28,25.51,78.57,3.46,12.24,Sambalpur
2021,164,33.09,25.59,78.61,3.18,13.75,Sambalpur
2021,165,31.84,26.28,81.67,5.4,11.12,Sambalpur
2021,166,33.34,24.4,75.4,5.49,17.16,Sambalpur
2021,167,33.13,25.2,77.47,4.75,12.87,Sambalpur
2021,168,31.45,24.98,80.06,4.61,11.62,Sambalpur
2021,169,30.98,24.63,78.71,5.2,13.51,Sambalpur
2021,170,30.88,24.1,83.96,4.69,10.69,Sambalpur
2021,171,33.26,23.82,74.96,4.9,21.36,Sambalpur
2021,172,33.63,24.04,74.11,4.04,22.2,Sambalpur
2021,173,32.69,24.82,78.47,3.45,9.4,Sambalpur
2021,174,32.7,25.29,78.99,2.66,11.0,Sambalpur
2021,175,33.37,24.77,75.05,1.83,8.97,Sambalpur
2021,176,32.07,24.77,79.52,2.79,8.37,Sambalpur
2021,177,33.09,24.99,74.8,1.8,15.67,Sambalpur
2021,178,32.89,26.49,77.94,2.42,17.9,Sambalpur
2021,179,33.65,25.19,75.55,3.15,22.62,Sambalpur
2021,180,31.94,25.6,79.58,3.67,20.59,Sambalpur
2021,181,35.13,26.33,74.0,4.71,19.01,Sambalpur
2021,182,33.99,26.42,76.98,4.4,18.72,Sambalpur
2021,183,30.77,25.77,85.01,3.15,10.98,Sambalpur
2021,184,30.72,25.32,84.22,3.52,11.07,Sambalpur
2021,185,30.06,24.95,85.29,3.33,10.77,Sambalpur
2021,186,30.07,24.95,86.08,3.42,15.01,Sambalpur
2021,187,31.97,24.98,80.46,2.7,18.26,Sambalpur
2021,188,30.35,25.56,87.12,2.9,18.61,Sambalpur
2021,189,29.64,25.85,89.56,4.45,8.58,Sambalpur
2021,190,32.15,25.33,82.49,5.54,9.17,Sambalpur
2021,191,32.91,24.64,79.39,2.57,16.99,Sambalpur
2021,192,32.76,24.69,79.92,4.06,18.77,Sambalpur
2021,193,31.86,25.07,82.59,5.07,15.85,Sambalpur
2021,194,31.88,24.66,82.6,4.31,16.89,Sambalpur
2021,195,32.37,24.64,81.89,4.4,19.76,Sambalpur
2021,196,32.5,24.56,79.75,3.94,20.35,Sambalpur
2021,197,32.78,24.33,79.58,2.59,22.48,Sambalpur
2021,198,32.77,25.24,78.64,2.75,22.42,Sambalpur
2021,199,31.66,25.5,82.81,2.77,18.35,Sambalpur
2021,200,32.49,24.88,80.46,2.33,20.08,Sambalpur
2021,201,31.41,25.48,81.58,2.28,15.53,Sambalpur
2021,202,31.93,25.59,83.47,3.34,12.31,Sambalpur
2021,203,31.09,25.35,87.9,3.44,17.79,Sambalpur
2021,204,31.3,25.1,87.71,3.51,6.95,Sambalpur
2021,205,29.6,25.45,88.57,4.61,14.85,Sambalpur
2021,206,31.99,25.32,84.37,4.76,17.1,Sambalpur
2021,207,30.79,24.82,82.59,4.83,16.17,Sambalpur
2021,208,31.24,25.39,85.66,5.95,5.06,Sambalpur
2021,209,30.07,24.6,86.15,6.51,7.24,Sambalpur
2021,210,26.82,24.73,91.61,6.71,5.66,Sambalpur
2021,211,28.8,24.32,89.41,7.15,6.31,Sambalpur
2021,212,29.01,24.2,88.59,7.15,7.15,Sambalpur
2021,213,31.26,24.0,84.5,5.42,10.52,Sambalpur
2021,214,30.96,23.49,84.84,3.99,16.41,Sambalpur
2021,215,30.35,24.83,86.34,4.39,14.79,Sambalpur
2021,216,29.78,24.36,86.91,4.01,17.53,Sambalpur
2021,217,30.32,24.53,87.17,2.87,13.43,Sambalpur
2021,218,32.04,24.49,82.19,3.38,16.0,Sambalpur
2021,219,31.67,24.09,83.28,3.03,17.85,Sambalpur
2021,220,32.03,24.78,82.81,3.13,15.43,Sambalpur
2021,221,31.94,24.48,83.71,3.08,17.07,Sambalpur
2021,222,30.94,25.64,86.83,3.83,18.09,Sambalpur
2021,223,31.1,25.46,87.73,3.88,12.37,Sambalpur
2021,224,30.85,25.76,86.82,2.58,17.49,Sambalpur
2021,225,32.05,25.0,82.29,1.75,17.32,Sambalpur
2021,226,31.29,25.16,83.72,2.39,18.33,Sambalpur
2021,227,31.8,24.73,82.34,1.72,15.42,Sambalpur
2021,228,32.07,26.17,82.96,2.22,12.33,Sambalpur
2021,229,30.02,24.9,84.98,2.07,15.46,Sambalpur
2021,230,30.62,24.81,88.02,2.82,10.35,Sambalpur
2021,231,30.59,24.7,86.27,3.4,12.63,Sambalpur
2021,232,29.14,24.51,89.63,3.02,13.78,Sambalpur
2021,233,29.87,24.5,86.15,2.72,17.25,Sambalpur
2021,234,31.55,23.5,82.54,1.96,18.08,Sambalpur
2021,235,30.94,23.79,84.36,2.74,17.71,Sambalpur
2021,236,31.45,24.31,85.74,3.14,15.94,Sambalpur
2021,237,29.09,25.47,89.84,3.37,17.4,Sambalpur
2021,238,29.55,25.29,90.89,3.41,14.9,Sambalpur
2021,239,30.51,24.48,86.43,1.58,14.2,Sambalpur
2021,240,29.62,24.59,88.34,2.12,14.81,Sambalpur
2021,241,30.87,24.53,85.15,2.28,15.75,Sambalpur
2021,242,30.77,24.74,88.48,4.91,16.24,Sambalpur
2021,243,30.79,24.64,87.35,4.42,17.66,Sambalpur
2021,244,30.95,24.15,83.77,2.47,21.04,Sambalpur
2021,245,30.95,24.07,83.46,1.59,19.83,Sambalpur
2021,246,31.47,23.98,79.96,1.26,15.35,Sambalpur
2021,247,31.21,24.57,79.86,1.42,17.96,Sambalpur
2021,248,32.24,25.1,82.85,2.23,19.42,Sambalpur
2021,249,30.37,25.16,89.34,4.55,14.04,Sambalpur
2021,250,29.06,24.51,90.45,6.22,11.08,Sambalpur
2021,251,30.61,24.67,86.45,3.17,17.22,Sambalpur
2021,252,28.84,24.32,90.56,2.26,14.42,Sambalpur
2021,253,31.38,23.81,82.83,1.2,16.25,Sambalpur
2021,254,30.75,24.41,87.24,2.3,12.51,Sambalpur
2021,255,29.48,24.36,87.38,2.37,15.28,Sambalpur
2021,256,30.54,24.36,88.66,3.52,7.95,Sambalpur
2021,257,29.88,25.37,92.13,4.11,6.99,Sambalpur
2021,258,29.63,25.3,91.61,3.41,12.98,Sambalpur
2021,259,29.76,23.71,90.4,3.46,12.17,Sambalpur
2021,260,30.05,22.88,88.56,2.08,15.3,Sambalpur
2021,261,29.87,23.77,84.03,1.62,16.45,Sambalpur
2021,262,28.34,23.96,88.43,1.75,4.99,Sambalpur
2021,263,29.4,22.57,87.5,1.86,14.43,Sambalpur
2021,264,30.48,24.01,87.02,2.01,15.32,Sambalpur
2021,265,30.35,24.47,88.23,3.18,14.76,Sambalpur
2021,266,28.55,24.58,92.55,3.52,15.94,Sambalpur
2021,267,30.88,23.62,85.27,2.43,16.69,Sambalpur
2021,268,30.97,23.62,83.5,1.75,19.0,Sambalpur
2021,269,30.14,24.75,87.24,3.79,17.51,Sambalpur
2021,270,29.92,24.4,87.93,6.05,15.78,Sambalpur
2021,271,29.42,24.19,87.63,3.27,16.16,Sambalpur
2021,272,28.33,23.31,89.67,1.65,14.88,Sambalpur
2021,273,29.82,23.94,90.18,2.5,14.74,Sambalpur
2021,274,30.33,24.07,87.13,2.28,17.52,Sambalpur
2021,275,29.97,24.04,87.55,2.34,17.98,Sambalpur
2021,276,30.73,23.64,85.97,2.21,20.27,Sambalpur
2021,277,31.55,23.66,82.08,1.3,17.91,Sambalpur
2021,278,31.29,25.06,81.83,1.41,14.47,Sambalpur
2021,279,30.73,24.24,83.8,1.26,18.55,Sambalpur
2021,280,31.04,23.66,84.06,1.84,15.82,Sambalpur
2021,281,31.24,23.95,83.34,1.97,17.54,Sambalpur
2021,282,30.85,22.99,80.49,2.3,19.33,Sambalpur
2021,283,30.76,21.27,77.97,2.29,19.73,Sambalpur
2021,284,30.07,21.87,79.64,1.74,17.09,Sambalpur
2021,285,30.98,21.77,81.47,2.03,17.13,Sambalpur
2021,286,30.53,22.68,82.24,2.08,19.39,Sambalpur
2021,287,30.89,22.12,84.78,2.02,17.34,Sambalpur
2021,288,29.3,24.54,88.97,2.17,17.68,Sambalpur
2021,289,30.29,24.65,88.74,2.29,18.65,Sambalpur
2021,290,29.68,23.16,86.6,2.17,15.07,Sambalpur
2021,291,30.16,24.17,86.42,1.95,11.44,Sambalpur
2021,292,29.77,24.41,90.46,2.83,9.88,Sambalpur
2021,293,28.28,22.87,86.41,2.57,18.97,Sambalpur
2021,294,28.75,20.12,80.26,2.7,19.43,Sambalpur
2021,295,28.43,16.28,76.09,2.51,20.51,Sambalpur
2021,296,28.66,16.99,72.67,1.75,20.84,Sambalpur
2021,297,28.75,18.19,68.76,0.89,19.47,Sambalpur
2021,298,27.99,18.22,72.27,1.55,18.3,Sambalpur
2021,299,28.24,18.86,76.66,1.63,16.67,Sambalpur
2021,300,28.32,20.43,83.62,3.06,16.27,Sambalpur
2021,301,28.45,19.93,83.81,3.46,17.08,Sambalpur
2021,302,27.32,20.23,85.43,3.07,16.31,Sambalpur
2021,303,28.32,19.6,83.52,2.14,14.98,Sambalpur
2021,304,27.59,18.78,77.71,2.51,14.76,Sambalpur
2021,305,27.29,17.44,73.61,1.64,15.44,Sambalpur
2021,306,26.75,18.48,82.97,2.17,14.63,Sambalpur
2021,307,27.54,20.35,86.25,2.1,15.38,Sambalpur
2021,308,28.12,19.77,80.88,1.01,14.12,Sambalpur
2021,309,27.47,19.87,78.63,1.34,15.53,Sambalpur
2021,310,27.57,18.89,75.8,1.75,18.56,Sambalpur
2021,311,25.85,16.37,70.08,1.75,18.09,Sambalpur
2021,312,26.11,14.15,70.53,1.84,17.96,Sambalpur
2021,313,25.83,14.18,73.25,2.16,17.46,Sambalpur
2021,314,26.24,13.13,74.94,1.87,15.38,Sambalpur
2021,315,26.42,14.44,81.54,2.25,14.7,Sambalpur
2021,316,27.28,19.42,88.68,2.9,11.16,Sambalpur
2021,317,27.67,21.88,91.38,3.19,6.65,Sambalpur
2021,318,28.4,21.21,87.46,2.04,8.07,Sambalpur
2021,319,28.72,21.9,88.17,1.52,9.73,Sambalpur
2021,320,28.65,21.55,88.84,2.53,12.76,Sambalpur
2021,321,27.77,21.32,87.89,2.97,11.86,Sambalpur
2021,322,28.56,19.92,83.52,1.87,15.4,Sambalpur
2021,323,27.83,19.51,83.74,1.83,16.96,Sambalpur
2021,324,28.69,19.65,83.9,2.13,14.83,Sambalpur
2021,325,29.01,20.25,83.47,1.65,13.72,Sambalpur
2021,326,28.87,20.64,82.37,1.75,7.49,Sambalpur
2021,327,28.58,18.89,77.52,2.06,15.9,Sambalpur
2021,328,28.22,17.26,74.75,1.96,15.04,Sambalpur
2021,329,27.59,18.0,71.79,1.23,13.18,Sambalpur
2021,330,26.66,15.59,70.25,1.81,13.21,Sambalpur
2021,331,25.89,13.45,70.72,2.55,14.59,Sambalpur
2021,332,25.68,12.29,70.01,2.47,15.81,Sambalpur
2021,333,24.88,11.78,69.06,2.13,15.75,Sambalpur
2021,334,25.19,11.69,73.36,2.66,13.99,Sambalpur
2021,335,25.12,11.98,73.31,2.45,16.23,Sambalpur
2021,336,26.26,11.83,75.54,2.23,17.2,Sambalpur
2021,337,26.53,14.28,82.23,2.18,13.85,Sambalpur
2021,338,21.87,17.16,90.79,3.11,12.57,Sambalpur
2021,339,23.64,18.51,90.37,5.43,8.34,Sambalpur
2021,340,25.93,18.38,86.41,3.19,11.86,Sambalpur
2021,341,26.81,17.64,81.17,2.89,15.43,Sambalpur
2021,342,26.66,16.18,79.99,3.33,15.12,Sambalpur
2021,343,25.69,15.89,82.48,2.78,10.97,Sambalpur
2021,344,26.26,16.46,77.31,2.02,11.25,Sambalpur
2021,345,26.56,14.53,72.85,1.6,12.03,Sambalpur
2021,346,25.91,15.03,74.89,1.65,11.88,Sambalpur
2021,347,25.32,14.77,74.79,1.39,12.31,Sambalpur
2021,348,24.56,14.2,69.61,1.52,13.7,Sambalpur
2021,349,25.29,13.18,68.14,2.01,13.62,Sambalpur
2021,350,24.75,12.02,71.95,2.6,13.71,Sambalpur
2021,351,25.29,11.89,69.29,1.85,15.45,Sambalpur
2021,352,25.13,12.86,74.23,2.07,12.08,Sambalpur
2021,353,23.62,10.5,64.74,2.79,15.24,Sambalpur
2021,354,22.48,5.5,56.61,2.5,16.92,Sambalpur
2021,355,22.8,6.77,59.02,2.46,15.92,Sambalpur
2021,356,23.01,7.18,54.71,2.28,16.14,Sambalpur
2021,357,24.29,8.23,55.67,1.88,15.43,Sambalpur
2021,358,25.86,10.24,56.1,1.35,15.26,Sambalpur
2021,359,25.81,12.23,62.55,1.25,13.64,Sambalpur
2021,360,26.43,12.57,68.93,1.36,10.43,Sambalpur
2021,361,25.71,13.58,75.14,1.69,8.79,Sambalpur
2021,362,25.75,14.44,82.23,2.49,6.5,Sambalpur
2021,363,22.93,15.62,90.43,2.19,2.31,Sambalpur
2021,364,20.42,15.0,91.94,2.83,6.87,Sambalpur
2021,365,23.92,12.83,82.16,2.22,13.62,Sambalpur
2022,1,23.81,11.62,74.47,2.17,14.63,Sambalpur
2022,2,23.21,11.14,71.81,2.07,16.01,Sambalpur
2022,3,23.8,9.71,72.54,1.94,17.04,Sambalpur
2022,4,25.17,10.96,68.18,1.35,16.72,Sambalpur
2022,5,25.66,12.14,68.54,1.37,16.8,Sambalpur
2022,6,25.73,12.45,66.44,1.12,15.71,Sambalpur
2022,7,26.03,12.36,73.0,2.14,15.04,Sambalpur
2022,8,25.68,13.43,77.39,1.6,15.39,Sambalpur
2022,9,26.49,13.27,74.41,1.55,15.33,Sambalpur
2022,10,24.87,14.86,81.37,2.22,8.25,Sambalpur
2022,11,20.52,15.02,92.84,2.04,2.8,Sambalpur
2022,12,20.41,15.66,92.51,2.51,4.47,Sambalpur
2022,13,22.05,14.46,87.81,2.12,8.04,Sambalpur
2022,14,20.95,15.68,91.48,3.51,6.6,Sambalpur
2022,15,22.98,14.11,83.43,2.24,8.96,Sambalpur
2022,16,23.84,12.95,77.28,2.23,12.53,Sambalpur
2022,17,22.89,10.7,71.08,2.11,15.28,Sambalpur
2022,18,23.69,8.64,69.06,2.34,17.02,Sambalpur
2022,19,23.3,8.17,64.25,2.28,17.36,Sambalpur
2022,20,24.27,9.49,61.27,2.05,17.72,Sambalpur
2022,21,25.61,11.37,62.76,1.35,16.37,Sambalpur
2022,22,26.08,13.34,61.6,1.01,16.88,Sambalpur
2022,23,25.18,13.57,75.24,2.65,8.35,Sambalpur
2022,24,25.1,13.77,75.15,2.55,13.84,Sambalpur
2022,25,23.47,11.18,72.75,2.59,12.65,Sambalpur
2022,26,23.32,9.39,66.94,2.87,14.61,Sambalpur
2022,27,22.62,7.46,63.99,3.05,17.31,Sambalpur
2022,28,22.26,6.38,61.32,2.97,18.85,Sambalpur
2022,29,22.74,5.81,59.23,2.62,19.33,Sambalpur
2022,30,24.46,7.28,58.12,2.96,19.36,Sambalpur
2022,31,25.93,8.97,60.57,2.05,19.9,Sambalpur
2022,32,27.48,9.9,57.25,2.89,19.6,Sambalpur
2022,33,27.25,10.88,52.6,1.59,18.99,Sambalpur
2022,34,27.69,13.82,49.89,1.37,18.95,Sambalpur
2022,35,24.95,12.9,76.32,4.62,11.47,Sambalpur
2022,36,24.77,7.87,56.22,2.85,20.49,Sambalpur
2022,37,25.01,8.35,53.9,2.35,20.38,Sambalpur
2022,38,25.73,8.96,55.79,2.24,20.41,Sambalpur
2022,39,26.89,9.21,48.8,1.91,20.2,Sambalpur
2022,40,28.22,13.04,48.37,1.16,18.86,Sambalpur
2022,41,26.54,14.8,73.67,2.27,12.27,Sambalpur
2022,42,25.63,11.13,61.45,3.44,19.72,Sambalpur
2022,43,26.49,8.95,49.46,2.64,22.03,Sambalpur
2022,44,27.16,8.86,50.74,2.15,22.09,Sambalpur
2022,45,27.55,9.77,46.86,1.78,21.75,Sambalpur
2022,46,28.3,10.65,50.61,2.01,21.13,Sambalpur
2022,47,28.31,11.8,53.2,2.16,19.06,Sambalpur
2022,48,29.21,15.17,56.94,2.48,8.95,Sambalpur
2022,49,28.63,12.34,51.97,2.55,19.13,Sambalpur
2022,50,29.68,12.49,52.64,2.73,18.74,Sambalpur
2022,51,29.61,17.67,62.87,3.58,12.44,Sambalpur
2022,52,30.16,13.35,43.46,2.8,22.13,Sambalpur
2022,53,30.79,11.61,39.96,2.28,21.51,Sambalpur
2022,54,31.86,12.43,49.43,2.03,21.61,Sambalpur
2022,55,33.43,15.19,62.23,2.4,21.09,Sambalpur
2022,56,32.19,17.36,56.78,2.58,19.04,Sambalpur
2022,57,32.47,15.63,53.23,2.02,20.0,Sambalpur
2022,58,31.88,15.88,58.33,2.72,20.23,Sambalpur
2022,59,32.57,18.76,56.05,2.24,19.99,Sambalpur
2022,60,32.7,18.8,54.04,2.02,19.83,Sambalpur
2022,61,32.93,17.99,53.69,1.99,21.62,Sambalpur
2022,62,33.76,16.91,47.26,2.09,20.95,Sambalpur
2022,63,33.67,16.65,44.6,2.06,21.13,Sambalpur
2022,64,33.59,19.11,45.59,1.97,19.84,Sambalpur
2022,65,33.55,16.05,40.14,2.8,21.85,Sambalpur
2022,66,33.93,15.36,45.01,2.61,22.84,Sambalpur
2022,67,34.1,15.09,41.09,2.6,22.12,Sambalpur
2022,68,34.92,15.45,40.15,3.32,23.02,Sambalpur
2022,69,35.15,15.77,39.23,3.13,23.49,Sambalpur
2022,70,35.05,17.63,42.97,2.74,22.54,Sambalpur
2022,71,34.81,17.37,40.45,2.95,22.44,Sambalpur
2022,72,34.5,16.61,35.97,2.73,23.58,Sambalpur
2022,73,36.72,17.4,30.64,2.33,24.15,Sambalpur
2022,74,37.06,19.11,32.01,2.31,24.09,Sambalpur
2022,75,38.35,19.9,33.83,2.78,23.62,Sambalpur
2022,76,39.05,20.78,34.37,1.58,22.27,Sambalpur
2022,77,38.45,21.4,44.36,2.72,22.35,Sambalpur
2022,78,38.13,21.53,39.12,2.05,22.91,Sambalpur
2022,79,38.51,22.93,35.74,1.33,20.84,Sambalpur
2022,80,39.82,24.22,33.86,2.24,16.68,Sambalpur
2022,81,39.66,23.38,33.4,2.4,20.36,Sambalpur
2022,82,39.21,21.38,30.92,2.96,22.5,Sambalpur
2022,83,39.55,21.09,25.99,2.11,22.56,Sambalpur
2022,84,39.73,24.03,28.8,2.49,15.03,Sambalpur
2022,85,39.56,23.96,33.15,3.18,17.03,Sambalpur
2022,86,39.88,21.77,24.46,2.93,24.1,Sambalpur
2022,87,39.79,20.79,20.84,2.91,24.5,Sambalpur
2022,88,40.56,21.09,21.5,2.8,23.85,Sambalpur
2022,89,41.52,21.55,23.02,2.05,22.61,Sambalpur
2022,90,42.04,22.38,23.56,2.14,22.6,Sambalpur
2022,91,42.4,23.77,23.5,1.84,23.35,Sambalpur
2022,92,42.13,23.27,24.3,1.61,23.61,Sambalpur
2022,93,41.96,23.08,29.74,2.88,22.55,Sambalpur
2022,94,42.02,22.48,28.19,2.25,23.11,Sambalpur
2022,95,41.18,22.91,35.6,2.34,22.68,Sambalpur
2022,96,41.94,24.48,28.08,1.06,21.95,Sambalpur
2022,97,41.99,24.05,27.72,1.13,22.17,Sambalpur
2022,98,41.77,24.15,26.09,2.22,20.88,Sambalpur
2022,99,41.87,24.73,28.98,3.31,23.0,Sambalpur
2022,100,42.85,25.42,27.45,3.14,22.59,Sambalpur
2022,101,43.6,27.16,22.87,3.77,23.27,Sambalpur
2022,102,43.55,26.53,23.56,2.33,22.78,Sambalpur
2022,103,43.11,26.87,24.42,2.94,23.07,Sambalpur
2022,104,42.86,28.19,26.49,4.33,19.59,Sambalpur
2022,105,42.72,27.51,24.3,3.82,21.47,Sambalpur
2022,106,43.15,27.69,25.77,4.21,23.07,Sambalpur
2022,107,42.77,25.94,32.24,3.28,23.29,Sambalpur
2022,108,43.25,25.93,18.02,2.15,25.59,Sambalpur
2022,109,43.81,26.38,19.31,2.31,24.19,Sambalpur
2022,110,44.36,26.6,21.19,1.58,23.25,Sambalpur
2022,111,43.36,26.77,30.21,1.9,23.17,Sambalpur
2022,112,40.08,28.97,30.73,2.41,16.46,Sambalpur
2022,113,41.82,27.0,34.41,3.06,23.69,Sambalpur
2022,114,41.84,28.64,28.24,4.12,24.38,Sambalpur
2022,115,43.16,26.35,24.29,2.65,25.54,Sambalpur
2022,116,43.7,26.13,17.28,2.11,25.39,Sambalpur
2022,117,44.66,26.84,17.35,2.33,25.63,Sambalpur
2022,118,44.88,27.25,14.38,1.61,24.85,Sambalpur
2022,119,45.0,27.05,15.87,3.16,24.88,Sambalpur
2022,120,45.88,28.08,18.36,2.81,23.84,Sambalpur
2022,121,45.08,28.67,18.13,2.28,22.41,Sambalpur
2022,122,42.2,29.17,28.83,3.32,23.4,Sambalpur
2022,123,43.84,28.76,31.55,3.0,22.87,Sambalpur
2022,124,43.23,28.46,34.04,3.84,23.54,Sambalpur
2022,125,42.49,29.44,30.41,1.95,23.57,Sambalpur
2022,126,40.36,27.93,41.59,3.48,23.93,Sambalpur
2022,127,41.42,26.4,30.86,3.31,23.99,Sambalpur
2022,128,41.39,26.25,37.68,3.78,24.65,Sambalpur
2022,129,40.58,25.93,45.87,4.45,26.72,Sambalpur
2022,130,38.49,26.75,53.99,5.67,23.75,Sambalpur
2022,131,37.78,26.35,55.84,4.3,19.83,Sambalpur
2022,132,40.93,27.81,47.01,3.42,23.23,Sambalpur
2022,133,42.74,28.49,39.77,3.4,24.34,Sambalpur
2022,134,44.48,29.21,35.35,3.68,22.72,Sambalpur
2022,135,44.9,29.69,38.47,3.74,24.09,Sambalpur
2022,136,41.26,29.61,48.81,4.13,23.08,Sambalpur
2022,137,41.65,29.4,45.03,3.33,22.57,Sambalpur
2022,138,40.55,29.75,43.32,3.23,20.05,Sambalpur
2022,139,41.07,29.55,39.83,2.89,18.12,Sambalpur
2022,140,43.31,28.71,42.83,4.89,26.03,Sambalpur
2022,141,44.47,29.04,36.74,5.2,24.62,Sambalpur
2022,142,41.89,28.31,36.94,3.07,24.96,Sambalpur
2022,143,40.84,27.65,47.76,2.19,23.99,Sambalpur
2022,144,38.46,26.64,49.81,1.75,22.67,Sambalpur
2022,145,39.52,26.33,42.83,3.03,25.58,Sambalpur
2022,146,40.61,25.58,40.67,3.47,20.66,Sambalpur
2022,147,40.76,25.32,46.03,4.87,23.55,Sambalpur
2022,148,41.67,27.77,40.04,3.47,21.9,Sambalpur
2022,149,43.58,29.55,36.23,3.41,23.9,Sambalpur
2022,150,42.77,29.23,38.37,2.78,21.38,Sambalpur
2022,151,43.25,29.95,34.53,2.81,22.05,Sambalpur
2022,152,43.27,30.82,34.97,2.6,21.11,Sambalpur
2022,153,44.05,29.23,35.38,3.38,23.85,Sambalpur
2022,154,44.48,29.49,36.37,2.38,21.17,Sambalpur
2022,155,44.87,30.75,31.53,1.76,21.4,Sambalpur
2022,156,43.04,31.05,38.02,4.49,24.67,Sambalpur
2022,157,40.96,31.52,38.01,4.16,23.29,Sambalpur
2022,158,42.49,29.39,36.23,3.59,20.99,Sambalpur
2022,159,43.89,30.17,32.31,2.92,21.4,Sambalpur
2022,160,41.43,31.34,38.81,2.88,18.22,Sambalpur
2022,161,43.46,31.67,38.11,5.26,15.64,Sambalpur
2022,162,41.31,29.47,42.32,5.69,21.01,Sambalpur
2022,163,42.2,30.12,39.07,4.99,23.71,Sambalpur
2022,164,38.51,31.16,41.87,4.89,22.64,Sambalpur
2022,165,41.59,30.95,39.73,3.98,20.34,Sambalpur
2022,166,35.12,26.77,64.66,3.32,14.2,Sambalpur
2022,167,35.94,26.71,63.2,3.74,17.09,Sambalpur
2022,168,35.06,26.87,63.82,4.24,13.12,Sambalpur
2022,169,31.41,25.92,76.12,3.39,9.97,Sambalpur
2022,170,33.4,24.96,75.93,2.69,13.42,Sambalpur
2022,171,32.81,25.06,75.87,3.69,12.25,Sambalpur
2022,172,31.52,24.91,76.33,3.26,17.09,Sambalpur
2022,173,34.49,24.65,66.85,1.02,14.97,Sambalpur
2022,174,34.0,25.4,69.4,2.62,19.52,Sambalpur
2022,175,30.05,25.69,79.05,2.58,16.37,Sambalpur
2022,176,32.05,25.49,80.38,1.98,14.75,Sambalpur
2022,177,35.76,24.89,67.77,3.76,19.23,Sambalpur
2022,178,36.07,24.96,66.34,3.04,20.85,Sambalpur
2022,179,36.65,26.5,63.3,1.74,20.13,Sambalpur
2022,180,35.77,27.35,65.93,2.34,17.31,Sambalpur
2022,181,34.63,26.83,66.66,2.61,17.79,Sambalpur
2022,182,33.35,26.68,73.26,1.32,15.39,Sambalpur
2022,183,31.81,26.38,81.95,2.55,9.95,Sambalpur
2022,184,31.14,25.59,85.32,2.29,9.8,Sambalpur
2022,185,31.15,25.63,84.51,3.66,12.53,Sambalpur
2022,186,31.92,24.73,82.94,3.01,17.05,Sambalpur
2022,187,31.16,25.38,83.72,1.97,13.74,Sambalpur
2022,188,31.98,25.4,82.1,3.58,17.32,Sambalpur
2022,189,32.99,24.9,82.32,3.42,18.03,Sambalpur
2022,190,32.85,25.14,81.0,4.86,16.42,Sambalpur
2022,191,31.13,24.79,87.34,3.5,16.56,Sambalpur
2022,192,32.46,24.61,82.29,3.16,16.3,Sambalpur
2022,193,32.61,26.05,84.01,4.3,14.7,Sambalpur
2022,194,31.94,25.58,85.96,5.38,14.04,Sambalpur
2022,195,31.89,24.64,85.16,3.94,15.05,Sambalpur
2022,196,32.51,24.96,82.82,3.08,15.68,Sambalpur
2022,197,31.9,25.67,83.75,2.16,14.05,Sambalpur
2022,198,31.4,25.78,87.09,5.94,10.91,Sambalpur
2022,199,31.4,25.18,83.53,5.78,15.94,Sambalpur
2022,200,32.11,24.17,79.07,4.58,12.87,Sambalpur
2022,201,31.22,24.53,83.27,4.54,11.38,Sambalpur
2022,202,32.22,25.13,83.19,2.29,13.11,Sambalpur
2022,203,31.34,26.04,85.37,1.96,12.3,Sambalpur
2022,204,30.88,25.67,85.52,2.56,14.12,Sambalpur
2022,205,30.3,25.13,84.29,2.14,12.81,Sambalpur
2022,206,30.5,25.04,86.44,2.35,14.84,Sambalpur
2022,207,30.55,24.53,85.45,3.0,19.17,Sambalpur
2022,208,30.58,24.55,82.74,2.14,20.38,Sambalpur
2022,209,30.21,25.0,86.37,1.71,18.55,Sambalpur
2022,210,31.23,25.22,83.08,1.51,19.7,Sambalpur
2022,211,31.97,24.55,82.62,2.03,19.35,Sambalpur
2022,212,31.44,25.32,85.29,2.73,19.82,Sambalpur
2022,213,31.0,24.62,83.64,2.09,15.94,Sambalpur
2022,214,32.54,24.68,80.78,1.58,15.95,Sambalpur
2022,215,31.75,25.77,81.34,2.32,14.96,Sambalpur
2022,216,32.24,24.17,81.03,2.65,17.39,Sambalpur
2022,217,30.85,24.64,84.05,2.13,19.73,Sambalpur
2022,218,31.28,25.5,82.24,1.13,13.12,Sambalpur
2022,219,30.53,25.71,85.73,3.24,13.16,Sambalpur
2022,220,30.91,24.47,84.98,3.33,15.02,Sambalpur
2022,221,31.84,25.48,86.64,4.0,5.08,Sambalpur
2022,222,28.62,24.38,90.04,5.76,6.31,Sambalpur
2022,223,28.57,24.14,89.0,4.82,6.35,Sambalpur
2022,224,29.19,24.44,88.41,4.31,11.6,Sambalpur
2022,225,29.71,24.54,90.44,4.78,4.54,Sambalpur
2022,226,30.72,25.23,87.75,3.51,9.05,Sambalpur
2022,227,27.88,24.63,92.05,6.3,4.04,Sambalpur
2022,228,30.82,23.61,86.18,3.46,18.74,Sambalpur
2022,229,30.77,23.95,86.99,3.03,18.72,Sambalpur
2022,230,30.11,24.78,88.94,3.96,19.03,Sambalpur
2022,231,28.29,25.4,92.5,4.84,11.0,Sambalpur
2022,232,30.01,25.06,90.06,6.57,6.8,Sambalpur
2022,233,29.78,23.91,88.8,5.96,11.02,Sambalpur
2022,234,30.32,24.13,87.83,3.5,13.28,Sambalpur
2022,235,30.22,24.02,85.17,2.22,19.67,Sambalpur
2022,236,30.25,23.95,87.59,2.68,8.49,Sambalpur
2022,237,30.16,24.07,86.52,3.04,16.57,Sambalpur
2022,238,31.26,22.96,84.23,2.7,19.16,Sambalpur
2022,239,29.94,24.22,87.31,2.58,18.05,Sambalpur
2022,240,29.47,23.97,85.55,1.54,11.6,Sambalpur
2022,241,30.91,23.83,84.25,1.94,16.93,Sambalpur
2022,242,31.38,23.56,82.25,1.68,22.05,Sambalpur
2022,243,31.89,24.67,78.47,0.98,20.68,Sambalpur
2022,244,30.93,24.04,83.35,1.86,20.49,Sambalpur
2022,245,30.89,24.42,83.51,1.66,21.22,Sambalpur
2022,246,30.8,24.85,85.67,2.35,10.56,Sambalpur
2022,247,29.33,24.58,88.86,2.86,14.91,Sambalpur
2022,248,30.55,23.01,83.61,1.95,15.01,Sambalpur
2022,249,31.01,24.07,83.57,1.39,15.16,Sambalpur
2022,250,28.75,25.39,85.31,1.45,17.47,Sambalpur
2022,251,30.94,24.52,87.72,3.34,18.95,Sambalpur
2022,252,30.7,25.14,88.07,4.32,17.79,Sambalpur
2022,253,30.02,24.89,89.35,4.91,14.74,Sambalpur
2022,254,28.24,24.53,93.42,6.41,12.06,Sambalpur
2022,255,30.4,24.6,88.85,5.6,12.75,Sambalpur
2022,256,30.07,24.52,89.64,4.57,13.52,Sambalpur
2022,257,30.17,24.42,89.14,3.74,13.64,Sambalpur
2022,258,29.61,24.36,88.89,3.08,18.17,Sambalpur
2022,259,29.61,24.33,89.51,3.4,16.71,Sambalpur
2022,260,28.35,24.5,90.99,2.71,15.29,Sambalpur
2022,261,29.01,23.94,87.76,2.11,13.53,Sambalpur
2022,262,29.48,23.63,88.1,2.16,12.63,Sambalpur
2022,263,29.94,24.17,86.58,1.82,9.85,Sambalpur
2022,264,28.45,23.67,90.2,2.11,10.79,Sambalpur
2022,265,29.93,23.27,87.46,2.02,13.8,Sambalpur
2022,266,28.87,24.06,88.88,2.5,11.87,Sambalpur
2022,267,29.65,23.03,85.9,2.7,18.07,Sambalpur
2022,268,30.7,22.74,81.55,1.11,17.27,Sambalpur
2022,269,30.62,23.04,81.11,1.01,15.43,Sambalpur
2022,270,30.45,24.41,80.71,1.48,12.81,Sambalpur
2022,271,30.81,24.05,79.7,1.2,17.47,Sambalpur
2022,272,29.93,24.48,84.61,2.09,14.37,Sambalpur
2022,273,30.0,24.56,83.55,1.87,16.07,Sambalpur
2022,274,30.97,23.17,81.63,1.58,20.39,Sambalpur
2022,275,29.45,23.55,86.68,3.11,16.19,Sambalpur
2022,276,28.79,23.46,90.28,3.04,15.16,Sambalpur
2022,277,29.31,24.07,90.94,3.09,7.48,Sambalpur
2022,278,29.91,24.97,90.37,4.29,15.92,Sambalpur
2022,279,29.1,23.79,89.68,4.27,14.25,Sambalpur
2022,280,28.55,23.22,90.92,3.1,14.13,Sambalpur
2022,281,29.51,22.14,88.34,2.38,19.19,Sambalpur
2022,282,29.27,22.67,89.82,2.75,17.89,Sambalpur
2022,283,29.38,22.93,87.97,2.05,17.29,Sambalpur
2022,284,29.7,22.85,84.6,1.6,14.56,Sambalpur
2022,285,29.74,22.5,82.65,1.44,14.8,Sambalpur
2022,286,29.59,23.08,81.21,1.38,17.57,Sambalpur
2022,287,29.74,22.65,83.58,1.89,14.64,Sambalpur
2022,288,28.65,23.3,85.75,2.03,16.97,Sambalpur
2022,289,29.86,21.99,83.14,1.48,18.46,Sambalpur
2022,290,29.94,22.34,80.94,1.16,16.24,Sambalpur
2022,291,29.54,22.61,79.78,1.01,14.56,Sambalpur
2022,292,28.86,22.45,77.05,0.96,14.96,Sambalpur
2022,293,28.61,20.28,80.1,2.55,19.0,Sambalpur
2022,294,27.98,16.35,75.31,2.22,20.6,Sambalpur
2022,295,27.89,17.52,80.81,2.96,20.79,Sambalpur
2022,296,27.95,16.61,81.19,3.05,19.12,Sambalpur
2022,297,28.49,17.57,83.47,3.23,20.54,Sambalpur
2022,298,28.42,17.66,82.61,2.52,20.65,Sambalpur
2022,299,27.5,17.54,74.65,1.49,19.77,Sambalpur
2022,300,27.23,17.47,68.69,1.39,20.03,Sambalpur
2022,301,27.38,16.25,72.14,2.0,19.96,Sambalpur
2022,302,27.01,15.16,68.8,1.7,20.19,Sambalpur
2022,303,26.73,14.96,68.69,1.8,19.29,Sambalpur
2022,304,26.8,15.16,72.67,1.53,19.39,Sambalpur
2022,305,27.61,17.26,79.31,1.78,17.09,Sambalpur
2022,306,27.82,20.09,81.66,1.6,13.12,Sambalpur
2022,307,27.3,17.6,72.78,1.85,19.42,Sambalpur
2022,308,27.2,15.31,71.86,1.53,18.71,Sambalpur
2022,309,27.2,15.62,73.19,1.05,16.57,Sambalpur
2022,310,27.02,17.08,76.49,1.14,15.39,Sambalpur
2022,311,26.43,18.01,76.18,1.02,14.52,Sambalpur
2022,312,25.93,17.72,77.94,1.08,12.1,Sambalpur
2022,313,25.9,17.01,77.99,1.37,11.71,Sambalpur
2022,314,26.39,16.61,73.26,1.68,16.03,Sambalpur
2022,315,26.48,15.06,71.39,1.59,16.73,Sambalpur
2022,316,26.45,15.15,73.66,1.57,16.77,Sambalpur
2022,317,25.6,14.07,69.75,1.95,17.74,Sambalpur
2022,318,24.89,12.64,69.88,2.06,18.4,Sambalpur
2022,319,25.31,12.5,74.01,2.1,17.74,Sambalpur
2022,320,26.0,12.81,74.81,1.75,17.66,Sambalpur
2022,321,26.11,13.57,70.57,1.76,18.22,Sambalpur
2022,322,25.52,13.81,74.25,2.04,16.68,Sambalpur
2022,323,24.1,12.81,72.96,2.11,15.74,Sambalpur
2022,324,24.61,11.75,73.77,2.3,18.2,Sambalpur
2022,325,25.69,11.67,72.16,2.28,16.1,Sambalpur
2022,326,25.42,11.57,72.75,2.34,17.37,Sambalpur
2022,327,25.02,11.79,74.99,1.96,16.23,Sambalpur
2022,328,25.15,12.47,70.83,2.1,16.6,Sambalpur
2022,329,24.67,11.13,69.98,2.15,17.35,Sambalpur
2022,330,24.26,10.87,69.91,1.86,17.64,Sambalpur
2022,331,24.23,11.69,69.57,1.64,17.16,Sambalpur
2022,332,24.65,11.84,70.38,1.52,16.47,Sambalpur
2022,333,25.35,12.35,71.74,1.55,15.8,Sambalpur
2022,334,25.58,13.08,75.81,2.12,15.62,Sambalpur
2022,335,26.02,13.61,74.84,1.99,14.08,Sambalpur
2022,336,25.89,13.6,74.6,1.78,13.68,Sambalpur
2022,337,25.32,14.12,76.37,1.33,13.6,Sambalpur
2022,338,25.5,14.0,75.19,1.69,14.26,Sambalpur
2022,339,24.97,13.13,73.75,1.71,14.58,Sambalpur
2022,340,24.96,11.98,75.56,2.08,15.31,Sambalpur
2022,341,23.76,10.75,71.09,2.35,14.41,Sambalpur
2022,342,23.15,10.15,69.07,2.73,13.72,Sambalpur
2022,343,22.15,10.44,68.06,2.05,15.1,Sambalpur
2022,344,24.84,11.77,68.76,2.4,7.18,Sambalpur
2022,345,26.32,14.02,70.76,1.91,11.72,Sambalpur
2022,346,27.49,14.08,62.11,1.61,12.74,Sambalpur
2022,347,27.17,14.8,64.56,2.05,14.97,Sambalpur
2022,348,27.21,14.98,67.0,2.28,16.26,Sambalpur
2022,349,26.79,15.36,65.93,2.17,16.19,Sambalpur
2022,350,26.35,14.0,71.31,2.28,16.9,Sambalpur
2022,351,25.58,11.51,66.96,2.47,17.08,Sambalpur
2022,352,24.46,9.74,62.87,2.31,16.07,Sambalpur
2022,353,24.26,9.64,63.28,1.79,16.01,Sambalpur
2022,354,25.45,11.25,62.78,1.33,15.97,Sambalpur
2022,355,25.57,11.28,66.91,2.21,14.64,Sambalpur
2022,356,25.53,10.95,58.37,1.82,15.78,Sambalpur
2022,357,27.02,12.91,57.99,1.67,16.68,Sambalpur
2022,358,27.78,13.27,58.14,1.44,16.67,Sambalpur
2022,359,27.72,13.14,64.82,1.52,15.96,Sambalpur
2022,360,27.87,13.97,65.02,1.51,15.79,Sambalpur
2022,361,27.75,15.19,71.22,1.84,13.77,Sambalpur
2022,362,26.89,14.79,75.3,2.36,12.85,Sambalpur
2022,363,25.63,10.05,57.83,2.45,16.59,Sambalpur
2022,364,26.17,10.72,55.76,1.81,17.24,Sambalpur
2022,365,26.96,12.54,58.35,1.55,16.04,Sambalpur
2023,1,26.42,11.58,66.69,2.31,13.61,Sambalpur
2023,2,25.66,11.81,73.54,2.59,8.87,Sambalpur
2023,3,25.58,12.31,76.74,2.3,7.46,Sambalpur
2023,4,24.49,13.62,78.8,2.4,7.27,Sambalpur
2023,5,23.7,12.58,75.96,2.83,10.22,Sambalpur
2023,6,23.91,9.71,62.32,2.95,15.72,Sambalpur
2023,7,23.31,5.1,59.55,2.64,18.07,Sambalpur
2023,8,23.44,6.1,60.07,2.2,17.91,Sambalpur
2023,9,25.16,7.72,60.69,2.43,17.57,Sambalpur
2023,10,25.88,8.47,57.85,2.26,17.22,Sambalpur
2023,11,26.5,8.91,56.06,2.33,17.92,Sambalpur
2023,12,26.88,10.52,53.57,1.75,16.56,Sambalpur
2023,13,27.31,12.6,55.11,1.53,16.56,Sambalpur
2023,14,26.86,13.1,57.27,1.83,14.82,Sambalpur
2023,15,26.73,12.36,64.72,2.28,15.75,Sambalpur
2023,16,26.41,10.73,64.15,2.46,15.4,Sambalpur
2023,17,26.41,11.64,64.58,2.26,12.65,Sambalpur
2023,18,25.68,12.87,68.56,2.31,8.98,Sambalpur
2023,19,26.55,12.8,71.65,2.08,8.53,Sambalpur
2023,20,27.31,12.95,68.03,1.82,12.26,Sambalpur
2023,21,28.65,14.01,64.39,1.85,14.14,Sambalpur
2023,22,28.1,13.83,58.86,1.67,14.48,Sambalpur
2023,23,29.75,14.73,52.45,1.42,16.2,Sambalpur
2023,24,30.03,13.29,53.78,2.08,17.33,Sambalpur
2023,25,30.53,14.85,48.28,1.53,18.27,Sambalpur
2023,26,30.35,15.19,51.25,1.72,17.8,Sambalpur
2023,27,30.05,14.89,61.91,2.66,17.19,Sambalpur
2023,28,29.6,14.94,60.47,2.24,15.68,Sambalpur
2023,29,29.84,14.78,60.54,2.42,17.55,Sambalpur
2023,30,30.1,15.48,64.46,2.37,17.68,Sambalpur
2023,31,30.27,15.11,50.3,2.73,17.72,Sambalpur
2023,32,29.52,14.84,56.44,3.38,18.86,Sambalpur
2023,33,28.69,9.56,41.76,2.9,21.57,Sambalpur
2023,34,29.29,9.33,40.3,3.15,21.6,Sambalpur
2023,35,30.13,9.64,41.31,3.03,21.35,Sambalpur
2023,36,30.2,11.04,38.6,2.65,21.44,Sambalpur
2023,37,30.69,12.09,38.58,2.43,20.99,Sambalpur
2023,38,30.78,13.5,39.39,2.33,20.51,Sambalpur
2023,39,30.71,12.94,42.14,3.18,20.51,Sambalpur
2023,40,31.12,11.64,38.38,2.65,21.54,Sambalpur
2023,41,31.16,12.94,36.92,2.31,21.35,Sambalpur
2023,42,32.78,13.83,35.94,2.95,21.57,Sambalpur
2023,43,32.51,13.81,39.33,4.0,21.97,Sambalpur
2023,44,30.19,10.99,33.44,3.71,23.09,Sambalpur
2023,45,30.21,9.92,33.81,3.21,22.5,Sambalpur
2023,46,31.36,11.48,37.48,3.55,22.05,Sambalpur
2023,47,31.08,12.09,39.86,2.54,20.62,Sambalpur
2023,48,31.0,13.97,48.37,2.4,18.55,Sambalpur
2023,49,31.27,16.12,59.06,1.92,15.58,Sambalpur
2023,50,32.36,17.69,53.21,1.79,16.56,Sambalpur
2023,51,33.09,16.05,38.62,2.56,19.79,Sambalpur
2023,52,34.74,15.42,32.77,2.45,22.13,Sambalpur
2023,53,35.33,16.12,29.67,2.77,22.15,Sambalpur
2023,54,35.25,17.1,27.26,2.13,19.65,Sambalpur
2023,55,34.71,15.78,30.27,2.24,22.13,Sambalpur
2023,56,34.17,16.03,32.77,2.11,22.09,Sambalpur
2023,57,34.46,16.1,31.72,2.5,21.09,Sambalpur
2023,58,34.26,16.95,33.17,1.83,21.0,Sambalpur
2023,59,34.63,16.81,31.78,2.04,20.06,Sambalpur
2023,60,34.7,18.24,33.35,2.04,18.93,Sambalpur
2023,61,35.15,18.09,34.64,2.81,18.03,Sambalpur
2023,62,35.94,18.77,31.41,2.62,21.1,Sambalpur
2023,63,36.59,17.43,27.61,2.61,23.17,Sambalpur
2023,64,36.32,17.76,31.92,2.6,22.88,Sambalpur
2023,65,35.72,19.43,32.78,2.46,20.6,Sambalpur
2023,66,36.03,18.68,31.76,2.62,19.74,Sambalpur
2023,67,34.59,19.95,34.74,2.43,15.69,Sambalpur
2023,68,34.34,20.59,30.96,1.52,18.33,Sambalpur
2023,69,35.32,21.45,30.12,1.7,16.31,Sambalpur
2023,70,35.76,18.92,30.0,2.02,17.94,Sambalpur
2023,71,36.08,18.81,28.85,1.96,19.01,Sambalpur
2023,72,36.42,19.65,28.43,1.95,18.82,Sambalpur
2023,73,36.13,20.99,28.27,2.05,16.03,Sambalpur
2023,74,36.86,20.39,28.19,1.88,17.35,Sambalpur
2023,75,36.69,22.49,27.08,1.78,10.58,Sambalpur
2023,76,32.92,22.77,37.93,1.72,10.12,Sambalpur
2023,77,32.62,21.49,50.19,2.2,10.07,Sambalpur
2023,78,25.41,19.46,71.06,2.26,12.71,Sambalpur
2023,79,29.29,16.65,68.17,2.78,23.88,Sambalpur
2023,80,29.94,18.27,56.29,1.77,14.88,Sambalpur
2023,81,31.04,20.05,55.29,1.95,18.03,Sambalpur
2023,82,32.83,19.0,52.17,2.31,21.23,Sambalpur
2023,83,34.42,19.55,47.31,1.7,20.25,Sambalpur
2023,84,36.1,21.27,45.06,1.69,20.31,Sambalpur
2023,85,35.79,21.9,42.0,1.97,19.09,Sambalpur
2023,86,35.26,21.66,48.4,1.71,20.99,Sambalpur
2023,87,36.92,21.6,44.3,1.81,22.33,Sambalpur
2023,88,37.33,23.44,43.73,2.13,21.76,Sambalpur
2023,89,37.15,22.99,40.54,1.83,19.01,Sambalpur
2023,90,34.67,23.7,54.35,2.99,19.13,Sambalpur
2023,91,34.61,22.53,58.26,2.5,19.91,Sambalpur
2023,92,35.4,21.22,44.46,2.85,23.44,Sambalpur
2023,93,36.21,19.27,39.65,2.15,23.29,Sambalpur
2023,94,37.72,21.6,38.4,2.62,19.59,Sambalpur
2023,95,37.73,23.5,39.49,2.83,24.62,Sambalpur
2023,96,38.25,22.62,34.57,1.93,20.71,Sambalpur
2023,97,38.49,23.59,33.75,1.35,23.65,Sambalpur
2023,98,38.62,23.18,30.97,1.8,18.66,Sambalpur
2023,99,38.5,23.39,33.05,2.44,21.67,Sambalpur
2023,100,38.91,24.32,31.33,2.41,22.68,Sambalpur
2023,101,40.43,24.1,26.09,2.54,25.95,Sambalpur
2023,102,41.82,23.12,23.06,3.02,27.0,Sambalpur
2023,103,41.59,23.55,24.07,2.16,24.14,Sambalpur
2023,104,42.33,26.5,24.49,2.06,21.82,Sambalpur
2023,105,43.2,28.27,23.97,3.18,20.02,Sambalpur
2023,106,42.52,26.91,23.9,3.33,22.04,Sambalpur
2023,107,42.8,26.81,22.17,2.58,23.55,Sambalpur
2023,108,42.39,28.16,19.83,2.14,22.52,Sambalpur
2023,109,44.04,26.84,19.61,3.04,25.07,Sambalpur
2023,110,43.28,28.81,21.56,3.8,19.92,Sambalpur
2023,111,38.6,26.61,30.31,5.47,16.52,Sambalpur
2023,112,39.54,24.57,32.33,4.39,21.86,Sambalpur
2023,113,34.87,22.6,54.12,2.67,23.01,Sambalpur
2023,114,35.69,22.14,51.87,1.92,24.22,Sambalpur
2023,115,35.27,22.91,55.78,2.47,23.14,Sambalpur
2023,116,36.1,23.9,52.78,1.9,25.07,Sambalpur
2023,117,36.68,24.3,49.11,2.47,16.7,Sambalpur
2023,118,38.13,23.56,46.39,3.07,22.86,Sambalpur
2023,119,37.63,24.35,44.47,2.9,16.97,Sambalpur
2023,120,36.76,25.23,49.44,2.69,16.18,Sambalpur
2023,121,32.2,24.66,66.53,2.35,12.79,Sambalpur
2023,122,35.07,20.99,57.07,2.49,22.66,Sambalpur
2023,123,35.25,23.61,56.76,2.63,22.82,Sambalpur
2023,124,36.3,23.75,55.51,2.65,23.06,Sambalpur
2023,125,37.22,24.31,48.95,2.75,21.83,Sambalpur
2023,126,38.56,25.08,45.57,3.07,22.7,Sambalpur
2023,127,40.0,23.83,38.26,2.67,25.74,Sambalpur
2023,128,41.21,25.96,38.72,2.59,24.25,Sambalpur
2023,129,42.06,27.72,34.34,2.83,23.35,Sambalpur
2023,130,42.37,26.58,33.33,2.53,23.28,Sambalpur
2023,131,42.3,25.38,20.66,3.79,28.35,Sambalpur
2023,132,41.57,23.56,27.08,2.98,23.3,Sambalpur
2023,133,41.2,24.03,33.71,2.28,21.49,Sambalpur
2023,134,43.59,25.7,29.1,3.46,23.19,Sambalpur
2023,135,44.01,27.31,25.34,3.43,21.26,Sambalpur
2023,136,44.01,28.26,25.9,2.74,23.72,Sambalpur
2023,137,43.17,28.78,31.47,3.17,24.52,Sambalpur
2023,138,43.42,29.77,31.14,3.4,23.46,Sambalpur
2023,139,43.75,29.63,29.08,2.3,23.39,Sambalpur
2023,140,42.23,28.71,31.69,2.31,23.96,Sambalpur
2023,141,42.22,26.31,35.5,2.38,24.87,Sambalpur
2023,142,43.04,26.61,33.97,4.32,24.24,Sambalpur
2023,143,42.72,27.35,32.92,4.46,25.99,Sambalpur
2023,144,43.28,28.83,33.07,4.67,22.66,Sambalpur
2023,145,42.21,28.85,29.75,4.43,22.88,Sambalpur
2023,146,42.49,27.68,29.74,3.27,23.38,Sambalpur
2023,147,42.5,28.22,29.36,3.15,26.28,Sambalpur
2023,148,41.16,27.08,33.47,1.79,26.6,Sambalpur
2023,149,41.9,26.29,35.08,1.91,22.1,Sambalpur
2023,150,42.32,27.66,35.36,2.5,21.46,Sambalpur
2023,151,41.34,29.81,34.85,1.92,17.23,Sambalpur
2023,152,42.8,30.14,29.04,3.38,24.49,Sambalpur
2023,153,43.78,28.09,25.94,2.67,24.43,Sambalpur
2023,154,43.09,27.97,33.57,2.62,24.58,Sambalpur
2023,155,42.83,30.09,34.77,2.15,21.19,Sambalpur
2023,156,40.7,29.71,37.81,1.8,22.78,Sambalpur
2023,157,42.85,29.18,32.36,2.14,23.02,Sambalpur
2023,158,42.39,29.64,26.87,2.45,21.53,Sambalpur
2023,159,42.9,30.45,28.08,2.46,22.9,Sambalpur
2023,160,44.92,30.91,22.6,4.15,25.14,Sambalpur
2023,161,43.09,31.56,29.28,2.12,21.02,Sambalpur
2023,162,44.93,32.43,26.6,3.61,21.22,Sambalpur
2023,163,44.11,31.32,28.93,3.83,21.62,Sambalpur
2023,164,44.82,32.65,29.6,4.28,21.12,Sambalpur
2023,165,43.35,32.33,34.01,5.36,18.77,Sambalpur
2023,166,44.69,31.93,28.48,5.47,22.09,Sambalpur
2023,167,45.18,31.7,26.91,3.98,23.89,Sambalpur
2023,168,46.03,33.68,25.8,2.85,21.57,Sambalpur
2023,169,41.22,31.62,41.32,6.13,22.54,Sambalpur
2023,170,41.28,29.83,41.92,4.34,19.87,Sambalpur
2023,171,39.04,30.7,43.77,3.88,19.69,Sambalpur
2023,172,38.63,30.05,51.72,3.98,20.47,Sambalpur
2023,173,33.15,27.25,70.29,3.44,14.66,Sambalpur
2023,174,31.44,26.1,79.78,2.18,14.39,Sambalpur
2023,175,32.21,25.85,77.68,3.77,14.09,Sambalpur
2023,176,30.31,25.19,86.44,4.03,5.4,Sambalpur
2023,177,30.25,23.73,87.42,5.07,4.61,Sambalpur
2023,178,30.31,23.04,84.86,7.12,5.86,Sambalpur
2023,179,28.8,23.13,85.76,6.47,11.05,Sambalpur
2023,180,33.07,24.43,79.64,3.66,19.12,Sambalpur
2023,181,29.58,25.52,81.68,3.19,17.49,Sambalpur
2023,182,32.42,24.66,75.95,3.2,20.55,Sambalpur
2023,183,33.48,25.71,76.62,2.96,19.44,Sambalpur
2023,184,32.3,26.17,78.63,2.07,18.67,Sambalpur
2023,185,32.12,26.0,82.92,2.16,20.88,Sambalpur
2023,186,33.46,25.44,77.58,2.63,23.11,Sambalpur
2023,187,30.89,25.51,84.84,2.84,10.69,Sambalpur
2023,188,31.01,25.13,85.19,3.32,9.02,Sambalpur
2023,189,31.87,25.18,84.17,4.11,10.04,Sambalpur
2023,190,32.77,24.42,80.89,4.39,14.18,Sambalpur
2023,191,31.8,24.47,80.36,2.78,17.83,Sambalpur
2023,192,32.17,25.65,81.52,2.32,17.52,Sambalpur
2023,193,32.26,24.54,81.54,2.79,16.82,Sambalpur
2023,194,32.65,25.09,79.5,2.62,19.55,Sambalpur
2023,195,31.53,25.13,80.1,2.74,14.66,Sambalpur
2023,196,29.13,25.74,87.02,3.37,5.57,Sambalpur
2023,197,31.25,25.11,85.68,3.86,9.22,Sambalpur
2023,198,31.1,24.72,88.62,3.72,11.24,Sambalpur
2023,199,31.86,25.26,85.5,3.96,14.49,Sambalpur
2023,200,32.66,25.32,84.63,3.75,15.36,Sambalpur
2023,201,33.28,25.75,84.3,3.76,16.82,Sambalpur
2023,202,32.65,25.9,87.2,4.65,15.66,Sambalpur
2023,203,32.0,24.99,86.36,4.54,15.89,Sambalpur
2023,204,31.31,25.6,85.1,2.91,17.06,Sambalpur
2023,205,31.92,25.15,84.03,3.26,18.44,Sambalpur
2023,206,32.93,24.89,82.97,3.8,20.09,Sambalpur
2023,207,32.42,25.44,85.5,4.77,16.61,Sambalpur
2023,208,33.14,25.71,84.66,3.68,15.28,Sambalpur
2023,209,32.79,26.55,85.09,2.57,12.21,Sambalpur
2023,210,31.69,26.99,87.97,4.07,16.48,Sambalpur
2023,211,28.3,26.16,91.93,5.29,12.07,Sambalpur
2023,212,29.71,25.51,90.48,4.02,17.71,Sambalpur
2023,213,29.44,25.7,93.07,6.56,8.32,Sambalpur
2023,214,27.88,25.38,91.78,9.34,3.17,Sambalpur
2023,215,28.88,24.7,89.35,9.11,5.79,Sambalpur
2023,216,27.92,23.64,90.56,8.12,6.58,Sambalpur
2023,217,29.36,23.87,88.55,5.3,9.35,Sambalpur
2023,218,30.67,24.43,87.7,6.03,11.21,Sambalpur
2023,219,28.94,24.34,89.31,5.0,12.25,Sambalpur
2023,220,29.5,24.29,88.29,4.89,14.11,Sambalpur
2023,221,31.14,23.67,85.0,4.37,17.11,Sambalpur
2023,222,30.66,23.47,85.29,3.44,18.5,Sambalpur
2023,223,29.11,24.2,88.47,2.84,14.44,Sambalpur
2023,224,30.05,24.48,88.98,3.39,14.79,Sambalpur
2023,225,29.5,24.6,88.54,2.73,13.96,Sambalpur
2023,226,28.3,24.23,90.67,3.02,13.84,Sambalpur
2023,227,30.62,23.6,85.93,3.21,13.64,Sambalpur
2023,228,30.74,24.33,87.02,3.25,15.8,Sambalpur
2023,229,28.05,24.84,93.0,2.7,6.55,Sambalpur
2023,230,30.96,24.45,86.81,1.86,13.4,Sambalpur
2023,231,31.36,24.97,88.0,3.5,14.65,Sambalpur
2023,232,30.78,24.97,85.44,2.55,15.05,Sambalpur
2023,233,31.27,24.55,84.52,1.96,17.39,Sambalpur
2023,234,30.72,24.86,87.1,2.8,17.08,Sambalpur
2023,235,30.36,24.93,89.2,3.41,13.4,Sambalpur
2023,236,29.42,24.83,90.65,3.87,11.75,Sambalpur
2023,237,29.72,24.48,88.23,4.07,13.32,Sambalpur
2023,238,30.13,24.05,86.79,3.8,18.79,Sambalpur
2023,239,30.83,24.42,86.13,4.22,19.89,Sambalpur
2023,240,30.54,24.53,84.48,3.61,19.54,Sambalpur
2023,241,31.07,23.23,83.96,3.03,18.37,Sambalpur
2023,242,31.26,22.73,81.27,2.13,21.11,Sambalpur
2023,243,31.32,24.22,82.52,1.85,20.3,Sambalpur
2023,244,31.6,24.56,84.15,2.35,17.09,Sambalpur
2023,245,31.3,24.55,85.23,2.62,13.8,Sambalpur
2023,246,30.62,24.97,88.75,2.56,12.53,Sambalpur
2023,247,28.41,24.93,89.62,1.9,12.16,Sambalpur
2023,248,30.57,24.07,88.23,2.72,12.0,Sambalpur
2023,249,30.5,24.42,88.93,3.68,13.2,Sambalpur
2023,250,28.42,24.88,93.18,2.1,15.3,Sambalpur
2023,251,29.32,24.78,89.39,3.74,10.73,Sambalpur
2023,252,30.64,24.45,87.54,2.77,14.37,Sambalpur
2023,253,31.33,25.14,86.2,2.64,17.96,Sambalpur
2023,254,31.47,25.44,82.64,0.93,17.13,Sambalpur
2023,255,30.15,25.42,88.84,2.04,15.0,Sambalpur
2023,256,30.12,24.73,87.61,1.56,16.57,Sambalpur
2023,257,28.27,25.37,93.89,3.39,9.44,Sambalpur
2023,258,30.15,25.25,91.55,3.77,13.29,Sambalpur
2023,259,28.39,24.16,89.08,2.92,14.96,Sambalpur
2023,260,30.38,23.14,85.94,2.44,17.74,Sambalpur
2023,261,31.24,23.23,85.24,2.31,14.54,Sambalpur
2023,262,31.57,24.0,85.49,1.81,18.26,Sambalpur
2023,263,29.58,25.25,90.17,2.67,11.42,Sambalpur
2023,264,28.53,25.05,93.42,3.59,8.03,Sambalpur
2023,265,27.81,24.38,94.65,4.53,6.57,Sambalpur
2023,266,29.87,24.53,89.16,3.3,9.14,Sambalpur
2023,267,29.47,24.44,89.63,2.69,13.05,Sambalpur
2023,268,31.28,23.8,81.1,0.87,11.8,Sambalpur
2023,269,31.39,24.62,80.28,0.95,13.32,Sambalpur
2023,270,31.31,24.63,81.07,0.65,14.69,Sambalpur
2023,271,30.74,24.72,83.05,0.91,13.27,Sambalpur
2023,272,30.54,25.01,84.44,1.01,14.86,Sambalpur
2023,273,29.25,24.27,86.51,2.44,14.97,Sambalpur
2023,274,29.29,24.21,90.54,4.31,14.81,Sambalpur
2023,275,29.17,24.48,91.86,5.05,7.94,Sambalpur
2023,276,27.92,24.77,94.57,4.05,10.41,Sambalpur
2023,277,29.29,22.89,87.33,5.24,16.47,Sambalpur
2023,278,28.27,21.6,85.31,3.49,20.88,Sambalpur
2023,279,30.82,22.29,86.36,2.63,20.37,Sambalpur
2023,280,30.8,22.45,85.42,2.45,18.98,Sambalpur
2023,281,30.29,21.71,77.63,1.86,21.15,Sambalpur
2023,282,30.25,20.59,84.23,2.42,21.06,Sambalpur
2023,283,30.63,21.81,83.41,2.38,20.77,Sambalpur
2023,284,30.8,21.5,80.1,2.21,20.79,Sambalpur
2023,285,30.72,20.59,78.3,1.85,19.17,Sambalpur
2023,286,30.4,21.07,76.43,1.56,17.6,Sambalpur
2023,287,29.82,20.41,75.79,2.0,19.14,Sambalpur
2023,288,29.54,19.28,77.96,1.79,20.69,Sambalpur
2023,289,30.0,19.53,74.29,1.62,19.76,Sambalpur
2023,290,29.76,19.88,76.7,1.98,17.91,Sambalpur
2023,291,28.8,19.85,77.79,1.59,18.06,Sambalpur
2023,292,28.95,20.05,76.17,1.24,17.98,Sambalpur
2023,293,28.36,19.48,74.98,1.5,18.04,Sambalpur
2023,294,27.73,17.55,72.36,1.96,21.18,Sambalpur
2023,295,27.08,16.49,72.1,2.1,20.04,Sambalpur
2023,296,27.49,16.88,80.64,2.8,17.46,Sambalpur
2023,297,28.48,18.87,80.43,2.2,18.26,Sambalpur
2023,298,27.74,18.5,79.57,2.2,18.26,Sambalpur
2023,299,27.43,16.99,77.74,1.89,18.68,Sambalpur
2023,300,26.74,15.92,69.15,1.63,18.67,Sambalpur
2023,301,26.87,16.66,69.6,1.31,18.45,Sambalpur
2023,302,26.86,15.95,71.99,1.44,19.4,Sambalpur
2023,303,26.59,16.26,74.49,1.49,18.9,Sambalpur
2023,304,26.97,17.03,77.63,1.75,18.57,Sambalpur
2023,305,27.5,16.35,79.66,1.64,18.63,Sambalpur
2023,306,28.28,18.44,81.18,1.44,16.09,Sambalpur
2023,307,28.72,19.62,82.01,1.26,14.07,Sambalpur
2023,308,28.46,19.87,82.75,1.39,14.46,Sambalpur
2023,309,28.02,19.49,80.78,2.27,14.59,Sambalpur
2023,310,26.94,17.04,70.51,2.21,16.12,Sambalpur
2023,311,27.31,18.31,67.12,1.46,17.31,Sambalpur
2023,312,26.36,15.01,69.67,2.01,17.92,Sambalpur
2023,313,26.6,14.77,77.19,2.11,16.98,Sambalpur
2023,314,27.14,15.52,76.87,1.78,16.94,Sambalpur
2023,315,26.85,15.85,77.91,1.86,16.46,Sambalpur
2023,316,27.33,16.05,75.74,1.26,13.62,Sambalpur
2023,317,26.04,15.78,75.29,1.59,12.7,Sambalpur
2023,318,25.26,15.48,75.14,1.63,12.78,Sambalpur
2023,319,25.31,14.73,76.14,2.6,16.03,Sambalpur
2023,320,25.98,14.73,82.95,3.41,16.04,Sambalpur
2023,321,27.2,16.76,84.84,2.46,16.8,Sambalpur
2023,322,27.18,17.75,82.1,1.64,15.63,Sambalpur
2023,323,26.57,16.49,80.12,1.83,17.34,Sambalpur
2023,324,26.24,15.16,79.07,2.08,15.82,Sambalpur
2023,325,25.52,14.63,76.14,1.57,15.3,Sambalpur
2023,326,25.17,13.88,74.77,1.73,14.89,Sambalpur
2023,327,24.39,13.79,72.68,1.59,13.65,Sambalpur
2023,328,24.61,12.96,74.35,1.82,12.13,Sambalpur
2023,329,24.74,14.81,74.5,1.9,11.81,Sambalpur
2023,330,24.69,13.79,75.74,2.32,13.74,Sambalpur
2023,331,24.5,15.13,77.79,1.71,9.45,Sambalpur
2023,332,25.61,14.29,80.61,1.72,12.62,Sambalpur
2023,333,26.48,15.3,73.2,1.63,14.83,Sambalpur
2023,334,26.9,15.53,77.39,1.79,15.32,Sambalpur
2023,335,27.06,16.1,80.4,2.28,14.76,Sambalpur
2023,336,27.06,15.93,79.87,2.57,13.63,Sambalpur
2023,337,27.29,15.81,79.09,2.7,11.99,Sambalpur
2023,338,25.73,16.7,80.95,2.36,7.83,Sambalpur
2023,339,21.08,18.74,90.42,2.76,5.17,Sambalpur
2023,340,23.3,18.21,91.76,4.65,4.68,Sambalpur
2023,341,24.46,17.63,91.32,3.32,4.33,Sambalpur
2023,342,24.65,17.33,85.86,2.2,11.41,Sambalpur
2023,343,24.41,15.61,79.17,1.57,11.23,Sambalpur
2023,344,23.25,12.8,74.87,1.75,14.29,Sambalpur
2023,345,22.69,11.57,71.78,1.47,15.11,Sambalpur
2023,346,22.59,11.2,73.0,1.31,14.94,Sambalpur
2023,347,23.09,12.66,76.93,1.38,14.39,Sambalpur
2023,348,22.51,10.89,72.24,1.51,14.92,Sambalpur
2023,349,21.52,9.0,64.46,1.58,16.39,Sambalpur
2023,350,21.76,7.72,68.16,1.68,17.01,Sambalpur
2023,351,21.6,8.2,66.65,1.61,16.82,Sambalpur
2023,352,22.11,8.82,70.91,2.26,15.02,Sambalpur
2023,353,21.88,8.73,66.46,2.48,15.73,Sambalpur
2023,354,21.01,8.7,67.81,2.23,15.63,Sambalpur
2023,355,21.2,8.53,65.65,1.67,15.41,Sambalpur
2023,356,22.59,9.42,66.42,1.25,14.58,Sambalpur
2023,357,21.4,11.47,73.18,1.39,8.51,Sambalpur
2023,358,23.21,10.35,77.99,1.59,15.12,Sambalpur
2023,359,24.68,10.66,74.87,1.69,15.19,Sambalpur
2023,360,25.07,11.19,74.3,1.76,13.25,Sambalpur
2023,361,24.32,11.27,72.74,1.53,13.0,Sambalpur
2023,362,23.4,10.19,73.94,1.65,12.34,Sambalpur
2023,363,22.81,10.24,73.71,1.54,12.43,Sambalpur
2023,364,22.79,10.66,74.61,1.4,10.29,Sambalpur
2023,365,22.81,11.39,76.24,1.15,9.08,Sambalpur
2024,1,23.89,11.02,73.96,1.36,11.86,Sambalpur
2024,2,23.76,10.63,73.89,1.43,13.91,Sambalpur
2024,3,24.55,10.87,72.03,1.48,14.09,Sambalpur
2024,4,25.18,12.34,70.36,1.39,13.2,Sambalpur
2024,5,25.6,12.7,70.97,2.01,11.78,Sambalpur
2024,6,25.4,11.73,75.24,1.86,10.74,Sambalpur
2024,7,24.61,12.45,75.45,2.12,12.48,Sambalpur
2024,8,26.02,12.54,70.22,1.94,13.42,Sambalpur
2024,9,25.21,12.05,71.82,2.0,15.08,Sambalpur
2024,10,26.17,12.84,74.57,1.89,11.32,Sambalpur
2024,11,26.09,14.42,77.23,2.33,13.19,Sambalpur
2024,12,25.26,12.16,71.19,2.44,17.0,Sambalpur
2024,13,24.82,9.29,58.45,2.24,17.24,Sambalpur
2024,14,24.89,9.15,61.9,2.22,17.21,Sambalpur
2024,15,24.38,9.32,65.99,2.34,14.79,Sambalpur
2024,16,24.88,9.53,68.46,2.46,14.56,Sambalpur
2024,17,25.62,11.28,78.66,2.51,9.17,Sambalpur
2024,18,24.49,16.61,84.76,2.09,6.14,Sambalpur
2024,19,24.76,13.29,79.83,2.57,4.91,Sambalpur
2024,20,24.73,12.3,76.31,2.04,7.15,Sambalpur
2024,21,23.22,15.33,78.24,1.77,9.75,Sambalpur
2024,22,24.86,10.07,64.29,2.88,14.77,Sambalpur
2024,23,24.98,12.39,69.01,2.08,2.97,Sambalpur
2024,24,22.07,14.79,80.31,2.11,6.32,Sambalpur
2024,25,22.9,10.15,71.71,2.8,16.28,Sambalpur
2024,26,23.22,6.85,56.75,2.65,18.31,Sambalpur
2024,27,23.91,8.9,55.53,1.98,15.91,Sambalpur
2024,28,24.8,8.04,54.56,1.73,16.14,Sambalpur
2024,29,26.13,9.46,59.28,1.86,15.24,Sambalpur
2024,30,25.84,11.63,62.58,1.46,13.44,Sambalpur
2024,31,25.31,12.66,69.17,1.83,11.74,Sambalpur
2024,32,27.11,14.76,68.88,1.89,10.63,Sambalpur
2024,33,27.0,16.83,69.0,2.16,10.91,Sambalpur
2024,34,27.2,11.73,60.5,2.48,18.98,Sambalpur
2024,35,27.95,11.57,57.47,1.98,19.15,Sambalpur
2024,36,29.39,15.32,57.79,1.78,18.25,Sambalpur
2024,37,30.1,15.76,65.53,2.59,15.68,Sambalpur
2024,38,28.28,14.49,70.64,2.68,16.62,Sambalpur
2024,39,26.32,11.71,54.32,3.13,17.74,Sambalpur
2024,40,25.95,9.9,50.41,2.45,20.56,Sambalpur
2024,41,26.43,9.39,45.52,2.2,20.35,Sambalpur
2024,42,29.19,11.97,52.57,2.14,16.28,Sambalpur
2024,43,27.24,16.08,66.89,1.74,12.94,Sambalpur
2024,44,28.68,16.03,67.75,2.48,14.15,Sambalpur
2024,45,30.6,15.52,63.74,2.73,16.25,Sambalpur
2024,46,30.4,16.9,62.28,2.23,18.24,Sambalpur
2024,47,30.35,15.54,61.33,2.38,16.04,Sambalpur
2024,48,29.47,14.82,53.75,2.22,16.51,Sambalpur
2024,49,29.58,15.51,53.78,1.48,17.06,Sambalpur
2024,50,31.09,17.0,53.67,1.7,17.39,Sambalpur
2024,51,31.41,18.13,49.67,2.47,16.89,Sambalpur
2024,52,32.93,17.17,50.14,3.07,17.62,Sambalpur
2024,53,32.19,16.87,50.81,3.5,19.92,Sambalpur
2024,54,29.93,15.62,55.94,2.77,20.09,Sambalpur
2024,55,31.04,15.1,55.58,2.71,16.09,Sambalpur
2024,56,29.42,18.35,72.21,2.76,11.8,Sambalpur
2024,57,30.53,18.46,66.34,2.38,15.67,Sambalpur
2024,58,31.34,18.4,65.75,2.01,16.74,Sambalpur
2024,59,30.57,18.53,65.71,1.84,18.72,Sambalpur
2024,60,31.38,17.25,49.75,1.84,22.03,Sambalpur
2024,61,32.24,15.91,41.67,1.87,23.05,Sambalpur
2024,62,33.52,16.9,45.01,1.82,20.91,Sambalpur
2024,63,33.93,17.61,51.64,2.41,15.45,Sambalpur
2024,64,32.81,20.15,55.73,2.92,14.08,Sambalpur
2024,65,32.52,17.82,56.49,2.49,21.17,Sambalpur
2024,66,33.13,15.12,43.7,2.53,22.55,Sambalpur
2024,67,31.94,19.05,51.12,2.21,18.62,Sambalpur
2024,68,31.98,16.04,44.78,2.7,22.24,Sambalpur
2024,69,32.12,15.02,43.67,2.55,23.09,Sambalpur
2024,70,32.72,14.92,40.26,2.01,23.15,Sambalpur
2024,71,34.41,16.49,40.32,2.29,21.62,Sambalpur
2024,72,36.08,20.53,38.14,1.69,21.61,Sambalpur
2024,73,36.99,19.75,39.84,2.56,21.15,Sambalpur
2024,74,36.22,20.42,39.77,2.4,22.21,Sambalpur
2024,75,36.57,19.29,32.02,1.98,23.38,Sambalpur
2024,76,36.4,19.24,37.5,2.42,18.39,Sambalpur
2024,77,32.29,21.23,53.62,2.26,18.3,Sambalpur
2024,78,31.75,21.08,66.01,2.33,11.8,Sambalpur
2024,79,31.81,20.02,65.76,2.03,8.39,Sambalpur
2024,80,27.51,17.37,67.19,2.79,21.14,Sambalpur
2024,81,31.15,14.22,50.25,2.73,22.76,Sambalpur
2024,82,32.61,15.56,50.88,2.24,24.18,Sambalpur
2024,83,35.29,18.63,40.08,1.45,24.96,Sambalpur
2024,84,35.65,20.76,39.34,1.44,21.21,Sambalpur
2024,85,36.39,20.47,43.99,2.59,20.08,Sambalpur
2024,86,35.92,20.46,48.08,1.59,23.0,Sambalpur
2024,87,36.66,20.71,43.83,2.03,22.52,Sambalpur
2024,88,37.56,22.0,40.81,1.96,22.29,Sambalpur
2024,89,38.87,24.12,38.67,1.47,21.3,Sambalpur
2024,90,39.12,25.61,41.9,1.98,18.62,Sambalpur
2024,91,37.75,25.21,45.24,3.79,20.73,Sambalpur
2024,92,39.09,22.42,44.79,3.6,22.7,Sambalpur
2024,93,40.08,22.76,37.38,2.69,24.46,Sambalpur
2024,94,40.28,22.2,35.44,2.46,24.06,Sambalpur
2024,95,40.35,24.92,31.97,2.36,20.7,Sambalpur
2024,96,40.22,24.55,31.89,2.72,23.85,Sambalpur
2024,97,41.55,24.07,30.32,2.04,22.31,Sambalpur
2024,98,39.48,25.75,36.08,3.0,11.36,Sambalpur
2024,99,32.59,23.13,52.89,2.55,8.7,Sambalpur
2024,100,36.35,22.51,46.4,1.87,15.1,Sambalpur
2024,101,37.01,23.43,43.57,2.01,19.42,Sambalpur
2024,102,32.79,22.93,52.47,2.76,6.8,Sambalpur
2024,103,35.67,22.46,48.74,1.49,12.04,Sambalpur
2024,104,37.11,23.15,42.57,1.82,21.92,Sambalpur
2024,105,38.08,26.14,40.45,1.36,22.37,Sambalpur
2024,106,39.21,25.5,39.5,2.11,22.78,Sambalpur
2024,107,41.51,25.35,39.6,2.53,22.37,Sambalpur
2024,108,42.74,27.0,35.81,3.61,24.34,Sambalpur
2024,109,42.43,24.88,30.17,3.28,27.21,Sambalpur
2024,110,42.92,25.97,29.91,2.69,26.4,Sambalpur
2024,111,43.33,26.65,28.34,2.48,24.79,Sambalpur
2024,112,41.73,28.05,31.71,3.21,22.59,Sambalpur
2024,113,41.45,27.18,33.02,4.26,13.8,Sambalpur
2024,114,40.68,25.38,36.93,4.04,19.93,Sambalpur
2024,115,40.94,25.2,35.86,3.35,22.02,Sambalpur
2024,116,42.23,25.07,30.01,2.67,25.22,Sambalpur
2024,117,42.81,26.81,26.8,2.24,24.71,Sambalpur
2024,118,43.33,27.74,27.52,2.78,23.46,Sambalpur
2024,119,43.24,28.08,29.65,3.11,14.86,Sambalpur
2024,120,42.55,28.32,29.83,2.37,23.42,Sambalpur
2024,121,43.78,28.14,27.26,4.04,23.05,Sambalpur
2024,122,44.16,27.84,28.07,4.0,23.11,Sambalpur
2024,123,43.13,26.07,19.24,2.75,27.46,Sambalpur
2024,124,41.71,24.05,15.52,2.25,27.71,Sambalpur
2024,125,41.33,25.71,15.45,1.55,25.53,Sambalpur
2024,126,44.01,26.35,14.64,2.07,24.96,Sambalpur
2024,127,43.08,26.67,24.42,3.34,22.01,Sambalpur
2024,128,39.67,29.32,38.48,4.72,17.05,Sambalpur
2024,129,40.56,26.82,38.39,1.86,23.97,Sambalpur
2024,130,40.89,27.24,36.88,2.28,22.71,Sambalpur
2024,131,40.56,27.94,36.79,2.44,24.66,Sambalpur
2024,132,41.29,27.46,39.82,3.06,22.49,Sambalpur
2024,133,41.59,28.97,36.63,2.32,22.22,Sambalpur
2024,134,40.38,26.96,42.17,2.31,22.6,Sambalpur
2024,135,40.46,26.91,38.8,2.69,23.22,Sambalpur
2024,136,39.16,28.07,38.84,1.73,18.72,Sambalpur
2024,137,37.65,27.9,41.33,1.91,17.17,Sambalpur
2024,138,35.64,28.04,41.13,3.01,8.73,Sambalpur
2024,139,39.73,27.22,39.12,1.99,16.46,Sambalpur
2024,140,41.34,28.92,37.17,2.55,23.04,Sambalpur
2024,141,42.71,28.49,36.93,2.38,24.12,Sambalpur
2024,142,40.51,28.17,48.6,2.72,24.21,Sambalpur
2024,143,40.29,27.47,48.12,2.41,25.16,Sambalpur
2024,144,40.46,27.0,47.98,3.41,24.32,Sambalpur
2024,145,38.64,26.45,54.24,3.07,24.67,Sambalpur
2024,146,40.34,27.07,51.66,2.48,23.89,Sambalpur
2024,147,42.22,29.28,40.37,4.06,18.58,Sambalpur
2024,148,43.39,29.8,41.29,2.58,20.06,Sambalpur
2024,149,45.89,28.27,25.97,3.24,24.23,Sambalpur
2024,150,46.51,31.36,25.47,3.47,25.32,Sambalpur
2024,151,46.93,32.14,24.18,2.83,24.6,Sambalpur
2024,152,45.83,31.33,34.71,3.11,22.79,Sambalpur
2024,153,43.9,31.7,42.77,4.14,23.11,Sambalpur
2024,154,40.76,28.9,55.68,3.56,21.8,Sambalpur
2024,155,39.75,26.94,61.41,3.9,24.07,Sambalpur
2024,156,40.2,27.52,52.84,3.15,22.97,Sambalpur
2024,157,40.64,27.19,53.39,3.22,22.71,Sambalpur
2024,158,39.33,28.41,50.93,3.06,22.26,Sambalpur
2024,159,40.45,28.41,47.93,2.76,23.02,Sambalpur
2024,160,40.75,28.84,46.71,3.27,22.4,Sambalpur
2024,161,39.91,28.27,50.92,2.85,22.44,Sambalpur
2024,162,41.11,29.52,46.69,2.54,22.0,Sambalpur
2024,163,41.89,31.79,39.64,1.89,20.32,Sambalpur
2024,164,43.22,29.96,36.73,4.22,22.65,Sambalpur
2024,165,42.84,31.07,38.82,4.35,22.45,Sambalpur
2024,166,41.44,31.19,42.66,5.16,14.69,Sambalpur
2024,167,43.46,29.74,42.29,3.89,23.81,Sambalpur
2024,168,37.07,28.33,60.15,4.87,10.04,Sambalpur
2024,169,39.55,28.49,50.96,2.78,19.94,Sambalpur
2024,170,39.52,30.05,50.35,4.62,19.44,Sambalpur
2024,171,39.05,28.57,55.59,4.92,19.08,Sambalpur
2024,172,35.38,27.62,64.96,4.17,18.58,Sambalpur
2024,173,33.08,26.23,74.29,2.8,15.3,Sambalpur
2024,174,33.83,26.19,75.72,1.75,14.97,Sambalpur
2024,175,34.68,25.85,69.73,2.66,19.29,Sambalpur
2024,176,35.86,26.0,67.82,2.39,19.55,Sambalpur
2024,177,36.65,27.77,61.64,1.73,20.38,Sambalpur
2024,178,34.86,28.16,67.87,2.15,19.78,Sambalpur
2024,179,35.95,26.46,70.17,3.49,21.29,Sambalpur
2024,180,34.83,26.83,74.05,2.1,13.15,Sambalpur
2024,181,32.8,26.25,79.01,4.33,5.9,Sambalpur
2024,182,31.96,26.27,81.47,4.85,13.43,Sambalpur
2024,183,32.85,25.32,78.98,5.05,9.19,Sambalpur
2024,184,31.35,25.39,79.91,5.24,10.74,Sambalpur
2024,185,30.56,25.34,86.83,4.09,9.08,Sambalpur
2024,186,32.44,25.42,81.76,3.67,8.7,Sambalpur
2024,187,32.98,25.7,79.43,4.04,14.19,Sambalpur
2024,188,31.69,25.55,81.6,3.22,14.04,Sambalpur
2024,189,32.21,24.98,79.25,1.96,19.41,Sambalpur
2024,190,33.26,24.97,78.97,2.54,19.35,Sambalpur
2024,191,34.23,25.22,77.12,2.78,18.81,Sambalpur
2024,192,32.87,26.22,78.07,2.6,18.45,Sambalpur
2024,193,33.69,26.29,76.09,3.63,18.99,Sambalpur
2024,194,31.46,25.71,82.22,3.68,8.67,Sambalpur
2024,195,33.04,26.03,81.67,3.28,14.3,Sambalpur
2024,196,33.12,26.29,81.03,2.79,11.88,Sambalpur
2024,197,33.39,26.09,81.63,3.29,17.03,Sambalpur
2024,198,31.58,26.2,83.93,2.91,17.14,Sambalpur
2024,199,33.31,25.42,81.51,2.8,18.91,Sambalpur
2024,200,33.18,26.3,81.65,2.61,17.98,Sambalpur
2024,201,34.41,26.16,79.39,4.27,19.01,Sambalpur
2024,202,33.83,26.3,82.61,4.47,14.63,Sambalpur
2024,203,33.47,25.53,82.36,3.34,9.89,Sambalpur
2024,204,31.56,25.67,87.69,3.57,7.19,Sambalpur
2024,205,32.72,25.07,85.77,5.88,5.06,Sambalpur
2024,206,29.83,24.89,88.56,8.66,5.43,Sambalpur
2024,207,28.71,24.89,89.0,6.61,6.21,Sambalpur
2024,208,30.74,25.32,87.63,5.28,8.34,Sambalpur
2024,209,31.67,25.73,88.96,3.76,8.51,Sambalpur
2024,210,32.33,25.66,84.59,3.48,9.37,Sambalpur
2024,211,32.22,24.84,82.69,2.42,12.59,Sambalpur
2024,212,32.04,25.67,82.25,3.56,12.3,Sambalpur
2024,213,29.27,25.69,90.39,4.21,4.17,Sambalpur
2024,214,28.66,25.61,92.16,5.79,8.25,Sambalpur
2024,215,28.76,24.79,90.21,6.62,6.0,Sambalpur
2024,216,29.93,24.62,88.72,7.3,4.87,Sambalpur
2024,217,30.74,24.64,86.4,5.01,15.89,Sambalpur
2024,218,29.99,24.77,86.97,3.66,15.93,Sambalpur
2024,219,29.61,24.85,89.37,3.29,8.44,Sambalpur
2024,220,28.11,25.13,92.2,4.41,7.03,Sambalpur
2024,221,30.49,24.58,88.82,3.39,9.82,Sambalpur
2024,222,29.62,25.04,91.03,3.63,7.99,Sambalpur
2024,223,30.05,24.33,87.35,2.9,16.15,Sambalpur
2024,224,31.41,23.67,84.95,2.27,13.58,Sambalpur
2024,225,31.67,25.28,86.22,3.02,17.1,Sambalpur
2024,226,30.81,25.08,88.01,2.08,17.44,Sambalpur
2024,227,31.84,25.23,85.77,2.02,5.04,Sambalpur
2024,228,30.44,25.34,90.44,2.88,13.28,Sambalpur
2024,229,30.29,25.24,88.96,3.33,6.37,Sambalpur
2024,230,29.48,24.21,91.26,2.67,15.74,Sambalpur
2024,231,30.88,24.72,86.66,1.68,13.83,Sambalpur
2024,232,29.05,25.22,90.86,2.56,17.64,Sambalpur
2024,233,30.91,24.33,87.55,2.87,12.09,Sambalpur
2024,234,29.07,24.78,90.31,1.99,13.16,Sambalpur
2024,235,29.53,24.83,90.24,3.37,11.76,Sambalpur
2024,236,28.56,24.63,91.16,3.57,13.85,Sambalpur
2024,237,29.42,24.42,91.01,3.97,8.96,Sambalpur
2024,238,27.23,24.56,92.63,3.59,9.78,Sambalpur
2024,239,30.1,24.0,88.9,3.33,12.13,Sambalpur
2024,240,29.32,24.34,88.13,3.83,15.66,Sambalpur
2024,241,28.29,24.03,92.2,2.5,11.43,Sambalpur
2024,242,30.38,24.67,88.71,2.7,10.43,Sambalpur
2024,243,31.52,24.55,85.8,2.54,21.74,Sambalpur
2024,244,31.29,25.1,88.24,4.26,18.6,Sambalpur
2024,245,30.81,25.22,89.45,6.0,13.99,Sambalpur
2024,246,30.42,25.3,89.48,4.66,17.27,Sambalpur
2024,247,31.21,24.14,87.75,3.62,19.2,Sambalpur
2024,248,31.51,24.55,85.3,2.18,19.8,Sambalpur
2024,249,31.11,24.85,85.7,1.91,17.71,Sambalpur
2024,250,31.6,24.64,82.18,1.59,17.91,Sambalpur
2024,251,31.38,25.56,82.58,1.52,18.39,Sambalpur
2024,252,31.16,26.01,86.97,2.26,16.46,Sambalpur
2024,253,30.31,25.96,90.59,4.38,15.0,Sambalpur
2024,254,30.18,25.83,91.26,4.08,10.01,Sambalpur
2024,255,31.13,25.11,89.61,4.64,15.88,Sambalpur
2024,256,31.17,24.86,87.45,3.91,14.67,Sambalpur
2024,257,28.45,24.8,91.28,3.48,13.57,Sambalpur
2024,258,29.61,24.56,90.51,4.65,12.96,Sambalpur
2024,259,29.19,24.45,88.94,6.41,11.29,Sambalpur
2024,260,29.21,23.92,91.1,7.0,8.5,Sambalpur
2024,261,30.21,23.71,89.01,5.46,5.58,Sambalpur
2024,262,30.98,23.82,82.67,1.65,14.18,Sambalpur
2024,263,31.5,24.76,79.66,1.35,17.38,Sambalpur
2024,264,31.6,24.81,83.71,1.93,18.03,Sambalpur
2024,265,31.34,25.48,88.51,2.33,16.94,Sambalpur
2024,266,29.96,25.27,89.94,2.02,15.54,Sambalpur
2024,267,32.02,24.88,85.67,2.06,17.05,Sambalpur
2024,268,29.68,25.01,88.35,1.22,14.96,Sambalpur
2024,269,29.44,24.83,90.17,2.51,8.81,Sambalpur
2024,270,29.44,24.65,91.02,3.62,9.26,Sambalpur
2024,271,29.74,24.54,90.41,3.54,14.19,Sambalpur
2024,272,30.54,24.57,87.44,2.64,16.1,Sambalpur
2024,273,31.1,24.22,86.79,2.16,17.83,Sambalpur
2024,274,30.62,24.71,88.61,2.66,17.86,Sambalpur
2024,275,31.03,24.8,89.11,2.99,18.69,Sambalpur
2024,276,30.85,25.17,86.13,3.33,17.52,Sambalpur
2024,277,31.49,24.77,85.95,3.6,18.91,Sambalpur
2024,278,30.7,24.13,87.61,2.79,19.12,Sambalpur
2024,279,31.51,23.5,79.67,1.72,19.51,Sambalpur
2024,280,30.91,22.97,75.61,1.27,18.66,Sambalpur
2024,281,29.68,23.58,83.63,1.83,15.01,Sambalpur
2024,282,29.88,23.15,83.21,1.14,16.3,Sambalpur
2024,283,30.63,23.46,80.52,1.16,17.41,Sambalpur
2024,284,31.15,22.78,79.96,1.17,18.18,Sambalpur
2024,285,31.53,22.42,78.41,1.04,18.79,Sambalpur
2024,286,31.3,23.13,77.7,1.16,17.14,Sambalpur
2024,287,31.0,23.54,80.47,1.53,15.32,Sambalpur
2024,288,30.74,23.93,81.22,1.15,14.37,Sambalpur
2024,289,31.09,24.42,77.81,0.8,13.47,Sambalpur
2024,290,30.64,24.25,82.19,1.47,12.51,Sambalpur
2024,291,30.96,22.4,82.1,1.62,15.94,Sambalpur
2024,292,31.09,23.8,82.46,1.23,15.6,Sambalpur
2024,293,31.75,24.23,78.52,1.06,16.16,Sambalpur
2024,294,29.76,24.1,79.72,1.68,13.04,Sambalpur
2024,295,29.69,22.95,74.67,1.35,15.2,Sambalpur
2024,296,29.54,19.65,77.52,2.47,18.39,Sambalpur
2024,297,29.23,19.56,83.84,3.27,15.6,Sambalpur
2024,298,29.21,21.75,86.73,4.43,11.2,Sambalpur
2024,299,29.12,22.64,87.01,5.58,10.54,Sambalpur
2024,300,28.68,22.58,87.57,6.84,9.57,Sambalpur
2024,301,29.75,23.12,88.32,4.73,5.34,Sambalpur
2024,302,29.78,22.52,87.49,2.59,12.39,Sambalpur
2024,303,30.31,22.61,85.67,1.87,13.48,Sambalpur
2024,304,30.24,22.77,84.62,1.52,13.85,Sambalpur
2024,305,30.9,22.47,82.9,1.34,14.25,Sambalpur
2024,306,30.0,19.79,70.81,1.73,18.23,Sambalpur
2024,307,29.68,19.87,71.4,1.2,16.83,Sambalpur
2024,308,28.63,19.89,69.21,1.19,15.4,Sambalpur
2024,309,28.13,18.4,68.08,1.06,15.9,Sambalpur
2024,310,27.87,18.75,70.39,0.98,15.12,Sambalpur
2024,311,28.15,18.1,72.57,1.2,15.29,Sambalpur
2024,312,28.24,18.94,78.79,1.69,15.04,Sambalpur
2024,313,28.16,18.95,75.21,1.38,13.46,Sambalpur
2024,314,27.98,18.96,71.84,1.05,13.28,Sambalpur
2024,315,27.54,18.36,74.91,1.77,11.41,Sambalpur
2024,316,27.72,16.97,78.04,2.24,16.73,Sambalpur
2024,317,28.16,18.09,79.04,1.95,16.84,Sambalpur
2024,318,28.17,18.33,78.5,1.88,15.29,Sambalpur
2024,319,27.8,18.14,76.19,1.8,16.29,Sambalpur
2024,320,27.05,16.93,74.64,1.88,17.83,Sambalpur
2024,321,26.52,14.39,72.92,1.8,17.99,Sambalpur
2024,322,26.71,14.36,70.6,1.96,16.91,Sambalpur
2024,323,26.49,14.16,70.31,1.83,16.98,Sambalpur
2024,324,25.71,13.76,73.36,2.01,16.19,Sambalpur
2024,325,25.59,13.6,76.47,2.03,15.23,Sambalpur
2024,326,25.55,14.1,73.34,1.36,14.56,Sambalpur
2024,327,25.22,14.37,69.8,1.12,14.29,Sambalpur
2024,328,25.23,15.07,66.13,0.69,14.04,Sambalpur
2024,329,24.97,14.56,68.55,0.83,13.33,Sambalpur
2024,330,25.04,12.93,70.16,1.54,14.29,Sambalpur
2024,331,25.77,12.52,68.7,1.44,15.23,Sambalpur
2024,332,25.38,13.01,69.12,2.28,14.26,Sambalpur
2024,333,25.33,12.37,74.58,3.24,12.77,Sambalpur
2024,334,26.48,14.22,79.66,3.44,14.48,Sambalpur
2024,335,23.47,16.2,88.32,3.21,4.97,Sambalpur
2024,336,24.88,18.49,89.06,2.82,3.74,Sambalpur
2024,337,25.42,18.16,87.23,2.48,6.87,Sambalpur
2024,338,27.07,18.85,82.94,1.88,10.93,Sambalpur
2024,339,29.0,18.43,78.83,1.61,14.31,Sambalpur
2024,340,28.51,16.79,70.35,2.06,15.58,Sambalpur
2024,341,27.47,15.18,70.8,2.23,16.14,Sambalpur
2024,342,26.98,13.95,72.41,2.26,11.37,Sambalpur
2024,343,26.79,16.11,83.48,1.95,8.25,Sambalpur
2024,344,27.46,19.16,84.48,2.46,9.99,Sambalpur
2024,345,26.16,14.81,75.26,2.94,13.52,Sambalpur
2024,346,23.96,11.15,68.82,2.53,14.22,Sambalpur
2024,347,24.11,9.22,67.52,2.0,16.29,Sambalpur
2024,348,24.75,9.91,67.28,2.32,15.53,Sambalpur
2024,349,24.69,9.09,58.03,2.4,16.87,Sambalpur
2024,350,24.19,8.36,60.99,2.65,16.82,Sambalpur
2024,351,24.13,8.14,60.46,2.08,16.13,Sambalpur
2024,352,25.55,9.21,60.26,2.07,16.42,Sambalpur
2024,353,26.29,10.23,60.79,2.25,15.97,Sambalpur
2024,354,26.94,10.22,70.83,2.64,13.28,Sambalpur
2024,355,24.88,15.6,83.99,2.35,11.88,Sambalpur
2024,356,22.9,15.58,84.92,2.81,9.41,Sambalpur
2024,357,26.73,13.53,77.44,1.89,10.65,Sambalpur
2024,358,26.98,13.52,74.14,1.61,14.42,Sambalpur
2024,359,24.39,14.21,80.72,2.5,9.17,Sambalpur
2024,360,21.63,16.92,84.85,1.58,8.95,Sambalpur
2024,361,26.93,15.9,72.28,1.66,11.88,Sambalpur
2024,362,28.53,14.91,72.05,2.41,13.64,Sambalpur
2024,363,28.75,15.05,71.68,1.49,13.28,Sambalpur
2024,364,27.84,17.8,74.64,1.85,13.78,Sambalpur
2024,365,27.38,15.46,74.91,2.06,14.39,Sambalpur
2024,366,26.41,13.26,68.09,2.66,15.85,Sambalpur
2015,1,23.4,15.13,91.66,5.69,6.18,Bolangir
2015,2,27.47,15.11,83.88,2.19,6.53,Bolangir
2015,3,27.97,16.56,80.84,1.79,12.59,Bolangir
2015,4,26.08,16.06,82.26,2.48,11.78,Bolangir
2015,5,23.1,12.87,75.23,2.76,14.76,Bolangir
2015,6,23.13,8.47,62.09,2.02,18.05,Bolangir
2015,7,24.47,10.6,55.22,1.88,18.07,Bolangir
2015,8,24.43,11.54,59.92,2.2,15.76,Bolangir
2015,9,22.43,8.54,69.79,2.41,16.69,Bolangir
2015,10,23.36,8.02,61.48,1.95,16.7,Bolangir
2015,11,23.37,7.68,52.63,1.51,17.18,Bolangir
2015,12,23.8,10.28,47.48,1.06,15.97,Bolangir
2015,13,24.22,10.87,54.92,1.43,15.08,Bolangir
2015,14,25.92,10.06,67.15,1.91,15.86,Bolangir
2015,15,25.27,11.83,58.71,2.14,15.27,Bolangir
2015,16,24.31,11.58,53.34,1.87,16.39,Bolangir
2015,17,24.22,10.68,58.9,2.2,17.01,Bolangir
2015,18,23.87,8.16,59.57,1.89,18.0,Bolangir
2015,19,24.1,8.49,49.34,1.63,18.26,Bolangir
2015,20,25.15,10.06,52.47,1.68,15.74,Bolangir
2015,21,26.32,9.31,57.99,2.66,16.71,Bolangir
2015,22,27.03,9.51,51.92,1.93,18.21,Bolangir
2015,23,27.51,12.45,50.35,1.87,18.29,Bolangir
2015,24,27.64,12.67,60.45,2.19,16.77,Bolangir
2015,25,28.46,13.88,63.07,2.15,16.27,Bolangir
2015,26,28.99,13.36,60.58,2.02,15.95,Bolangir
2015,27,28.99,13.29,62.09,2.12,16.36,Bolangir
2015,28,28.84,15.83,56.65,1.65,16.24,Bolangir
2015,29,29.36,14.51,64.74,1.98,16.84,Bolangir
2015,30,27.18,14.99,67.97,2.19,14.11,Bolangir
2015,31,25.74,10.49,53.18,2.32,17.16,Bolangir
2015,32,26.97,10.37,38.69,1.79,18.8,Bolangir
2015,33,28.55,11.4,43.7,1.89,18.26,Bolangir
2015,34,30.02,11.82,54.31,2.14,19.43,Bolangir
2015,35,29.97,14.89,41.57,1.99,19.58,Bolangir
2015,36,28.04,14.44,47.63,1.58,18.3,Bolangir
2015,37,28.79,15.68,49.42,2.16,15.8,Bolangir
2015,38,27.75,15.63,42.76,1.53,16.9,Bolangir
2015,39,29.82,15.39,46.01,1.84,17.38,Bolangir
2015,40,29.95,15.58,55.34,1.99,18.13,Bolangir
2015,41,29.12,16.92,58.08,1.99,16.02,Bolangir
2015,42,28.49,16.98,58.64,1.73,16.2,Bolangir
2015,43,29.75,15.39,61.81,2.8,15.16,Bolangir
2015,44,29.21,17.78,57.1,2.31,16.62,Bolangir
2015,45,29.97,13.59,45.8,1.86,20.53,Bolangir
2015,46,31.9,15.68,36.27,2.13,21.41,Bolangir
2015,47,31.61,15.88,39.19,1.77,20.73,Bolangir
2015,48,31.85,16.5,38.22,1.84,21.11,Bolangir
2015,49,33.53,15.82,38.66,2.2,20.96,Bolangir
2015,50,32.67,16.94,43.11,2.2,20.6,Bolangir
2015,51,32.03,15.47,37.43,2.23,20.6,Bolangir
2015,52,32.53,15.83,38.6,2.28,19.96,Bolangir
2015,53,33.05,17.09,38.46,2.23,21.62,Bolangir
2015,54,33.2,16.62,35.97,1.97,22.2,Bolangir
2015,55,34.04,17.19,32.02,1.76,22.49,Bolangir
2015,56,34.13,17.41,31.5,1.58,22.54,Bolangir
2015,57,35.31,16.38,35.06,2.37,22.71,Bolangir
2015,58,34.58,16.49,43.99,2.36,22.18,Bolangir
2015,59,35.37,17.75,45.48,2.93,22.23,Bolangir
2015,60,33.98,17.52,51.71,3.32,19.43,Bolangir
2015,61,33.53,18.41,60.67,3.86,10.29,Bolangir
2015,62,30.88,20.09,65.81,2.29,18.58,Bolangir
2015,63,31.65,19.01,55.01,3.06,17.46,Bolangir
2015,64,31.9,13.99,44.72,2.86,22.98,Bolangir
2015,65,31.87,17.69,39.87,2.34,22.45,Bolangir
2015,66,32.79,17.33,38.4,2.32,22.54,Bolangir
2015,67,33.93,17.05,38.19,2.38,22.3,Bolangir
2015,68,35.23,17.74,45.76,2.56,19.19,Bolangir
2015,69,35.29,19.59,42.02,2.58,19.83,Bolangir
2015,70,35.8,19.59,40.44,2.18,20.42,Bolangir
2015,71,36.4,20.03,37.7,2.42,21.19,Bolangir
2015,72,36.32,20.5,33.47,2.05,20.83,Bolangir
2015,73,37.71,21.52,33.26,1.27,19.93,Bolangir
2015,74,37.3,21.62,36.22,3.12,20.79,Bolangir
2015,75,37.97,20.43,34.11,2.68,22.32,Bolangir
2015,76,36.61,19.88,42.67,3.07,21.95,Bolangir
2015,77,36.3,22.97,44.73,1.94,19.44,Bolangir
2015,78,36.32,22.05,42.4,2.54,21.46,Bolangir
2015,79,35.75,21.22,36.9,2.25,22.38,Bolangir
2015,80,36.56,19.61,26.85,2.73,24.51,Bolangir
2015,81,37.64,18.94,27.17,2.79,24.43,Bolangir
2015,82,38.72,22.39,27.93,1.97,23.46,Bolangir
2015,83,38.55,23.07,28.84,1.94,22.85,Bolangir
2015,84,39.15,21.84,32.62,1.96,21.81,Bolangir
2015,85,38.97,22.41,44.93,3.05,20.55,Bolangir
2015,86,38.19,22.98,48.66,3.68,19.32,Bolangir
2015,87,37.28,22.54,48.52,3.57,21.03,Bolangir
2015,88,38.13,22.3,40.71,2.93,22.26,Bolangir
2015,89,35.87,24.32,43.25,3.45,12.98,Bolangir
2015,90,36.86,23.32,41.19,1.93,21.26,Bolangir
2015,91,38.81,24.54,37.67,3.45,23.31,Bolangir
2015,92,39.28,24.41,36.26,4.12,21.78,Bolangir
2015,93,40.71,23.63,31.82,4.44,25.77,Bolangir
2015,94,41.37,22.79,26.31,3.57,23.18,Bolangir
2015,95,40.08,23.02,25.29,2.93,23.77,Bolangir
2015,96,40.35,23.37,26.4,2.71,22.93,Bolangir
2015,97,40.43,26.43,27.26,1.58,18.27,Bolangir
2015,98,38.93,26.28,36.17,2.33,19.23,Bolangir
2015,99,38.24,25.15,39.04,2.68,22.07,Bolangir
2015,100,39.63,25.47,33.19,1.82,23.92,Bolangir
2015,101,38.39,26.36,37.8,2.75,13.47,Bolangir
2015,102,33.22,23.21,51.57,2.48,8.23,Bolangir
2015,103,29.09,22.29,58.76,1.87,11.9,Bolangir
2015,104,33.18,21.4,51.98,1.59,17.85,Bolangir
2015,105,33.86,22.07,52.54,0.84,17.49,Bolangir
2015,106,35.47,22.96,48.09,0.59,22.87,Bolangir
2015,107,36.67,23.6,43.65,2.69,23.05,Bolangir
2015,108,39.41,22.72,39.42,2.49,26.74,Bolangir
2015,109,42.29,24.63,39.1,4.26,26.56,Bolangir
2015,110,42.72,25.55,34.19,3.61,25.5,Bolangir
2015,111,42.5,27.78,30.27,4.54,24.16,Bolangir
2015,112,42.74,27.52,29.49,5.87,22.25,Bolangir
2015,113,42.51,27.34,31.57,4.75,22.2,Bolangir
2015,114,40.09,28.0,43.35,4.98,17.34,Bolangir
2015,115,38.79,25.18,47.01,3.95,26.08,Bolangir
2015,116,36.62,23.79,54.38,2.77,25.98,Bolangir
2015,117,37.8,23.28,53.88,3.48,25.65,Bolangir
2015,118,38.75,24.98,50.27,3.88,25.46,Bolangir
2015,119,39.79,24.39,52.67,5.09,23.5,Bolangir
2015,120,39.13,25.36,48.02,3.82,22.22,Bolangir
2015,121,41.56,25.44,39.83,2.56,23.53,Bolangir
2015,122,38.93,25.76,46.84,4.37,22.84,Bolangir
2015,123,40.49,25.67,44.63,3.03,24.23,Bolangir
2015,124,37.0,25.37,52.6,2.24,24.45,Bolangir
2015,125,38.55,25.36,46.33,3.31,23.91,Bolangir
2015,126,40.8,25.52,38.87,3.66,24.35,Bolangir
2015,127,41.51,25.2,36.51,3.72,25.53,Bolangir
2015,128,42.98,25.98,29.6,3.4,25.73,Bolangir
2015,129,43.0,26.56,29.3,2.55,22.26,Bolangir
2015,130,41.05,26.86,33.05,3.52,21.64,Bolangir
2015,131,37.51,26.94,43.19,3.83,8.14,Bolangir
2015,132,40.86,25.66,44.03,3.19,24.97,Bolangir
2015,133,41.81,26.75,35.08,2.47,23.97,Bolangir
2015,134,41.26,27.54,35.51,1.6,23.89,Bolangir
2015,135,40.86,29.07,38.28,2.87,23.57,Bolangir
2015,136,34.47,26.09,52.52,1.66,18.96,Bolangir
2015,137,39.57,25.21,44.91,2.71,26.05,Bolangir
2015,138,41.84,25.62,44.01,3.87,26.36,Bolangir
2015,139,44.18,27.95,35.43,5.04,24.51,Bolangir
2015,140,43.58,28.4,39.1,3.12,24.47,Bolangir
2015,141,45.25,27.22,25.82,2.67,25.67,Bolangir
2015,142,45.36,29.76,23.55,2.33,25.74,Bolangir
2015,143,46.25,31.02,27.18,3.49,24.61,Bolangir
2015,144,45.87,30.0,18.99,3.69,27.67,Bolangir
2015,145,44.83,31.79,20.32,3.75,24.71,Bolangir
2015,146,46.13,32.37,21.19,3.29,24.87,Bolangir
2015,147,44.66,30.04,35.01,4.32,22.93,Bolangir
2015,148,44.37,30.36,34.89,4.78,24.31,Bolangir
2015,149,45.7,28.41,33.84,4.06,25.71,Bolangir
2015,150,42.49,29.53,41.6,4.16,25.1,Bolangir
2015,151,37.5,28.94,48.64,4.24,20.44,Bolangir
2015,152,36.78,28.91,52.23,2.88,18.93,Bolangir
2015,153,39.39,26.84,44.6,2.3,17.26,Bolangir
2015,154,36.96,27.7,52.02,3.35,19.01,Bolangir
2015,155,37.16,25.38,58.62,3.26,20.23,Bolangir
2015,156,32.91,26.94,67.02,2.69,17.12,Bolangir
2015,157,31.62,25.88,72.46,2.36,21.6,Bolangir
2015,158,37.52,25.05,58.28,2.33,20.87,Bolangir
2015,159,36.65,26.73,57.48,2.58,20.24,Bolangir
2015,160,38.71,26.85,53.35,5.18,22.98,Bolangir
2015,161,40.98,28.04,45.26,4.77,22.96,Bolangir
2015,162,42.09,29.22,46.29,4.32,22.67,Bolangir
2015,163,30.3,26.12,75.27,4.44,8.46,Bolangir
2015,164,32.97,25.4,71.42,3.16,20.14,Bolangir
2015,165,32.01,24.86,77.15,4.08,16.62,Bolangir
2015,166,28.44,24.74,86.39,5.7,12.48,Bolangir
2015,167,31.13,24.81,80.23,3.15,11.73,Bolangir
2015,168,33.37,23.72,74.26,2.37,19.74,Bolangir
2015,169,34.44,24.92,71.51,3.38,24.69,Bolangir
2015,170,34.29,24.19,72.78,4.28,18.69,Bolangir
2015,171,30.97,25.07,84.4,5.89,12.72,Bolangir
2015,172,31.41,24.78,84.65,4.53,8.37,Bolangir
2015,173,27.65,24.16,89.18,9.47,6.89,Bolangir
2015,174,29.15,24.05,83.24,8.17,12.43,Bolangir
2015,175,32.59,24.63,80.59,5.79,16.44,Bolangir
2015,176,30.82,25.08,82.64,5.56,20.29,Bolangir
2015,177,32.1,24.6,77.05,5.79,18.42,Bolangir
2015,178,32.18,24.13,77.26,4.49,19.17,Bolangir
2015,179,32.53,24.73,79.65,3.33,19.99,Bolangir
2015,180,30.19,23.65,81.52,3.73,14.95,Bolangir
2015,181,30.67,23.97,82.56,2.87,7.54,Bolangir
2015,182,29.41,24.14,84.27,3.64,13.77,Bolangir
2015,183,29.37,24.35,85.97,3.56,15.13,Bolangir
2015,184,29.52,23.83,85.75,3.87,18.84,Bolangir
2015,185,31.76,24.13,81.29,4.45,20.74,Bolangir
2015,186,32.04,25.07,82.26,4.24,20.88,Bolangir
2015,187,29.48,24.76,88.19,4.26,19.09,Bolangir
2015,188,28.8,24.4,87.87,4.06,18.33,Bolangir
2015,189,30.87,23.58,85.72,4.77,9.99,Bolangir
2015,190,28.04,24.43,91.3,5.94,9.07,Bolangir
2015,191,26.16,23.68,91.84,6.74,4.14,Bolangir
2015,192,30.71,23.53,83.45,4.59,13.99,Bolangir
2015,193,30.97,24.27,81.57,2.36,17.95,Bolangir
2015,194,30.88,24.01,84.1,2.63,17.58,Bolangir
2015,195,30.38,25.15,87.88,3.03,20.95,Bolangir
2015,196,29.36,25.6,90.42,3.49,18.42,Bolangir
2015,197,29.15,24.87,90.57,2.85,16.77,Bolangir
2015,198,30.3,23.72,86.27,3.2,16.31,Bolangir
2015,199,29.93,24.4,86.65,3.32,11.67,Bolangir
2015,200,31.18,24.03,84.94,4.51,13.45,Bolangir
2015,201,31.03,23.33,84.29,4.54,15.32,Bolangir
2015,202,29.68,23.85,86.11,2.77,14.23,Bolangir
2015,203,28.65,24.69,91.78,2.27,14.02,Bolangir
2015,204,29.02,25.0,90.49,3.2,11.43,Bolangir
2015,205,29.7,24.39,87.66,4.62,16.13,Bolangir
2015,206,28.79,24.09,89.55,3.66,12.33,Bolangir
2015,207,26.69,23.69,92.58,3.84,12.79,Bolangir
2015,208,28.96,22.89,87.48,4.47,17.79,Bolangir
2015,209,29.51,22.93,85.54,4.8,19.7,Bolangir
2015,210,29.79,23.35,85.5,4.55,20.07,Bolangir
2015,211,29.2,23.86,86.07,5.08,13.52,Bolangir
2015,212,28.62,24.1,88.33,4.03,18.01,Bolangir
2015,213,28.4,23.59,88.24,3.87,20.64,Bolangir
2015,214,28.56,23.39,88.74,5.22,12.62,Bolangir
2015,215,27.82,23.63,91.68,5.92,7.9,Bolangir
2015,216,30.28,22.79,85.72,4.86,16.73,Bolangir
2015,217,30.51,21.88,83.72,3.79,17.21,Bolangir
2015,218,29.37,22.31,85.19,3.68,10.92,Bolangir
2015,219,31.9,22.37,83.68,2.18,16.01,Bolangir
2015,220,31.45,24.47,83.04,1.97,17.79,Bolangir
2015,221,31.55,23.83,83.31,1.73,21.41,Bolangir
2015,222,32.12,24.33,83.21,2.1,22.92,Bolangir
2015,223,30.98,24.65,86.75,2.65,21.79,Bolangir
2015,224,29.29,24.45,90.19,2.06,13.36,Bolangir
2015,225,31.45,23.85,86.08,2.47,17.34,Bolangir
2015,226,31.18,24.2,86.69,3.96,17.27,Bolangir
2015,227,31.47,24.0,85.0,2.75,14.92,Bolangir
2015,228,30.84,24.55,87.38,3.32,13.25,Bolangir
2015,229,29.44,24.75,88.38,4.02,12.91,Bolangir
2015,230,30.77,23.69,86.1,3.92,19.94,Bolangir
2015,231,30.0,24.47,89.23,4.54,12.93,Bolangir
2015,232,29.4,23.63,88.85,4.23,14.76,Bolangir
2015,233,29.79,22.72,86.37,3.76,18.69,Bolangir
2015,234,29.53,23.12,87.59,3.48,15.53,Bolangir
2015,235,30.27,23.19,87.07,3.83,16.47,Bolangir
2015,236,29.02,23.77,87.85,3.6,15.14,Bolangir
2015,237,29.52,23.59,89.59,3.38,17.06,Bolangir
2015,238,28.93,24.27,90.75,3.28,7.18,Bolangir
2015,239,30.14,23.97,87.89,2.36,10.33,Bolangir
2015,240,31.12,24.79,88.66,2.15,9.98,Bolangir
2015,241,29.17,23.22,91.28,3.86,11.78,Bolangir
2015,242,29.16,24.65,91.03,2.64,13.39,Bolangir
2015,243,29.59,24.73,90.65,2.84,8.29,Bolangir
2015,244,28.55,24.38,91.0,3.27,15.05,Bolangir
2015,245,29.15,23.78,90.15,2.62,13.28,Bolangir
2015,246,30.53,22.95,85.21,2.39,21.03,Bolangir
2015,247,30.22,23.33,87.04,2.96,21.57,Bolangir
2015,248,30.06,23.16,86.98,2.58,20.2,Bolangir
2015,249,28.68,23.62,88.14,1.69,15.81,Bolangir
2015,250,30.42,22.81,83.75,1.93,20.15,Bolangir
2015,251,29.62,23.09,86.61,2.9,19.17,Bolangir
2015,252,29.75,23.12,86.11,2.72,19.94,Bolangir
2015,253,29.82,22.85,84.41,2.18,17.89,Bolangir
2015,254,28.89,23.6,87.4,1.31,17.49,Bolangir
2015,255,29.89,23.97,87.2,1.87,17.21,Bolangir
2015,256,29.44,23.12,88.21,2.1,18.36,Bolangir
2015,257,29.96,23.55,89.08,2.96,20.1,Bolangir
2015,258,29.66,24.37,91.3,4.28,8.35,Bolangir
2015,259,27.7,24.57,94.31,3.15,5.78,Bolangir
2015,260,30.43,24.54,90.28,5.12,15.84,Bolangir
2015,261,30.42,23.56,88.41,2.73,21.86,Bolangir
2015,262,29.66,23.63,86.62,1.82,19.84,Bolangir
2015,263,28.9,23.8,91.15,1.6,5.29,Bolangir
2015,264,28.48,23.05,90.6,3.45,13.03,Bolangir
2015,265,30.16,23.09,88.93,3.28,20.76,Bolangir
2015,266,29.52,24.04,89.33,3.09,18.86,Bolangir
2015,267,28.92,23.74,88.41,2.8,16.83,Bolangir
2015,268,28.83,22.52,87.06,2.56,18.82,Bolangir
2015,269,29.24,21.54,86.87,2.47,20.89,Bolangir
2015,270,29.17,19.88,77.52,1.31,20.82,Bolangir
2015,271,29.47,21.31,79.76,1.54,19.79,Bolangir
2015,272,29.99,21.84,83.36,1.79,19.27,Bolangir
2015,273,30.28,22.04,83.88,1.83,20.62,Bolangir
2015,274,30.19,22.54,84.78,1.42,20.13,Bolangir
2015,275,29.76,23.19,86.43,1.56,21.89,Bolangir
2015,276,29.38,23.39,86.67,1.79,20.01,Bolangir
2015,277,30.35,23.03,83.67,1.87,15.1,Bolangir
2015,278,29.67,20.25,74.87,1.69,18.25,Bolangir
2015,279,29.65,19.53,74.3,1.6,19.04,Bolangir
2015,280,29.08,21.23,82.52,1.47,15.53,Bolangir
2015,281,29.79,22.21,81.79,2.32,14.16,Bolangir
2015,282,29.76,18.94,79.46,2.62,19.77,Bolangir
2015,283,30.29,18.73,75.88,2.38,21.15,Bolangir
2015,284,30.74,19.84,78.08,1.93,20.67,Bolangir
2015,285,30.31,20.35,76.06,1.62,19.96,Bolangir
2015,286,29.97,20.18,76.3,1.45,19.43,Bolangir
2015,287,30.21,20.89,81.07,1.84,17.95,Bolangir
2015,288,29.21,20.78,84.38,1.99,17.74,Bolangir
2015,289,29.5,20.55,83.61,1.73,18.74,Bolangir
2015,290,30.06,20.75,80.8,1.37,19.6,Bolangir
2015,291,29.58,21.75,73.47,1.32,19.31,Bolangir
2015,292,29.93,19.47,71.25,1.44,19.75,Bolangir
2015,293,29.62,19.33,76.64,1.84,18.4,Bolangir
2015,294,30.15,19.52,79.62,1.61,18.66,Bolangir
2015,295,30.07,19.26,79.13,1.81,18.85,Bolangir
2015,296,29.13,20.31,81.7,1.97,17.67,Bolangir
2015,297,29.56,20.75,73.94,1.38,17.39,Bolangir
2015,298,28.94,19.71,68.17,1.64,19.19,Bolangir
2015,299,28.45,16.94,69.33,1.83,19.81,Bolangir
2015,300,28.01,17.24,74.95,1.87,19.4,Bolangir
2015,301,27.84,17.35,76.56,2.01,18.21,Bolangir
2015,302,25.61,18.03,83.6,2.9,13.11,Bolangir
2015,303,25.16,19.44,90.24,2.55,14.27,Bolangir
2015,304,26.84,19.91,88.83,3.26,10.56,Bolangir
2015,305,26.93,19.32,91.09,3.16,12.95,Bolangir
2015,306,27.79,20.11,88.86,2.23,13.99,Bolangir
2015,307,27.66,19.09,84.58,2.19,19.32,Bolangir
2015,308,27.89,19.46,74.73,1.39,18.86,Bolangir
2015,309,27.89,18.52,72.67,1.7,18.19,Bolangir
2015,310,28.27,18.42,73.27,1.73,18.12,Bolangir
2015,311,28.22,18.29,77.53,1.96,17.45,Bolangir
2015,312,28.3,17.61,80.09,2.33,17.29,Bolangir
2015,313,27.55,17.86,78.5,1.93,14.76,Bolangir
2015,314,27.24,18.11,74.03,1.71,10.57,Bolangir
2015,315,27.72,16.92,73.02,1.7,16.83,Bolangir
2015,316,26.69,17.7,71.7,1.49,17.72,Bolangir
2015,317,26.98,15.49,79.67,1.76,17.34,Bolangir
2015,318,27.11,16.46,75.84,1.29,17.04,Bolangir
2015,319,26.72,17.41,73.47,1.39,15.74,Bolangir
2015,320,26.0,17.47,73.51,1.31,13.16,Bolangir
2015,321,24.23,16.86,80.36,2.11,6.78,Bolangir
2015,322,26.46,14.93,83.61,2.52,17.08,Bolangir
2015,323,26.85,14.63,81.24,2.52,16.7,Bolangir
2015,324,26.94,14.57,75.94,2.14,16.27,Bolangir
2015,325,26.37,14.22,70.14,1.52,16.51,Bolangir
2015,326,26.31,14.58,69.1,1.5,17.41,Bolangir
2015,327,26.75,15.21,68.95,1.41,16.81,Bolangir
2015,328,26.41,15.08,74.07,1.57,16.07,Bolangir
2015,329,26.71,16.13,74.52,1.18,15.12,Bolangir
2015,330,27.19,16.29,74.44,1.02,14.92,Bolangir
2015,331,27.63,16.89,70.01,1.27,14.83,Bolangir
2015,332,28.32,15.9,76.16,2.23,14.96,Bolangir
2015,333,27.59,15.98,78.1,2.23,14.94,Bolangir
2015,334,26.98,17.56,74.37,1.49,6.64,Bolangir
2015,335,26.6,18.55,75.8,1.02,10.02,Bolangir
2015,336,27.67,18.49,75.26,1.34,11.28,Bolangir
2015,337,27.38,16.94,78.73,1.61,15.56,Bolangir
2015,338,27.98,17.36,75.59,1.4,15.22,Bolangir
2015,339,27.43,16.15,76.37,1.94,14.61,Bolangir
2015,340,26.49,16.48,72.54,1.52,15.28,Bolangir
2015,341,25.54,14.66,64.7,1.2,15.83,Bolangir
2015,342,25.52,13.68,58.7,1.17,15.55,Bolangir
2015,343,25.79,11.94,59.38,1.53,16.55,Bolangir
2015,344,25.9,13.08,53.23,1.37,16.64,Bolangir
2015,345,27.85,13.74,57.86,1.91,16.02,Bolangir
2015,346,28.62,15.98,72.65,2.67,13.47,Bolangir
2015,347,28.43,18.62,82.76,1.74,13.15,Bolangir
2015,348,28.25,19.5,85.49,1.68,11.08,Bolangir
2015,349,27.22,18.49,84.2,1.71,9.57,Bolangir
2015,350,27.38,16.74,83.33,1.95,7.44,Bolangir
2015,351,28.44,18.12,82.84,2.9,11.0,Bolangir
2015,352,26.4,17.42,83.51,3.15,11.72,Bolangir
2015,353,25.5,13.8,70.73,2.13,12.47,Bolangir
2015,354,26.09,13.63,76.33,2.05,12.36,Bolangir
2015,355,26.11,16.5,84.72,2.62,11.48,Bolangir
2015,356,27.02,17.71,84.63,2.24,11.62,Bolangir
2015,357,27.12,17.18,81.49,2.31,11.4,Bolangir
2015,358,26.88,18.19,80.36,1.98,7.65,Bolangir
2015,359,24.32,12.86,77.78,2.71,12.12,Bolangir
2015,360,22.61,8.63,59.27,2.03,13.74,Bolangir
2015,361,24.36,9.12,48.43,1.46,16.98,Bolangir
2015,362,25.42,12.04,49.41,1.73,16.88,Bolangir
2015,363,26.28,12.61,51.9,1.78,16.51,Bolangir
2015,364,27.17,14.47,48.57,1.46,16.15,Bolangir
2015,365,27.87,14.68,48.9,1.78,16.29,Bolangir
2016,1,28.48,15.55,48.97,1.61,15.41,Bolangir
2016,2,27.88,13.89,55.59,2.07,13.77,Bolangir
2016,3,26.08,15.09,60.27,1.69,13.76,Bolangir
2016,4,26.51,12.94,50.54,1.63,14.81,Bolangir
2016,5,26.49,12.44,43.97,1.58,15.5,Bolangir
2016,6,27.49,12.45,47.64,1.71,16.25,Bolangir
2016,7,27.45,13.63,45.83,1.66,15.37,Bolangir
2016,8,27.74,12.38,49.83,2.01,15.3,Bolangir
2016,9,28.1,13.55,53.94,3.01,14.62,Bolangir
2016,10,27.53,14.88,56.94,1.96,15.68,Bolangir
2016,11,26.62,14.22,46.31,1.68,16.23,Bolangir
2016,12,26.7,14.06,39.46,1.46,16.07,Bolangir
2016,13,26.79,13.0,39.9,1.52,15.89,Bolangir
2016,14,28.1,14.04,39.31,1.68,15.43,Bolangir
2016,15,27.99,12.39,49.04,2.32,15.57,Bolangir
2016,16,28.74,13.5,50.91,2.23,15.44,Bolangir
2016,17,29.14,15.47,54.5,1.89,13.66,Bolangir
2016,18,29.25,14.42,61.25,2.53,14.34,Bolangir
2016,19,30.43,15.62,60.77,3.34,10.31,Bolangir
2016,20,26.65,17.41,71.79,2.72,8.19,Bolangir
2016,21,24.63,11.48,58.33,3.11,14.46,Bolangir
2016,22,24.19,9.27,46.09,2.32,17.13,Bolangir
2016,23,25.16,8.45,41.27,1.77,18.46,Bolangir
2016,24,26.1,10.62,31.88,1.52,18.42,Bolangir
2016,25,27.3,10.51,36.04,2.0,18.37,Bolangir
2016,26,28.55,10.3,52.05,2.51,17.37,Bolangir
2016,27,28.64,12.64,62.95,2.83,13.2,Bolangir
2016,28,30.07,15.81,47.17,2.16,16.23,Bolangir
2016,29,29.94,15.03,39.45,1.92,17.16,Bolangir
2016,30,30.49,15.52,38.64,1.69,18.06,Bolangir
2016,31,32.66,14.44,38.83,2.52,19.29,Bolangir
2016,32,31.48,16.01,39.34,1.83,18.87,Bolangir
2016,33,32.35,15.45,43.81,2.52,17.52,Bolangir
2016,34,31.92,16.76,45.57,2.07,16.89,Bolangir
2016,35,30.69,16.45,46.61,1.71,17.29,Bolangir
2016,36,30.68,15.1,50.83,2.1,16.58,Bolangir
2016,37,31.67,14.17,43.23,1.95,17.97,Bolangir
2016,38,32.83,15.11,58.59,2.73,17.33,Bolangir
2016,39,32.93,16.68,61.19,2.98,17.09,Bolangir
2016,40,30.58,14.96,47.88,1.94,17.35,Bolangir
2016,41,31.48,15.15,38.82,2.44,19.48,Bolangir
2016,42,32.6,17.46,58.71,3.23,15.21,Bolangir
2016,43,33.29,19.3,50.33,2.36,16.18,Bolangir
2016,44,34.01,19.39,52.03,2.36,16.23,Bolangir
2016,45,33.76,19.27,53.02,2.48,16.23,Bolangir
2016,46,33.95,20.91,46.91,1.87,16.88,Bolangir
2016,47,35.32,19.01,43.65,2.69,18.72,Bolangir
2016,48,35.37,18.08,41.26,2.05,19.75,Bolangir
2016,49,35.53,19.8,38.33,1.68,19.97,Bolangir
2016,50,35.96,18.07,34.3,2.22,19.72,Bolangir
2016,51,36.39,19.27,30.48,2.23,19.7,Bolangir
2016,52,35.78,19.54,31.96,3.03,16.35,Bolangir
2016,53,36.52,20.72,37.02,2.56,16.49,Bolangir
2016,54,36.17,21.93,41.66,2.22,15.22,Bolangir
2016,55,34.79,22.14,49.74,3.68,17.38,Bolangir
2016,56,35.09,22.55,50.46,2.11,15.92,Bolangir
2016,57,33.94,22.13,57.54,3.02,16.73,Bolangir
2016,58,32.16,22.14,64.29,3.13,16.03,Bolangir
2016,59,33.85,20.3,57.51,2.51,19.51,Bolangir
2016,60,34.63,19.46,48.15,2.26,18.32,Bolangir
2016,61,34.02,18.92,50.19,2.4,16.75,Bolangir
2016,62,34.99,19.96,47.31,2.32,17.9,Bolangir
2016,63,35.91,20.22,40.76,2.17,17.24,Bolangir
2016,64,36.23,18.64,32.12,2.4,17.15,Bolangir
2016,65,37.12,20.6,31.65,2.35,17.77,Bolangir
2016,66,37.92,23.09,32.42,2.34,17.9,Bolangir
2016,67,37.76,20.9,30.63,2.16,20.19,Bolangir
2016,68,37.83,20.42,29.75,2.76,21.04,Bolangir
2016,69,36.79,21.06,29.62,2.8,17.28,Bolangir
2016,70,37.79,23.05,30.48,2.77,17.42,Bolangir
2016,71,37.32,24.2,30.37,1.81,16.23,Bolangir
2016,72,38.0,24.89,28.25,1.32,15.94,Bolangir
2016,73,40.17,22.44,28.79,3.54,20.22,Bolangir
2016,74,35.32,20.89,53.2,3.31,17.9,Bolangir
2016,75,33.5,22.27,57.31,1.84,20.2,Bolangir
2016,76,35.15,22.76,49.71,2.2,21.04,Bolangir
2016,77,35.57,22.62,41.53,1.57,17.02,Bolangir
2016,78,37.56,23.01,45.96,2.04,19.74,Bolangir
2016,79,39.49,24.77,39.87,3.7,19.13,Bolangir
2016,80,39.18,21.31,27.46,3.55,25.09,Bolangir
2016,81,39.47,21.19,22.9,2.92,24.54,Bolangir
2016,82,39.6,21.22,20.49,1.94,23.07,Bolangir
2016,83,39.03,20.89,22.01,2.52,22.94,Bolangir
2016,84,38.69,20.37,24.47,2.3,22.08,Bolangir
2016,85,39.66,19.17,34.76,2.33,21.55,Bolangir
2016,86,39.97,21.3,40.86,2.47,21.56,Bolangir
2016,87,41.48,21.52,40.88,2.98,20.77,Bolangir
2016,88,36.81,23.03,47.4,2.55,18.79,Bolangir
2016,89,38.47,21.93,41.21,2.38,21.22,Bolangir
2016,90,39.47,24.55,36.56,2.32,19.22,Bolangir
2016,91,39.09,24.7,39.01,3.53,21.14,Bolangir
2016,92,40.48,23.46,34.87,2.44,23.4,Bolangir
2016,93,41.48,24.27,30.25,3.24,24.48,Bolangir
2016,94,42.07,23.97,25.49,2.56,24.31,Bolangir
2016,95,42.71,24.66,27.02,2.58,22.73,Bolangir
2016,96,41.91,25.9,28.22,3.55,15.23,Bolangir
2016,97,40.09,27.73,26.6,2.9,19.6,Bolangir
2016,98,40.97,27.54,27.77,2.94,22.36,Bolangir
2016,99,41.16,27.48,30.53,1.52,22.83,Bolangir
2016,100,42.38,26.87,26.32,2.22,23.29,Bolangir
2016,101,42.81,27.6,22.1,2.43,23.63,Bolangir
2016,102,43.14,28.43,22.16,3.54,23.21,Bolangir
2016,103,43.38,27.57,20.94,3.61,24.18,Bolangir
2016,104,43.07,27.06,18.54,2.78,24.93,Bolangir
2016,105,43.51,26.19,16.37,2.06,26.8,Bolangir
2016,106,43.91,24.33,17.33,2.69,26.66,Bolangir
2016,107,44.75,26.42,25.56,4.27,25.05,Bolangir
2016,108,44.79,28.05,24.48,4.12,24.89,Bolangir
2016,109,44.06,30.77,26.75,4.53,21.32,Bolangir
2016,110,44.4,29.41,24.71,3.65,24.95,Bolangir
2016,111,44.47,28.93,24.91,4.0,24.51,Bolangir
2016,112,45.0,30.58,24.91,4.84,24.34,Bolangir
2016,113,45.6,30.09,22.17,4.23,24.46,Bolangir
2016,114,44.76,28.89,17.49,5.0,26.59,Bolangir
2016,115,44.33,27.26,18.62,2.87,27.21,Bolangir
2016,116,44.56,28.64,18.46,2.16,26.7,Bolangir
2016,117,44.19,28.12,30.6,3.43,23.82,Bolangir
2016,118,43.33,29.24,35.41,3.35,26.04,Bolangir
2016,119,43.23,28.58,29.97,2.95,25.35,Bolangir
2016,120,43.67,29.45,30.05,2.59,21.96,Bolangir
2016,121,41.65,26.88,37.84,3.81,18.33,Bolangir
2016,122,44.0,27.5,28.18,4.92,24.03,Bolangir
2016,123,44.37,25.87,25.1,4.03,25.46,Bolangir
2016,124,38.12,28.74,35.92,4.85,21.16,Bolangir
2016,125,41.71,25.77,31.86,2.68,25.61,Bolangir
2016,126,38.66,26.35,42.78,2.93,25.91,Bolangir
2016,127,39.53,25.36,36.97,2.68,23.99,Bolangir
2016,128,40.41,25.76,36.38,2.0,26.89,Bolangir
2016,129,41.19,26.56,35.29,2.77,24.82,Bolangir
2016,130,41.35,27.21,36.64,2.98,22.85,Bolangir
2016,131,41.5,26.97,39.12,2.41,24.19,Bolangir
2016,132,41.28,27.68,37.62,2.59,23.41,Bolangir
2016,133,42.57,28.11,38.09,3.17,24.33,Bolangir
2016,134,43.97,29.53,36.36,4.55,25.3,Bolangir
2016,135,43.02,30.07,38.76,4.54,21.63,Bolangir
2016,136,43.0,28.37,42.76,4.63,25.79,Bolangir
2016,137,42.94,28.81,40.88,5.42,25.06,Bolangir
2016,138,42.72,28.6,41.6,5.71,23.56,Bolangir
2016,139,40.5,27.18,50.87,5.87,22.98,Bolangir
2016,140,36.5,25.41,59.62,4.86,18.57,Bolangir
2016,141,36.16,25.72,58.9,4.28,8.77,Bolangir
2016,142,42.7,25.31,45.02,2.28,24.49,Bolangir
2016,143,43.81,27.7,42.27,4.46,24.45,Bolangir
2016,144,45.15,29.34,32.02,3.74,25.94,Bolangir
2016,145,43.9,31.39,33.61,2.81,25.86,Bolangir
2016,146,44.2,30.46,30.43,3.6,23.56,Bolangir
2016,147,43.05,30.4,29.59,3.35,25.44,Bolangir
2016,148,43.77,29.28,31.78,2.64,22.29,Bolangir
2016,149,43.13,28.96,37.42,3.37,21.79,Bolangir
2016,150,41.24,28.13,40.03,1.9,24.7,Bolangir
2016,151,41.8,27.36,43.65,2.49,22.72,Bolangir
2016,152,42.03,27.84,44.28,3.41,17.09,Bolangir
2016,153,42.97,28.15,44.47,3.97,22.6,Bolangir
2016,154,41.15,28.26,49.62,3.47,24.04,Bolangir
2016,155,37.16,28.75,55.75,3.49,17.47,Bolangir
2016,156,31.98,27.04,65.49,3.34,21.5,Bolangir
2016,157,37.25,25.78,57.99,2.68,23.19,Bolangir
2016,158,35.13,27.27,60.82,2.9,20.8,Bolangir
2016,159,35.16,26.87,64.49,3.02,24.23,Bolangir
2016,160,35.89,26.25,64.66,2.65,19.76,Bolangir
2016,161,38.71,26.24,57.45,4.1,18.38,Bolangir
2016,162,41.19,28.21,44.57,5.71,23.88,Bolangir
2016,163,41.3,28.09,46.46,4.29,23.89,Bolangir
2016,164,39.2,28.05,54.49,4.72,23.02,Bolangir
2016,165,36.98,27.28,57.83,5.63,21.29,Bolangir
2016,166,39.51,26.85,52.04,4.92,21.87,Bolangir
2016,167,41.23,28.88,46.0,3.62,21.21,Bolangir
2016,168,30.68,25.98,70.99,1.69,15.18,Bolangir
2016,169,33.27,24.28,69.34,1.9,14.57,Bolangir
2016,170,31.61,26.0,75.02,2.25,11.45,Bolangir
2016,171,34.5,24.96,69.04,3.61,17.51,Bolangir
2016,172,35.76,24.93,66.32,3.88,23.07,Bolangir
2016,173,36.74,25.33,62.71,3.82,24.41,Bolangir
2016,174,34.47,26.6,64.89,2.78,22.61,Bolangir
2016,175,32.3,26.48,70.5,2.56,17.89,Bolangir
2016,176,30.77,25.97,78.37,1.96,21.76,Bolangir
2016,177,36.17,25.31,64.52,2.03,23.33,Bolangir
2016,178,35.59,25.91,63.09,2.08,21.86,Bolangir
2016,179,32.76,26.0,69.23,2.35,16.08,Bolangir
2016,180,33.86,24.72,73.57,4.55,15.88,Bolangir
2016,181,33.86,24.56,75.35,5.37,18.71,Bolangir
2016,182,34.28,25.3,76.42,4.15,14.94,Bolangir
2016,183,34.28,25.16,76.33,1.78,17.8,Bolangir
2016,184,31.09,25.46,85.12,3.51,11.7,Bolangir
2016,185,30.05,24.95,83.03,4.92,7.83,Bolangir
2016,186,29.17,24.7,84.88,5.56,10.7,Bolangir
2016,187,31.46,24.8,79.51,6.33,11.28,Bolangir
2016,188,32.63,24.43,74.69,6.35,13.53,Bolangir
2016,189,31.56,24.61,80.07,5.87,6.44,Bolangir
2016,190,29.96,24.23,83.58,6.85,6.03,Bolangir
2016,191,30.98,23.21,83.58,4.26,8.56,Bolangir
2016,192,32.66,23.09,81.21,5.57,6.09,Bolangir
2016,193,31.23,23.89,80.45,5.8,8.58,Bolangir
2016,194,30.32,23.88,81.59,5.66,13.09,Bolangir
2016,195,32.33,23.38,79.92,4.44,15.32,Bolangir
2016,196,31.73,24.58,80.63,4.62,14.02,Bolangir
2016,197,31.6,24.63,81.69,3.88,12.12,Bolangir
2016,198,29.68,24.33,86.49,4.45,11.15,Bolangir
2016,199,30.66,24.0,83.19,3.78,15.89,Bolangir
2016,200,30.96,23.19,83.13,3.16,16.49,Bolangir
2016,201,30.69,23.53,83.34,3.75,12.87,Bolangir
2016,202,30.51,23.78,86.58,2.53,14.49,Bolangir
2016,203,32.46,24.92,82.86,2.38,16.28,Bolangir
2016,204,32.56,24.19,80.56,3.81,17.34,Bolangir
2016,205,30.16,24.03,84.79,2.99,18.32,Bolangir
2016,206,31.5,23.62,83.26,2.26,17.9,Bolangir
2016,207,29.97,24.61,85.52,3.48,14.76,Bolangir
2016,208,29.26,23.75,85.36,4.07,12.66,Bolangir
2016,209,31.49,22.61,80.23,3.34,17.92,Bolangir
2016,210,32.02,22.91,77.89,2.79,21.59,Bolangir
2016,211,30.85,23.93,82.8,2.46,21.74,Bolangir
2016,212,29.73,24.66,85.09,1.21,18.37,Bolangir
2016,213,30.38,23.7,84.34,1.81,15.77,Bolangir
2016,214,29.52,23.67,86.33,3.24,13.14,Bolangir
2016,215,29.59,23.9,85.98,3.18,8.84,Bolangir
2016,216,28.8,23.77,87.85,4.12,11.18,Bolangir
2016,217,28.12,23.58,90.08,5.21,6.26,Bolangir
2016,218,27.48,23.75,89.44,6.41,7.61,Bolangir
2016,219,29.98,23.81,87.87,4.27,4.8,Bolangir
2016,220,30.3,24.2,85.27,4.96,14.95,Bolangir
2016,221,28.51,23.69,86.58,4.22,18.23,Bolangir
2016,222,27.71,23.66,90.2,4.54,12.47,Bolangir
2016,223,28.61,23.96,89.55,4.99,8.07,Bolangir
2016,224,29.45,23.66,87.65,5.12,7.12,Bolangir
2016,225,29.7,23.76,87.24,4.76,18.03,Bolangir
2016,226,30.78,23.52,85.27,4.46,14.74,Bolangir
2016,227,30.91,24.24,86.0,4.77,17.27,Bolangir
2016,228,27.87,24.05,91.69,5.92,6.5,Bolangir
2016,229,28.17,23.06,88.37,7.43,5.93,Bolangir
2016,230,25.7,22.88,90.38,8.17,6.13,Bolangir
2016,231,29.43,23.23,85.02,6.58,9.1,Bolangir
2016,232,31.61,22.43,80.55,4.16,22.85,Bolangir
2016,233,31.21,22.57,80.67,2.82,21.97,Bolangir
2016,234,31.13,22.59,81.67,2.67,21.89,Bolangir
2016,235,28.88,23.94,87.93,2.72,12.42,Bolangir
2016,236,30.32,23.46,80.76,2.67,18.4,Bolangir
2016,237,30.41,23.85,81.63,1.7,19.67,Bolangir
2016,238,31.43,24.34,79.88,1.0,17.77,Bolangir
2016,239,30.49,24.83,83.88,2.3,16.24,Bolangir
2016,240,31.13,23.73,85.83,3.43,21.29,Bolangir
2016,241,30.76,23.45,85.31,1.99,24.22,Bolangir
2016,242,31.8,23.88,81.35,1.59,22.52,Bolangir
2016,243,30.61,23.28,84.38,2.25,22.68,Bolangir
2016,244,30.7,24.03,83.78,3.05,17.01,Bolangir
2016,245,29.1,23.95,87.9,3.71,12.66,Bolangir
2016,246,29.24,23.9,88.83,3.32,12.44,Bolangir
2016,247,29.03,23.76,90.57,4.41,5.91,Bolangir
2016,248,27.92,23.9,91.62,4.71,6.25,Bolangir
2016,249,28.3,23.04,90.72,4.09,9.57,Bolangir
2016,250,29.25,22.71,86.96,4.0,14.37,Bolangir
2016,251,28.97,22.19,86.65,4.11,9.05,Bolangir
2016,252,26.85,22.89,90.97,4.09,4.93,Bolangir
2016,253,29.23,23.5,91.26,2.87,12.56,Bolangir
2016,254,30.54,24.05,90.73,2.88,11.86,Bolangir
2016,255,30.11,23.54,89.23,2.3,18.17,Bolangir
2016,256,29.75,24.32,89.6,2.55,17.49,Bolangir
2016,257,30.32,23.42,89.78,3.25,15.78,Bolangir
2016,258,29.74,23.14,88.66,3.44,16.46,Bolangir
2016,259,30.25,22.77,88.16,3.31,17.66,Bolangir
2016,260,30.74,23.03,85.91,1.94,19.04,Bolangir
2016,261,30.48,23.65,85.64,2.34,18.88,Bolangir
2016,262,30.22,23.69,87.63,1.45,18.84,Bolangir
2016,263,29.65,24.04,89.26,2.58,17.9,Bolangir
2016,264,29.7,23.88,88.41,1.6,18.95,Bolangir
2016,265,29.12,23.07,89.96,3.25,19.35,Bolangir
2016,266,29.02,23.55,90.34,3.41,15.53,Bolangir
2016,267,30.16,23.34,89.06,2.85,14.41,Bolangir
2016,268,29.12,23.32,90.28,3.04,17.65,Bolangir
2016,269,29.6,23.28,87.68,2.45,18.11,Bolangir
2016,270,30.68,23.13,86.54,3.43,17.61,Bolangir
2016,271,29.71,23.9,89.22,3.01,17.14,Bolangir
2016,272,29.66,23.71,88.6,2.73,15.39,Bolangir
2016,273,28.8,23.66,92.15,3.08,13.37,Bolangir
2016,274,29.26,24.09,90.57,2.77,15.41,Bolangir
2016,275,29.39,23.04,90.19,3.72,14.71,Bolangir
2016,276,30.17,22.61,86.33,2.18,15.26,Bolangir
2016,277,29.73,22.84,85.36,1.65,17.25,Bolangir
2016,278,29.85,23.03,87.77,2.41,15.51,Bolangir
2016,279,29.61,23.05,85.41,2.15,18.23,Bolangir
2016,280,28.61,23.16,89.19,2.03,14.1,Bolangir
2016,281,29.01,23.22,88.86,2.4,11.9,Bolangir
2016,282,28.63,23.7,92.31,2.16,13.64,Bolangir
2016,283,29.58,23.23,90.53,2.3,13.03,Bolangir
2016,284,26.6,22.9,92.37,2.28,12.66,Bolangir
2016,285,29.35,19.41,84.18,2.29,18.74,Bolangir
2016,286,30.07,20.5,81.19,2.14,20.01,Bolangir
2016,287,29.31,20.68,69.7,1.35,19.59,Bolangir
2016,288,28.52,18.82,72.05,1.96,20.06,Bolangir
2016,289,27.84,17.67,67.55,1.81,21.23,Bolangir
2016,290,27.74,16.95,69.44,1.79,20.87,Bolangir
2016,291,27.68,16.62,74.14,1.76,20.67,Bolangir
2016,292,27.8,17.04,77.12,1.92,20.54,Bolangir
2016,293,27.91,17.0,74.83,1.92,20.28,Bolangir
2016,294,27.46,17.8,68.96,1.75,20.36,Bolangir
2016,295,27.4,16.39,68.9,1.75,20.28,Bolangir
2016,296,27.97,17.28,72.32,2.0,20.21,Bolangir
2016,297,26.79,16.24,74.56,2.04,19.96,Bolangir
2016,298,27.22,15.23,77.97,2.65,16.59,Bolangir
2016,299,27.12,16.18,78.88,2.44,18.97,Bolangir
2016,300,26.91,14.63,79.8,2.72,19.08,Bolangir
2016,301,26.76,15.01,85.66,2.67,11.62,Bolangir
2016,302,27.95,19.95,89.41,2.51,15.55,Bolangir
2016,303,28.39,20.33,88.78,2.39,16.33,Bolangir
2016,304,27.51,19.64,84.98,2.54,17.63,Bolangir
2016,305,26.99,17.28,78.88,1.88,18.42,Bolangir
2016,306,27.84,16.26,84.16,1.98,18.53,Bolangir
2016,307,27.75,18.22,86.4,2.06,18.31,Bolangir
2016,308,27.81,18.75,88.4,2.78,16.91,Bolangir
2016,309,26.73,19.88,89.44,3.53,14.46,Bolangir
2016,310,27.0,19.23,87.21,3.24,18.44,Bolangir
2016,311,26.4,17.66,81.7,2.32,16.97,Bolangir
2016,312,25.68,13.76,77.06,2.44,16.82,Bolangir
2016,313,25.49,12.98,73.01,2.04,16.97,Bolangir
2016,314,25.01,13.06,70.9,1.68,16.85,Bolangir
2016,315,23.41,12.09,74.14,1.94,15.06,Bolangir
2016,316,24.82,12.67,74.79,1.43,14.72,Bolangir
2016,317,25.41,14.88,71.42,1.01,16.54,Bolangir
2016,318,25.76,15.71,72.81,1.04,16.85,Bolangir
2016,319,26.15,17.3,75.13,1.02,15.52,Bolangir
2016,320,26.68,17.73,81.78,1.31,13.64,Bolangir
2016,321,25.9,16.99,82.68,1.91,13.6,Bolangir
2016,322,24.3,13.39,75.23,1.58,17.64,Bolangir
2016,323,24.14,11.89,74.81,1.46,18.27,Bolangir
2016,324,25.05,12.45,73.59,1.23,17.79,Bolangir
2016,325,24.96,13.67,72.78,1.23,17.3,Bolangir
2016,326,24.58,12.12,76.49,1.83,17.19,Bolangir
2016,327,24.13,11.7,75.12,2.0,17.06,Bolangir
2016,328,24.5,11.54,72.4,1.6,17.12,Bolangir
2016,329,24.4,11.96,71.24,1.68,17.55,Bolangir
2016,330,24.52,11.36,72.59,1.82,18.1,Bolangir
2016,331,24.55,10.96,76.11,2.44,17.63,Bolangir
2016,332,24.78,10.83,77.81,2.48,18.02,Bolangir
2016,333,24.91,11.95,76.26,2.04,17.19,Bolangir
2016,334,25.23,11.61,71.71,1.63,16.75,Bolangir
2016,335,25.51,13.87,65.27,1.15,15.14,Bolangir
2016,336,25.1,14.3,80.4,1.99,11.55,Bolangir
2016,337,26.32,14.36,84.47,2.18,14.56,Bolangir
2016,338,26.68,16.36,83.98,1.71,15.51,Bolangir
2016,339,26.13,16.34,81.61,1.83,15.32,Bolangir
2016,340,25.32,13.47,76.49,1.46,15.55,Bolangir
2016,341,25.5,13.34,73.34,1.54,17.07,Bolangir
2016,342,25.31,12.32,72.82,1.35,17.56,Bolangir
2016,343,24.77,12.75,72.13,1.17,16.99,Bolangir
2016,344,24.86,12.23,74.72,1.29,16.61,Bolangir
2016,345,24.49,10.98,76.99,2.01,16.69,Bolangir
2016,346,23.49,10.03,74.71,1.9,14.33,Bolangir
2016,347,26.09,11.38,65.87,2.05,15.62,Bolangir
2016,348,26.17,12.68,64.87,1.38,16.48,Bolangir
2016,349,25.78,13.29,65.36,1.61,15.31,Bolangir
2016,350,25.3,12.13,64.13,2.03,16.62,Bolangir
2016,351,23.99,10.52,65.93,1.94,16.78,Bolangir
2016,352,23.75,10.55,68.79,1.95,16.18,Bolangir
2016,353,23.53,9.34,64.79,1.68,16.43,Bolangir
2016,354,23.64,9.35,64.16,1.67,16.31,Bolangir
2016,355,23.98,9.95,65.14,1.89,16.31,Bolangir
2016,356,23.88,8.47,66.85,2.27,16.5,Bolangir
2016,357,23.26,9.13,63.31,1.74,16.97,Bolangir
2016,358,23.83,9.31,60.81,1.62,15.61,Bolangir
2016,359,24.88,11.21,58.11,1.19,15.43,Bolangir
2016,360,26.12,11.44,65.0,1.96,15.14,Bolangir
2016,361,25.3,11.66,66.83,2.12,15.48,Bolangir
2016,362,25.45,9.13,62.82,1.71,14.32,Bolangir
2016,363,25.66,10.36,63.74,1.38,11.6,Bolangir
2016,364,26.12,12.5,61.37,1.01,12.39,Bolangir
2016,365,26.43,12.93,60.62,1.55,13.04,Bolangir
2016,366,26.8,12.38,58.37,1.73,13.67,Bolangir
2017,1,27.27,11.94,68.32,1.95,14.83,Bolangir
2017,2,27.44,13.1,73.13,2.26,14.19,Bolangir
2017,3,25.75,13.95,76.72,2.21,12.58,Bolangir
2017,4,25.54,11.99,72.32,1.9,12.86,Bolangir
2017,5,25.37,12.43,59.35,1.69,16.58,Bolangir
2017,6,26.26,11.94,49.16,1.07,17.06,Bolangir
2017,7,27.2,12.03,44.15,1.4,17.08,Bolangir
2017,8,27.32,11.09,59.63,2.35,16.65,Bolangir
2017,9,27.79,12.23,55.04,2.05,16.02,Bolangir
2017,10,27.89,12.5,66.75,2.94,11.72,Bolangir
2017,11,25.16,13.82,72.25,1.99,13.24,Bolangir
2017,12,25.11,11.73,65.03,1.69,13.42,Bolangir
2017,13,24.68,11.86,58.84,1.64,14.0,Bolangir
2017,14,24.96,10.83,55.52,1.57,15.08,Bolangir
2017,15,25.18,10.98,47.58,1.55,16.61,Bolangir
2017,16,26.81,10.01,42.85,1.55,16.89,Bolangir
2017,17,27.64,12.41,42.99,1.63,16.52,Bolangir
2017,18,28.55,14.08,50.59,1.89,16.16,Bolangir
2017,19,28.01,13.62,54.0,2.21,17.21,Bolangir
2017,20,29.01,14.21,47.44,1.8,17.71,Bolangir
2017,21,29.31,14.63,49.57,1.67,17.41,Bolangir
2017,22,29.37,14.35,50.88,2.39,17.71,Bolangir
2017,23,28.84,12.91,49.84,2.24,18.11,Bolangir
2017,24,28.8,12.53,49.81,1.93,17.48,Bolangir
2017,25,30.44,13.77,48.28,1.51,17.77,Bolangir
2017,26,30.85,12.89,52.45,1.96,13.02,Bolangir
2017,27,28.98,16.88,48.72,1.81,14.67,Bolangir
2017,28,28.68,13.68,57.76,2.71,17.02,Bolangir
2017,29,28.7,11.72,51.37,2.0,16.13,Bolangir
2017,30,30.41,13.52,37.68,1.42,18.43,Bolangir
2017,31,30.59,14.26,37.47,1.54,18.85,Bolangir
2017,32,30.95,14.87,38.02,1.71,18.21,Bolangir
2017,33,30.22,13.99,50.41,1.97,16.62,Bolangir
2017,34,29.41,14.09,46.36,1.67,16.57,Bolangir
2017,35,30.42,12.48,41.63,1.87,17.67,Bolangir
2017,36,31.46,12.85,53.07,2.22,18.65,Bolangir
2017,37,31.58,14.58,34.62,1.84,20.22,Bolangir
2017,38,30.96,14.47,41.44,2.26,18.86,Bolangir
2017,39,31.64,13.72,37.23,1.78,19.69,Bolangir
2017,40,31.9,14.88,30.13,1.58,19.66,Bolangir
2017,41,32.14,14.54,36.74,2.14,19.07,Bolangir
2017,42,32.41,14.57,54.29,2.22,18.35,Bolangir
2017,43,32.85,15.23,52.55,2.5,18.51,Bolangir
2017,44,32.06,15.97,50.69,2.12,19.2,Bolangir
2017,45,31.95,17.23,50.29,2.22,18.8,Bolangir
2017,46,32.27,16.55,44.66,1.76,19.57,Bolangir
2017,47,32.33,16.03,40.52,2.26,19.87,Bolangir
2017,48,32.18,14.63,35.51,1.95,20.35,Bolangir
2017,49,33.77,16.28,38.16,1.82,20.19,Bolangir
2017,50,33.22,16.32,40.48,2.61,20.04,Bolangir
2017,51,34.11,16.1,34.33,2.56,21.55,Bolangir
2017,52,36.34,16.87,27.87,3.21,22.04,Bolangir
2017,53,36.38,17.51,33.92,3.53,21.19,Bolangir
2017,54,36.15,17.07,30.94,2.4,21.91,Bolangir
2017,55,33.59,15.97,29.04,2.46,20.72,Bolangir
2017,56,32.46,14.46,21.47,2.04,22.31,Bolangir
2017,57,33.83,14.7,21.35,2.11,23.0,Bolangir
2017,58,34.91,16.57,24.76,2.31,22.13,Bolangir
2017,59,34.67,15.06,25.29,2.23,21.53,Bolangir
2017,60,36.04,16.79,22.07,1.84,22.93,Bolangir
2017,61,36.44,15.93,35.55,2.35,22.77,Bolangir
2017,62,37.12,18.62,27.56,2.88,22.16,Bolangir
2017,63,37.09,18.57,26.74,3.22,21.42,Bolangir
2017,64,36.86,18.54,35.82,3.92,21.24,Bolangir
2017,65,35.56,21.16,27.86,2.64,18.32,Bolangir
2017,66,36.68,20.38,41.59,2.13,15.46,Bolangir
2017,67,32.25,22.11,67.72,2.77,15.94,Bolangir
2017,68,34.9,21.46,60.36,3.65,17.92,Bolangir
2017,69,35.49,19.96,55.28,3.59,14.71,Bolangir
2017,70,33.9,21.23,58.79,3.89,19.76,Bolangir
2017,71,33.34,17.86,43.72,3.12,24.37,Bolangir
2017,72,32.9,15.35,37.95,1.95,23.92,Bolangir
2017,73,33.66,17.46,54.02,2.28,21.97,Bolangir
2017,74,33.32,17.93,50.44,2.39,21.03,Bolangir
2017,75,33.99,17.37,33.43,1.9,23.04,Bolangir
2017,76,35.97,18.3,32.37,1.95,20.82,Bolangir
2017,77,36.15,22.21,37.71,2.14,22.19,Bolangir
2017,78,37.52,19.84,34.05,3.17,19.79,Bolangir
2017,79,35.26,21.06,42.87,3.06,23.71,Bolangir
2017,80,35.18,17.93,30.0,2.16,24.84,Bolangir
2017,81,37.25,17.77,25.25,1.98,25.11,Bolangir
2017,82,39.09,18.78,28.4,2.48,25.01,Bolangir
2017,83,39.94,22.23,24.65,1.78,23.99,Bolangir
2017,84,41.24,23.08,34.66,3.45,22.76,Bolangir
2017,85,40.31,22.85,32.67,2.42,22.67,Bolangir
2017,86,40.67,23.03,32.56,2.03,23.59,Bolangir
2017,87,41.19,22.81,30.08,2.9,25.13,Bolangir
2017,88,41.46,22.63,26.87,2.64,25.0,Bolangir
2017,89,42.68,23.5,21.08,2.74,24.4,Bolangir
2017,90,43.13,25.48,19.98,2.1,23.72,Bolangir
2017,91,42.51,22.78,28.91,2.39,23.26,Bolangir
2017,92,42.81,25.98,25.57,4.12,19.12,Bolangir
2017,93,41.41,27.01,29.88,4.84,22.72,Bolangir
2017,94,42.35,24.64,27.34,3.51,22.2,Bolangir
2017,95,42.35,26.04,29.28,4.03,21.34,Bolangir
2017,96,42.14,27.9,30.22,2.93,20.79,Bolangir
2017,97,43.93,27.2,29.28,2.95,23.58,Bolangir
2017,98,43.25,26.33,22.42,2.4,24.62,Bolangir
2017,99,42.78,25.31,30.68,2.59,23.93,Bolangir
2017,100,40.93,24.01,24.52,2.07,23.94,Bolangir
2017,101,40.19,21.05,18.51,2.43,27.43,Bolangir
2017,102,40.65,20.53,27.24,2.73,26.84,Bolangir
2017,103,41.88,21.26,28.36,2.78,25.52,Bolangir
2017,104,42.19,22.56,34.72,3.81,25.01,Bolangir
2017,105,43.02,22.98,35.47,4.23,25.54,Bolangir
2017,106,43.2,23.55,40.45,4.04,24.35,Bolangir
2017,107,42.31,24.4,45.53,3.07,23.96,Bolangir
2017,108,43.52,25.31,41.73,3.55,23.91,Bolangir
2017,109,43.56,26.04,36.06,4.14,21.67,Bolangir
2017,110,44.36,26.73,24.77,4.22,24.38,Bolangir
2017,111,43.61,26.26,29.42,5.2,24.97,Bolangir
2017,112,44.74,28.36,25.84,4.16,24.43,Bolangir
2017,113,43.97,27.21,16.15,3.48,24.79,Bolangir
2017,114,43.65,25.85,16.09,4.65,27.79,Bolangir
2017,115,43.18,24.77,16.57,4.94,28.5,Bolangir
2017,116,43.43,26.28,16.04,3.96,26.6,Bolangir
2017,117,43.47,27.2,16.61,3.16,24.37,Bolangir
2017,118,43.42,27.03,13.21,1.96,26.23,Bolangir
2017,119,44.17,25.44,20.72,2.94,25.53,Bolangir
2017,120,43.21,28.06,21.8,3.73,24.74,Bolangir
2017,121,42.14,27.3,25.85,3.43,20.63,Bolangir
2017,122,40.98,26.45,33.48,2.35,24.82,Bolangir
2017,123,42.29,26.53,33.25,3.29,24.74,Bolangir
2017,124,43.31,25.33,29.17,2.75,25.56,Bolangir
2017,125,43.93,27.24,30.82,3.79,21.77,Bolangir
2017,126,42.83,28.74,33.82,3.57,18.31,Bolangir
2017,127,42.88,27.87,34.65,2.76,21.87,Bolangir
2017,128,40.96,28.3,30.52,2.85,25.18,Bolangir
2017,129,40.67,27.67,40.38,3.54,20.43,Bolangir
2017,130,38.51,26.14,50.98,3.73,20.44,Bolangir
2017,131,41.91,25.48,43.79,3.24,24.43,Bolangir
2017,132,42.27,26.68,39.78,2.52,25.43,Bolangir
2017,133,43.82,28.37,38.24,3.61,24.46,Bolangir
2017,134,44.67,29.55,35.9,4.55,25.87,Bolangir
2017,135,45.95,28.84,31.23,3.61,25.46,Bolangir
2017,136,45.77,31.23,25.45,2.93,23.99,Bolangir
2017,137,45.59,30.92,26.82,2.9,25.56,Bolangir
2017,138,45.96,30.35,28.98,3.16,23.07,Bolangir
2017,139,42.69,30.56,37.68,4.09,23.8,Bolangir
2017,140,43.8,28.88,33.67,3.52,23.61,Bolangir
2017,141,44.92,29.23,33.27,3.83,25.49,Bolangir
2017,142,44.92,29.47,30.28,3.36,26.28,Bolangir
2017,143,45.31,30.3,29.2,3.96,25.85,Bolangir
2017,144,44.28,31.28,33.18,3.7,23.66,Bolangir
2017,145,45.15,29.04,37.06,5.19,24.77,Bolangir
2017,146,43.02,29.03,43.2,4.94,20.31,Bolangir
2017,147,42.9,28.87,42.7,4.9,22.41,Bolangir
2017,148,41.86,28.91,41.08,3.52,24.73,Bolangir
2017,149,43.24,29.21,35.24,3.35,23.94,Bolangir
2017,150,43.13,30.03,33.64,2.51,22.22,Bolangir
2017,151,41.75,30.47,33.06,3.52,20.61,Bolangir
2017,152,42.21,31.93,33.74,3.14,22.72,Bolangir
2017,153,36.87,30.15,47.94,4.39,19.29,Bolangir
2017,154,40.97,28.77,45.23,4.01,20.99,Bolangir
2017,155,43.93,30.18,36.23,5.18,24.76,Bolangir
2017,156,43.98,30.7,37.95,4.71,21.78,Bolangir
2017,157,40.14,30.52,46.45,4.64,18.86,Bolangir
2017,158,36.95,29.0,49.83,2.74,18.01,Bolangir
2017,159,34.74,28.48,54.2,1.67,19.93,Bolangir
2017,160,37.73,27.89,50.98,2.68,18.92,Bolangir
2017,161,35.01,27.17,61.24,2.31,20.46,Bolangir
2017,162,31.7,26.25,74.79,4.26,14.58,Bolangir
2017,163,31.94,25.86,72.99,3.75,14.71,Bolangir
2017,164,34.25,25.68,68.05,4.13,16.54,Bolangir
2017,165,37.58,25.67,58.98,2.89,17.67,Bolangir
2017,166,36.06,27.31,61.86,3.07,14.29,Bolangir
2017,167,33.6,25.76,71.43,3.29,15.56,Bolangir
2017,168,38.23,24.66,53.95,2.99,22.37,Bolangir
2017,169,37.94,26.7,60.07,4.16,21.84,Bolangir
2017,170,30.76,25.97,74.52,5.06,15.64,Bolangir
2017,171,32.8,25.89,72.54,3.39,18.61,Bolangir
2017,172,30.53,25.21,84.85,4.33,21.71,Bolangir
2017,173,32.53,25.0,79.32,3.34,17.15,Bolangir
2017,174,31.53,24.92,78.04,3.02,18.77,Bolangir
2017,175,33.6,24.61,73.31,2.73,14.73,Bolangir
2017,176,30.82,24.77,83.49,3.03,8.72,Bolangir
2017,177,32.56,25.13,80.0,1.98,5.41,Bolangir
2017,178,31.72,24.48,80.92,4.93,11.32,Bolangir
2017,179,29.84,24.15,84.99,4.15,6.77,Bolangir
2017,180,31.79,23.71,80.78,4.67,11.93,Bolangir
2017,181,32.07,24.71,79.74,4.66,13.91,Bolangir
2017,182,30.26,25.11,81.53,4.94,10.67,Bolangir
2017,183,30.21,24.33,80.18,4.68,11.02,Bolangir
2017,184,32.96,24.42,73.99,5.58,8.85,Bolangir
2017,185,32.85,24.59,72.91,6.08,13.22,Bolangir
2017,186,33.27,24.19,74.37,4.97,12.75,Bolangir
2017,187,33.25,24.13,74.75,3.93,17.05,Bolangir
2017,188,33.59,24.82,73.39,3.75,15.92,Bolangir
2017,189,34.21,24.95,73.94,3.74,18.94,Bolangir
2017,190,33.39,24.73,75.86,4.01,15.09,Bolangir
2017,191,29.19,24.94,87.21,4.32,10.82,Bolangir
2017,192,29.49,24.43,85.82,3.29,9.69,Bolangir
2017,193,31.05,23.85,83.66,3.09,12.68,Bolangir
2017,194,30.3,23.76,85.0,2.6,15.66,Bolangir
2017,195,29.42,24.19,84.16,3.64,14.32,Bolangir
2017,196,29.83,24.08,85.94,2.7,12.76,Bolangir
2017,197,29.78,24.13,86.19,3.88,7.66,Bolangir
2017,198,29.71,24.28,89.0,3.6,11.32,Bolangir
2017,199,29.85,24.44,89.4,5.57,13.28,Bolangir
2017,200,28.95,24.77,90.14,5.72,7.74,Bolangir
2017,201,30.2,24.0,87.18,5.96,13.78,Bolangir
2017,202,30.31,24.22,87.26,4.73,15.97,Bolangir
2017,203,30.8,25.08,84.31,4.09,12.21,Bolangir
2017,204,28.84,24.97,87.82,4.25,7.07,Bolangir
2017,205,28.69,24.7,87.91,5.46,10.21,Bolangir
2017,206,28.48,23.94,86.63,4.5,14.69,Bolangir
2017,207,28.98,23.89,85.93,4.88,8.37,Bolangir
2017,208,30.29,23.59,84.2,3.89,18.86,Bolangir
2017,209,30.33,23.67,83.91,2.96,16.89,Bolangir
2017,210,30.63,24.21,85.21,2.38,18.27,Bolangir
2017,211,30.14,23.98,87.87,2.69,17.24,Bolangir
2017,212,28.32,24.23,90.05,2.44,12.57,Bolangir
2017,213,30.52,24.21,85.55,3.29,14.3,Bolangir
2017,214,30.82,24.33,86.6,3.73,15.21,Bolangir
2017,215,29.52,24.58,88.02,4.21,17.87,Bolangir
2017,216,30.11,23.95,86.49,3.33,14.94,Bolangir
2017,217,30.47,23.57,86.66,2.86,9.36,Bolangir
2017,218,31.56,24.18,85.19,1.88,14.25,Bolangir
2017,219,27.59,24.76,91.07,2.8,13.0,Bolangir
2017,220,31.57,23.66,85.31,2.94,12.29,Bolangir
2017,221,30.38,23.83,85.4,3.44,15.35,Bolangir
2017,222,30.56,23.53,83.69,3.82,13.24,Bolangir
2017,223,30.17,24.19,85.93,3.93,17.29,Bolangir
2017,224,29.18,24.41,88.12,3.56,12.93,Bolangir
2017,225,29.6,23.3,86.74,2.35,16.28,Bolangir
2017,226,28.95,23.74,88.39,2.12,13.4,Bolangir
2017,227,30.33,23.5,87.47,2.9,14.8,Bolangir
2017,228,29.18,23.88,89.2,2.88,15.85,Bolangir
2017,229,28.07,23.67,92.48,3.68,10.23,Bolangir
2017,230,31.16,24.36,88.04,5.58,14.24,Bolangir
2017,231,30.39,23.45,87.53,3.85,14.89,Bolangir
2017,232,30.86,22.49,85.16,3.76,16.44,Bolangir
2017,233,30.72,23.7,83.89,2.36,16.31,Bolangir
2017,234,30.12,23.77,85.29,1.92,16.84,Bolangir
2017,235,30.48,24.03,85.13,1.66,18.48,Bolangir
2017,236,31.45,23.77,83.17,1.69,15.62,Bolangir
2017,237,30.76,24.54,86.37,1.43,14.83,Bolangir
2017,238,32.2,23.87,84.63,2.39,15.27,Bolangir
2017,239,29.94,24.69,89.16,1.77,15.57,Bolangir
2017,240,29.59,24.18,85.68,2.82,8.87,Bolangir
2017,241,28.48,24.01,89.76,3.72,15.16,Bolangir
2017,242,30.92,22.75,83.73,2.85,19.14,Bolangir
2017,243,30.25,23.8,84.88,2.27,18.28,Bolangir
2017,244,28.94,24.49,90.96,2.6,16.81,Bolangir
2017,245,29.94,23.52,87.99,2.62,14.29,Bolangir
2017,246,29.86,23.51,85.39,2.67,21.62,Bolangir
2017,247,30.93,22.9,84.69,2.47,21.16,Bolangir
2017,248,30.64,23.8,84.75,1.86,20.4,Bolangir
2017,249,30.5,24.19,82.69,1.16,17.91,Bolangir
2017,250,29.59,24.22,86.17,1.48,19.99,Bolangir
2017,251,30.11,23.94,87.55,2.06,21.34,Bolangir
2017,252,28.94,23.89,90.03,2.25,15.77,Bolangir
2017,253,29.98,23.95,85.75,1.38,19.17,Bolangir
2017,254,30.35,23.77,84.78,1.41,20.55,Bolangir
2017,255,28.89,24.19,89.39,2.1,14.74,Bolangir
2017,256,28.58,23.5,90.16,1.79,15.7,Bolangir
2017,257,28.28,23.53,90.75,2.36,17.42,Bolangir
2017,258,29.88,23.38,87.15,1.66,19.46,Bolangir
2017,259,31.14,23.47,82.08,1.14,16.93,Bolangir
2017,260,29.88,24.21,88.27,1.65,16.17,Bolangir
2017,261,27.63,24.5,93.76,2.78,12.39,Bolangir
2017,262,25.91,23.42,93.56,4.8,9.0,Bolangir
2017,263,29.7,23.14,88.51,3.4,12.76,Bolangir
2017,264,29.01,23.47,89.51,2.87,16.02,Bolangir
2017,265,29.85,23.6,86.78,2.76,19.94,Bolangir
2017,266,29.25,23.68,88.36,2.07,18.18,Bolangir
2017,267,29.34,22.93,85.64,1.69,20.03,Bolangir
2017,268,30.25,23.11,85.33,1.96,19.47,Bolangir
2017,269,30.77,23.02,81.68,1.43,19.77,Bolangir
2017,270,30.06,23.75,84.59,1.64,19.54,Bolangir
2017,271,28.47,23.73,89.15,1.6,17.55,Bolangir
2017,272,29.83,23.1,87.05,1.56,15.84,Bolangir
2017,273,29.65,22.95,86.57,0.91,11.61,Bolangir
2017,274,28.86,23.64,89.01,1.3,15.66,Bolangir
2017,275,29.31,22.39,87.07,1.9,12.24,Bolangir
2017,276,28.14,23.22,88.54,1.48,15.6,Bolangir
2017,277,30.05,22.86,86.06,1.29,14.91,Bolangir
2017,278,29.3,23.29,89.16,2.22,19.59,Bolangir
2017,279,27.97,22.23,91.2,2.4,11.65,Bolangir
2017,280,28.77,23.09,90.59,2.05,15.39,Bolangir
2017,281,28.32,23.46,88.06,2.19,11.48,Bolangir
2017,282,29.34,23.4,86.08,1.0,15.76,Bolangir
2017,283,29.69,23.19,85.79,1.41,15.89,Bolangir
2017,284,30.86,22.86,81.73,0.87,18.89,Bolangir
2017,285,30.69,23.6,85.27,1.56,17.41,Bolangir
2017,286,30.41,23.51,84.7,1.31,17.87,Bolangir
2017,287,30.38,23.46,81.94,1.44,16.88,Bolangir
2017,288,30.62,23.11,82.36,1.79,19.62,Bolangir
2017,289,30.34,21.61,79.26,1.72,20.83,Bolangir
2017,290,29.57,19.29,77.62,1.9,20.63,Bolangir
2017,291,29.49,18.91,81.95,2.17,18.61,Bolangir
2017,292,28.15,22.78,92.55,3.41,10.59,Bolangir
2017,293,26.53,22.97,92.59,3.32,9.69,Bolangir
2017,294,29.65,22.14,86.48,2.58,18.71,Bolangir
2017,295,29.7,21.6,81.98,1.36,17.3,Bolangir
2017,296,30.02,22.2,71.69,1.08,19.28,Bolangir
2017,297,30.33,20.01,72.21,1.46,19.18,Bolangir
2017,298,29.8,20.24,80.27,1.59,18.89,Bolangir
2017,299,29.15,21.36,76.58,0.83,17.48,Bolangir
2017,300,28.76,21.22,79.79,1.19,16.61,Bolangir
2017,301,28.59,20.25,77.06,1.38,17.63,Bolangir
2017,302,28.32,20.12,72.42,1.45,17.5,Bolangir
2017,303,27.03,18.74,71.81,1.46,18.38,Bolangir
2017,304,27.19,17.06,71.34,1.79,18.54,Bolangir
2017,305,25.95,16.43,76.2,2.23,17.26,Bolangir
2017,306,26.26,17.3,75.71,1.88,18.75,Bolangir
2017,307,26.33,17.09,77.5,1.68,19.47,Bolangir
2017,308,27.02,15.11,80.07,2.34,19.8,Bolangir
2017,309,27.44,16.52,84.96,1.95,19.99,Bolangir
2017,310,27.23,16.53,79.15,1.7,19.39,Bolangir
2017,311,27.6,17.99,75.49,1.48,19.31,Bolangir
2017,312,26.95,17.99,74.37,1.4,18.7,Bolangir
2017,313,26.26,17.39,73.21,1.27,17.04,Bolangir
2017,314,25.82,17.21,72.81,1.54,17.64,Bolangir
2017,315,25.64,14.6,74.74,1.96,17.11,Bolangir
2017,316,25.57,14.09,76.54,1.74,17.38,Bolangir
2017,317,26.04,15.96,81.85,2.16,18.14,Bolangir
2017,318,24.87,17.23,89.25,2.66,13.36,Bolangir
2017,319,24.59,19.07,92.48,3.98,8.46,Bolangir
2017,320,22.69,18.55,94.68,3.64,6.4,Bolangir
2017,321,25.74,17.88,90.59,2.71,8.2,Bolangir
2017,322,27.41,18.37,89.28,1.92,6.96,Bolangir
2017,323,27.77,19.92,87.03,1.81,9.76,Bolangir
2017,324,27.44,19.36,81.54,1.53,14.01,Bolangir
2017,325,26.96,18.32,79.21,1.77,15.53,Bolangir
2017,326,25.94,16.52,73.97,1.55,15.27,Bolangir
2017,327,25.29,15.8,78.52,1.89,15.24,Bolangir
2017,328,24.19,13.86,70.19,1.44,16.62,Bolangir
2017,329,24.12,12.78,70.03,1.46,16.82,Bolangir
2017,330,23.92,12.44,74.21,1.29,16.51,Bolangir
2017,331,23.56,12.1,73.17,1.51,16.82,Bolangir
2017,332,24.46,11.32,69.81,1.51,16.73,Bolangir
2017,333,23.98,12.8,70.86,1.54,16.66,Bolangir
2017,334,23.87,13.08,71.34,1.3,16.33,Bolangir
2017,335,23.98,13.55,69.02,1.51,15.89,Bolangir
2017,336,23.75,13.08,70.97,1.46,15.79,Bolangir
2017,337,22.65,12.12,71.82,1.44,16.03,Bolangir
2017,338,22.66,11.08,69.54,1.4,15.58,Bolangir
2017,339,23.2,11.7,73.11,1.86,15.52,Bolangir
2017,340,22.55,11.15,78.62,1.46,15.0,Bolangir
2017,341,23.74,13.31,77.43,1.98,14.88,Bolangir
2017,342,24.06,13.33,82.47,2.74,12.73,Bolangir
2017,343,24.74,16.46,84.93,3.26,14.85,Bolangir
2017,344,24.5,13.58,79.65,2.01,15.5,Bolangir
2017,345,24.41,12.87,70.21,1.45,14.73,Bolangir
2017,346,25.38,14.0,71.84,1.25,13.99,Bolangir
2017,347,25.49,13.36,68.17,1.16,13.84,Bolangir
2017,348,25.83,13.85,69.16,1.3,14.46,Bolangir
2017,349,25.32,13.84,68.63,1.34,14.48,Bolangir
2017,350,25.33,13.47,75.12,1.54,15.24,Bolangir
2017,351,24.38,12.55,75.24,1.83,15.93,Bolangir
2017,352,23.26,11.4,67.05,1.65,16.94,Bolangir
2017,353,23.24,10.79,57.56,0.89,14.28,Bolangir
2017,354,24.27,11.17,64.63,1.43,14.99,Bolangir
2017,355,24.11,10.98,68.6,1.7,14.61,Bolangir
2017,356,23.94,12.7,72.66,1.5,14.35,Bolangir
2017,357,24.91,12.38,72.69,1.09,13.2,Bolangir
2017,358,24.46,13.02,63.9,1.07,13.13,Bolangir
2017,359,23.74,12.23,63.74,1.42,14.54,Bolangir
2017,360,23.26,9.74,64.45,2.12,15.27,Bolangir
2017,361,22.66,7.89,61.48,1.6,16.88,Bolangir
2017,362,24.7,10.49,55.21,1.2,17.05,Bolangir
2017,363,25.02,11.15,59.14,1.73,16.88,Bolangir
2017,364,24.9,11.28,62.59,1.85,16.72,Bolangir
2017,365,24.43,12.66,58.42,1.49,15.68,Bolangir
2018,1,22.98,13.77,66.01,2.0,15.26,Bolangir
2018,2,23.21,11.07,66.66,1.58,14.91,Bolangir
2018,3,24.06,11.9,60.22,1.33,14.58,Bolangir
2018,4,23.25,11.28,55.14,1.1,14.96,Bolangir
2018,5,22.64,11.65,51.83,1.34,16.16,Bolangir
2018,6,23.2,9.31,50.3,1.5,16.49,Bolangir
2018,7,23.15,10.95,49.42,1.52,15.95,Bolangir
2018,8,23.54,10.06,49.58,1.84,16.49,Bolangir
2018,9,23.03,8.89,51.51,1.48,16.91,Bolangir
2018,10,23.55,8.57,48.34,1.49,16.81,Bolangir
2018,11,24.18,10.02,44.89,1.55,16.6,Bolangir
2018,12,25.45,11.64,42.85,1.56,16.44,Bolangir
2018,13,25.52,11.38,42.18,1.46,16.32,Bolangir
2018,14,25.75,11.27,50.44,2.03,15.8,Bolangir
2018,15,26.43,11.58,51.66,1.79,17.19,Bolangir
2018,16,26.35,12.71,45.26,1.5,17.62,Bolangir
2018,17,25.91,12.0,44.7,1.53,17.55,Bolangir
2018,18,25.29,10.03,39.35,1.3,17.82,Bolangir
2018,19,26.03,10.27,37.5,1.36,17.97,Bolangir
2018,20,26.87,11.13,39.68,1.41,18.06,Bolangir
2018,21,26.55,12.05,45.58,1.57,17.89,Bolangir
2018,22,26.18,12.12,47.07,1.31,17.49,Bolangir
2018,23,26.62,9.57,57.77,2.3,16.65,Bolangir
2018,24,27.98,11.95,56.27,2.64,16.09,Bolangir
2018,25,26.96,13.43,55.97,1.27,15.15,Bolangir
2018,26,26.59,12.94,47.85,1.64,17.2,Bolangir
2018,27,26.31,13.17,36.82,1.64,15.83,Bolangir
2018,28,26.41,11.96,34.92,1.49,18.16,Bolangir
2018,29,26.85,12.38,34.66,1.78,18.8,Bolangir
2018,30,27.7,10.13,35.8,1.8,19.52,Bolangir
2018,31,29.38,10.44,38.48,2.78,19.74,Bolangir
2018,32,28.7,11.32,40.42,2.72,20.43,Bolangir
2018,33,29.63,12.49,37.17,1.71,20.18,Bolangir
2018,34,30.68,12.99,36.56,1.87,20.3,Bolangir
2018,35,30.98,13.08,40.31,2.35,19.98,Bolangir
2018,36,30.79,16.38,43.04,1.91,18.94,Bolangir
2018,37,29.95,14.27,48.92,2.3,18.47,Bolangir
2018,38,28.12,15.28,52.35,2.09,12.19,Bolangir
2018,39,30.04,15.65,50.53,2.17,16.32,Bolangir
2018,40,32.02,15.36,43.19,2.48,14.35,Bolangir
2018,41,31.42,16.8,45.67,2.03,14.37,Bolangir
2018,42,27.9,17.78,66.77,2.89,12.95,Bolangir
2018,43,32.3,15.47,53.23,2.28,18.07,Bolangir
2018,44,31.75,15.52,42.88,1.88,17.45,Bolangir
2018,45,29.34,14.6,55.52,3.05,19.56,Bolangir
2018,46,29.57,12.91,50.91,2.29,21.52,Bolangir
2018,47,29.74,14.63,37.69,2.05,20.17,Bolangir
2018,48,31.26,13.92,38.43,2.02,21.12,Bolangir
2018,49,31.51,15.44,35.41,1.34,20.44,Bolangir
2018,50,32.26,15.07,38.22,2.06,20.46,Bolangir
2018,51,32.5,17.71,36.78,1.3,19.82,Bolangir
2018,52,32.43,17.8,35.87,2.05,20.62,Bolangir
2018,53,33.29,17.15,27.38,1.55,21.39,Bolangir
2018,54,34.05,15.94,29.66,1.67,22.21,Bolangir
2018,55,35.44,16.09,35.85,2.28,22.12,Bolangir
2018,56,36.06,17.37,34.59,2.52,21.82,Bolangir
2018,57,34.46,19.99,37.66,2.2,18.28,Bolangir
2018,58,34.95,19.97,34.28,1.85,20.95,Bolangir
2018,59,34.73,18.01,28.6,2.07,23.06,Bolangir
2018,60,35.15,18.43,27.95,2.1,22.22,Bolangir
2018,61,35.76,19.32,28.64,2.03,22.21,Bolangir
2018,62,36.89,18.98,29.22,2.83,21.66,Bolangir
2018,63,36.66,20.33,27.99,1.77,20.32,Bolangir
2018,64,36.83,21.85,28.58,1.84,18.6,Bolangir
2018,65,36.17,21.24,32.75,2.62,18.53,Bolangir
2018,66,35.35,20.59,35.36,2.4,19.03,Bolangir
2018,67,35.99,19.71,32.6,2.22,20.22,Bolangir
2018,68,35.14,19.66,38.82,2.34,15.8,Bolangir
2018,69,36.6,20.16,28.83,2.1,21.76,Bolangir
2018,70,36.36,18.47,31.62,2.61,18.67,Bolangir
2018,71,36.65,21.68,31.92,2.96,17.08,Bolangir
2018,72,37.27,20.21,27.76,3.22,20.14,Bolangir
2018,73,37.7,20.46,23.36,2.31,21.17,Bolangir
2018,74,39.25,21.56,23.42,3.46,14.9,Bolangir
2018,75,32.76,22.33,36.6,3.49,7.31,Bolangir
2018,76,35.12,19.42,42.81,2.59,20.1,Bolangir
2018,77,36.2,21.89,28.59,1.54,20.48,Bolangir
2018,78,37.19,20.43,23.76,2.12,21.38,Bolangir
2018,79,37.6,21.08,22.68,2.52,23.01,Bolangir
2018,80,38.65,22.59,22.1,1.46,18.7,Bolangir
2018,81,38.85,24.25,26.4,1.95,19.32,Bolangir
2018,82,38.87,22.8,23.5,2.39,22.74,Bolangir
2018,83,39.19,21.55,25.79,2.21,22.37,Bolangir
2018,84,38.88,21.21,40.5,2.29,20.5,Bolangir
2018,85,38.68,21.34,33.23,2.53,22.73,Bolangir
2018,86,39.26,20.63,25.99,2.56,24.62,Bolangir
2018,87,39.73,23.87,15.48,2.27,23.45,Bolangir
2018,88,39.78,21.77,35.6,2.95,20.58,Bolangir
2018,89,40.32,23.39,39.54,2.35,19.91,Bolangir
2018,90,41.55,24.05,38.05,3.76,19.84,Bolangir
2018,91,40.16,21.73,42.2,3.25,20.02,Bolangir
2018,92,36.29,23.08,48.18,3.68,22.39,Bolangir
2018,93,37.8,21.89,48.23,3.54,21.96,Bolangir
2018,94,38.97,22.48,46.69,3.03,22.3,Bolangir
2018,95,40.32,22.77,41.53,3.03,23.25,Bolangir
2018,96,40.31,24.33,38.86,3.17,21.28,Bolangir
2018,97,37.87,26.28,34.24,3.62,18.16,Bolangir
2018,98,38.74,23.61,45.57,3.33,21.04,Bolangir
2018,99,37.26,23.43,48.64,2.71,18.93,Bolangir
2018,100,37.79,23.15,48.45,3.23,21.96,Bolangir
2018,101,38.97,23.61,42.69,3.32,24.2,Bolangir
2018,102,38.88,24.59,38.7,3.04,21.38,Bolangir
2018,103,38.93,24.27,40.65,2.71,21.95,Bolangir
2018,104,39.76,25.13,39.9,2.67,20.37,Bolangir
2018,105,39.68,25.22,39.0,2.1,25.0,Bolangir
2018,106,40.84,24.81,34.86,2.08,25.66,Bolangir
2018,107,42.22,25.72,35.92,3.37,23.1,Bolangir
2018,108,42.65,26.22,29.58,3.76,24.4,Bolangir
2018,109,42.24,25.51,28.37,3.34,24.08,Bolangir
2018,110,43.4,26.89,25.84,2.95,23.77,Bolangir
2018,111,40.82,24.71,44.41,4.32,26.07,Bolangir
2018,112,41.54,24.17,34.13,2.98,25.49,Bolangir
2018,113,40.82,24.66,32.51,1.62,23.46,Bolangir
2018,114,40.38,26.16,39.23,2.06,22.31,Bolangir
2018,115,40.81,24.24,36.38,2.9,25.89,Bolangir
2018,116,42.21,22.81,28.9,2.92,25.02,Bolangir
2018,117,41.93,24.75,37.84,3.9,25.23,Bolangir
2018,118,42.8,25.85,35.22,4.2,23.88,Bolangir
2018,119,41.26,25.83,39.78,4.05,23.19,Bolangir
2018,120,40.36,26.48,44.85,4.12,22.69,Bolangir
2018,121,39.27,25.5,56.53,3.01,20.48,Bolangir
2018,122,41.48,25.64,46.97,3.68,25.83,Bolangir
2018,123,38.83,25.88,54.0,4.24,19.09,Bolangir
2018,124,40.41,24.31,48.0,3.39,26.17,Bolangir
2018,125,42.27,25.88,40.34,3.78,26.26,Bolangir
2018,126,43.02,27.61,37.97,3.85,24.52,Bolangir
2018,127,43.0,28.17,34.59,4.83,24.85,Bolangir
2018,128,43.72,28.58,31.53,4.19,22.95,Bolangir
2018,129,43.24,28.38,33.85,3.7,22.69,Bolangir
2018,130,42.36,27.75,38.8,3.74,25.6,Bolangir
2018,131,42.5,29.04,30.7,2.71,21.26,Bolangir
2018,132,42.71,27.0,37.07,2.6,25.85,Bolangir
2018,133,40.09,28.07,40.22,4.35,23.53,Bolangir
2018,134,38.34,26.07,48.49,3.76,20.09,Bolangir
2018,135,38.13,24.15,53.25,3.26,24.44,Bolangir
2018,136,40.88,25.25,43.49,3.47,20.83,Bolangir
2018,137,41.49,26.61,43.92,3.69,23.43,Bolangir
2018,138,40.42,28.5,44.53,3.16,24.29,Bolangir
2018,139,41.65,26.53,42.86,3.68,22.43,Bolangir
2018,140,41.94,26.93,43.43,4.06,21.79,Bolangir
2018,141,38.67,27.43,52.45,3.47,19.99,Bolangir
2018,142,41.02,27.15,45.76,3.52,22.0,Bolangir
2018,143,41.88,27.98,43.72,4.21,20.94,Bolangir
2018,144,37.96,27.3,48.87,4.07,22.44,Bolangir
2018,145,41.12,26.87,45.07,3.92,23.15,Bolangir
2018,146,41.97,27.2,45.84,3.73,23.46,Bolangir
2018,147,40.97,28.43,46.0,3.45,23.97,Bolangir
2018,148,43.0,28.01,43.54,4.44,23.8,Bolangir
2018,149,44.23,29.54,39.08,4.63,22.43,Bolangir
2018,150,43.97,30.11,37.0,4.07,23.0,Bolangir
2018,151,42.04,28.01,47.6,3.9,11.21,Bolangir
2018,152,34.0,28.53,61.99,3.33,21.94,Bolangir
2018,153,38.68,27.03,50.43,2.86,20.37,Bolangir
2018,154,41.37,28.31,42.12,2.93,22.45,Bolangir
2018,155,38.93,29.09,45.93,3.85,23.36,Bolangir
2018,156,35.64,28.4,54.79,3.01,18.22,Bolangir
2018,157,35.9,27.58,55.62,2.68,21.5,Bolangir
2018,158,34.38,28.38,59.33,2.71,20.03,Bolangir
2018,159,35.92,27.73,59.47,2.79,15.16,Bolangir
2018,160,33.36,26.83,65.16,2.7,14.89,Bolangir
2018,161,34.08,25.9,65.89,2.53,14.15,Bolangir
2018,162,32.43,26.21,75.21,5.12,10.83,Bolangir
2018,163,32.34,26.04,77.45,6.56,12.3,Bolangir
2018,164,39.11,25.34,59.29,5.59,14.27,Bolangir
2018,165,39.46,27.23,50.67,5.22,21.78,Bolangir
2018,166,41.1,27.24,44.12,4.63,25.08,Bolangir
2018,167,39.65,26.92,46.03,4.31,23.68,Bolangir
2018,168,40.05,27.91,43.73,4.6,23.68,Bolangir
2018,169,39.24,26.67,46.07,4.05,24.04,Bolangir
2018,170,38.06,27.16,52.35,3.55,24.99,Bolangir
2018,171,36.18,27.49,61.01,3.6,22.78,Bolangir
2018,172,34.03,26.04,67.87,2.92,19.85,Bolangir
2018,173,31.35,25.48,76.18,3.41,18.44,Bolangir
2018,174,36.07,24.7,60.22,2.78,19.68,Bolangir
2018,175,33.36,26.8,63.36,4.91,20.62,Bolangir
2018,176,34.46,26.16,63.5,4.34,17.34,Bolangir
2018,177,32.04,25.91,68.43,3.59,9.47,Bolangir
2018,178,29.74,24.72,78.45,2.48,5.18,Bolangir
2018,179,29.99,23.69,79.3,4.24,9.83,Bolangir
2018,180,33.6,22.61,68.37,3.08,17.59,Bolangir
2018,181,34.97,24.4,64.95,3.28,17.25,Bolangir
2018,182,31.01,25.39,71.71,3.81,13.68,Bolangir
2018,183,32.84,24.32,73.08,3.27,19.09,Bolangir
2018,184,33.26,24.44,73.36,4.31,14.24,Bolangir
2018,185,32.17,24.83,72.13,5.17,14.98,Bolangir
2018,186,31.26,24.17,75.3,4.66,15.52,Bolangir
2018,187,33.31,23.87,71.51,2.16,17.15,Bolangir
2018,188,34.71,24.16,69.45,2.41,14.45,Bolangir
2018,189,30.49,25.17,82.93,2.25,16.45,Bolangir
2018,190,33.23,24.95,81.06,3.77,15.06,Bolangir
2018,191,31.11,24.81,78.56,6.11,11.58,Bolangir
2018,192,29.18,23.8,83.22,4.29,10.19,Bolangir
2018,193,31.95,23.41,79.04,3.74,7.28,Bolangir
2018,194,32.82,24.27,78.62,4.05,7.79,Bolangir
2018,195,29.58,23.68,85.49,4.26,9.64,Bolangir
2018,196,29.61,24.16,90.07,4.48,8.68,Bolangir
2018,197,32.03,25.3,84.2,2.24,6.19,Bolangir
2018,198,31.26,24.54,82.98,5.28,8.36,Bolangir
2018,199,31.95,24.17,81.69,4.47,14.35,Bolangir
2018,200,29.51,24.06,85.85,4.41,9.89,Bolangir
2018,201,28.65,24.37,90.15,4.64,6.42,Bolangir
2018,202,28.58,23.9,92.03,7.34,4.1,Bolangir
2018,203,28.68,23.73,89.34,7.35,4.57,Bolangir
2018,204,31.23,23.14,82.01,5.78,13.6,Bolangir
2018,205,30.68,23.43,81.9,4.27,14.03,Bolangir
2018,206,30.63,23.47,83.61,3.96,11.88,Bolangir
2018,207,30.3,23.93,83.39,5.06,11.66,Bolangir
2018,208,30.59,22.97,82.23,4.42,14.24,Bolangir
2018,209,30.8,23.14,82.84,4.07,13.74,Bolangir
2018,210,30.05,23.16,86.57,3.86,14.36,Bolangir
2018,211,30.07,24.03,85.64,4.56,11.56,Bolangir
2018,212,30.34,23.24,84.86,4.34,13.04,Bolangir
2018,213,30.32,23.19,83.18,4.73,7.98,Bolangir
2018,214,30.96,23.22,82.39,4.26,13.79,Bolangir
2018,215,30.52,23.2,83.74,4.75,17.52,Bolangir
2018,216,31.28,23.64,81.03,4.73,20.9,Bolangir
2018,217,30.47,23.96,83.81,4.04,20.32,Bolangir
2018,218,27.8,24.01,88.3,4.17,10.09,Bolangir
2018,219,26.33,23.7,92.69,5.8,6.0,Bolangir
2018,220,30.31,22.73,86.64,5.34,8.28,Bolangir
2018,221,30.99,21.64,83.62,4.03,10.52,Bolangir
2018,222,31.23,23.45,84.01,3.68,11.7,Bolangir
2018,223,30.77,24.03,87.94,2.63,17.12,Bolangir
2018,224,30.07,24.63,89.47,1.68,11.79,Bolangir
2018,225,29.35,24.51,89.61,4.1,9.99,Bolangir
2018,226,28.5,24.29,92.1,4.95,11.19,Bolangir
2018,227,29.76,24.89,92.6,4.14,12.59,Bolangir
2018,228,31.1,23.54,88.77,2.92,16.38,Bolangir
2018,229,32.11,23.98,82.31,1.69,17.33,Bolangir
2018,230,30.54,23.65,85.78,1.87,18.38,Bolangir
2018,231,28.6,24.83,93.85,3.47,17.29,Bolangir
2018,232,31.43,24.54,84.9,2.06,14.04,Bolangir
2018,233,28.52,23.83,88.5,3.77,13.91,Bolangir
2018,234,29.16,23.29,87.39,4.49,11.72,Bolangir
2018,235,31.06,23.33,85.72,4.19,8.87,Bolangir
2018,236,29.06,23.96,89.6,4.13,9.02,Bolangir
2018,237,29.15,23.6,88.53,6.06,7.9,Bolangir
2018,238,26.65,23.05,93.31,6.55,3.03,Bolangir
2018,239,28.3,23.18,92.13,5.11,7.1,Bolangir
2018,240,29.58,23.18,91.22,3.97,9.41,Bolangir
2018,241,29.3,22.51,88.3,3.96,11.63,Bolangir
2018,242,28.82,23.06,89.78,3.84,14.44,Bolangir
2018,243,28.76,23.21,89.77,3.45,11.45,Bolangir
2018,244,28.51,23.22,89.59,2.27,9.81,Bolangir
2018,245,28.13,23.48,90.49,4.55,7.9,Bolangir
2018,246,29.2,23.0,89.09,4.02,16.7,Bolangir
2018,247,29.52,23.07,87.67,3.88,16.39,Bolangir
2018,248,27.7,22.9,91.14,4.78,10.14,Bolangir
2018,249,27.46,22.88,92.98,6.31,4.53,Bolangir
2018,250,27.51,22.37,91.17,6.19,6.68,Bolangir
2018,251,29.55,21.38,87.69,3.11,13.33,Bolangir
2018,252,29.81,21.2,83.47,2.32,19.45,Bolangir
2018,253,29.81,22.44,86.21,2.32,18.89,Bolangir
2018,254,29.58,22.23,86.17,2.33,18.82,Bolangir
2018,255,30.11,22.09,85.6,2.88,20.28,Bolangir
2018,256,29.54,22.6,86.7,3.11,21.01,Bolangir
2018,257,29.67,22.09,81.95,2.54,20.99,Bolangir
2018,258,30.24,21.97,82.76,1.76,20.55,Bolangir
2018,259,28.84,23.96,85.88,1.44,14.04,Bolangir
2018,260,28.0,22.77,89.73,1.95,16.46,Bolangir
2018,261,28.72,22.64,88.07,2.14,17.58,Bolangir
2018,262,29.26,22.79,89.3,2.07,17.72,Bolangir
2018,263,27.08,23.56,94.24,4.84,9.15,Bolangir
2018,264,28.54,23.75,88.46,8.33,10.92,Bolangir
2018,265,29.1,22.37,87.47,3.77,15.75,Bolangir
2018,266,30.0,22.44,82.92,1.86,21.05,Bolangir
2018,267,29.9,22.41,85.59,1.85,21.73,Bolangir
2018,268,28.79,23.16,89.03,2.31,19.99,Bolangir
2018,269,29.06,22.88,86.33,2.14,19.41,Bolangir
2018,270,30.6,22.24,80.84,1.51,20.86,Bolangir
2018,271,30.72,22.32,79.73,1.64,20.37,Bolangir
2018,272,30.9,22.73,80.25,1.61,19.05,Bolangir
2018,273,30.84,22.4,79.97,1.68,19.45,Bolangir
2018,274,30.9,22.16,80.19,1.63,20.4,Bolangir
2018,275,30.95,22.26,79.3,1.72,20.84,Bolangir
2018,276,30.76,20.9,77.38,1.62,21.28,Bolangir
2018,277,30.63,20.62,77.43,1.65,21.57,Bolangir
2018,278,30.82,21.31,76.62,1.62,20.47,Bolangir
2018,279,30.59,21.26,79.3,2.01,19.12,Bolangir
2018,280,30.07,21.02,76.61,1.85,20.48,Bolangir
2018,281,30.04,20.39,76.2,2.01,20.98,Bolangir
2018,282,29.53,20.48,79.23,2.68,20.16,Bolangir
2018,283,27.26,19.09,86.67,5.27,15.12,Bolangir
2018,284,25.07,21.27,94.01,9.3,2.72,Bolangir
2018,285,28.9,23.11,89.84,4.77,5.54,Bolangir
2018,286,28.76,21.38,86.06,2.85,14.03,Bolangir
2018,287,28.4,21.25,80.4,1.67,18.67,Bolangir
2018,288,28.59,19.67,76.48,1.81,17.49,Bolangir
2018,289,28.54,19.33,72.12,1.61,20.53,Bolangir
2018,290,28.86,17.46,72.77,1.94,20.92,Bolangir
2018,291,28.74,17.71,75.68,2.29,20.22,Bolangir
2018,292,29.67,18.78,74.51,1.76,19.8,Bolangir
2018,293,29.69,20.28,76.44,1.79,19.33,Bolangir
2018,294,29.4,19.98,77.72,1.7,19.05,Bolangir
2018,295,29.78,19.58,79.47,1.73,18.58,Bolangir
2018,296,29.84,19.87,77.8,1.69,17.49,Bolangir
2018,297,28.95,18.9,77.77,1.71,17.44,Bolangir
2018,298,28.19,19.29,67.52,1.34,20.31,Bolangir
2018,299,28.11,17.9,64.31,1.51,20.3,Bolangir
2018,300,27.41,16.35,70.64,1.96,19.68,Bolangir
2018,301,26.99,16.55,72.97,2.16,19.26,Bolangir
2018,302,26.31,17.89,86.48,3.29,18.48,Bolangir
2018,303,27.13,17.88,88.6,3.0,17.83,Bolangir
2018,304,27.41,20.36,86.28,2.42,18.12,Bolangir
2018,305,28.09,20.19,86.36,2.08,17.92,Bolangir
2018,306,28.27,18.83,85.32,1.99,19.0,Bolangir
2018,307,28.56,18.8,81.35,1.55,19.16,Bolangir
2018,308,28.87,18.94,78.2,1.55,19.36,Bolangir
2018,309,29.79,17.98,73.93,1.68,18.05,Bolangir
2018,310,29.18,18.82,75.41,1.88,17.76,Bolangir
2018,311,29.59,19.98,78.29,1.4,16.5,Bolangir
2018,312,28.65,19.2,79.91,1.72,12.71,Bolangir
2018,313,27.7,19.4,77.12,1.54,15.17,Bolangir
2018,314,27.1,18.33,73.14,1.69,16.64,Bolangir
2018,315,26.47,17.28,72.96,1.83,16.95,Bolangir
2018,316,26.13,15.7,75.38,1.73,16.52,Bolangir
2018,317,26.73,16.15,75.72,1.56,17.59,Bolangir
2018,318,27.91,16.3,75.05,1.94,17.09,Bolangir
2018,319,28.21,16.39,72.58,1.95,17.79,Bolangir
2018,320,29.12,16.8,63.99,1.29,17.83,Bolangir
2018,321,27.92,15.38,68.41,1.98,17.89,Bolangir
2018,322,27.77,16.56,74.33,1.96,17.83,Bolangir
2018,323,28.04,16.23,77.25,2.03,16.98,Bolangir
2018,324,27.8,15.83,75.61,1.86,13.04,Bolangir
2018,325,27.5,17.4,74.09,2.0,15.71,Bolangir
2018,326,27.38,16.84,69.9,1.64,14.95,Bolangir
2018,327,24.46,16.03,70.79,1.39,11.82,Bolangir
2018,328,25.83,13.19,65.12,1.97,16.84,Bolangir
2018,329,25.58,12.52,59.12,1.43,16.98,Bolangir
2018,330,25.81,12.97,58.98,1.56,16.37,Bolangir
2018,331,26.04,13.23,68.86,2.25,15.1,Bolangir
2018,332,26.08,13.69,76.7,1.99,15.63,Bolangir
2018,333,26.38,15.45,73.82,1.46,16.17,Bolangir
2018,334,26.25,15.39,72.3,1.6,14.93,Bolangir
2018,335,26.34,16.6,68.52,1.26,13.57,Bolangir
2018,336,26.07,16.0,68.5,1.68,12.61,Bolangir
2018,337,25.79,15.48,72.05,1.96,12.72,Bolangir
2018,338,26.09,13.78,75.04,2.2,13.72,Bolangir
2018,339,26.58,15.91,74.35,1.78,12.23,Bolangir
2018,340,26.76,17.14,66.3,1.4,12.96,Bolangir
2018,341,26.61,16.35,62.9,1.67,13.12,Bolangir
2018,342,26.39,15.52,68.0,1.76,11.57,Bolangir
2018,343,26.9,14.63,69.13,2.1,13.04,Bolangir
2018,344,27.84,14.33,71.37,2.43,12.21,Bolangir
2018,345,28.16,15.41,71.02,2.46,9.91,Bolangir
2018,346,27.83,17.76,70.53,1.88,12.58,Bolangir
2018,347,23.62,16.28,83.78,1.96,3.42,Bolangir
2018,348,26.26,16.7,79.24,2.5,12.07,Bolangir
2018,349,25.59,13.45,68.67,2.92,14.39,Bolangir
2018,350,21.58,15.01,70.56,3.23,7.31,Bolangir
2018,351,20.52,14.54,91.25,5.17,3.19,Bolangir
2018,352,17.84,12.82,93.69,5.05,6.74,Bolangir
2018,353,21.5,11.09,84.88,2.2,10.5,Bolangir
2018,354,22.07,11.88,76.61,1.27,17.13,Bolangir
2018,355,22.47,11.05,71.38,1.37,16.63,Bolangir
2018,356,22.36,10.21,70.68,1.84,14.84,Bolangir
2018,357,22.41,9.71,61.39,1.49,16.2,Bolangir
2018,358,22.77,10.55,56.42,1.31,16.8,Bolangir
2018,359,23.48,9.39,60.31,1.8,16.37,Bolangir
2018,360,24.12,10.55,62.93,1.82,15.3,Bolangir
2018,361,24.21,11.88,74.26,2.52,9.35,Bolangir
2018,362,22.26,10.71,73.26,1.99,11.21,Bolangir
2018,363,21.33,8.39,53.3,1.36,15.86,Bolangir
2018,364,21.35,8.25,47.31,1.28,17.38,Bolangir
2018,365,21.79,7.4,49.6,1.3,15.92,Bolangir
2019,1,23.14,9.95,48.02,1.16,16.93,Bolangir
2019,2,24.68,10.8,49.33,1.53,15.89,Bolangir
2019,3,24.04,11.83,51.84,1.51,15.42,Bolangir
2019,4,24.56,12.55,53.35,1.69,15.08,Bolangir
2019,5,24.72,10.26,58.47,1.8,14.79,Bolangir
2019,6,26.49,10.94,59.48,2.0,15.33,Bolangir
2019,7,26.05,11.55,54.17,1.82,16.42,Bolangir
2019,8,23.35,9.69,58.79,2.1,13.78,Bolangir
2019,9,24.1,9.78,50.62,1.45,14.17,Bolangir
2019,10,24.49,12.05,53.06,1.61,15.11,Bolangir
2019,11,24.32,9.6,63.53,2.46,14.02,Bolangir
2019,12,25.1,11.89,55.91,1.92,13.94,Bolangir
2019,13,26.19,10.34,60.79,2.16,14.73,Bolangir
2019,14,25.69,13.42,59.93,1.94,13.38,Bolangir
2019,15,24.64,9.68,60.73,1.77,13.3,Bolangir
2019,16,24.9,11.5,47.03,1.15,15.15,Bolangir
2019,17,25.14,11.89,44.81,1.8,16.32,Bolangir
2019,18,26.35,10.36,46.15,2.17,16.93,Bolangir
2019,19,26.65,12.1,42.05,1.46,16.44,Bolangir
2019,20,27.04,12.82,39.86,1.62,17.29,Bolangir
2019,21,28.3,14.07,40.57,1.84,18.4,Bolangir
2019,22,29.76,11.03,53.95,2.57,17.78,Bolangir
2019,23,29.93,12.28,61.12,2.28,18.08,Bolangir
2019,24,29.78,12.53,59.71,2.23,18.42,Bolangir
2019,25,30.3,12.6,56.12,3.49,17.29,Bolangir
2019,26,21.52,14.44,78.44,2.11,6.64,Bolangir
2019,27,20.32,13.38,81.77,2.16,4.12,Bolangir
2019,28,23.89,13.04,77.81,1.75,9.04,Bolangir
2019,29,24.13,9.13,57.86,2.53,14.88,Bolangir
2019,30,24.64,8.56,37.49,1.75,19.27,Bolangir
2019,31,26.03,11.17,33.47,1.45,19.94,Bolangir
2019,32,28.4,9.86,45.99,2.25,19.11,Bolangir
2019,33,27.87,14.12,36.59,1.55,18.91,Bolangir
2019,34,28.67,14.24,40.16,1.54,18.27,Bolangir
2019,35,28.8,14.73,42.42,1.54,18.36,Bolangir
2019,36,28.79,15.2,43.73,1.64,18.16,Bolangir
2019,37,29.87,14.1,43.89,1.6,18.21,Bolangir
2019,38,31.89,13.92,46.74,2.72,18.64,Bolangir
2019,39,31.71,16.81,60.72,3.56,11.6,Bolangir
2019,40,28.47,13.78,58.57,2.9,16.4,Bolangir
2019,41,27.85,9.11,43.83,2.21,19.37,Bolangir
2019,42,27.64,12.51,38.2,2.17,19.74,Bolangir
2019,43,29.07,13.86,33.03,1.94,20.48,Bolangir
2019,44,30.46,14.82,35.65,2.0,20.12,Bolangir
2019,45,31.81,12.86,45.47,2.43,19.9,Bolangir
2019,46,33.62,14.43,51.3,2.38,19.62,Bolangir
2019,47,29.94,16.4,65.56,2.23,15.48,Bolangir
2019,48,29.66,17.48,58.93,3.14,16.09,Bolangir
2019,49,30.21,12.97,40.67,2.01,20.17,Bolangir
2019,50,34.25,15.92,36.49,2.12,20.68,Bolangir
2019,51,34.37,16.4,57.33,2.85,21.0,Bolangir
2019,52,34.8,17.22,51.39,2.16,20.46,Bolangir
2019,53,35.98,18.27,41.05,2.28,21.1,Bolangir
2019,54,35.49,19.27,46.44,3.21,18.54,Bolangir
2019,55,35.76,20.49,44.4,1.73,19.19,Bolangir
2019,56,34.73,21.14,48.77,3.14,17.22,Bolangir
2019,57,34.23,19.25,46.13,2.38,18.74,Bolangir
2019,58,31.75,20.41,55.09,3.64,18.82,Bolangir
2019,59,30.28,17.18,63.89,2.62,20.52,Bolangir
2019,60,30.15,15.74,59.89,2.6,20.4,Bolangir
2019,61,31.26,17.18,60.08,2.6,20.48,Bolangir
2019,62,33.43,17.66,59.4,2.77,12.4,Bolangir
2019,63,34.77,20.83,58.78,4.16,18.61,Bolangir
2019,64,34.48,20.16,52.82,2.96,17.54,Bolangir
2019,65,33.97,20.09,47.06,2.31,19.09,Bolangir
2019,66,32.64,18.99,53.87,2.71,19.9,Bolangir
2019,67,32.71,18.39,45.04,2.61,21.46,Bolangir
2019,68,34.77,17.52,34.31,2.29,22.61,Bolangir
2019,69,36.6,19.3,48.52,3.4,20.48,Bolangir
2019,70,37.45,20.06,39.64,2.69,21.98,Bolangir
2019,71,38.2,21.35,38.37,2.07,19.03,Bolangir
2019,72,38.16,23.37,37.7,1.94,19.74,Bolangir
2019,73,38.51,24.12,36.77,1.65,20.34,Bolangir
2019,74,37.34,23.68,45.24,2.72,17.79,Bolangir
2019,75,37.92,22.57,39.94,3.64,20.29,Bolangir
2019,76,37.75,22.39,41.76,2.59,19.93,Bolangir
2019,77,34.16,20.95,52.84,2.69,19.92,Bolangir
2019,78,34.36,20.19,50.97,3.77,22.01,Bolangir
2019,79,36.02,20.96,47.6,2.46,21.07,Bolangir
2019,80,33.84,21.86,59.87,2.97,20.04,Bolangir
2019,81,35.25,22.09,52.42,3.01,22.56,Bolangir
2019,82,36.51,22.59,44.54,2.18,22.27,Bolangir
2019,83,36.4,21.02,34.64,2.11,24.6,Bolangir
2019,84,37.39,20.81,30.86,2.15,24.7,Bolangir
2019,85,39.47,20.41,35.1,2.47,23.53,Bolangir
2019,86,37.28,21.74,42.13,3.36,22.61,Bolangir
2019,87,37.88,21.94,25.44,2.15,23.85,Bolangir
2019,88,38.71,19.36,37.18,2.59,23.79,Bolangir
2019,89,39.97,22.73,25.84,2.13,24.94,Bolangir
2019,90,41.63,22.82,31.76,3.93,20.2,Bolangir
2019,91,41.36,23.34,25.22,3.92,21.67,Bolangir
2019,92,39.95,24.17,26.79,1.69,23.12,Bolangir
2019,93,40.7,23.69,23.72,2.18,24.66,Bolangir
2019,94,41.41,22.93,33.53,2.36,21.74,Bolangir
2019,95,42.17,24.19,30.33,3.32,21.6,Bolangir
2019,96,42.38,25.06,26.28,3.76,22.17,Bolangir
2019,97,41.85,25.0,27.23,3.73,23.02,Bolangir
2019,98,41.22,25.91,29.23,4.14,20.77,Bolangir
2019,99,41.5,24.39,27.33,2.42,19.15,Bolangir
2019,100,42.43,25.18,26.23,3.27,24.84,Bolangir
2019,101,42.14,24.31,30.48,3.47,25.18,Bolangir
2019,102,42.5,26.03,23.72,2.96,23.74,Bolangir
2019,103,42.55,25.74,24.7,2.42,24.11,Bolangir
2019,104,42.95,25.73,26.17,2.19,24.12,Bolangir
2019,105,42.3,26.5,25.46,2.89,20.96,Bolangir
2019,106,42.25,26.49,24.34,2.85,22.99,Bolangir
2019,107,42.0,26.62,22.79,1.94,25.57,Bolangir
2019,108,41.02,24.34,30.04,2.73,23.25,Bolangir
2019,109,39.35,25.69,35.04,2.64,23.2,Bolangir
2019,110,38.77,25.58,41.63,3.16,25.63,Bolangir
2019,111,38.16,25.8,44.2,3.11,20.25,Bolangir
2019,112,38.71,24.03,41.23,2.62,24.95,Bolangir
2019,113,40.03,22.42,40.53,2.57,25.84,Bolangir
2019,114,41.26,24.13,39.57,3.6,26.1,Bolangir
2019,115,42.67,25.22,33.7,3.65,24.35,Bolangir
2019,116,43.67,25.79,35.0,2.7,24.45,Bolangir
2019,117,44.72,28.09,28.78,3.35,24.9,Bolangir
2019,118,44.21,26.17,29.48,2.52,25.6,Bolangir
2019,119,44.01,26.03,34.86,3.66,25.27,Bolangir
2019,120,43.86,26.06,39.42,4.92,24.24,Bolangir
2019,121,39.65,25.51,43.81,5.74,24.49,Bolangir
2019,122,34.93,24.59,59.07,4.95,13.27,Bolangir
2019,123,27.48,23.45,77.61,4.41,8.53,Bolangir
2019,124,39.77,22.27,50.97,2.56,21.65,Bolangir
2019,125,41.47,24.95,48.71,3.22,23.96,Bolangir
2019,126,41.07,25.28,44.07,2.47,24.28,Bolangir
2019,127,42.05,24.1,39.58,3.04,26.72,Bolangir
2019,128,42.7,26.09,42.34,3.23,24.74,Bolangir
2019,129,43.73,26.06,32.05,2.58,25.44,Bolangir
2019,130,43.98,25.28,23.41,2.12,26.56,Bolangir
2019,131,43.75,27.49,32.12,3.18,23.68,Bolangir
2019,132,41.87,27.55,37.8,3.21,20.02,Bolangir
2019,133,43.06,26.51,34.55,3.83,25.95,Bolangir
2019,134,42.34,28.02,30.75,2.89,23.66,Bolangir
2019,135,42.71,27.12,29.81,2.76,23.95,Bolangir
2019,136,42.18,27.18,39.04,2.63,25.45,Bolangir
2019,137,43.98,29.05,31.19,3.96,24.97,Bolangir
2019,138,43.89,26.59,23.59,3.03,26.39,Bolangir
2019,139,43.62,28.3,24.73,2.42,25.39,Bolangir
2019,140,44.05,28.85,28.09,2.55,23.32,Bolangir
2019,141,43.31,29.2,33.7,1.78,22.12,Bolangir
2019,142,44.18,28.82,32.83,2.86,24.99,Bolangir
2019,143,44.55,29.97,31.53,4.66,23.22,Bolangir
2019,144,44.0,30.6,33.73,5.14,24.3,Bolangir
2019,145,45.21,30.1,27.68,4.99,26.58,Bolangir
2019,146,43.71,28.31,28.52,2.3,23.78,Bolangir
2019,147,43.05,29.93,34.15,2.76,24.15,Bolangir
2019,148,42.81,30.14,39.19,3.85,24.45,Bolangir
2019,149,41.34,27.86,46.4,2.65,25.07,Bolangir
2019,150,42.64,28.23,42.82,3.28,24.55,Bolangir
2019,151,43.72,28.65,41.17,4.86,24.62,Bolangir
2019,152,42.3,27.92,45.2,3.54,22.99,Bolangir
2019,153,44.2,30.24,35.77,2.81,22.14,Bolangir
2019,154,42.36,29.65,43.87,4.03,8.95,Bolangir
2019,155,40.9,28.14,50.55,5.15,24.48,Bolangir
2019,156,43.98,29.42,41.2,4.76,23.73,Bolangir
2019,157,42.39,30.28,40.69,4.13,20.26,Bolangir
2019,158,41.63,29.56,44.62,4.58,18.8,Bolangir
2019,159,40.72,28.38,47.0,2.9,18.47,Bolangir
2019,160,40.65,30.75,38.17,4.04,22.15,Bolangir
2019,161,44.74,29.8,35.96,3.92,21.4,Bolangir
2019,162,44.27,29.63,38.41,6.41,24.46,Bolangir
2019,163,43.65,31.09,35.77,6.17,24.41,Bolangir
2019,164,42.56,30.82,39.8,5.5,20.98,Bolangir
2019,165,35.2,30.37,53.11,3.54,24.22,Bolangir
2019,166,41.78,28.92,49.04,3.79,22.83,Bolangir
2019,167,35.22,28.19,64.13,4.04,18.75,Bolangir
2019,168,39.02,27.11,52.92,4.63,15.47,Bolangir
2019,169,38.41,27.47,56.74,3.32,22.47,Bolangir
2019,170,37.38,28.15,52.05,2.96,18.88,Bolangir
2019,171,36.68,28.48,54.57,1.84,18.57,Bolangir
2019,172,29.94,26.05,79.77,2.85,9.54,Bolangir
2019,173,29.96,25.45,81.24,2.88,14.81,Bolangir
2019,174,34.02,25.01,69.19,2.44,14.93,Bolangir
2019,175,38.63,25.57,58.79,3.04,25.18,Bolangir
2019,176,38.38,26.81,58.45,3.01,26.32,Bolangir
2019,177,37.6,27.37,58.13,3.75,23.51,Bolangir
2019,178,34.43,27.55,65.05,3.57,20.0,Bolangir
2019,179,35.13,26.69,65.1,4.06,15.52,Bolangir
2019,180,31.83,25.77,75.97,4.05,13.89,Bolangir
2019,181,32.49,25.19,71.5,2.73,14.31,Bolangir
2019,182,31.28,25.54,75.96,4.05,9.47,Bolangir
2019,183,28.65,24.74,88.29,6.96,4.54,Bolangir
2019,184,31.53,24.25,78.99,6.75,11.53,Bolangir
2019,185,32.49,23.78,77.3,6.0,6.44,Bolangir
2019,186,30.77,24.03,82.89,5.44,6.43,Bolangir
2019,187,30.68,23.71,82.3,7.88,7.35,Bolangir
2019,188,32.7,24.22,77.41,7.61,15.18,Bolangir
2019,189,32.12,23.81,80.8,5.78,12.18,Bolangir
2019,190,29.59,24.8,84.33,5.01,15.59,Bolangir
2019,191,31.59,24.38,82.99,5.1,11.93,Bolangir
2019,192,31.36,24.25,81.73,4.6,17.09,Bolangir
2019,193,31.8,24.16,79.15,4.08,16.07,Bolangir
2019,194,31.72,24.29,79.63,4.3,17.73,Bolangir
2019,195,30.57,24.73,83.22,4.88,19.86,Bolangir
2019,196,32.35,24.52,77.85,4.51,15.93,Bolangir
2019,197,32.35,24.36,78.17,3.73,20.89,Bolangir
2019,198,31.58,24.88,82.45,2.37,19.7,Bolangir
2019,199,30.52,25.3,84.92,1.61,21.18,Bolangir
2019,200,32.59,25.04,80.63,2.4,18.58,Bolangir
2019,201,32.53,24.54,80.48,3.65,17.97,Bolangir
2019,202,32.79,24.14,78.1,3.11,23.95,Bolangir
2019,203,32.2,24.37,80.25,2.95,21.84,Bolangir
2019,204,31.65,24.28,80.58,2.77,22.84,Bolangir
2019,205,32.03,23.9,79.54,2.96,20.37,Bolangir
2019,206,28.74,25.18,89.51,3.43,16.39,Bolangir
2019,207,30.7,24.22,85.99,2.08,8.96,Bolangir
2019,208,29.98,23.37,86.64,3.86,8.92,Bolangir
2019,209,28.67,23.71,87.53,2.35,11.95,Bolangir
2019,210,29.97,23.53,88.56,4.92,7.44,Bolangir
2019,211,27.97,21.99,85.76,8.09,9.83,Bolangir
2019,212,29.92,23.32,84.21,6.09,9.98,Bolangir
2019,213,29.62,23.34,85.94,5.11,8.05,Bolangir
2019,214,30.41,23.48,85.6,4.05,8.54,Bolangir
2019,215,30.15,23.69,86.88,5.94,9.97,Bolangir
2019,216,31.75,23.66,83.04,5.91,10.83,Bolangir
2019,217,30.36,22.31,85.91,4.49,15.54,Bolangir
2019,218,27.97,24.87,92.88,4.87,6.73,Bolangir
2019,219,27.72,24.18,94.09,8.48,6.56,Bolangir
2019,220,29.34,23.16,87.17,8.55,10.53,Bolangir
2019,221,31.12,22.8,84.09,4.29,17.86,Bolangir
2019,222,30.97,23.53,84.68,2.94,16.56,Bolangir
2019,223,29.73,24.16,89.16,3.8,16.3,Bolangir
2019,224,27.01,24.61,93.83,5.36,2.28,Bolangir
2019,225,28.45,24.02,91.92,3.99,2.85,Bolangir
2019,226,29.01,23.18,88.42,5.84,12.21,Bolangir
2019,227,30.16,22.7,85.44,3.28,18.33,Bolangir
2019,228,30.85,24.12,85.31,2.08,19.17,Bolangir
2019,229,28.87,24.72,88.97,1.67,17.1,Bolangir
2019,230,28.36,24.32,91.95,2.61,9.01,Bolangir
2019,231,28.9,23.49,88.09,2.77,16.81,Bolangir
2019,232,30.66,23.85,87.72,2.47,17.25,Bolangir
2019,233,29.35,24.24,86.69,2.2,16.18,Bolangir
2019,234,31.02,23.69,84.99,1.84,17.48,Bolangir
2019,235,28.63,23.93,89.94,2.03,13.26,Bolangir
2019,236,31.45,23.14,85.31,2.2,16.07,Bolangir
2019,237,28.74,23.66,89.4,2.8,9.89,Bolangir
2019,238,27.83,23.48,91.36,4.6,9.53,Bolangir
2019,239,29.56,23.35,87.56,4.2,11.81,Bolangir
2019,240,28.78,23.18,87.09,2.28,10.9,Bolangir
2019,241,28.38,23.51,89.62,2.5,13.67,Bolangir
2019,242,30.39,23.21,87.25,1.71,15.88,Bolangir
2019,243,30.06,24.88,89.46,3.13,17.62,Bolangir
2019,244,31.29,23.84,85.99,1.19,18.32,Bolangir
2019,245,28.61,24.78,89.71,2.19,12.0,Bolangir
2019,246,29.47,23.72,90.41,3.51,10.47,Bolangir
2019,247,28.41,23.89,90.25,2.35,12.2,Bolangir
2019,248,31.14,24.04,87.88,1.76,10.02,Bolangir
2019,249,30.24,24.65,89.74,2.3,8.9,Bolangir
2019,250,28.44,25.07,93.55,3.61,5.19,Bolangir
2019,251,29.99,23.97,91.32,4.46,11.09,Bolangir
2019,252,30.03,24.25,89.87,3.57,15.61,Bolangir
2019,253,28.12,24.09,92.18,3.79,13.86,Bolangir
2019,254,29.0,23.81,91.88,3.8,9.6,Bolangir
2019,255,27.22,23.59,93.03,4.61,8.68,Bolangir
2019,256,29.61,23.11,86.79,3.13,15.61,Bolangir
2019,257,29.07,23.23,88.02,2.36,16.65,Bolangir
2019,258,30.45,23.38,84.08,1.58,19.51,Bolangir
2019,259,31.3,24.58,83.43,1.31,16.5,Bolangir
2019,260,30.63,24.52,87.22,3.33,18.97,Bolangir
2019,261,30.49,23.14,88.51,3.34,14.26,Bolangir
2019,262,30.45,23.55,88.41,3.38,15.27,Bolangir
2019,263,30.64,22.88,86.17,2.18,20.15,Bolangir
2019,264,31.13,22.95,84.57,2.07,20.85,Bolangir
2019,265,30.94,22.11,85.19,2.19,20.99,Bolangir
2019,266,29.83,23.13,89.03,2.67,17.78,Bolangir
2019,267,28.87,23.04,91.47,2.45,14.99,Bolangir
2019,268,28.2,23.02,91.76,3.44,12.01,Bolangir
2019,269,28.15,22.76,90.72,2.74,16.58,Bolangir
2019,270,28.98,22.27,87.39,2.53,17.31,Bolangir
2019,271,27.9,22.64,89.96,2.38,14.98,Bolangir
2019,272,27.81,23.0,90.41,2.65,12.78,Bolangir
2019,273,28.0,22.51,90.33,2.83,18.63,Bolangir
2019,274,27.21,22.5,91.73,2.75,19.27,Bolangir
2019,275,29.38,22.47,86.73,1.56,18.54,Bolangir
2019,276,28.64,22.61,87.21,2.1,20.33,Bolangir
2019,277,28.84,21.24,83.86,2.0,19.93,Bolangir
2019,278,28.97,21.23,84.68,1.55,19.23,Bolangir
2019,279,28.62,22.2,88.18,1.82,15.93,Bolangir
2019,280,28.83,22.75,86.99,1.46,18.57,Bolangir
2019,281,27.97,22.12,88.74,1.47,13.46,Bolangir
2019,282,28.95,22.26,87.44,0.87,17.37,Bolangir
2019,283,28.44,21.68,86.91,1.76,17.14,Bolangir
2019,284,28.26,21.38,87.22,1.81,16.95,Bolangir
2019,285,28.38,21.89,86.6,1.71,16.32,Bolangir
2019,286,28.5,21.47,86.01,1.84,17.01,Bolangir
2019,287,29.29,21.37,84.59,1.54,18.12,Bolangir
2019,288,28.45,20.84,85.33,1.85,18.39,Bolangir
2019,289,28.43,20.44,85.01,2.02,18.72,Bolangir
2019,290,29.03,20.92,87.06,1.64,19.95,Bolangir
2019,291,28.63,22.28,87.17,1.56,16.92,Bolangir
2019,292,29.53,21.71,84.46,1.49,19.04,Bolangir
2019,293,29.53,22.05,81.64,1.32,18.52,Bolangir
2019,294,29.46,21.57,83.75,1.22,17.41,Bolangir
2019,295,29.33,21.41,84.0,1.2,18.84,Bolangir
2019,296,26.72,21.5,89.85,2.81,11.89,Bolangir
2019,297,27.34,22.49,94.13,3.64,7.6,Bolangir
2019,298,26.61,19.96,91.14,4.23,9.91,Bolangir
2019,299,28.03,20.47,88.16,1.61,11.33,Bolangir
2019,300,28.16,21.42,87.06,1.39,17.31,Bolangir
2019,301,28.96,21.6,83.01,1.14,16.89,Bolangir
2019,302,28.84,21.89,83.97,1.34,16.17,Bolangir
2019,303,28.13,21.16,87.43,1.94,16.1,Bolangir
2019,304,27.24,20.77,84.4,1.42,10.86,Bolangir
2019,305,27.62,19.76,83.2,1.45,14.86,Bolangir
2019,306,28.21,19.44,85.15,1.62,14.53,Bolangir
2019,307,27.45,18.59,81.94,1.57,14.25,Bolangir
2019,308,27.44,18.11,83.0,1.86,15.32,Bolangir
2019,309,27.76,18.89,84.12,1.81,14.08,Bolangir
2019,310,26.89,19.17,80.67,1.78,12.72,Bolangir
2019,311,26.02,17.66,81.87,2.07,13.77,Bolangir
2019,312,25.44,15.62,87.92,2.87,13.44,Bolangir
2019,313,26.78,16.99,89.28,4.02,11.87,Bolangir
2019,314,27.65,18.86,88.89,2.73,16.64,Bolangir
2019,315,26.74,17.64,86.78,2.19,17.56,Bolangir
2019,316,26.28,15.63,81.74,1.56,17.96,Bolangir
2019,317,25.54,15.23,75.24,1.27,17.36,Bolangir
2019,318,25.33,14.89,75.68,1.52,17.46,Bolangir
2019,319,25.54,14.88,79.86,1.24,17.66,Bolangir
2019,320,25.96,15.35,81.95,1.09,17.11,Bolangir
2019,321,24.86,15.08,79.35,1.23,16.96,Bolangir
2019,322,25.03,13.69,82.78,1.57,15.86,Bolangir
2019,323,25.53,14.58,80.29,0.96,16.1,Bolangir
2019,324,25.58,15.78,82.42,1.36,15.49,Bolangir
2019,325,25.23,15.36,85.6,1.51,15.03,Bolangir
2019,326,24.85,15.54,82.87,1.23,15.04,Bolangir
2019,327,25.37,15.32,81.59,1.03,14.46,Bolangir
2019,328,24.88,15.1,81.43,1.02,14.32,Bolangir
2019,329,25.53,15.38,81.97,1.19,13.8,Bolangir
2019,330,25.85,15.36,85.76,1.62,13.62,Bolangir
2019,331,25.61,14.58,85.5,1.85,13.8,Bolangir
2019,332,25.85,14.09,86.76,2.04,15.4,Bolangir
2019,333,25.33,14.4,82.44,1.25,15.6,Bolangir
2019,334,25.08,15.4,83.75,1.54,14.98,Bolangir
2019,335,24.7,15.62,85.12,1.22,12.83,Bolangir
2019,336,24.87,15.42,86.44,2.0,11.14,Bolangir
2019,337,24.56,15.33,82.08,1.61,13.93,Bolangir
2019,338,24.0,13.54,80.41,1.86,13.39,Bolangir
2019,339,23.3,12.23,81.56,2.0,15.3,Bolangir
2019,340,23.23,12.12,77.87,1.87,16.28,Bolangir
2019,341,24.25,12.49,78.83,1.04,16.35,Bolangir
2019,342,24.81,14.24,80.55,1.17,15.91,Bolangir
2019,343,24.84,13.98,78.79,1.28,15.95,Bolangir
2019,344,23.83,14.05,78.88,1.09,15.79,Bolangir
2019,345,23.73,14.67,75.82,0.93,14.08,Bolangir
2019,346,24.6,13.34,77.3,1.68,14.53,Bolangir
2019,347,25.21,13.54,84.0,2.78,13.87,Bolangir
2019,348,26.02,15.63,86.4,2.08,14.72,Bolangir
2019,349,25.68,16.09,85.0,1.36,15.01,Bolangir
2019,350,25.57,15.99,84.2,1.87,11.85,Bolangir
2019,351,24.89,16.32,87.55,1.97,10.95,Bolangir
2019,352,22.95,13.56,86.22,2.11,8.35,Bolangir
2019,353,21.5,11.14,78.8,1.77,12.09,Bolangir
2019,354,21.7,10.95,75.31,1.28,14.64,Bolangir
2019,355,22.28,12.35,79.9,1.39,12.71,Bolangir
2019,356,23.33,12.99,74.23,1.57,13.5,Bolangir
2019,357,23.6,13.52,76.46,1.7,10.26,Bolangir
2019,358,24.05,13.97,78.71,1.7,13.85,Bolangir
2019,359,24.92,14.21,76.35,1.23,13.36,Bolangir
2019,360,23.41,15.99,86.17,1.89,8.1,Bolangir
2019,361,20.53,9.04,83.06,2.84,6.71,Bolangir
2019,362,18.53,4.76,68.86,2.34,16.28,Bolangir
2019,363,20.08,6.17,65.81,1.49,16.82,Bolangir
2019,364,22.08,8.52,68.68,1.68,16.13,Bolangir
2019,365,22.18,7.7,78.25,2.65,14.29,Bolangir
2020,1,23.95,11.24,81.89,2.57,15.2,Bolangir
2020,2,25.28,11.45,85.29,2.79,11.97,Bolangir
2020,3,18.68,15.37,93.7,3.18,3.8,Bolangir
2020,4,23.35,14.04,86.09,1.75,6.36,Bolangir
2020,5,22.16,12.25,83.89,2.36,11.5,Bolangir
2020,6,21.31,8.49,76.16,1.95,16.12,Bolangir
2020,7,22.3,10.51,65.81,0.95,16.13,Bolangir
2020,8,25.73,12.0,68.61,2.11,15.5,Bolangir
2020,9,22.18,14.26,89.78,3.16,6.28,Bolangir
2020,10,21.21,11.12,82.98,2.58,13.51,Bolangir
2020,11,20.23,8.27,75.18,2.03,15.1,Bolangir
2020,12,20.55,6.98,66.05,1.54,17.68,Bolangir
2020,13,22.74,8.21,61.18,1.45,17.53,Bolangir
2020,14,25.38,12.05,54.43,1.43,17.56,Bolangir
2020,15,26.42,12.54,61.36,1.68,16.72,Bolangir
2020,16,27.36,11.35,68.14,2.84,17.37,Bolangir
2020,17,26.88,11.62,71.27,2.51,17.85,Bolangir
2020,18,26.84,12.73,76.28,2.03,16.89,Bolangir
2020,19,26.05,13.56,79.75,2.43,16.44,Bolangir
2020,20,23.99,13.85,81.65,2.03,15.01,Bolangir
2020,21,25.18,12.34,75.23,1.88,13.75,Bolangir
2020,22,26.57,12.95,69.93,2.06,14.33,Bolangir
2020,23,26.56,15.14,74.03,1.82,14.91,Bolangir
2020,24,24.79,13.66,73.93,2.19,16.95,Bolangir
2020,25,24.88,11.4,59.9,1.81,17.27,Bolangir
2020,26,24.96,12.86,64.06,2.35,17.31,Bolangir
2020,27,25.33,10.52,59.45,1.86,19.18,Bolangir
2020,28,29.18,12.42,62.33,2.77,14.94,Bolangir
2020,29,28.44,17.2,77.01,3.01,13.34,Bolangir
2020,30,26.13,14.96,72.69,2.63,13.16,Bolangir
2020,31,25.15,10.19,67.06,2.35,16.42,Bolangir
2020,32,26.05,11.43,66.55,2.35,9.91,Bolangir
2020,33,25.7,12.74,66.76,2.25,11.8,Bolangir
2020,34,26.4,12.76,64.88,2.27,13.2,Bolangir
2020,35,26.66,14.21,72.79,2.17,11.24,Bolangir
2020,36,22.77,15.71,84.89,2.25,7.29,Bolangir
2020,37,26.48,15.39,72.8,1.57,7.6,Bolangir
2020,38,23.49,16.75,88.02,3.08,6.52,Bolangir
2020,39,20.64,14.22,88.73,3.49,2.94,Bolangir
2020,40,24.43,13.65,78.76,2.66,9.34,Bolangir
2020,41,25.04,10.43,64.92,2.26,16.12,Bolangir
2020,42,25.42,10.37,50.9,2.23,19.02,Bolangir
2020,43,26.05,10.49,51.01,2.14,20.23,Bolangir
2020,44,26.78,10.65,58.04,2.88,21.09,Bolangir
2020,45,29.59,11.26,58.58,3.49,21.32,Bolangir
2020,46,28.63,12.28,57.8,2.61,21.14,Bolangir
2020,47,28.97,12.51,53.93,1.79,20.96,Bolangir
2020,48,28.96,13.4,50.06,1.97,20.24,Bolangir
2020,49,29.02,10.84,49.32,1.96,20.19,Bolangir
2020,50,30.35,13.74,40.82,1.44,21.55,Bolangir
2020,51,31.22,13.72,58.57,2.41,20.21,Bolangir
2020,52,32.36,14.29,62.58,2.69,21.04,Bolangir
2020,53,31.71,14.55,56.94,2.39,19.22,Bolangir
2020,54,32.12,15.25,50.38,2.37,19.19,Bolangir
2020,55,30.79,15.59,56.06,2.99,14.47,Bolangir
2020,56,26.78,17.51,82.78,3.24,10.77,Bolangir
2020,57,26.77,15.5,68.53,2.21,16.97,Bolangir
2020,58,26.92,13.14,60.09,2.24,21.4,Bolangir
2020,59,28.85,14.52,56.34,1.68,19.48,Bolangir
2020,60,29.36,13.69,58.34,2.09,19.67,Bolangir
2020,61,29.69,14.41,55.47,2.1,20.37,Bolangir
2020,62,31.38,15.23,58.02,1.74,19.54,Bolangir
2020,63,32.03,17.07,56.96,1.9,18.89,Bolangir
2020,64,32.87,19.54,60.34,2.4,17.89,Bolangir
2020,65,32.0,18.84,70.86,2.92,18.42,Bolangir
2020,66,30.77,19.2,73.31,3.24,16.89,Bolangir
2020,67,30.94,19.52,74.43,3.19,15.59,Bolangir
2020,68,29.96,19.88,68.41,2.21,17.92,Bolangir
2020,69,31.12,17.21,59.22,2.44,18.68,Bolangir
2020,70,32.25,18.65,55.97,1.72,16.05,Bolangir
2020,71,34.2,19.12,66.59,2.61,18.65,Bolangir
2020,72,32.43,20.62,68.48,2.79,14.5,Bolangir
2020,73,35.63,20.15,63.29,2.54,21.7,Bolangir
2020,74,35.71,20.22,55.27,2.96,20.49,Bolangir
2020,75,34.0,19.27,60.65,2.54,21.95,Bolangir
2020,76,33.28,21.36,61.14,2.05,22.23,Bolangir
2020,77,33.81,20.39,55.96,2.4,21.75,Bolangir
2020,78,34.1,20.54,51.7,2.61,20.07,Bolangir
2020,79,31.97,20.36,69.14,1.66,15.26,Bolangir
2020,80,31.36,19.25,66.47,1.83,19.61,Bolangir
2020,81,32.32,20.07,56.43,1.23,19.05,Bolangir
2020,82,31.8,19.83,63.24,1.99,21.47,Bolangir
2020,83,33.12,18.8,52.79,2.48,22.68,Bolangir
2020,84,33.35,18.93,53.89,2.37,22.35,Bolangir
2020,85,34.88,20.44,51.95,2.48,22.48,Bolangir
2020,86,34.79,20.04,49.51,2.16,22.56,Bolangir
2020,87,36.54,21.48,48.27,1.95,23.73,Bolangir
2020,88,35.93,22.27,53.54,2.57,21.67,Bolangir
2020,89,36.26,22.12,56.01,2.32,20.23,Bolangir
2020,90,36.19,22.63,53.16,2.22,21.56,Bolangir
2020,91,36.7,22.25,47.85,2.3,22.87,Bolangir
2020,92,37.85,22.93,42.67,2.31,23.76,Bolangir
2020,93,38.41,22.62,39.38,2.84,24.9,Bolangir
2020,94,37.88,24.39,38.12,2.38,23.04,Bolangir
2020,95,37.22,24.0,44.02,1.68,18.7,Bolangir
2020,96,36.72,23.62,44.51,2.38,20.83,Bolangir
2020,97,37.52,23.53,37.87,2.18,21.36,Bolangir
2020,98,38.38,22.53,36.51,2.13,20.1,Bolangir
2020,99,37.64,24.28,44.18,2.2,17.17,Bolangir
2020,100,37.89,21.96,42.7,2.44,24.71,Bolangir
2020,101,38.14,23.18,37.68,2.2,23.77,Bolangir
2020,102,38.85,24.56,32.76,2.29,24.33,Bolangir
2020,103,39.18,22.62,30.31,2.26,25.47,Bolangir
2020,104,40.01,23.33,30.75,2.82,24.71,Bolangir
2020,105,40.38,24.41,28.67,2.36,23.1,Bolangir
2020,106,40.13,23.54,34.11,3.17,21.81,Bolangir
2020,107,39.93,25.04,32.27,2.37,21.88,Bolangir
2020,108,41.35,25.36,31.54,3.26,24.12,Bolangir
2020,109,41.65,25.22,34.94,3.98,21.9,Bolangir
2020,110,40.23,25.97,31.61,2.18,17.74,Bolangir
2020,111,40.74,26.25,31.73,1.91,23.26,Bolangir
2020,112,40.51,25.99,42.42,3.69,18.32,Bolangir
2020,113,38.82,24.53,42.47,4.69,22.8,Bolangir
2020,114,39.89,25.23,39.4,2.89,22.83,Bolangir
2020,115,40.47,26.02,51.98,4.15,22.32,Bolangir
2020,116,38.68,26.13,53.88,2.72,22.17,Bolangir
2020,117,35.41,25.89,60.38,3.25,20.3,Bolangir
2020,118,36.04,23.46,59.55,2.38,15.9,Bolangir
2020,119,36.48,23.42,55.0,2.86,25.75,Bolangir
2020,120,37.73,22.28,48.26,3.14,24.12,Bolangir
2020,121,38.01,23.56,45.66,3.29,26.19,Bolangir
2020,122,39.31,23.98,40.95,2.83,24.25,Bolangir
2020,123,38.61,24.08,49.25,3.3,25.43,Bolangir
2020,124,39.98,25.4,42.85,2.67,25.2,Bolangir
2020,125,41.75,25.69,44.19,2.92,23.86,Bolangir
2020,126,41.52,26.13,44.79,4.51,25.66,Bolangir
2020,127,39.25,26.49,45.22,2.5,25.11,Bolangir
2020,128,38.61,24.36,46.38,2.46,20.44,Bolangir
2020,129,39.54,25.2,41.06,2.05,26.69,Bolangir
2020,130,39.77,27.13,42.65,2.26,26.31,Bolangir
2020,131,41.01,25.2,42.43,2.38,25.56,Bolangir
2020,132,39.68,25.1,41.38,1.4,24.99,Bolangir
2020,133,40.21,25.08,41.66,2.31,26.49,Bolangir
2020,134,40.35,24.93,42.65,2.7,26.77,Bolangir
2020,135,42.14,26.04,36.84,1.84,26.34,Bolangir
2020,136,41.83,26.9,39.3,2.69,24.49,Bolangir
2020,137,41.84,26.47,42.95,2.8,24.46,Bolangir
2020,138,39.89,26.79,45.52,2.82,23.2,Bolangir
2020,139,40.98,26.76,42.36,4.12,22.35,Bolangir
2020,140,36.5,25.45,51.25,4.89,17.84,Bolangir
2020,141,40.13,24.2,39.48,6.24,20.01,Bolangir
2020,142,40.47,25.31,31.42,2.99,23.06,Bolangir
2020,143,42.63,24.63,22.63,3.04,26.45,Bolangir
2020,144,44.52,26.14,29.7,3.08,27.3,Bolangir
2020,145,44.75,27.39,33.2,3.18,25.11,Bolangir
2020,146,44.74,28.92,29.64,3.96,24.61,Bolangir
2020,147,44.97,29.95,31.09,3.85,23.65,Bolangir
2020,148,45.1,28.77,33.53,3.89,22.39,Bolangir
2020,149,44.68,30.81,32.04,3.87,23.28,Bolangir
2020,150,42.64,28.17,43.46,3.17,21.73,Bolangir
2020,151,38.72,27.57,50.74,3.6,10.98,Bolangir
2020,152,40.44,25.89,46.57,2.27,24.5,Bolangir
2020,153,34.19,26.2,61.07,3.33,22.52,Bolangir
2020,154,36.09,25.01,56.35,3.22,10.8,Bolangir
2020,155,34.41,26.68,55.46,2.1,16.91,Bolangir
2020,156,35.67,25.88,61.84,3.14,22.09,Bolangir
2020,157,38.14,26.42,50.09,4.58,21.51,Bolangir
2020,158,38.43,25.23,50.35,1.97,21.27,Bolangir
2020,159,38.37,26.72,52.89,2.59,21.86,Bolangir
2020,160,37.38,27.09,58.91,1.98,20.67,Bolangir
2020,161,37.05,26.28,58.35,2.9,22.07,Bolangir
2020,162,35.77,26.6,59.79,2.71,19.2,Bolangir
2020,163,30.93,26.52,74.72,2.37,18.23,Bolangir
2020,164,29.42,25.38,84.13,3.94,14.65,Bolangir
2020,165,31.13,25.09,80.8,2.17,10.01,Bolangir
2020,166,30.55,25.44,81.51,2.31,11.0,Bolangir
2020,167,30.56,25.41,81.55,2.56,13.26,Bolangir
2020,168,30.61,25.17,83.15,3.72,9.47,Bolangir
2020,169,32.37,24.69,75.53,3.37,9.6,Bolangir
2020,170,33.1,23.85,76.31,4.65,16.33,Bolangir
2020,171,31.82,24.26,77.61,3.46,19.06,Bolangir
2020,172,32.19,24.31,81.97,3.57,6.02,Bolangir
2020,173,29.58,24.75,88.6,4.75,14.77,Bolangir
2020,174,30.24,24.61,88.33,5.26,5.25,Bolangir
2020,175,31.39,24.78,84.29,3.53,13.47,Bolangir
2020,176,32.06,24.35,82.47,2.41,23.6,Bolangir
2020,177,32.62,24.89,79.89,3.22,24.08,Bolangir
2020,178,29.78,24.72,84.46,3.56,21.08,Bolangir
2020,179,30.43,24.46,86.3,2.69,23.0,Bolangir
2020,180,29.52,24.92,88.25,3.41,11.49,Bolangir
2020,181,30.71,24.55,83.25,2.98,12.25,Bolangir
2020,182,30.5,24.07,82.41,2.02,18.23,Bolangir
2020,183,32.13,23.59,81.22,2.43,22.77,Bolangir
2020,184,31.87,24.96,80.56,1.94,21.82,Bolangir
2020,185,32.23,25.29,82.29,1.67,20.25,Bolangir
2020,186,31.52,25.64,83.84,2.03,19.6,Bolangir
2020,187,30.89,24.77,88.57,3.41,11.44,Bolangir
2020,188,28.85,24.11,89.7,5.41,8.12,Bolangir
2020,189,31.44,23.35,82.09,4.06,14.7,Bolangir
2020,190,31.61,23.78,82.25,2.77,16.83,Bolangir
2020,191,28.59,25.22,88.27,2.81,15.94,Bolangir
2020,192,30.11,24.08,85.92,3.03,18.3,Bolangir
2020,193,30.41,24.49,85.74,3.26,12.8,Bolangir
2020,194,30.04,24.32,86.9,2.69,9.84,Bolangir
2020,195,29.29,24.19,87.54,2.88,16.42,Bolangir
2020,196,29.4,23.84,89.29,2.38,10.29,Bolangir
2020,197,31.7,24.17,85.19,3.38,17.91,Bolangir
2020,198,31.41,23.67,82.96,2.16,19.7,Bolangir
2020,199,31.38,24.1,82.06,3.42,17.79,Bolangir
2020,200,30.93,24.07,82.59,2.5,22.37,Bolangir
2020,201,29.72,24.64,86.98,2.84,17.03,Bolangir
2020,202,30.29,24.51,86.7,3.1,18.93,Bolangir
2020,203,30.11,24.13,85.38,2.92,19.18,Bolangir
2020,204,29.73,24.04,87.86,3.14,12.63,Bolangir
2020,205,29.78,23.5,84.82,3.18,9.48,Bolangir
2020,206,29.13,23.45,85.46,2.19,12.62,Bolangir
2020,207,30.96,23.66,81.09,2.17,21.92,Bolangir
2020,208,31.88,22.92,79.94,2.16,21.85,Bolangir
2020,209,30.9,23.84,83.39,2.31,21.06,Bolangir
2020,210,31.4,24.55,82.61,1.66,11.19,Bolangir
2020,211,33.19,23.7,79.37,2.07,18.35,Bolangir
2020,212,32.5,23.5,78.81,2.03,22.41,Bolangir
2020,213,31.86,23.89,78.69,1.56,21.43,Bolangir
2020,214,31.26,25.1,79.09,1.21,19.96,Bolangir
2020,215,30.17,24.75,86.19,2.14,18.91,Bolangir
2020,216,28.77,24.7,89.05,3.24,10.69,Bolangir
2020,217,28.39,23.29,91.04,5.1,13.33,Bolangir
2020,218,28.89,24.29,91.55,4.13,6.83,Bolangir
2020,219,31.2,23.52,84.58,3.62,14.98,Bolangir
2020,220,31.89,23.78,83.34,3.03,10.19,Bolangir
2020,221,30.91,24.31,86.11,2.08,8.22,Bolangir
2020,222,30.14,24.76,87.02,2.85,11.42,Bolangir
2020,223,32.05,24.06,83.07,1.78,16.53,Bolangir
2020,224,30.59,24.04,86.66,3.5,12.99,Bolangir
2020,225,29.66,25.11,89.1,4.01,9.32,Bolangir
2020,226,30.08,24.31,87.83,3.12,13.49,Bolangir
2020,227,29.25,23.69,88.86,3.74,9.09,Bolangir
2020,228,28.4,23.86,92.31,5.97,4.02,Bolangir
2020,229,28.4,23.88,90.61,6.19,9.38,Bolangir
2020,230,28.22,23.27,90.3,5.84,10.6,Bolangir
2020,231,28.65,24.09,88.43,6.49,10.15,Bolangir
2020,232,27.59,23.99,94.29,6.22,9.64,Bolangir
2020,233,28.59,23.7,92.42,3.36,11.11,Bolangir
2020,234,29.87,24.55,87.76,4.86,14.66,Bolangir
2020,235,30.76,24.14,85.01,4.11,16.94,Bolangir
2020,236,28.88,23.88,89.86,2.68,13.53,Bolangir
2020,237,28.88,23.57,88.73,1.86,17.04,Bolangir
2020,238,27.91,23.59,92.6,3.05,5.55,Bolangir
2020,239,27.12,23.61,94.34,4.92,3.69,Bolangir
2020,240,26.44,22.68,93.54,7.76,2.54,Bolangir
2020,241,28.0,21.55,89.26,6.56,16.05,Bolangir
2020,242,30.06,23.05,86.84,3.97,19.65,Bolangir
2020,243,30.17,23.19,86.03,2.26,22.43,Bolangir
2020,244,29.73,23.67,87.03,1.79,20.74,Bolangir
2020,245,29.73,23.69,87.72,1.7,15.76,Bolangir
2020,246,27.22,23.49,87.03,1.7,14.56,Bolangir
2020,247,31.13,22.65,82.67,1.65,19.3,Bolangir
2020,248,31.44,22.91,81.16,1.59,22.39,Bolangir
2020,249,31.36,23.13,82.68,2.03,20.57,Bolangir
2020,250,30.8,24.39,85.58,1.81,20.17,Bolangir
2020,251,28.27,24.87,93.02,2.18,20.17,Bolangir
2020,252,31.0,23.79,83.71,1.79,20.07,Bolangir
2020,253,31.26,24.02,80.34,0.89,17.53,Bolangir
2020,254,29.3,24.47,88.04,1.64,14.47,Bolangir
2020,255,31.3,23.43,85.75,2.48,19.54,Bolangir
2020,256,30.8,24.16,83.93,2.16,20.78,Bolangir
2020,257,30.78,23.86,86.97,2.4,20.67,Bolangir
2020,258,30.19,23.49,88.59,3.1,16.02,Bolangir
2020,259,30.89,24.07,88.11,2.25,19.4,Bolangir
2020,260,30.78,24.23,88.01,2.41,21.42,Bolangir
2020,261,30.7,24.23,83.05,1.1,21.23,Bolangir
2020,262,30.65,24.08,84.84,1.49,18.04,Bolangir
2020,263,31.17,24.79,81.33,1.0,16.64,Bolangir
2020,264,30.71,24.89,85.81,1.53,14.87,Bolangir
2020,265,28.12,24.12,93.15,3.0,7.42,Bolangir
2020,266,28.76,24.04,91.34,4.53,13.37,Bolangir
2020,267,30.94,24.0,87.09,3.65,17.76,Bolangir
2020,268,30.25,24.37,87.73,3.53,16.43,Bolangir
2020,269,28.45,24.44,91.26,3.17,15.58,Bolangir
2020,270,28.49,23.06,90.47,2.03,11.86,Bolangir
2020,271,29.99,21.73,85.33,2.65,15.32,Bolangir
2020,272,29.62,21.99,83.3,1.85,19.74,Bolangir
2020,273,29.33,22.56,86.96,2.0,15.54,Bolangir
2020,274,27.47,23.3,93.41,2.38,9.37,Bolangir
2020,275,25.51,20.33,91.66,3.06,4.47,Bolangir
2020,276,27.38,19.99,92.44,2.45,14.96,Bolangir
2020,277,28.17,22.84,92.64,1.98,12.84,Bolangir
2020,278,28.49,22.84,90.9,1.95,10.96,Bolangir
2020,279,29.06,23.14,88.65,1.73,14.56,Bolangir
2020,280,29.13,22.59,91.64,2.95,18.17,Bolangir
2020,281,28.35,23.69,90.43,1.77,13.16,Bolangir
2020,282,30.6,22.84,86.63,1.78,17.6,Bolangir
2020,283,30.93,23.69,85.36,1.24,19.63,Bolangir
2020,284,29.09,24.19,89.46,1.63,16.13,Bolangir
2020,285,30.01,22.95,88.52,2.56,19.7,Bolangir
2020,286,29.64,22.23,89.81,3.72,17.02,Bolangir
2020,287,29.06,23.7,91.63,5.2,9.49,Bolangir
2020,288,28.6,23.91,90.81,4.36,9.55,Bolangir
2020,289,29.9,23.47,89.55,2.67,12.07,Bolangir
2020,290,29.72,22.96,88.91,2.73,15.03,Bolangir
2020,291,30.4,22.01,86.74,2.02,20.34,Bolangir
2020,292,30.62,23.88,84.32,1.91,18.52,Bolangir
2020,293,29.47,22.34,87.1,2.42,19.71,Bolangir
2020,294,29.39,23.16,86.74,1.61,18.31,Bolangir
2020,295,29.5,23.18,88.33,3.11,18.26,Bolangir
2020,296,27.04,23.13,93.04,3.2,15.66,Bolangir
2020,297,28.63,22.4,88.53,2.41,16.49,Bolangir
2020,298,29.15,19.87,81.02,2.03,16.77,Bolangir
2020,299,28.83,19.99,81.32,1.53,16.62,Bolangir
2020,300,28.29,20.83,80.31,1.69,18.04,Bolangir
2020,301,27.78,17.56,76.84,1.77,19.0,Bolangir
2020,302,27.41,17.89,72.3,1.48,19.33,Bolangir
2020,303,27.16,17.14,74.92,1.7,18.55,Bolangir
2020,304,27.23,17.46,78.94,2.22,18.97,Bolangir
2020,305,27.82,16.48,83.89,2.02,19.3,Bolangir
2020,306,28.15,18.02,86.41,2.04,18.83,Bolangir
2020,307,28.11,18.77,84.39,1.83,18.1,Bolangir
2020,308,28.39,18.55,81.7,1.37,17.19,Bolangir
2020,309,28.48,18.89,81.86,1.24,15.67,Bolangir
2020,310,27.81,19.55,81.19,1.28,14.96,Bolangir
2020,311,27.34,18.3,80.19,1.82,15.77,Bolangir
2020,312,26.29,15.6,75.32,1.69,17.8,Bolangir
2020,313,25.82,13.73,73.93,1.61,17.86,Bolangir
2020,314,25.23,13.32,77.77,1.81,17.27,Bolangir
2020,315,26.27,13.43,83.99,2.03,19.24,Bolangir
2020,316,27.24,17.77,89.37,3.23,10.22,Bolangir
2020,317,27.2,18.92,88.02,2.66,14.96,Bolangir
2020,318,26.56,18.81,86.28,2.25,18.72,Bolangir
2020,319,27.19,17.66,83.71,2.17,18.52,Bolangir
2020,320,27.54,16.16,84.55,2.31,17.9,Bolangir
2020,321,28.04,17.91,83.83,1.75,16.02,Bolangir
2020,322,27.83,18.92,83.51,1.4,16.37,Bolangir
2020,323,28.29,17.71,80.98,1.57,16.39,Bolangir
2020,324,27.64,17.98,78.12,1.6,16.5,Bolangir
2020,325,28.0,18.25,80.2,1.62,17.37,Bolangir
2020,326,26.06,18.63,87.88,2.16,11.42,Bolangir
2020,327,24.33,14.68,79.61,2.01,14.39,Bolangir
2020,328,24.74,12.6,72.92,1.42,15.54,Bolangir
2020,329,24.2,13.57,81.98,1.84,13.52,Bolangir
2020,330,24.89,12.76,82.33,2.58,14.24,Bolangir
2020,331,22.76,15.52,84.49,2.1,6.36,Bolangir
2020,332,24.2,15.62,83.66,2.74,6.57,Bolangir
2020,333,25.24,13.21,76.2,2.31,17.34,Bolangir
2020,334,25.99,14.44,72.88,1.79,16.37,Bolangir
2020,335,25.42,14.09,73.53,1.73,16.63,Bolangir
2020,336,25.37,15.18,72.01,1.38,16.69,Bolangir
2020,337,25.02,14.91,73.78,1.06,15.74,Bolangir
2020,338,24.77,13.84,74.94,1.25,15.66,Bolangir
2020,339,24.99,13.5,66.21,1.14,14.89,Bolangir
2020,340,24.9,13.9,65.58,1.48,15.48,Bolangir
2020,341,25.02,13.94,67.12,1.51,16.04,Bolangir
2020,342,25.74,14.28,70.46,1.45,15.89,Bolangir
2020,343,25.74,13.57,71.81,1.46,16.2,Bolangir
2020,344,25.69,13.61,69.57,1.32,16.12,Bolangir
2020,345,25.72,13.48,65.67,1.03,15.49,Bolangir
2020,346,25.25,13.5,67.95,1.34,16.5,Bolangir
2020,347,25.68,13.91,70.4,1.38,15.92,Bolangir
2020,348,25.65,14.77,67.68,1.03,14.72,Bolangir
2020,349,26.29,15.79,71.67,1.32,13.02,Bolangir
2020,350,26.35,15.55,81.27,1.7,11.55,Bolangir
2020,351,26.01,16.13,81.23,1.42,12.64,Bolangir
2020,352,25.36,16.02,83.57,1.81,11.58,Bolangir
2020,353,24.51,14.7,80.81,1.87,10.99,Bolangir
2020,354,23.25,10.95,75.57,2.14,14.66,Bolangir
2020,355,22.5,7.94,63.85,2.04,16.16,Bolangir
2020,356,21.95,8.3,62.52,1.71,15.99,Bolangir
2020,357,23.2,9.09,61.77,1.45,16.07,Bolangir
2020,358,23.27,11.04,58.57,1.05,14.29,Bolangir
2020,359,23.46,11.24,62.12,1.31,13.96,Bolangir
2020,360,23.84,11.0,66.47,1.6,13.85,Bolangir
2020,361,23.55,10.26,66.0,1.54,14.47,Bolangir
2020,362,23.2,10.43,59.88,1.22,14.78,Bolangir
2020,363,24.63,11.15,58.18,1.56,14.65,Bolangir
2020,364,24.94,12.94,61.66,1.35,14.78,Bolangir
2020,365,24.7,12.31,71.39,1.39,12.91,Bolangir
2020,366,24.76,12.62,72.25,1.19,12.94,Bolangir
2021,1,24.66,13.47,70.58,1.36,13.46,Bolangir
2021,2,24.5,13.1,68.71,1.34,14.45,Bolangir
2021,3,26.62,13.39,62.24,1.47,15.63,Bolangir
2021,4,27.06,12.4,65.94,2.37,15.49,Bolangir
2021,5,27.97,12.92,64.42,2.14,15.07,Bolangir
2021,6,28.81,14.43,61.15,1.48,14.38,Bolangir
2021,7,28.9,17.59,63.93,0.94,9.34,Bolangir
2021,8,29.87,17.48,65.19,1.58,15.14,Bolangir
2021,9,29.98,14.91,61.18,2.14,15.92,Bolangir
2021,10,29.2,15.11,64.11,2.2,14.76,Bolangir
2021,11,29.16,17.15,70.49,1.71,15.46,Bolangir
2021,12,28.49,15.93,67.88,2.09,14.3,Bolangir
2021,13,27.39,14.12,67.97,1.94,14.35,Bolangir
2021,14,26.43,12.13,59.54,1.97,14.87,Bolangir
2021,15,26.08,11.36,52.37,2.17,14.98,Bolangir
2021,16,26.14,12.16,42.6,1.64,16.98,Bolangir
2021,17,26.82,11.19,46.25,1.57,14.94,Bolangir
2021,18,27.21,12.33,67.73,1.94,12.43,Bolangir
2021,19,26.84,12.04,60.84,2.06,13.39,Bolangir
2021,20,28.3,14.14,61.82,2.99,12.78,Bolangir
2021,21,28.12,14.04,59.03,2.2,12.63,Bolangir
2021,22,27.38,11.19,43.08,2.05,16.35,Bolangir
2021,23,27.88,13.17,42.31,1.82,17.18,Bolangir
2021,24,29.22,13.72,44.36,1.97,17.04,Bolangir
2021,25,28.89,15.95,49.53,2.07,16.05,Bolangir
2021,26,28.2,15.17,61.2,1.83,14.46,Bolangir
2021,27,28.61,14.78,63.74,1.93,12.82,Bolangir
2021,28,28.51,15.3,68.88,2.17,12.06,Bolangir
2021,29,27.07,15.3,69.56,2.44,10.06,Bolangir
2021,30,26.33,13.97,64.55,2.3,9.87,Bolangir
2021,31,26.94,9.39,43.96,2.4,15.11,Bolangir
2021,32,26.57,9.99,34.77,2.24,18.05,Bolangir
2021,33,27.61,11.69,34.38,1.81,19.48,Bolangir
2021,34,28.34,12.53,34.37,1.72,19.4,Bolangir
2021,35,28.88,12.83,32.29,1.48,19.58,Bolangir
2021,36,29.31,12.91,32.56,1.34,19.92,Bolangir
2021,37,28.81,11.54,42.84,2.28,18.93,Bolangir
2021,38,28.66,12.8,50.36,2.46,17.7,Bolangir
2021,39,28.38,11.41,42.26,2.44,19.23,Bolangir
2021,40,29.47,12.38,34.88,1.52,20.0,Bolangir
2021,41,30.44,14.32,31.89,1.53,20.1,Bolangir
2021,42,30.67,14.05,38.38,1.94,20.22,Bolangir
2021,43,30.88,12.81,57.1,2.0,18.51,Bolangir
2021,44,30.96,15.14,49.7,2.44,18.92,Bolangir
2021,45,30.87,16.31,42.06,1.95,18.96,Bolangir
2021,46,31.01,16.38,42.28,1.74,18.87,Bolangir
2021,47,32.13,18.11,44.11,1.7,17.88,Bolangir
2021,48,31.16,18.39,50.79,2.27,14.85,Bolangir
2021,49,30.63,16.95,54.41,2.03,16.51,Bolangir
2021,50,28.9,16.23,56.34,2.57,13.43,Bolangir
2021,51,30.14,16.63,54.19,2.45,11.09,Bolangir
2021,52,31.59,16.94,50.99,2.23,18.69,Bolangir
2021,53,31.34,17.21,41.59,1.95,19.21,Bolangir
2021,54,32.46,16.06,34.67,2.3,20.75,Bolangir
2021,55,33.31,16.49,29.94,2.28,22.23,Bolangir
2021,56,34.91,16.71,28.24,2.7,22.58,Bolangir
2021,57,35.05,15.15,30.8,3.1,21.7,Bolangir
2021,58,35.02,16.98,30.31,2.42,22.65,Bolangir
2021,59,35.64,17.64,26.42,2.38,21.97,Bolangir
2021,60,36.12,18.92,29.32,2.39,20.48,Bolangir
2021,61,35.86,20.89,24.86,2.68,22.42,Bolangir
2021,62,35.21,15.51,27.65,2.45,22.28,Bolangir
2021,63,35.53,17.75,20.98,1.85,21.25,Bolangir
2021,64,36.35,16.26,20.98,3.63,22.51,Bolangir
2021,65,36.25,16.07,21.98,3.36,22.2,Bolangir
2021,66,36.18,20.4,16.3,1.78,21.59,Bolangir
2021,67,36.81,17.05,26.01,2.09,19.55,Bolangir
2021,68,36.93,17.96,36.03,2.77,20.17,Bolangir
2021,69,37.19,20.38,30.83,2.89,18.6,Bolangir
2021,70,37.83,20.87,36.86,1.86,17.89,Bolangir
2021,71,37.71,21.87,37.28,1.67,17.62,Bolangir
2021,72,35.76,22.03,37.26,2.73,17.67,Bolangir
2021,73,35.32,20.37,41.23,2.65,20.51,Bolangir
2021,74,35.34,21.19,32.82,2.32,21.36,Bolangir
2021,75,36.41,21.0,25.38,2.21,23.39,Bolangir
2021,76,36.76,21.3,28.03,2.1,18.48,Bolangir
2021,77,36.17,22.85,27.43,2.0,18.38,Bolangir
2021,78,36.69,22.73,23.71,1.65,16.75,Bolangir
2021,79,36.41,21.71,31.38,2.71,13.65,Bolangir
2021,80,37.71,21.76,30.23,2.65,20.02,Bolangir
2021,81,38.65,23.73,24.07,2.04,20.03,Bolangir
2021,82,39.14,24.24,24.32,2.05,14.59,Bolangir
2021,83,39.13,24.52,27.43,2.29,18.77,Bolangir
2021,84,38.52,24.16,25.04,2.24,19.93,Bolangir
2021,85,38.22,25.22,23.85,2.29,18.41,Bolangir
2021,86,38.56,24.39,24.75,1.77,18.8,Bolangir
2021,87,39.3,22.78,28.3,2.75,20.62,Bolangir
2021,88,40.83,22.21,21.11,3.22,22.62,Bolangir
2021,89,41.7,22.08,16.39,4.35,23.21,Bolangir
2021,90,42.21,22.37,14.01,4.2,23.95,Bolangir
2021,91,41.02,21.27,13.86,3.01,23.62,Bolangir
2021,92,39.81,24.09,18.9,2.38,19.27,Bolangir
2021,93,39.89,22.81,34.91,1.93,19.36,Bolangir
2021,94,39.76,23.73,38.35,2.73,21.14,Bolangir
2021,95,39.65,22.1,31.58,2.31,22.61,Bolangir
2021,96,40.79,22.19,34.42,3.12,23.98,Bolangir
2021,97,41.63,22.45,35.46,3.28,21.94,Bolangir
2021,98,41.56,24.33,34.5,3.3,21.45,Bolangir
2021,99,41.16,23.84,36.06,2.55,18.76,Bolangir
2021,100,40.01,24.5,39.22,2.72,21.32,Bolangir
2021,101,40.12,25.29,33.6,2.76,20.81,Bolangir
2021,102,39.66,24.96,31.91,2.06,21.92,Bolangir
2021,103,40.34,24.64,28.8,2.63,23.16,Bolangir
2021,104,39.77,23.21,28.9,2.22,14.09,Bolangir
2021,105,39.43,24.07,33.32,3.23,15.87,Bolangir
2021,106,38.61,23.46,37.8,3.3,23.01,Bolangir
2021,107,39.57,23.53,42.23,3.58,24.73,Bolangir
2021,108,39.84,24.3,40.27,3.58,21.99,Bolangir
2021,109,40.35,23.72,32.32,2.85,23.34,Bolangir
2021,110,40.78,24.27,30.03,2.48,22.94,Bolangir
2021,111,40.75,24.96,34.24,2.63,21.74,Bolangir
2021,112,39.48,24.98,37.14,2.9,21.95,Bolangir
2021,113,38.7,25.08,31.5,2.96,17.43,Bolangir
2021,114,40.04,24.35,27.37,2.43,24.9,Bolangir
2021,115,41.1,24.41,28.99,3.13,24.31,Bolangir
2021,116,39.91,26.03,25.76,2.23,23.42,Bolangir
2021,117,40.79,24.97,19.31,2.37,23.73,Bolangir
2021,118,41.57,23.5,27.05,2.86,24.99,Bolangir
2021,119,41.96,23.91,31.93,2.92,23.61,Bolangir
2021,120,41.79,24.84,32.09,3.23,21.82,Bolangir
2021,121,41.45,24.33,35.16,2.89,23.52,Bolangir
2021,122,41.16,26.17,35.86,4.09,20.14,Bolangir
2021,123,40.0,26.86,30.52,3.39,16.28,Bolangir
2021,124,40.22,27.03,31.28,2.67,21.6,Bolangir
2021,125,40.84,25.71,37.84,3.83,21.42,Bolangir
2021,126,41.13,26.18,39.19,3.9,24.09,Bolangir
2021,127,40.86,26.07,40.83,3.49,20.66,Bolangir
2021,128,38.7,27.15,46.22,3.12,25.44,Bolangir
2021,129,40.03,26.06,45.99,2.75,20.33,Bolangir
2021,130,36.71,26.46,54.61,3.13,23.22,Bolangir
2021,131,35.59,25.37,61.36,2.43,12.13,Bolangir
2021,132,39.01,25.05,54.9,2.46,26.8,Bolangir
2021,133,39.38,25.86,47.86,3.9,18.96,Bolangir
2021,134,38.26,24.47,54.98,2.92,21.68,Bolangir
2021,135,38.18,26.69,49.18,2.16,21.76,Bolangir
2021,136,39.34,25.84,54.64,3.98,27.26,Bolangir
2021,137,40.2,26.64,51.83,3.67,27.75,Bolangir
2021,138,41.31,26.96,51.34,4.05,27.98,Bolangir
2021,139,37.91,27.5,51.91,2.97,24.64,Bolangir
2021,140,37.01,28.84,53.31,3.83,24.31,Bolangir
2021,141,36.82,27.88,54.91,2.34,18.72,Bolangir
2021,142,35.61,27.91,55.17,2.49,23.99,Bolangir
2021,143,39.33,25.38,42.91,2.9,23.87,Bolangir
2021,144,39.76,25.55,37.38,4.92,16.91,Bolangir
2021,145,36.57,26.9,32.08,6.68,11.82,Bolangir
2021,146,33.05,24.99,55.15,5.49,9.71,Bolangir
2021,147,36.2,24.8,55.51,5.96,12.39,Bolangir
2021,148,39.97,24.74,41.79,2.27,24.81,Bolangir
2021,149,40.35,27.26,47.43,3.61,21.55,Bolangir
2021,150,40.42,28.18,48.52,2.99,22.17,Bolangir
2021,151,40.02,27.44,51.53,2.91,21.2,Bolangir
2021,152,35.1,27.49,62.16,3.02,19.96,Bolangir
2021,153,33.65,26.87,67.14,1.21,5.88,Bolangir
2021,154,34.88,25.63,63.96,2.03,22.66,Bolangir
2021,155,37.26,25.33,57.3,2.28,25.93,Bolangir
2021,156,36.36,27.68,53.36,2.78,21.95,Bolangir
2021,157,37.78,26.61,53.73,2.93,24.55,Bolangir
2021,158,39.16,27.85,49.4,3.49,23.01,Bolangir
2021,159,38.16,27.48,57.17,3.33,23.81,Bolangir
2021,160,30.87,25.88,79.81,2.97,15.99,Bolangir
2021,161,30.87,24.08,76.26,2.71,9.24,Bolangir
2021,162,31.02,25.52,77.65,4.15,9.01,Bolangir
2021,163,32.45,25.12,75.64,3.78,8.25,Bolangir
2021,164,32.37,24.81,76.05,2.2,9.93,Bolangir
2021,165,30.58,24.79,82.65,4.71,8.37,Bolangir
2021,166,32.54,23.2,75.13,5.37,18.0,Bolangir
2021,167,34.64,24.42,72.66,4.84,14.02,Bolangir
2021,168,32.15,24.71,75.46,3.71,10.35,Bolangir
2021,169,32.56,24.38,73.05,4.96,9.98,Bolangir
2021,170,31.66,24.31,75.76,5.6,10.88,Bolangir
2021,171,33.82,24.35,67.37,4.57,21.0,Bolangir
2021,172,35.05,24.96,63.4,4.18,21.4,Bolangir
2021,173,33.38,25.06,71.76,3.47,7.72,Bolangir
2021,174,32.94,24.44,75.64,4.0,11.41,Bolangir
2021,175,31.97,24.27,75.88,4.27,9.36,Bolangir
2021,176,30.06,23.61,80.4,4.12,8.3,Bolangir
2021,177,34.4,23.7,71.97,1.41,15.88,Bolangir
2021,178,32.83,25.59,73.45,2.04,16.91,Bolangir
2021,179,34.17,24.38,71.79,2.88,23.18,Bolangir
2021,180,32.37,25.42,73.89,3.41,20.01,Bolangir
2021,181,33.75,26.08,71.2,4.23,16.79,Bolangir
2021,182,35.18,25.99,71.61,3.8,18.68,Bolangir
2021,183,30.83,24.96,82.49,2.94,11.24,Bolangir
2021,184,29.54,24.48,84.53,3.52,10.39,Bolangir
2021,185,29.42,24.18,86.73,3.2,6.34,Bolangir
2021,186,29.99,24.03,85.93,2.81,16.17,Bolangir
2021,187,30.46,24.24,82.92,2.25,18.8,Bolangir
2021,188,29.08,24.76,89.47,2.54,15.79,Bolangir
2021,189,27.42,25.07,91.42,4.6,10.52,Bolangir
2021,190,30.04,24.36,84.35,4.3,14.0,Bolangir
2021,191,33.18,23.45,77.41,2.33,19.23,Bolangir
2021,192,31.39,24.21,82.56,2.93,18.57,Bolangir
2021,193,32.33,23.87,81.33,4.41,17.05,Bolangir
2021,194,31.52,23.44,83.0,3.77,16.54,Bolangir
2021,195,32.56,23.39,80.7,4.06,19.92,Bolangir
2021,196,32.81,23.44,78.71,3.92,20.81,Bolangir
2021,197,32.8,24.02,78.65,2.94,21.76,Bolangir
2021,198,33.44,24.16,75.68,2.91,23.12,Bolangir
2021,199,32.97,24.92,77.72,2.69,19.1,Bolangir
2021,200,31.96,24.31,78.76,2.12,21.06,Bolangir
2021,201,30.73,24.9,80.01,2.02,13.46,Bolangir
2021,202,31.54,24.54,83.04,3.2,9.62,Bolangir
2021,203,29.9,24.65,89.33,2.99,13.95,Bolangir
2021,204,29.74,24.33,90.09,4.13,7.32,Bolangir
2021,205,30.99,23.56,83.46,4.96,16.77,Bolangir
2021,206,31.66,24.78,81.63,5.32,18.26,Bolangir
2021,207,29.75,24.27,83.39,4.27,16.86,Bolangir
2021,208,30.16,24.91,87.38,5.58,6.57,Bolangir
2021,209,28.87,24.18,88.04,5.46,5.89,Bolangir
2021,210,26.93,23.89,90.17,5.93,5.72,Bolangir
2021,211,26.14,23.51,91.46,6.27,6.31,Bolangir
2021,212,29.82,23.6,86.15,6.4,7.8,Bolangir
2021,213,31.0,23.48,84.39,4.89,11.8,Bolangir
2021,214,31.34,23.25,83.53,3.88,17.17,Bolangir
2021,215,28.78,23.91,87.12,4.39,13.41,Bolangir
2021,216,30.55,23.58,85.19,3.77,17.72,Bolangir
2021,217,30.04,23.86,86.84,2.95,11.81,Bolangir
2021,218,31.0,23.82,83.5,3.24,14.5,Bolangir
2021,219,29.23,23.54,85.54,2.75,17.35,Bolangir
2021,220,30.57,23.99,84.32,2.55,18.21,Bolangir
2021,221,31.34,24.45,84.29,2.8,19.57,Bolangir
2021,222,30.44,24.82,86.45,3.54,18.08,Bolangir
2021,223,30.31,24.63,87.88,3.88,15.55,Bolangir
2021,224,29.77,24.74,88.72,2.66,16.51,Bolangir
2021,225,31.15,24.52,85.66,1.71,18.16,Bolangir
2021,226,31.37,24.3,84.53,2.31,16.06,Bolangir
2021,227,30.14,24.17,86.17,1.88,18.29,Bolangir
2021,228,30.95,24.61,86.62,2.78,15.86,Bolangir
2021,229,30.09,23.31,84.51,2.16,10.44,Bolangir
2021,230,29.8,23.98,87.76,4.3,10.96,Bolangir
2021,231,30.08,23.11,85.73,2.74,12.07,Bolangir
2021,232,29.35,24.15,87.39,3.32,14.4,Bolangir
2021,233,30.03,23.39,86.06,2.82,18.89,Bolangir
2021,234,31.23,22.92,82.14,2.09,20.97,Bolangir
2021,235,30.16,23.02,83.72,2.75,18.87,Bolangir
2021,236,30.55,23.92,85.41,2.7,17.64,Bolangir
2021,237,29.2,24.44,89.2,3.05,17.13,Bolangir
2021,238,28.3,24.49,91.28,3.3,18.18,Bolangir
2021,239,28.24,23.86,88.31,1.65,12.3,Bolangir
2021,240,30.43,23.34,88.02,2.29,15.61,Bolangir
2021,241,31.62,24.14,85.77,2.37,15.28,Bolangir
2021,242,30.71,24.11,88.52,4.17,16.49,Bolangir
2021,243,30.72,23.55,86.43,3.95,16.97,Bolangir
2021,244,31.03,23.26,83.53,2.16,19.51,Bolangir
2021,245,30.8,23.31,83.62,1.78,20.48,Bolangir
2021,246,30.77,23.26,80.88,1.41,21.32,Bolangir
2021,247,30.32,23.1,82.72,1.65,19.39,Bolangir
2021,248,31.16,24.25,84.09,2.02,19.58,Bolangir
2021,249,29.37,24.28,90.32,5.27,9.69,Bolangir
2021,250,28.77,24.29,90.08,5.95,10.71,Bolangir
2021,251,30.37,23.48,85.87,2.85,17.76,Bolangir
2021,252,28.09,23.79,90.19,1.72,15.23,Bolangir
2021,253,30.79,23.48,84.8,1.64,16.66,Bolangir
2021,254,29.63,23.37,89.01,2.36,15.93,Bolangir
2021,255,27.48,23.54,91.7,2.45,8.48,Bolangir
2021,256,28.48,24.13,93.31,4.58,5.74,Bolangir
2021,257,30.16,23.95,90.93,4.43,7.07,Bolangir
2021,258,30.38,24.41,88.07,4.08,12.9,Bolangir
2021,259,29.92,23.32,88.61,3.05,12.43,Bolangir
2021,260,29.87,22.55,87.76,1.94,17.73,Bolangir
2021,261,29.46,23.42,83.95,1.37,16.33,Bolangir
2021,262,28.22,23.48,88.51,1.44,7.0,Bolangir
2021,263,29.18,22.44,87.04,1.81,14.58,Bolangir
2021,264,29.67,22.98,87.47,2.04,14.88,Bolangir
2021,265,30.42,23.26,86.5,2.3,16.64,Bolangir
2021,266,28.67,23.58,90.56,3.42,17.33,Bolangir
2021,267,30.49,22.9,85.06,2.11,18.37,Bolangir
2021,268,31.03,23.03,82.9,1.78,17.51,Bolangir
2021,269,28.65,23.9,88.44,4.01,14.64,Bolangir
2021,270,28.56,23.6,90.22,6.16,9.78,Bolangir
2021,271,28.9,23.06,87.97,3.63,14.42,Bolangir
2021,272,29.24,22.78,87.83,2.18,15.11,Bolangir
2021,273,29.46,23.67,89.09,2.28,15.13,Bolangir
2021,274,30.76,23.26,84.89,1.63,21.16,Bolangir
2021,275,30.37,23.09,84.19,1.97,19.58,Bolangir
2021,276,30.31,23.42,84.72,1.79,21.25,Bolangir
2021,277,31.38,23.37,80.53,0.94,19.18,Bolangir
2021,278,30.87,23.7,85.82,1.88,18.69,Bolangir
2021,279,30.91,23.01,81.34,1.16,20.56,Bolangir
2021,280,30.76,22.44,82.81,1.63,20.83,Bolangir
2021,281,30.16,23.3,83.09,1.68,18.26,Bolangir
2021,282,30.09,22.77,84.71,1.95,16.37,Bolangir
2021,283,29.67,20.48,81.01,2.17,19.25,Bolangir
2021,284,29.35,20.39,82.12,1.68,16.37,Bolangir
2021,285,29.58,20.86,84.78,1.71,15.22,Bolangir
2021,286,29.26,21.92,84.81,2.06,17.99,Bolangir
2021,287,29.39,20.93,86.26,1.6,16.67,Bolangir
2021,288,29.31,23.13,89.41,2.63,13.64,Bolangir
2021,289,28.58,23.63,91.46,2.81,16.01,Bolangir
2021,290,29.68,22.74,87.01,2.3,14.61,Bolangir
2021,291,29.87,22.96,87.15,2.56,13.45,Bolangir
2021,292,29.24,23.98,90.15,2.57,11.52,Bolangir
2021,293,27.72,23.16,88.6,2.06,16.95,Bolangir
2021,294,28.75,20.46,83.0,2.22,18.65,Bolangir
2021,295,28.03,17.43,72.87,1.74,20.68,Bolangir
2021,296,27.88,17.33,72.13,1.62,20.68,Bolangir
2021,297,28.14,18.8,73.78,1.47,18.96,Bolangir
2021,298,26.84,19.23,74.44,1.57,18.22,Bolangir
2021,299,27.21,17.22,78.57,1.63,17.75,Bolangir
2021,300,27.32,18.84,87.17,2.74,13.91,Bolangir
2021,301,27.19,20.58,89.2,3.53,15.46,Bolangir
2021,302,27.36,20.62,89.55,3.37,13.87,Bolangir
2021,303,28.07,20.56,88.67,2.19,13.29,Bolangir
2021,304,26.52,19.75,86.69,1.8,15.28,Bolangir
2021,305,27.07,18.0,84.85,1.7,15.61,Bolangir
2021,306,27.51,20.07,88.05,2.66,12.8,Bolangir
2021,307,27.64,19.84,87.19,2.41,13.85,Bolangir
2021,308,28.1,19.79,86.08,1.85,15.46,Bolangir
2021,309,27.41,19.34,86.13,1.95,14.9,Bolangir
2021,310,26.6,19.0,83.69,1.89,16.69,Bolangir
2021,311,25.72,16.84,79.68,1.88,17.74,Bolangir
2021,312,25.39,14.21,76.46,1.82,18.28,Bolangir
2021,313,25.38,13.71,79.07,1.79,16.96,Bolangir
2021,314,25.36,13.87,78.89,1.86,14.56,Bolangir
2021,315,26.74,14.84,86.86,2.24,14.0,Bolangir
2021,316,28.26,19.85,90.94,3.06,8.07,Bolangir
2021,317,26.48,21.9,93.33,3.17,9.04,Bolangir
2021,318,28.9,20.82,88.2,2.23,12.55,Bolangir
2021,319,28.83,20.91,87.54,1.74,10.75,Bolangir
2021,320,29.28,21.85,87.92,1.32,10.85,Bolangir
2021,321,28.2,20.96,88.09,2.96,9.45,Bolangir
2021,322,27.78,19.55,87.77,2.32,15.06,Bolangir
2021,323,28.12,19.27,84.93,2.55,16.76,Bolangir
2021,324,28.47,20.43,87.09,2.28,11.75,Bolangir
2021,325,29.37,20.78,86.47,1.59,16.28,Bolangir
2021,326,28.61,21.53,87.29,1.78,10.26,Bolangir
2021,327,27.92,19.31,83.88,1.7,12.4,Bolangir
2021,328,27.88,18.15,82.82,1.64,12.18,Bolangir
2021,329,27.29,19.06,80.43,1.33,12.59,Bolangir
2021,330,25.82,16.88,75.09,1.47,13.05,Bolangir
2021,331,25.04,14.98,77.57,1.96,13.24,Bolangir
2021,332,24.74,13.06,75.33,2.28,15.49,Bolangir
2021,333,23.51,12.68,69.99,1.74,16.01,Bolangir
2021,334,24.23,12.52,70.05,1.82,14.81,Bolangir
2021,335,24.59,12.79,75.17,1.86,14.34,Bolangir
2021,336,25.72,13.38,78.53,2.0,16.9,Bolangir
2021,337,25.52,14.44,85.79,2.39,9.12,Bolangir
2021,338,21.95,16.95,91.64,3.43,11.32,Bolangir
2021,339,22.81,18.23,94.53,5.11,5.72,Bolangir
2021,340,25.5,18.33,90.77,3.33,7.78,Bolangir
2021,341,25.93,18.01,85.29,2.74,13.49,Bolangir
2021,342,26.07,16.5,85.22,2.89,13.75,Bolangir
2021,343,24.7,16.52,89.71,2.51,7.34,Bolangir
2021,344,25.2,16.8,83.95,2.02,10.1,Bolangir
2021,345,25.98,15.94,77.6,1.56,14.04,Bolangir
2021,346,25.5,16.16,80.68,1.55,11.6,Bolangir
2021,347,24.73,14.15,78.15,1.99,11.72,Bolangir
2021,348,24.62,14.47,76.5,1.67,12.68,Bolangir
2021,349,23.61,14.59,71.57,1.6,13.01,Bolangir
2021,350,24.18,14.06,68.43,2.16,14.89,Bolangir
2021,351,24.2,13.23,64.38,1.74,16.17,Bolangir
2021,352,24.7,11.77,72.36,1.87,14.47,Bolangir
2021,353,22.91,11.57,76.53,2.14,11.75,Bolangir
2021,354,21.36,6.52,58.21,2.12,15.77,Bolangir
2021,355,22.15,7.55,56.47,1.93,16.07,Bolangir
2021,356,22.92,8.9,51.2,2.01,15.77,Bolangir
2021,357,23.92,10.88,50.01,1.41,15.32,Bolangir
2021,358,25.94,12.44,51.68,1.2,14.53,Bolangir
2021,359,26.02,11.59,67.16,2.22,14.02,Bolangir
2021,360,26.59,14.57,66.8,1.27,10.85,Bolangir
2021,361,26.0,14.53,76.86,1.75,9.59,Bolangir
2021,362,26.49,14.55,80.44,2.49,10.08,Bolangir
2021,363,24.98,15.61,84.7,2.56,8.1,Bolangir
2021,364,23.39,15.17,88.14,2.15,11.96,Bolangir
2021,365,24.37,13.65,84.48,1.83,8.91,Bolangir
2022,1,23.99,13.5,79.22,1.95,8.38,Bolangir
2022,2,23.3,12.87,73.12,1.79,13.5,Bolangir
2022,3,24.81,11.57,72.91,1.4,16.32,Bolangir
2022,4,25.18,13.33,69.42,1.5,16.85,Bolangir
2022,5,25.81,11.82,72.03,2.0,16.43,Bolangir
2022,6,26.41,13.77,65.8,1.76,15.67,Bolangir
2022,7,26.99,13.28,74.96,2.34,15.02,Bolangir
2022,8,26.55,12.56,75.32,2.04,15.33,Bolangir
2022,9,27.31,13.18,73.06,2.04,16.02,Bolangir
2022,10,26.86,14.51,77.8,2.5,7.85,Bolangir
2022,11,24.61,14.47,86.72,1.63,5.17,Bolangir
2022,12,21.19,16.82,91.69,2.2,4.97,Bolangir
2022,13,22.68,15.95,89.89,2.36,4.66,Bolangir
2022,14,22.26,16.46,90.22,3.58,9.92,Bolangir
2022,15,23.51,14.1,82.21,2.58,8.92,Bolangir
2022,16,24.38,12.66,78.92,2.12,12.9,Bolangir
2022,17,23.34,11.44,75.92,2.21,12.7,Bolangir
2022,18,23.79,11.18,66.9,1.74,16.17,Bolangir
2022,19,23.74,9.8,63.58,1.59,16.66,Bolangir
2022,20,24.54,10.41,57.91,1.63,16.41,Bolangir
2022,21,26.48,11.44,61.98,2.22,15.81,Bolangir
2022,22,26.43,13.32,63.12,1.76,17.53,Bolangir
2022,23,24.75,14.48,74.66,3.1,11.46,Bolangir
2022,24,25.57,14.94,75.86,2.0,14.91,Bolangir
2022,25,24.31,12.18,72.27,2.11,13.82,Bolangir
2022,26,24.07,10.84,65.81,2.22,15.69,Bolangir
2022,27,22.47,8.05,63.09,2.51,16.39,Bolangir
2022,28,22.14,7.08,59.4,2.4,18.43,Bolangir
2022,29,23.17,6.14,55.05,2.03,19.1,Bolangir
2022,30,24.97,7.55,54.29,2.5,19.1,Bolangir
2022,31,26.46,9.08,51.58,2.3,20.09,Bolangir
2022,32,27.25,10.45,51.42,2.68,19.73,Bolangir
2022,33,27.49,12.43,49.58,1.88,18.86,Bolangir
2022,34,29.29,11.94,50.38,2.5,18.9,Bolangir
2022,35,27.01,13.74,72.96,5.49,11.96,Bolangir
2022,36,25.36,8.27,56.23,2.26,20.38,Bolangir
2022,37,26.32,11.9,41.11,1.71,20.22,Bolangir
2022,38,26.28,11.9,43.92,1.76,20.73,Bolangir
2022,39,27.35,12.91,43.31,1.64,20.09,Bolangir
2022,40,29.88,11.28,52.51,2.03,19.23,Bolangir
2022,41,25.73,14.69,75.02,2.87,12.51,Bolangir
2022,42,25.95,11.36,64.95,2.63,16.16,Bolangir
2022,43,26.96,10.55,49.35,2.37,20.82,Bolangir
2022,44,28.14,11.76,41.52,1.33,21.74,Bolangir
2022,45,28.04,12.53,42.76,1.94,21.38,Bolangir
2022,46,28.33,12.31,41.81,1.88,20.92,Bolangir
2022,47,28.53,13.54,46.71,1.92,18.82,Bolangir
2022,48,29.33,14.89,58.54,2.41,11.36,Bolangir
2022,49,28.84,14.19,56.02,2.24,15.01,Bolangir
2022,50,29.55,15.13,47.26,1.78,15.01,Bolangir
2022,51,31.11,17.61,59.13,4.0,14.07,Bolangir
2022,52,31.08,13.72,49.5,2.46,20.97,Bolangir
2022,53,31.28,15.21,35.99,1.92,20.88,Bolangir
2022,54,33.26,14.21,58.04,2.51,20.36,Bolangir
2022,55,34.29,16.55,59.0,2.85,21.8,Bolangir
2022,56,33.4,17.28,58.83,3.03,20.47,Bolangir
2022,57,33.7,18.93,50.95,1.62,21.26,Bolangir
2022,58,33.5,16.61,47.99,3.04,21.86,Bolangir
2022,59,33.72,18.04,45.55,2.65,21.97,Bolangir
2022,60,34.03,18.79,45.35,2.49,21.59,Bolangir
2022,61,33.62,17.72,46.81,2.63,21.26,Bolangir
2022,62,34.27,17.86,47.95,2.51,21.7,Bolangir
2022,63,34.36,19.32,42.95,2.16,20.41,Bolangir
2022,64,34.51,18.21,45.73,2.81,19.78,Bolangir
2022,65,33.96,16.91,40.64,2.65,21.09,Bolangir
2022,66,34.51,17.4,33.86,2.1,21.73,Bolangir
2022,67,34.19,17.91,34.8,2.25,21.39,Bolangir
2022,68,34.73,16.25,35.57,2.6,22.26,Bolangir
2022,69,34.97,16.96,35.97,2.55,22.31,Bolangir
2022,70,35.22,19.42,34.71,2.46,21.66,Bolangir
2022,71,33.94,18.14,39.73,2.61,21.06,Bolangir
2022,72,33.17,17.02,33.92,2.35,22.38,Bolangir
2022,73,36.11,19.53,23.97,2.01,23.21,Bolangir
2022,74,37.13,19.62,25.22,2.27,23.5,Bolangir
2022,75,38.49,19.74,29.1,2.98,23.34,Bolangir
2022,76,39.32,21.07,31.05,2.5,22.61,Bolangir
2022,77,38.69,21.66,40.64,3.65,22.05,Bolangir
2022,78,38.3,21.81,38.58,3.05,23.42,Bolangir
2022,79,38.4,22.6,35.22,2.36,21.8,Bolangir
2022,80,38.45,21.78,37.17,2.7,17.06,Bolangir
2022,81,39.51,24.14,27.44,2.64,18.21,Bolangir
2022,82,39.22,22.07,27.23,1.99,20.33,Bolangir
2022,83,39.53,21.25,27.71,1.83,21.14,Bolangir
2022,84,40.62,21.96,32.01,2.62,18.99,Bolangir
2022,85,39.92,25.46,33.18,3.6,13.67,Bolangir
2022,86,40.24,24.13,25.21,2.41,21.01,Bolangir
2022,87,40.18,23.06,17.38,2.06,23.13,Bolangir
2022,88,41.24,21.55,18.36,3.19,22.95,Bolangir
2022,89,41.74,22.69,20.02,2.41,21.73,Bolangir
2022,90,42.59,22.63,29.43,2.19,22.12,Bolangir
2022,91,42.82,23.43,33.59,2.7,22.33,Bolangir
2022,92,42.37,23.38,30.65,3.06,22.86,Bolangir
2022,93,41.87,24.43,24.13,1.99,20.15,Bolangir
2022,94,41.93,23.31,30.99,2.2,20.38,Bolangir
2022,95,41.37,23.42,38.78,3.56,20.76,Bolangir
2022,96,41.76,24.24,35.85,3.24,20.5,Bolangir
2022,97,41.44,24.0,33.81,2.92,22.06,Bolangir
2022,98,41.67,24.79,28.74,3.49,17.36,Bolangir
2022,99,41.91,25.62,31.13,3.92,21.36,Bolangir
2022,100,42.48,24.91,32.61,3.28,21.47,Bolangir
2022,101,43.25,26.45,28.48,3.61,22.22,Bolangir
2022,102,43.22,25.63,28.16,2.73,21.79,Bolangir
2022,103,43.17,26.68,25.67,2.58,22.92,Bolangir
2022,104,42.61,28.23,26.65,3.84,21.54,Bolangir
2022,105,41.87,28.22,26.31,3.81,19.8,Bolangir
2022,106,41.88,28.48,33.95,5.44,21.02,Bolangir
2022,107,42.45,26.49,34.44,3.36,21.54,Bolangir
2022,108,43.09,25.79,26.31,3.41,24.05,Bolangir
2022,109,43.81,26.61,17.21,2.57,23.79,Bolangir
2022,110,44.05,26.46,32.89,3.79,23.67,Bolangir
2022,111,43.18,26.94,33.52,3.63,22.12,Bolangir
2022,112,40.14,28.08,35.33,3.61,16.95,Bolangir
2022,113,41.33,26.8,32.2,2.55,22.67,Bolangir
2022,114,42.08,27.35,30.47,3.87,23.57,Bolangir
2022,115,43.01,26.3,25.37,3.01,24.03,Bolangir
2022,116,43.44,26.86,18.66,2.14,23.71,Bolangir
2022,117,44.53,26.14,23.79,2.95,23.19,Bolangir
2022,118,44.38,26.86,20.1,2.45,23.69,Bolangir
2022,119,44.73,26.49,20.38,2.98,23.53,Bolangir
2022,120,45.27,27.06,25.95,3.65,23.55,Bolangir
2022,121,44.73,28.47,25.85,3.98,21.07,Bolangir
2022,122,41.76,27.84,35.37,4.13,22.94,Bolangir
2022,123,43.27,27.48,39.6,3.86,21.93,Bolangir
2022,124,41.85,27.44,42.28,4.63,24.37,Bolangir
2022,125,42.19,28.21,31.61,2.81,24.48,Bolangir
2022,126,40.8,26.01,43.3,3.36,23.89,Bolangir
2022,127,40.73,26.94,33.1,2.53,23.71,Bolangir
2022,128,41.48,25.96,38.44,4.06,25.62,Bolangir
2022,129,40.22,24.91,48.8,5.44,26.17,Bolangir
2022,130,36.57,25.94,60.6,5.93,19.78,Bolangir
2022,131,37.69,25.53,59.39,4.82,15.67,Bolangir
2022,132,39.99,26.28,52.04,4.17,21.48,Bolangir
2022,133,42.17,26.43,44.39,3.99,24.6,Bolangir
2022,134,43.55,27.41,43.13,4.16,22.48,Bolangir
2022,135,43.74,27.98,44.29,4.95,23.82,Bolangir
2022,136,42.12,29.17,44.8,3.95,23.0,Bolangir
2022,137,41.59,28.94,41.71,3.21,22.3,Bolangir
2022,138,38.96,29.71,46.0,2.81,21.96,Bolangir
2022,139,39.89,27.32,48.64,3.94,17.34,Bolangir
2022,140,39.45,27.18,53.07,4.72,26.19,Bolangir
2022,141,42.4,27.14,44.15,5.18,25.55,Bolangir
2022,142,42.05,28.07,36.8,3.04,24.47,Bolangir
2022,143,40.26,25.02,47.95,2.81,22.01,Bolangir
2022,144,38.86,27.39,44.2,2.3,22.82,Bolangir
2022,145,38.65,26.48,42.02,3.1,23.59,Bolangir
2022,146,40.3,26.22,36.23,2.88,21.98,Bolangir
2022,147,39.93,25.16,48.11,4.64,23.96,Bolangir
2022,148,41.81,26.58,40.82,3.86,22.75,Bolangir
2022,149,42.6,28.16,39.08,3.07,23.43,Bolangir
2022,150,41.58,27.65,41.76,2.45,20.02,Bolangir
2022,151,41.56,28.88,38.51,2.39,22.64,Bolangir
2022,152,42.1,30.41,38.88,2.87,19.14,Bolangir
2022,153,43.21,28.86,38.32,3.91,23.33,Bolangir
2022,154,42.74,29.52,35.03,2.49,20.26,Bolangir
2022,155,42.82,29.92,38.98,3.92,21.16,Bolangir
2022,156,41.15,29.8,42.99,5.25,23.35,Bolangir
2022,157,37.82,29.75,45.02,4.54,21.08,Bolangir
2022,158,41.08,28.38,42.04,3.87,12.4,Bolangir
2022,159,42.47,29.36,37.35,3.7,22.38,Bolangir
2022,160,40.51,29.7,42.24,4.55,18.39,Bolangir
2022,161,39.55,30.03,44.3,4.8,10.1,Bolangir
2022,162,37.95,27.3,51.73,5.25,15.43,Bolangir
2022,163,38.82,28.51,45.48,4.31,23.36,Bolangir
2022,164,36.37,28.61,47.93,3.73,23.97,Bolangir
2022,165,38.41,29.07,44.01,3.67,18.5,Bolangir
2022,166,36.47,27.07,58.03,2.8,10.6,Bolangir
2022,167,32.37,26.47,71.37,2.78,18.06,Bolangir
2022,168,34.61,25.67,63.82,4.0,18.73,Bolangir
2022,169,33.07,25.89,70.69,2.88,11.93,Bolangir
2022,170,35.11,24.96,67.98,2.11,18.21,Bolangir
2022,171,32.52,25.51,74.37,3.83,12.01,Bolangir
2022,172,32.96,24.3,74.45,3.34,18.11,Bolangir
2022,173,34.79,24.08,65.53,1.84,16.47,Bolangir
2022,174,32.37,24.93,68.95,3.63,14.12,Bolangir
2022,175,31.4,24.67,77.65,2.95,15.19,Bolangir
2022,176,29.53,24.93,81.96,2.59,12.63,Bolangir
2022,177,35.45,24.73,67.18,4.13,19.67,Bolangir
2022,178,35.99,24.08,66.53,2.46,20.02,Bolangir
2022,179,35.81,26.03,63.97,2.2,18.72,Bolangir
2022,180,33.88,26.25,68.29,1.88,19.36,Bolangir
2022,181,34.15,26.03,67.91,2.88,16.11,Bolangir
2022,182,32.42,25.23,76.16,2.63,19.11,Bolangir
2022,183,31.83,25.55,82.84,2.5,9.9,Bolangir
2022,184,30.96,25.1,81.84,1.61,14.83,Bolangir
2022,185,29.57,24.88,84.7,2.99,12.05,Bolangir
2022,186,30.72,23.87,81.74,2.88,15.1,Bolangir
2022,187,31.12,24.44,81.57,2.05,11.44,Bolangir
2022,188,31.11,25.04,81.16,2.67,14.85,Bolangir
2022,189,31.63,24.22,82.23,3.03,17.12,Bolangir
2022,190,30.82,24.03,86.01,4.04,14.12,Bolangir
2022,191,31.17,22.93,80.44,2.24,16.23,Bolangir
2022,192,31.2,24.29,82.42,2.17,14.46,Bolangir
2022,193,31.29,24.94,87.21,2.56,8.87,Bolangir
2022,194,31.31,24.73,87.28,3.78,11.52,Bolangir
2022,195,31.91,24.09,83.48,3.32,11.34,Bolangir
2022,196,30.76,24.44,83.38,1.52,15.86,Bolangir
2022,197,31.24,24.81,85.4,3.13,11.38,Bolangir
2022,198,30.18,24.34,89.37,5.28,8.29,Bolangir
2022,199,31.07,24.0,82.94,5.6,16.43,Bolangir
2022,200,31.61,22.82,78.46,4.31,17.09,Bolangir
2022,201,30.31,23.67,84.16,4.05,10.95,Bolangir
2022,202,30.47,24.55,86.89,2.81,10.41,Bolangir
2022,203,29.31,25.21,90.83,2.75,11.62,Bolangir
2022,204,31.07,24.2,85.05,2.27,12.27,Bolangir
2022,205,30.97,23.55,83.08,2.41,11.25,Bolangir
2022,206,30.57,23.88,85.58,1.87,16.12,Bolangir
2022,207,30.9,23.62,83.78,2.77,19.82,Bolangir
2022,208,31.78,23.79,81.67,2.5,23.24,Bolangir
2022,209,30.86,24.1,82.35,2.19,16.81,Bolangir
2022,210,31.26,24.84,79.0,1.14,21.32,Bolangir
2022,211,31.86,24.26,81.14,1.39,22.56,Bolangir
2022,212,31.7,24.53,83.12,2.48,18.04,Bolangir
2022,213,31.1,24.41,82.36,1.85,17.19,Bolangir
2022,214,31.81,24.36,79.21,1.29,18.6,Bolangir
2022,215,32.24,24.21,81.2,2.67,18.21,Bolangir
2022,216,32.12,22.43,79.68,2.63,21.33,Bolangir
2022,217,32.04,23.48,81.25,1.93,19.56,Bolangir
2022,218,31.06,24.49,83.21,1.45,8.53,Bolangir
2022,219,28.79,24.99,89.21,1.95,6.64,Bolangir
2022,220,30.43,23.67,86.22,2.7,14.45,Bolangir
2022,221,30.15,24.37,89.58,3.07,3.14,Bolangir
2022,222,27.37,23.78,89.79,6.44,9.17,Bolangir
2022,223,30.1,23.64,85.59,5.12,9.73,Bolangir
2022,224,29.22,23.97,87.01,4.24,14.25,Bolangir
2022,225,27.17,24.25,93.22,5.46,4.26,Bolangir
2022,226,28.49,24.03,91.53,3.98,4.28,Bolangir
2022,227,28.09,23.82,90.06,7.11,7.83,Bolangir
2022,228,30.26,22.86,86.04,3.31,21.32,Bolangir
2022,229,29.91,23.42,88.42,3.17,20.98,Bolangir
2022,230,29.49,23.94,90.07,3.96,18.81,Bolangir
2022,231,27.04,24.15,93.68,4.94,7.83,Bolangir
2022,232,27.91,23.85,93.2,6.99,6.05,Bolangir
2022,233,29.62,23.06,87.43,5.22,15.69,Bolangir
2022,234,30.21,23.47,86.51,3.52,17.87,Bolangir
2022,235,28.58,23.8,87.62,1.65,19.97,Bolangir
2022,236,29.47,23.1,88.24,2.49,11.31,Bolangir
2022,237,29.89,23.23,85.05,2.23,17.34,Bolangir
2022,238,30.74,22.38,84.14,2.33,18.99,Bolangir
2022,239,29.94,23.45,86.73,2.08,19.72,Bolangir
2022,240,29.33,23.94,85.25,1.49,16.77,Bolangir
2022,241,30.51,23.3,82.26,1.68,19.02,Bolangir
2022,242,31.0,22.69,81.6,1.53,24.24,Bolangir
2022,243,31.46,23.11,80.48,1.23,20.74,Bolangir
2022,244,30.96,23.65,83.72,1.98,22.52,Bolangir
2022,245,30.55,23.11,82.15,1.65,23.59,Bolangir
2022,246,30.75,23.6,85.64,2.2,16.37,Bolangir
2022,247,29.6,24.4,88.37,2.6,18.36,Bolangir
2022,248,30.23,23.17,86.02,2.35,18.82,Bolangir
2022,249,30.19,23.13,84.34,1.5,18.02,Bolangir
2022,250,29.32,24.36,86.34,2.01,19.5,Bolangir
2022,251,29.46,24.05,90.63,3.46,17.17,Bolangir
2022,252,29.98,24.42,89.79,4.93,15.7,Bolangir
2022,253,29.57,24.17,90.42,4.83,9.31,Bolangir
2022,254,27.11,23.83,94.29,5.83,9.18,Bolangir
2022,255,30.31,24.01,87.26,6.09,16.38,Bolangir
2022,256,29.78,24.02,88.58,4.93,15.31,Bolangir
2022,257,29.7,23.58,88.14,3.83,17.25,Bolangir
2022,258,29.25,23.58,88.36,3.25,19.42,Bolangir
2022,259,28.62,23.99,88.88,3.42,18.38,Bolangir
2022,260,27.85,23.89,89.97,3.12,13.94,Bolangir
2022,261,28.24,23.13,92.0,2.66,11.72,Bolangir
2022,262,28.93,22.76,89.89,2.84,10.17,Bolangir
2022,263,29.46,23.41,89.4,2.47,8.26,Bolangir
2022,264,27.92,23.54,91.24,1.51,12.01,Bolangir
2022,265,30.57,22.78,86.89,2.52,14.76,Bolangir
2022,266,27.48,22.99,89.61,4.15,14.47,Bolangir
2022,267,29.34,22.0,85.69,2.5,20.03,Bolangir
2022,268,29.58,22.06,82.24,1.17,18.68,Bolangir
2022,269,30.38,22.3,82.66,1.23,17.48,Bolangir
2022,270,30.24,23.34,85.49,1.69,17.25,Bolangir
2022,271,29.99,23.02,85.47,1.68,17.57,Bolangir
2022,272,29.85,23.12,87.65,1.76,14.22,Bolangir
2022,273,29.94,23.54,85.62,2.17,17.88,Bolangir
2022,274,29.65,22.34,84.6,1.65,19.65,Bolangir
2022,275,29.37,22.17,87.25,2.93,16.28,Bolangir
2022,276,26.57,22.76,93.18,2.65,14.42,Bolangir
2022,277,29.23,22.76,90.78,2.14,4.3,Bolangir
2022,278,29.71,24.1,90.03,3.77,14.99,Bolangir
2022,279,28.45,22.66,89.95,4.3,14.25,Bolangir
2022,280,27.38,22.39,91.43,3.28,14.25,Bolangir
2022,281,29.43,21.5,88.72,2.56,16.87,Bolangir
2022,282,28.38,21.91,90.39,3.06,14.85,Bolangir
2022,283,28.11,22.57,89.99,2.1,16.48,Bolangir
2022,284,30.0,21.51,83.93,1.69,16.49,Bolangir
2022,285,29.47,22.4,86.37,1.61,13.04,Bolangir
2022,286,29.03,23.05,86.79,1.44,17.95,Bolangir
2022,287,29.18,21.54,87.44,2.12,17.78,Bolangir
2022,288,29.42,21.86,87.62,2.22,18.87,Bolangir
2022,289,29.83,21.58,86.17,1.84,20.92,Bolangir
2022,290,29.24,21.57,83.95,1.35,18.51,Bolangir
2022,291,28.91,21.86,81.93,0.96,13.74,Bolangir
2022,292,28.42,21.19,85.23,1.79,13.35,Bolangir
2022,293,28.0,19.63,86.4,2.44,15.53,Bolangir
2022,294,26.67,16.17,78.23,2.29,19.69,Bolangir
2022,295,26.88,15.58,81.59,2.5,20.3,Bolangir
2022,296,26.83,15.91,85.85,2.99,18.43,Bolangir
2022,297,26.93,16.33,85.73,3.2,19.83,Bolangir
2022,298,27.76,16.28,80.66,1.92,20.45,Bolangir
2022,299,27.33,17.19,79.42,1.27,19.69,Bolangir
2022,300,26.28,16.71,72.5,1.36,19.51,Bolangir
2022,301,26.52,16.61,70.69,1.45,19.7,Bolangir
2022,302,25.99,15.49,73.31,1.77,19.48,Bolangir
2022,303,25.86,15.13,70.77,1.62,19.83,Bolangir
2022,304,25.86,15.15,74.93,1.34,19.16,Bolangir
2022,305,26.75,16.89,81.19,1.31,14.11,Bolangir
2022,306,27.03,19.0,84.88,1.34,16.28,Bolangir
2022,307,26.97,19.52,83.97,1.96,17.22,Bolangir
2022,308,26.24,17.05,72.09,1.21,18.57,Bolangir
2022,309,26.47,14.8,71.47,1.47,17.55,Bolangir
2022,310,26.14,15.02,77.64,1.74,16.73,Bolangir
2022,311,25.81,16.93,78.41,1.46,15.18,Bolangir
2022,312,26.1,17.2,74.66,1.12,14.65,Bolangir
2022,313,25.81,17.21,80.81,1.42,14.0,Bolangir
2022,314,25.57,16.61,80.63,1.76,16.3,Bolangir
2022,315,25.57,15.12,78.27,1.92,16.88,Bolangir
2022,316,25.45,14.79,78.75,1.44,17.28,Bolangir
2022,317,24.82,13.87,76.08,1.5,17.6,Bolangir
2022,318,23.92,13.51,75.0,1.37,17.68,Bolangir
2022,319,24.14,12.6,73.31,1.6,17.75,Bolangir
2022,320,25.12,12.56,78.68,1.48,17.47,Bolangir
2022,321,24.88,13.15,76.81,1.68,17.92,Bolangir
2022,322,24.74,13.79,75.56,1.85,16.94,Bolangir
2022,323,23.71,12.06,81.29,2.23,16.29,Bolangir
2022,324,24.17,11.18,80.84,2.06,17.13,Bolangir
2022,325,24.98,12.76,81.1,1.95,15.46,Bolangir
2022,326,25.54,14.26,77.55,1.86,16.33,Bolangir
2022,327,24.91,14.72,75.53,1.49,14.54,Bolangir
2022,328,24.98,14.81,75.22,1.46,14.19,Bolangir
2022,329,24.28,13.02,72.49,1.3,15.74,Bolangir
2022,330,23.63,12.1,74.69,1.09,17.16,Bolangir
2022,331,23.21,11.21,71.85,1.4,17.05,Bolangir
2022,332,23.63,12.07,70.99,1.23,16.32,Bolangir
2022,333,24.59,13.24,73.85,1.35,15.99,Bolangir
2022,334,24.95,14.38,78.06,1.75,15.27,Bolangir
2022,335,25.85,13.81,79.72,1.29,15.05,Bolangir
2022,336,25.75,15.02,79.17,1.24,13.35,Bolangir
2022,337,25.3,16.25,82.52,1.62,12.17,Bolangir
2022,338,25.0,16.52,80.92,1.52,12.93,Bolangir
2022,339,24.48,15.57,81.41,1.62,13.64,Bolangir
2022,340,24.43,12.89,79.14,1.47,14.48,Bolangir
2022,341,23.4,10.25,76.64,1.94,13.66,Bolangir
2022,342,22.51,9.58,74.72,2.4,15.19,Bolangir
2022,343,21.15,10.66,75.67,1.97,13.82,Bolangir
2022,344,24.95,13.02,76.12,2.26,8.33,Bolangir
2022,345,27.36,15.36,78.17,1.81,11.8,Bolangir
2022,346,27.48,16.34,72.17,1.22,13.02,Bolangir
2022,347,26.66,15.85,66.81,1.44,14.65,Bolangir
2022,348,26.63,14.93,69.78,1.71,15.17,Bolangir
2022,349,26.6,16.57,69.59,1.24,15.35,Bolangir
2022,350,26.11,16.15,70.81,1.47,14.86,Bolangir
2022,351,25.46,14.55,74.15,1.77,15.8,Bolangir
2022,352,24.19,11.46,65.33,1.55,16.18,Bolangir
2022,353,23.9,11.47,60.54,1.04,15.88,Bolangir
2022,354,25.22,12.46,59.64,1.14,15.35,Bolangir
2022,355,25.1,13.5,63.93,1.45,13.62,Bolangir
2022,356,24.57,12.79,63.28,1.23,13.8,Bolangir
2022,357,26.91,14.29,62.17,1.82,15.06,Bolangir
2022,358,28.15,13.36,59.76,1.68,15.96,Bolangir
2022,359,28.51,12.82,63.51,2.18,15.81,Bolangir
2022,360,28.29,13.25,63.75,2.0,17.0,Bolangir
2022,361,28.1,14.77,73.68,2.54,16.15,Bolangir
2022,362,26.99,16.11,75.78,1.84,13.28,Bolangir
2022,363,25.73,11.93,66.27,1.74,14.13,Bolangir
2022,364,25.88,13.25,50.81,1.25,16.32,Bolangir
2022,365,26.95,13.85,57.22,1.76,15.86,Bolangir
2023,1,26.65,14.07,64.29,1.58,13.72,Bolangir
2023,2,26.25,14.44,69.65,1.53,10.74,Bolangir
2023,3,26.4,13.68,76.74,1.92,8.94,Bolangir
2023,4,26.15,14.87,77.95,2.04,9.67,Bolangir
2023,5,24.66,14.67,76.75,2.14,10.72,Bolangir
2023,6,23.86,11.99,72.32,2.3,11.89,Bolangir
2023,7,22.7,7.0,59.58,2.15,17.98,Bolangir
2023,8,24.03,7.14,56.42,1.89,18.38,Bolangir
2023,9,26.34,10.35,52.17,1.69,17.77,Bolangir
2023,10,26.37,11.12,54.11,1.58,17.87,Bolangir
2023,11,27.22,10.43,51.62,1.68,17.57,Bolangir
2023,12,27.9,11.26,47.35,2.17,16.91,Bolangir
2023,13,28.41,12.13,49.59,2.29,16.61,Bolangir
2023,14,27.96,12.85,52.88,2.48,16.06,Bolangir
2023,15,27.44,14.02,57.05,2.07,15.59,Bolangir
2023,16,26.77,13.07,63.88,1.68,15.44,Bolangir
2023,17,27.52,14.05,63.14,2.09,14.55,Bolangir
2023,18,26.71,14.9,68.91,2.07,12.04,Bolangir
2023,19,27.33,14.71,67.56,1.85,10.75,Bolangir
2023,20,28.23,14.39,69.37,2.06,12.18,Bolangir
2023,21,28.87,14.95,64.79,2.08,14.23,Bolangir
2023,22,29.35,14.66,52.85,1.88,16.06,Bolangir
2023,23,30.25,12.55,53.6,2.07,16.97,Bolangir
2023,24,31.47,13.99,45.17,1.68,17.07,Bolangir
2023,25,31.29,13.17,47.63,1.93,17.51,Bolangir
2023,26,30.59,13.3,49.13,2.43,18.02,Bolangir
2023,27,30.32,15.49,51.23,1.68,17.3,Bolangir
2023,28,30.59,14.99,58.18,1.82,15.27,Bolangir
2023,29,30.77,15.98,62.68,2.48,16.0,Bolangir
2023,30,30.86,15.68,62.31,2.49,18.07,Bolangir
2023,31,29.73,16.79,49.53,1.99,16.81,Bolangir
2023,32,29.63,14.06,55.65,2.75,17.16,Bolangir
2023,33,28.84,10.02,44.05,2.37,20.0,Bolangir
2023,34,28.77,9.36,36.36,2.2,20.94,Bolangir
2023,35,29.44,10.71,33.02,2.28,21.26,Bolangir
2023,36,29.65,12.23,30.97,1.86,21.35,Bolangir
2023,37,30.35,14.12,30.06,1.69,20.39,Bolangir
2023,38,30.85,12.89,36.26,2.21,19.87,Bolangir
2023,39,30.65,14.43,40.94,2.62,19.46,Bolangir
2023,40,31.04,12.96,36.79,2.07,20.41,Bolangir
2023,41,31.02,15.07,31.52,1.72,20.38,Bolangir
2023,42,33.21,13.38,36.16,3.04,21.55,Bolangir
2023,43,32.03,13.42,38.2,3.37,21.88,Bolangir
2023,44,30.12,11.54,35.36,2.79,22.74,Bolangir
2023,45,29.8,11.81,29.13,2.48,22.15,Bolangir
2023,46,31.05,12.07,31.16,2.93,22.06,Bolangir
2023,47,31.27,13.07,36.42,2.31,21.77,Bolangir
2023,48,31.76,14.47,36.99,1.71,19.96,Bolangir
2023,49,31.9,15.22,55.9,2.13,17.34,Bolangir
2023,50,32.32,16.64,55.86,2.34,17.23,Bolangir
2023,51,32.59,17.02,40.91,1.97,18.04,Bolangir
2023,52,34.55,17.25,31.48,2.0,21.67,Bolangir
2023,53,35.89,15.86,27.02,2.71,21.8,Bolangir
2023,54,35.71,15.93,25.64,2.68,21.1,Bolangir
2023,55,34.7,18.67,25.87,2.07,21.12,Bolangir
2023,56,34.6,19.1,27.31,2.05,20.34,Bolangir
2023,57,34.71,17.44,35.24,2.1,19.77,Bolangir
2023,58,34.4,16.41,42.55,2.57,20.23,Bolangir
2023,59,34.82,18.62,28.63,1.78,19.63,Bolangir
2023,60,34.76,18.89,33.8,2.38,19.81,Bolangir
2023,61,35.28,19.49,32.43,2.19,18.6,Bolangir
2023,62,35.94,18.99,31.04,2.51,19.04,Bolangir
2023,63,36.08,19.61,23.42,2.0,22.37,Bolangir
2023,64,36.03,18.04,26.21,2.33,21.91,Bolangir
2023,65,35.27,19.37,30.41,2.2,19.48,Bolangir
2023,66,35.87,20.47,28.34,1.64,18.68,Bolangir
2023,67,34.47,20.69,31.74,1.91,19.16,Bolangir
2023,68,33.2,23.04,31.24,1.41,17.21,Bolangir
2023,69,34.77,20.93,34.35,1.65,14.79,Bolangir
2023,70,35.7,20.75,32.08,1.64,18.56,Bolangir
2023,71,36.23,20.52,28.87,2.02,20.18,Bolangir
2023,72,36.53,20.22,25.61,1.85,18.91,Bolangir
2023,73,35.46,20.74,27.7,2.03,15.26,Bolangir
2023,74,36.43,21.3,28.19,1.63,12.77,Bolangir
2023,75,35.21,22.43,35.56,1.72,13.88,Bolangir
2023,76,33.68,21.23,41.1,2.16,11.21,Bolangir
2023,77,30.94,20.44,53.04,1.36,13.01,Bolangir
2023,78,23.91,17.85,81.6,2.8,13.67,Bolangir
2023,79,29.53,16.57,67.48,3.03,21.2,Bolangir
2023,80,30.42,18.72,63.79,2.47,16.1,Bolangir
2023,81,31.01,19.78,62.2,2.14,20.95,Bolangir
2023,82,32.52,20.62,51.82,2.01,19.71,Bolangir
2023,83,34.64,20.22,46.17,1.83,20.09,Bolangir
2023,84,36.24,20.68,49.99,2.47,22.12,Bolangir
2023,85,35.95,21.7,47.83,2.5,20.19,Bolangir
2023,86,35.32,22.66,48.59,1.69,17.95,Bolangir
2023,87,37.25,22.72,46.1,1.66,21.04,Bolangir
2023,88,37.04,22.98,47.11,2.58,20.7,Bolangir
2023,89,37.37,22.99,45.76,2.12,21.97,Bolangir
2023,90,35.08,22.82,56.19,3.2,19.34,Bolangir
2023,91,33.32,22.22,62.19,2.98,21.94,Bolangir
2023,92,35.12,21.36,48.0,2.83,22.39,Bolangir
2023,93,36.29,21.62,37.6,1.89,21.82,Bolangir
2023,94,37.67,21.65,43.42,3.14,17.52,Bolangir
2023,95,37.36,22.71,43.74,2.44,24.04,Bolangir
2023,96,37.89,23.06,38.64,2.11,18.93,Bolangir
2023,97,37.83,23.93,36.21,1.77,23.45,Bolangir
2023,98,37.74,23.32,34.99,1.52,21.6,Bolangir
2023,99,37.75,22.88,35.31,2.09,22.36,Bolangir
2023,100,38.61,24.61,33.2,1.96,22.95,Bolangir
2023,101,39.87,24.2,29.87,2.35,24.23,Bolangir
2023,102,40.65,25.23,22.79,1.84,25.41,Bolangir
2023,103,40.86,25.36,24.26,1.68,23.45,Bolangir
2023,104,41.7,25.22,26.6,2.08,20.87,Bolangir
2023,105,42.29,26.47,27.93,2.81,21.01,Bolangir
2023,106,41.93,25.75,25.11,3.32,19.79,Bolangir
2023,107,42.38,26.79,22.96,2.18,21.0,Bolangir
2023,108,42.67,26.23,21.88,2.62,20.85,Bolangir
2023,109,42.98,26.12,19.85,2.3,22.23,Bolangir
2023,110,42.64,26.7,24.41,3.14,20.65,Bolangir
2023,111,38.85,24.43,37.09,4.12,7.34,Bolangir
2023,112,37.05,24.41,40.17,3.3,20.77,Bolangir
2023,113,33.67,21.41,57.08,2.52,22.74,Bolangir
2023,114,35.62,21.92,51.59,2.39,23.63,Bolangir
2023,115,35.68,22.41,54.37,1.62,18.05,Bolangir
2023,116,36.56,23.65,49.33,1.39,24.88,Bolangir
2023,117,37.42,23.96,47.16,2.32,23.28,Bolangir
2023,118,38.0,24.43,44.84,2.23,22.11,Bolangir
2023,119,36.82,24.71,45.81,2.2,18.09,Bolangir
2023,120,37.74,25.38,49.55,2.12,19.23,Bolangir
2023,121,33.38,22.89,63.66,3.39,12.63,Bolangir
2023,122,34.85,20.22,53.71,2.2,22.82,Bolangir
2023,123,34.68,23.56,58.84,2.18,19.08,Bolangir
2023,124,35.67,22.75,55.47,2.28,23.38,Bolangir
2023,125,36.42,23.96,52.37,2.22,20.76,Bolangir
2023,126,37.92,24.83,48.48,2.32,22.93,Bolangir
2023,127,39.24,25.16,40.07,2.33,24.2,Bolangir
2023,128,40.2,24.97,40.96,2.05,23.56,Bolangir
2023,129,40.81,26.67,40.67,1.96,20.7,Bolangir
2023,130,41.16,25.76,41.68,2.21,22.13,Bolangir
2023,131,41.24,26.48,32.01,2.5,24.08,Bolangir
2023,132,41.14,22.64,33.74,2.67,21.49,Bolangir
2023,133,40.4,23.52,38.53,2.56,21.7,Bolangir
2023,134,42.58,23.88,32.07,3.77,22.34,Bolangir
2023,135,43.94,25.45,25.33,3.93,24.33,Bolangir
2023,136,42.82,28.42,29.93,3.47,23.37,Bolangir
2023,137,43.09,28.37,32.59,2.8,24.34,Bolangir
2023,138,41.3,28.24,37.31,3.15,23.71,Bolangir
2023,139,42.03,27.35,40.37,2.52,22.09,Bolangir
2023,140,40.94,26.18,43.69,2.73,21.28,Bolangir
2023,141,42.1,26.41,37.89,3.01,22.31,Bolangir
2023,142,42.15,26.58,39.8,4.47,22.38,Bolangir
2023,143,41.8,27.16,36.16,3.92,26.01,Bolangir
2023,144,42.78,27.16,35.45,4.48,20.91,Bolangir
2023,145,42.75,28.16,34.24,5.13,18.26,Bolangir
2023,146,42.04,27.12,31.59,4.86,24.96,Bolangir
2023,147,42.22,26.81,28.11,3.19,25.91,Bolangir
2023,148,41.35,26.03,30.66,2.25,26.27,Bolangir
2023,149,41.54,25.19,33.86,2.31,22.49,Bolangir
2023,150,41.49,27.09,41.0,2.84,21.1,Bolangir
2023,151,37.44,27.81,46.17,2.76,18.46,Bolangir
2023,152,41.66,27.81,36.15,2.98,21.17,Bolangir
2023,153,43.13,26.04,36.67,2.79,23.73,Bolangir
2023,154,43.08,26.55,35.08,2.98,25.32,Bolangir
2023,155,42.49,29.48,31.27,1.94,20.85,Bolangir
2023,156,41.09,28.8,37.96,2.51,23.78,Bolangir
2023,157,42.46,28.07,36.54,2.6,21.5,Bolangir
2023,158,43.36,28.91,29.39,2.27,20.67,Bolangir
2023,159,42.02,30.16,31.79,2.49,20.67,Bolangir
2023,160,44.57,30.8,25.29,3.41,24.45,Bolangir
2023,161,42.24,30.63,35.7,3.26,23.65,Bolangir
2023,162,44.21,30.94,27.22,3.63,23.73,Bolangir
2023,163,43.98,29.93,31.21,3.0,23.91,Bolangir
2023,164,43.17,31.24,32.64,4.13,15.51,Bolangir
2023,165,39.18,31.23,41.27,4.35,18.44,Bolangir
2023,166,43.76,29.73,33.55,4.82,23.24,Bolangir
2023,167,44.34,30.77,28.06,3.52,22.04,Bolangir
2023,168,44.69,32.75,29.66,3.64,21.66,Bolangir
2023,169,36.3,29.73,50.54,5.33,22.8,Bolangir
2023,170,38.55,27.59,47.9,3.17,15.85,Bolangir
2023,171,36.96,29.14,48.59,2.87,21.74,Bolangir
2023,172,34.23,28.43,60.67,3.31,16.36,Bolangir
2023,173,31.8,26.23,72.78,2.57,14.41,Bolangir
2023,174,31.96,25.26,76.62,1.89,14.55,Bolangir
2023,175,31.59,25.08,76.25,3.57,12.28,Bolangir
2023,176,28.39,24.34,87.26,4.7,5.65,Bolangir
2023,177,29.49,22.92,84.27,7.18,8.25,Bolangir
2023,178,27.41,22.18,83.24,7.56,7.16,Bolangir
2023,179,30.22,22.9,76.88,5.85,12.92,Bolangir
2023,180,34.83,23.9,69.46,3.73,19.07,Bolangir
2023,181,31.97,25.89,72.39,2.81,20.89,Bolangir
2023,182,32.8,24.77,69.42,3.01,21.66,Bolangir
2023,183,34.5,25.76,69.06,2.21,20.59,Bolangir
2023,184,33.12,26.39,72.42,1.77,21.25,Bolangir
2023,185,34.69,26.24,72.35,2.4,22.66,Bolangir
2023,186,35.43,25.33,68.46,2.55,22.01,Bolangir
2023,187,31.64,25.18,80.26,2.67,13.06,Bolangir
2023,188,30.35,24.55,83.29,3.1,12.45,Bolangir
2023,189,32.27,24.35,78.44,4.76,13.35,Bolangir
2023,190,33.48,23.61,73.32,4.08,18.98,Bolangir
2023,191,33.39,24.43,74.2,2.09,18.68,Bolangir
2023,192,31.51,25.08,81.44,2.57,14.06,Bolangir
2023,193,32.7,23.89,79.17,2.24,17.45,Bolangir
2023,194,32.75,24.04,77.82,2.82,19.06,Bolangir
2023,195,31.89,23.97,77.09,3.36,15.61,Bolangir
2023,196,28.62,24.83,86.63,3.25,4.79,Bolangir
2023,197,31.19,24.29,84.27,3.93,6.74,Bolangir
2023,198,30.12,24.38,87.11,4.74,4.4,Bolangir
2023,199,31.6,24.67,86.89,3.52,9.71,Bolangir
2023,200,32.09,24.67,85.32,4.05,15.89,Bolangir
2023,201,32.06,24.82,86.11,3.84,13.24,Bolangir
2023,202,31.45,24.89,87.28,4.0,12.56,Bolangir
2023,203,32.3,24.07,85.38,4.17,15.85,Bolangir
2023,204,31.81,24.89,83.8,1.8,17.46,Bolangir
2023,205,31.94,24.53,84.15,3.24,17.32,Bolangir
2023,206,32.19,24.25,84.17,4.42,16.43,Bolangir
2023,207,31.96,25.01,86.53,4.74,13.21,Bolangir
2023,208,32.94,25.0,85.37,2.82,12.22,Bolangir
2023,209,32.23,25.96,86.11,2.95,11.19,Bolangir
2023,210,30.44,25.9,89.56,4.31,11.0,Bolangir
2023,211,28.02,25.07,91.05,5.95,13.24,Bolangir
2023,212,29.28,24.67,90.59,4.69,12.03,Bolangir
2023,213,28.06,24.81,94.27,6.51,2.37,Bolangir
2023,214,26.46,24.34,93.53,8.0,2.31,Bolangir
2023,215,29.85,24.14,86.89,8.31,7.67,Bolangir
2023,216,26.94,23.09,89.03,6.43,9.21,Bolangir
2023,217,30.19,23.62,86.87,4.99,14.75,Bolangir
2023,218,30.34,24.24,86.39,5.44,13.82,Bolangir
2023,219,29.19,24.04,87.94,4.71,13.14,Bolangir
2023,220,28.89,23.82,86.66,4.86,14.87,Bolangir
2023,221,30.48,23.35,85.48,4.24,17.94,Bolangir
2023,222,29.91,22.53,85.84,3.03,19.06,Bolangir
2023,223,29.63,23.14,86.53,2.83,19.36,Bolangir
2023,224,29.94,24.02,88.37,3.38,15.1,Bolangir
2023,225,29.54,23.98,87.49,2.56,11.6,Bolangir
2023,226,29.22,23.46,88.65,2.98,12.92,Bolangir
2023,227,29.82,22.24,85.89,2.98,19.3,Bolangir
2023,228,30.38,23.48,85.9,3.1,19.59,Bolangir
2023,229,27.89,24.12,92.42,2.6,4.71,Bolangir
2023,230,28.5,23.46,89.83,1.85,7.41,Bolangir
2023,231,31.77,23.52,86.16,3.14,16.47,Bolangir
2023,232,31.59,23.98,84.0,2.65,18.22,Bolangir
2023,233,30.99,23.72,85.54,2.15,17.4,Bolangir
2023,234,29.63,24.4,87.71,2.24,17.38,Bolangir
2023,235,29.59,24.65,89.27,3.04,14.44,Bolangir
2023,236,29.22,23.9,90.3,3.63,11.95,Bolangir
2023,237,28.9,23.86,89.01,3.51,9.89,Bolangir
2023,238,29.46,23.66,87.57,3.16,19.97,Bolangir
2023,239,30.26,23.82,86.49,4.01,20.22,Bolangir
2023,240,29.94,23.68,85.27,3.68,21.34,Bolangir
2023,241,30.14,22.48,85.29,3.3,19.27,Bolangir
2023,242,29.91,22.26,82.31,2.11,21.85,Bolangir
2023,243,29.93,22.83,82.49,1.5,18.23,Bolangir
2023,244,31.17,23.48,84.29,1.88,14.66,Bolangir
2023,245,30.41,23.98,86.23,2.22,9.02,Bolangir
2023,246,29.64,24.17,90.54,2.46,14.35,Bolangir
2023,247,28.91,23.86,90.31,2.04,8.07,Bolangir
2023,248,30.41,23.07,87.44,2.46,13.24,Bolangir
2023,249,29.45,23.19,90.39,2.4,15.59,Bolangir
2023,250,30.17,23.51,88.33,2.02,10.61,Bolangir
2023,251,28.66,23.61,87.82,4.51,10.85,Bolangir
2023,252,31.15,23.52,85.48,3.11,14.3,Bolangir
2023,253,31.36,24.59,84.31,2.4,18.86,Bolangir
2023,254,30.07,25.11,85.85,0.84,15.92,Bolangir
2023,255,27.75,24.54,92.9,1.87,11.04,Bolangir
2023,256,29.6,24.3,88.95,1.96,14.01,Bolangir
2023,257,26.23,24.55,95.64,4.54,3.94,Bolangir
2023,258,29.66,24.22,90.47,4.29,15.32,Bolangir
2023,259,27.54,23.01,87.51,2.49,16.58,Bolangir
2023,260,29.74,23.02,85.75,2.24,15.75,Bolangir
2023,261,30.51,22.57,85.29,2.06,16.94,Bolangir
2023,262,30.23,23.32,88.27,2.44,17.1,Bolangir
2023,263,28.86,24.67,92.57,3.5,8.31,Bolangir
2023,264,28.44,24.13,92.48,4.19,6.47,Bolangir
2023,265,26.55,23.48,93.48,4.09,10.85,Bolangir
2023,266,29.02,23.13,88.89,2.76,9.26,Bolangir
2023,267,29.24,23.5,87.88,2.25,14.16,Bolangir
2023,268,29.78,23.38,84.54,1.01,15.54,Bolangir
2023,269,30.02,24.01,83.64,1.03,16.9,Bolangir
2023,270,30.84,23.41,82.32,1.02,17.63,Bolangir
2023,271,29.33,24.13,84.66,1.03,16.96,Bolangir
2023,272,30.46,23.22,83.52,0.85,15.84,Bolangir
2023,273,28.04,23.6,87.78,1.86,13.99,Bolangir
2023,274,28.52,23.28,90.54,3.89,13.62,Bolangir
2023,275,28.43,23.53,91.38,4.17,5.53,Bolangir
2023,276,27.53,24.2,94.2,5.04,9.94,Bolangir
2023,277,27.79,21.53,86.1,4.52,17.99,Bolangir
2023,278,28.54,19.63,81.67,2.9,21.78,Bolangir
2023,279,29.42,19.7,86.8,2.27,20.66,Bolangir
2023,280,30.05,21.96,86.07,2.13,18.56,Bolangir
2023,281,29.58,20.48,78.16,1.66,18.48,Bolangir
2023,282,29.61,19.93,80.59,1.94,19.81,Bolangir
2023,283,29.74,21.45,80.87,1.93,20.59,Bolangir
2023,284,29.66,20.52,81.71,1.93,19.79,Bolangir
2023,285,30.09,20.33,74.29,1.27,19.56,Bolangir
2023,286,29.93,20.89,72.31,1.2,18.61,Bolangir
2023,287,29.39,20.26,73.07,1.54,18.59,Bolangir
2023,288,28.9,19.34,73.25,1.61,20.55,Bolangir
2023,289,28.98,19.57,72.56,1.41,20.48,Bolangir
2023,290,28.67,19.43,77.7,1.7,18.57,Bolangir
2023,291,28.0,18.99,82.91,1.71,18.44,Bolangir
2023,292,28.17,19.59,83.08,1.55,17.44,Bolangir
2023,293,27.5,18.43,83.77,2.01,18.51,Bolangir
2023,294,27.2,17.07,81.54,2.21,19.68,Bolangir
2023,295,26.13,15.5,80.53,2.42,18.44,Bolangir
2023,296,26.33,15.87,85.92,2.81,17.25,Bolangir
2023,297,27.57,18.38,84.99,2.3,19.02,Bolangir
2023,298,26.96,17.37,80.99,1.91,18.09,Bolangir
2023,299,26.07,16.35,77.95,1.57,18.09,Bolangir
2023,300,25.54,15.65,75.15,1.49,18.4,Bolangir
2023,301,25.75,16.05,72.6,1.44,18.17,Bolangir
2023,302,25.96,15.55,76.65,1.36,18.35,Bolangir
2023,303,25.78,15.85,79.69,1.64,18.58,Bolangir
2023,304,26.19,15.99,80.72,1.8,18.87,Bolangir
2023,305,27.38,15.74,84.74,1.89,18.9,Bolangir
2023,306,27.94,18.51,86.77,1.58,18.43,Bolangir
2023,307,29.16,20.38,83.8,1.23,16.83,Bolangir
2023,308,28.94,19.86,85.13,1.57,16.71,Bolangir
2023,309,27.62,20.04,86.23,2.01,16.0,Bolangir
2023,310,25.98,18.76,82.52,2.35,13.84,Bolangir
2023,311,26.81,17.81,68.15,1.35,15.37,Bolangir
2023,312,25.95,16.7,70.84,1.36,17.82,Bolangir
2023,313,25.51,15.3,75.51,1.4,17.51,Bolangir
2023,314,26.36,16.33,78.01,1.59,16.74,Bolangir
2023,315,26.22,16.17,79.55,1.61,15.98,Bolangir
2023,316,26.53,16.59,80.55,1.38,15.31,Bolangir
2023,317,25.66,15.28,80.59,2.02,13.63,Bolangir
2023,318,24.48,14.54,81.47,1.9,13.21,Bolangir
2023,319,23.74,14.11,82.43,2.47,16.28,Bolangir
2023,320,25.2,14.2,87.98,3.27,15.38,Bolangir
2023,321,26.36,15.8,88.24,2.52,17.85,Bolangir
2023,322,26.76,17.9,87.16,1.83,16.59,Bolangir
2023,323,26.13,16.57,85.3,2.09,16.4,Bolangir
2023,324,25.49,15.05,84.21,2.51,16.55,Bolangir
2023,325,24.88,14.8,81.38,1.66,15.1,Bolangir
2023,326,24.77,14.95,80.48,1.75,14.51,Bolangir
2023,327,24.85,14.84,81.44,1.78,13.07,Bolangir
2023,328,25.23,14.53,82.82,1.96,10.33,Bolangir
2023,329,24.52,15.0,81.76,1.89,11.45,Bolangir
2023,330,24.98,15.15,81.28,2.04,13.98,Bolangir
2023,331,25.68,15.82,81.49,1.72,12.41,Bolangir
2023,332,26.78,14.89,83.13,1.91,13.78,Bolangir
2023,333,26.4,16.43,79.44,1.96,14.13,Bolangir
2023,334,27.36,16.0,77.76,2.13,15.49,Bolangir
2023,335,27.59,15.67,82.78,2.78,15.56,Bolangir
2023,336,27.11,15.47,82.94,2.7,14.29,Bolangir
2023,337,27.1,14.62,82.71,3.09,12.51,Bolangir
2023,338,25.2,17.06,83.12,2.93,10.67,Bolangir
2023,339,21.86,18.34,90.89,3.29,4.92,Bolangir
2023,340,24.75,18.01,91.43,5.06,4.46,Bolangir
2023,341,26.61,16.98,88.7,2.7,5.48,Bolangir
2023,342,25.02,17.95,88.7,2.2,8.28,Bolangir
2023,343,23.81,15.89,85.94,1.81,12.72,Bolangir
2023,344,22.86,14.17,80.56,1.69,12.95,Bolangir
2023,345,22.8,12.57,75.07,1.46,14.9,Bolangir
2023,346,22.29,12.17,72.86,1.25,15.19,Bolangir
2023,347,22.9,12.99,75.72,1.46,14.05,Bolangir
2023,348,22.5,12.25,80.32,1.75,14.84,Bolangir
2023,349,21.42,10.23,70.74,1.54,14.66,Bolangir
2023,350,21.54,7.54,68.12,1.33,15.04,Bolangir
2023,351,21.01,9.45,71.64,1.48,15.32,Bolangir
2023,352,21.45,9.13,69.88,1.61,14.68,Bolangir
2023,353,21.58,8.78,72.7,1.99,13.87,Bolangir
2023,354,20.92,8.3,70.97,1.77,14.75,Bolangir
2023,355,21.38,8.71,65.75,1.28,14.25,Bolangir
2023,356,21.91,10.32,64.72,1.24,14.39,Bolangir
2023,357,22.96,11.86,70.36,1.57,7.48,Bolangir
2023,358,24.3,10.66,79.1,1.64,13.51,Bolangir
2023,359,24.26,11.28,75.06,1.32,14.31,Bolangir
2023,360,25.4,13.19,72.62,1.46,13.75,Bolangir
2023,361,25.0,12.29,70.36,1.64,13.4,Bolangir
2023,362,24.46,12.08,71.38,1.43,12.25,Bolangir
2023,363,22.89,12.28,74.34,1.41,11.47,Bolangir
2023,364,22.79,12.28,77.19,1.34,11.32,Bolangir
2023,365,22.89,11.47,78.0,1.66,11.37,Bolangir
2024,1,23.68,12.21,75.25,1.47,11.2,Bolangir
2024,2,24.09,11.55,73.14,1.76,12.81,Bolangir
2024,3,24.7,12.63,70.54,1.85,13.68,Bolangir
2024,4,26.01,13.0,65.79,1.74,15.07,Bolangir
2024,5,26.66,12.8,66.66,2.27,13.86,Bolangir
2024,6,27.36,11.61,70.29,2.32,14.22,Bolangir
2024,7,25.71,12.84,68.83,2.32,13.93,Bolangir
2024,8,26.77,13.51,65.52,2.34,13.77,Bolangir
2024,9,26.38,12.73,68.07,2.14,13.85,Bolangir
2024,10,27.13,14.44,66.65,1.43,12.4,Bolangir
2024,11,26.14,15.77,71.68,1.73,11.07,Bolangir
2024,12,26.02,13.68,75.53,2.08,13.54,Bolangir
2024,13,25.23,12.6,62.71,1.8,15.85,Bolangir
2024,14,26.38,12.91,59.68,1.74,16.27,Bolangir
2024,15,26.08,12.79,66.15,2.15,11.5,Bolangir
2024,16,26.99,13.02,65.92,2.02,11.28,Bolangir
2024,17,27.8,13.92,73.73,2.43,12.14,Bolangir
2024,18,27.1,16.26,79.5,2.72,12.92,Bolangir
2024,19,26.63,15.43,79.45,2.25,10.92,Bolangir
2024,20,26.86,15.11,74.9,2.0,11.37,Bolangir
2024,21,23.5,16.35,79.92,1.81,8.49,Bolangir
2024,22,26.48,13.67,69.28,2.22,7.05,Bolangir
2024,23,26.1,15.55,72.91,1.83,7.67,Bolangir
2024,24,19.96,15.07,90.17,2.52,4.83,Bolangir
2024,25,23.46,12.92,77.46,2.41,10.15,Bolangir
2024,26,24.5,10.29,61.94,2.31,13.74,Bolangir
2024,27,25.0,12.06,49.19,1.81,14.22,Bolangir
2024,28,26.26,11.89,46.77,1.59,16.21,Bolangir
2024,29,27.56,12.34,49.18,1.94,15.38,Bolangir
2024,30,27.69,12.18,54.67,2.12,16.49,Bolangir
2024,31,27.93,13.02,60.12,2.49,14.0,Bolangir
2024,32,29.27,15.41,61.54,1.97,14.75,Bolangir
2024,33,27.97,16.31,68.88,2.19,11.54,Bolangir
2024,34,27.88,13.44,61.06,2.07,16.34,Bolangir
2024,35,28.45,14.05,49.68,1.64,18.76,Bolangir
2024,36,31.3,15.28,50.52,2.39,18.53,Bolangir
2024,37,32.25,15.93,60.2,3.43,17.05,Bolangir
2024,38,29.41,15.91,64.78,2.23,15.68,Bolangir
2024,39,26.9,13.29,57.52,2.72,16.32,Bolangir
2024,40,27.66,12.27,50.65,2.45,17.88,Bolangir
2024,41,27.94,13.22,43.15,2.15,19.49,Bolangir
2024,42,31.48,14.45,48.66,2.17,17.05,Bolangir
2024,43,29.76,16.62,66.58,1.91,14.19,Bolangir
2024,44,32.19,16.11,56.19,2.64,16.25,Bolangir
2024,45,32.56,16.69,53.58,3.23,18.03,Bolangir
2024,46,32.26,17.65,54.2,2.43,19.26,Bolangir
2024,47,31.72,16.12,56.05,2.58,18.31,Bolangir
2024,48,30.32,17.98,50.69,1.95,17.0,Bolangir
2024,49,30.46,17.7,51.02,2.24,16.71,Bolangir
2024,50,32.14,16.84,48.99,2.61,17.58,Bolangir
2024,51,32.94,17.46,44.03,3.02,19.15,Bolangir
2024,52,33.6,17.51,41.23,2.48,16.91,Bolangir
2024,53,33.83,18.93,45.26,3.54,18.35,Bolangir
2024,54,30.95,15.92,48.67,2.23,18.64,Bolangir
2024,55,33.09,17.09,58.29,2.72,18.08,Bolangir
2024,56,31.35,19.18,71.54,2.35,11.59,Bolangir
2024,57,31.73,19.3,67.78,1.94,16.95,Bolangir
2024,58,32.66,18.47,62.64,2.21,17.67,Bolangir
2024,59,31.57,19.02,62.26,2.28,17.82,Bolangir
2024,60,32.14,19.42,51.94,2.5,20.39,Bolangir
2024,61,33.08,19.28,37.69,2.21,21.85,Bolangir
2024,62,34.59,16.84,40.6,2.5,20.93,Bolangir
2024,63,35.58,18.38,45.35,2.79,18.71,Bolangir
2024,64,34.36,20.52,48.74,3.17,18.72,Bolangir
2024,65,33.19,20.26,54.17,2.23,19.39,Bolangir
2024,66,34.25,20.41,45.43,2.35,19.06,Bolangir
2024,67,33.72,21.39,50.35,2.73,19.12,Bolangir
2024,68,32.93,18.94,46.06,2.62,18.61,Bolangir
2024,69,33.48,18.43,40.96,2.43,19.85,Bolangir
2024,70,34.02,17.92,38.73,2.16,21.76,Bolangir
2024,71,35.72,18.23,38.46,2.47,20.92,Bolangir
2024,72,36.9,20.1,36.94,2.91,20.13,Bolangir
2024,73,38.1,20.86,35.38,2.77,18.7,Bolangir
2024,74,36.88,23.12,35.9,2.61,19.74,Bolangir
2024,75,36.98,20.93,28.9,2.2,20.94,Bolangir
2024,76,35.85,22.7,42.12,1.97,17.19,Bolangir
2024,77,33.5,24.01,48.59,2.31,13.6,Bolangir
2024,78,34.86,22.18,51.12,2.88,9.79,Bolangir
2024,79,33.73,21.29,60.16,2.17,10.21,Bolangir
2024,80,25.4,16.63,66.37,2.64,16.78,Bolangir
2024,81,32.76,15.02,44.88,3.05,23.61,Bolangir
2024,82,34.05,17.3,46.83,2.9,24.1,Bolangir
2024,83,35.92,19.4,37.47,1.88,24.98,Bolangir
2024,84,37.16,19.79,40.07,2.83,21.31,Bolangir
2024,85,37.25,20.72,42.47,3.13,20.6,Bolangir
2024,86,35.7,21.08,50.13,2.44,21.61,Bolangir
2024,87,36.76,22.08,43.6,2.06,21.86,Bolangir
2024,88,38.3,23.3,37.37,2.17,22.68,Bolangir
2024,89,40.08,22.75,38.28,2.48,21.06,Bolangir
2024,90,39.59,23.96,40.43,2.77,19.72,Bolangir
2024,91,38.44,25.08,41.31,3.37,14.42,Bolangir
2024,92,39.75,23.34,39.24,3.7,21.23,Bolangir
2024,93,40.38,24.31,36.37,2.96,22.43,Bolangir
2024,94,40.94,25.49,30.47,2.24,21.16,Bolangir
2024,95,40.7,25.34,32.25,2.71,19.22,Bolangir
2024,96,40.34,25.35,31.46,2.69,22.33,Bolangir
2024,97,42.11,25.57,27.66,2.5,21.48,Bolangir
2024,98,40.69,26.79,36.11,2.77,16.44,Bolangir
2024,99,30.92,23.81,51.33,2.25,7.92,Bolangir
2024,100,35.5,22.17,42.44,1.69,10.8,Bolangir
2024,101,37.09,23.69,39.97,1.75,19.22,Bolangir
2024,102,33.13,23.38,54.55,2.61,5.06,Bolangir
2024,103,35.61,22.74,49.05,1.85,11.06,Bolangir
2024,104,37.49,23.2,42.21,1.63,19.26,Bolangir
2024,105,38.38,25.14,40.48,1.96,21.79,Bolangir
2024,106,39.38,24.31,39.02,2.47,23.35,Bolangir
2024,107,41.43,25.33,36.78,2.61,23.72,Bolangir
2024,108,42.6,26.86,34.32,3.25,24.73,Bolangir
2024,109,42.39,25.99,29.41,2.59,26.4,Bolangir
2024,110,42.52,26.58,24.96,2.2,25.77,Bolangir
2024,111,43.46,25.43,29.29,2.95,22.86,Bolangir
2024,112,41.91,27.72,32.08,3.17,21.7,Bolangir
2024,113,42.01,28.34,33.68,3.8,20.78,Bolangir
2024,114,41.46,25.93,31.86,3.14,22.23,Bolangir
2024,115,41.08,27.25,31.12,3.01,20.75,Bolangir
2024,116,42.4,26.03,26.9,2.32,23.05,Bolangir
2024,117,42.84,26.5,25.66,2.4,23.59,Bolangir
2024,118,43.3,26.82,26.34,3.23,22.91,Bolangir
2024,119,43.28,27.55,27.43,2.77,22.17,Bolangir
2024,120,42.95,28.1,26.7,2.07,21.02,Bolangir
2024,121,44.14,28.95,25.34,3.45,22.44,Bolangir
2024,122,44.45,29.39,27.27,4.35,22.78,Bolangir
2024,123,43.58,26.86,19.78,3.22,26.39,Bolangir
2024,124,42.55,26.03,14.12,2.18,27.24,Bolangir
2024,125,41.39,24.11,25.27,2.65,26.27,Bolangir
2024,126,44.15,25.02,15.95,2.65,24.81,Bolangir
2024,127,43.2,27.87,30.59,4.4,20.53,Bolangir
2024,128,37.94,28.75,49.77,4.2,14.53,Bolangir
2024,129,39.75,26.32,43.38,1.26,23.91,Bolangir
2024,130,39.42,26.05,43.33,2.44,23.23,Bolangir
2024,131,39.45,25.33,47.94,2.78,25.01,Bolangir
2024,132,40.52,26.36,44.46,2.89,23.71,Bolangir
2024,133,40.9,27.88,41.03,2.88,20.91,Bolangir
2024,134,40.14,26.77,42.53,2.67,18.83,Bolangir
2024,135,39.62,26.48,42.4,3.32,23.44,Bolangir
2024,136,38.08,27.04,45.12,2.88,22.57,Bolangir
2024,137,38.43,26.18,45.67,3.1,21.18,Bolangir
2024,138,35.63,26.78,48.56,2.78,12.62,Bolangir
2024,139,40.04,26.78,43.1,1.57,17.56,Bolangir
2024,140,39.53,27.89,45.32,2.46,22.55,Bolangir
2024,141,41.28,27.53,43.47,2.75,25.96,Bolangir
2024,142,40.98,27.62,48.62,3.62,23.46,Bolangir
2024,143,40.91,27.06,45.96,3.26,26.41,Bolangir
2024,144,41.07,25.94,46.86,4.01,26.05,Bolangir
2024,145,39.78,26.39,47.79,3.81,24.74,Bolangir
2024,146,40.37,26.68,48.56,3.45,23.75,Bolangir
2024,147,41.85,28.83,38.0,3.82,16.69,Bolangir
2024,148,42.98,29.18,36.11,2.44,15.13,Bolangir
2024,149,46.14,28.35,25.49,4.14,24.36,Bolangir
2024,150,45.54,30.86,26.97,4.16,24.52,Bolangir
2024,151,46.54,30.69,29.74,3.85,23.15,Bolangir
2024,152,45.72,30.44,36.93,3.78,22.97,Bolangir
2024,153,43.81,30.75,42.81,4.47,21.37,Bolangir
2024,154,38.15,29.12,54.95,3.7,20.9,Bolangir
2024,155,38.16,26.66,61.32,3.36,24.16,Bolangir
2024,156,40.08,27.31,49.94,2.73,22.49,Bolangir
2024,157,39.87,26.89,51.83,3.27,22.27,Bolangir
2024,158,38.58,28.16,51.75,3.07,22.66,Bolangir
2024,159,40.59,27.88,45.94,3.07,20.5,Bolangir
2024,160,38.79,28.52,49.18,3.5,22.12,Bolangir
2024,161,41.01,28.26,44.8,2.98,23.66,Bolangir
2024,162,41.27,29.49,42.66,2.75,24.62,Bolangir
2024,163,40.06,29.43,40.82,3.24,20.01,Bolangir
2024,164,42.61,29.29,39.2,4.47,19.33,Bolangir
2024,165,40.5,30.06,40.41,4.83,21.4,Bolangir
2024,166,36.44,28.62,52.65,4.56,12.34,Bolangir
2024,167,38.15,28.8,52.32,4.88,22.77,Bolangir
2024,168,36.32,27.27,59.48,3.91,15.57,Bolangir
2024,169,39.61,28.07,45.23,2.28,20.2,Bolangir
2024,170,37.94,29.78,48.3,4.74,18.5,Bolangir
2024,171,38.76,27.79,50.12,4.44,20.2,Bolangir
2024,172,34.75,26.17,68.64,4.77,17.52,Bolangir
2024,173,33.16,25.56,74.7,3.33,10.74,Bolangir
2024,174,32.81,25.16,74.45,1.74,12.94,Bolangir
2024,175,34.94,25.02,71.28,2.31,17.67,Bolangir
2024,176,36.39,25.62,63.57,2.72,20.86,Bolangir
2024,177,36.04,27.02,61.74,2.43,20.81,Bolangir
2024,178,33.64,27.27,69.97,2.2,16.79,Bolangir
2024,179,34.81,25.95,74.74,3.45,18.13,Bolangir
2024,180,35.98,25.48,73.66,2.3,9.22,Bolangir
2024,181,34.02,25.33,75.59,4.78,8.77,Bolangir
2024,182,30.52,25.22,84.5,3.58,13.86,Bolangir
2024,183,31.07,24.7,82.03,5.63,11.55,Bolangir
2024,184,32.48,24.75,77.46,4.86,10.29,Bolangir
2024,185,29.58,25.38,85.38,4.34,8.12,Bolangir
2024,186,32.13,24.68,79.12,3.39,7.96,Bolangir
2024,187,32.94,24.9,78.73,3.53,14.61,Bolangir
2024,188,30.29,25.22,81.89,3.31,15.28,Bolangir
2024,189,30.69,24.44,79.6,1.9,17.28,Bolangir
2024,190,32.67,24.23,80.25,2.12,19.35,Bolangir
2024,191,33.34,24.33,77.5,2.18,17.09,Bolangir
2024,192,33.09,25.44,76.11,3.25,19.36,Bolangir
2024,193,32.02,25.45,79.17,3.78,17.5,Bolangir
2024,194,30.73,24.83,83.45,3.55,8.95,Bolangir
2024,195,32.31,25.13,80.98,3.7,15.86,Bolangir
2024,196,31.41,25.13,83.7,2.88,9.95,Bolangir
2024,197,32.61,25.36,82.72,2.82,12.64,Bolangir
2024,198,32.35,24.48,81.8,3.21,16.6,Bolangir
2024,199,32.1,23.9,82.76,2.36,16.94,Bolangir
2024,200,32.11,25.37,84.47,2.81,16.52,Bolangir
2024,201,31.5,25.26,86.19,3.63,14.55,Bolangir
2024,202,32.07,25.31,85.94,3.79,11.22,Bolangir
2024,203,32.24,25.5,87.96,1.99,7.48,Bolangir
2024,204,28.16,24.4,88.56,6.85,4.82,Bolangir
2024,205,29.41,24.2,87.63,7.87,3.1,Bolangir
2024,206,29.0,23.77,88.26,7.9,5.65,Bolangir
2024,207,28.79,23.87,88.56,6.49,5.61,Bolangir
2024,208,29.83,24.22,90.19,5.7,5.34,Bolangir
2024,209,29.3,24.6,91.18,4.19,5.18,Bolangir
2024,210,31.3,24.89,85.38,3.51,10.21,Bolangir
2024,211,31.21,24.23,84.51,3.02,13.31,Bolangir
2024,212,31.28,24.8,86.25,2.53,11.73,Bolangir
2024,213,29.74,25.02,89.97,4.06,8.57,Bolangir
2024,214,29.07,24.75,89.57,5.42,6.69,Bolangir
2024,215,27.31,23.98,90.64,6.16,6.87,Bolangir
2024,216,29.51,23.88,86.77,6.38,10.76,Bolangir
2024,217,30.02,24.15,85.83,4.44,17.31,Bolangir
2024,218,30.06,23.93,86.2,3.56,14.19,Bolangir
2024,219,28.54,24.45,92.14,3.06,6.07,Bolangir
2024,220,28.42,24.34,90.67,4.07,5.87,Bolangir
2024,221,30.21,23.86,89.03,3.93,10.75,Bolangir
2024,222,29.62,24.29,89.18,3.57,9.93,Bolangir
2024,223,30.42,23.57,86.32,2.67,17.11,Bolangir
2024,224,30.3,23.87,88.09,2.7,13.74,Bolangir
2024,225,30.4,24.49,87.64,2.98,18.63,Bolangir
2024,226,29.77,24.46,87.82,1.82,16.92,Bolangir
2024,227,30.66,24.95,87.79,1.82,9.0,Bolangir
2024,228,30.66,24.56,88.16,2.99,18.4,Bolangir
2024,229,29.12,24.72,90.44,2.58,11.67,Bolangir
2024,230,29.74,23.76,88.89,3.01,14.69,Bolangir
2024,231,30.87,24.25,85.93,1.85,16.86,Bolangir
2024,232,29.73,24.71,87.83,2.15,16.09,Bolangir
2024,233,31.11,23.88,84.78,2.55,13.8,Bolangir
2024,234,29.41,24.45,89.58,2.62,15.72,Bolangir
2024,235,27.7,24.55,90.46,3.22,8.36,Bolangir
2024,236,28.63,23.95,90.76,3.86,8.56,Bolangir
2024,237,28.95,23.73,90.29,4.4,11.13,Bolangir
2024,238,27.61,24.1,90.71,4.54,13.2,Bolangir
2024,239,29.39,23.47,88.29,3.42,15.61,Bolangir
2024,240,28.91,23.63,86.88,3.01,15.28,Bolangir
2024,241,28.96,23.46,91.6,2.75,11.88,Bolangir
2024,242,28.98,24.32,91.89,2.84,7.7,Bolangir
2024,243,30.62,23.16,87.36,2.91,19.95,Bolangir
2024,244,30.51,24.52,90.39,4.65,16.54,Bolangir
2024,245,30.69,24.55,90.44,5.43,15.51,Bolangir
2024,246,30.02,23.93,89.23,4.17,15.95,Bolangir
2024,247,31.01,23.01,87.96,3.45,18.97,Bolangir
2024,248,31.18,23.66,86.49,2.06,18.93,Bolangir
2024,249,31.39,24.35,86.49,1.71,18.66,Bolangir
2024,250,31.46,24.09,85.08,1.97,19.13,Bolangir
2024,251,30.57,25.22,85.58,1.8,16.0,Bolangir
2024,252,28.66,25.17,91.97,2.93,14.45,Bolangir
2024,253,28.06,25.21,94.96,5.04,7.37,Bolangir
2024,254,31.1,25.48,90.14,4.52,12.37,Bolangir
2024,255,30.91,23.78,88.54,4.73,17.08,Bolangir
2024,256,30.86,23.65,86.67,3.4,15.95,Bolangir
2024,257,28.14,24.32,92.31,3.32,13.89,Bolangir
2024,258,28.83,23.36,91.79,4.91,12.05,Bolangir
2024,259,28.4,23.19,90.9,5.78,12.46,Bolangir
2024,260,28.14,22.82,91.32,6.93,7.86,Bolangir
2024,261,30.17,23.15,87.74,4.26,6.58,Bolangir
2024,262,30.56,23.15,84.44,1.48,14.34,Bolangir
2024,263,30.39,23.72,86.47,2.04,17.41,Bolangir
2024,264,31.04,24.06,85.32,1.81,18.29,Bolangir
2024,265,30.91,24.92,87.16,2.15,17.44,Bolangir
2024,266,29.89,24.14,88.42,1.89,14.09,Bolangir
2024,267,30.52,24.57,89.37,2.01,14.72,Bolangir
2024,268,28.04,23.99,88.79,1.91,13.14,Bolangir
2024,269,27.15,24.41,95.21,2.51,12.67,Bolangir
2024,270,29.5,24.01,91.04,3.98,13.63,Bolangir
2024,271,29.67,23.71,90.83,3.38,16.28,Bolangir
2024,272,30.32,23.68,85.79,2.42,19.68,Bolangir
2024,273,30.36,23.91,86.26,2.23,19.24,Bolangir
2024,274,30.13,23.88,87.3,2.12,18.78,Bolangir
2024,275,29.87,24.32,89.63,2.65,19.26,Bolangir
2024,276,29.68,24.27,88.02,2.85,16.29,Bolangir
2024,277,30.66,23.76,86.97,3.26,17.64,Bolangir
2024,278,30.23,23.42,86.03,2.54,19.42,Bolangir
2024,279,30.58,22.84,82.03,1.79,17.83,Bolangir
2024,280,29.79,22.83,80.46,1.51,17.23,Bolangir
2024,281,29.18,23.15,86.26,1.99,16.58,Bolangir
2024,282,30.18,22.55,84.4,1.33,20.12,Bolangir
2024,283,30.91,22.51,82.31,1.5,20.73,Bolangir
2024,284,31.14,21.14,80.6,1.57,21.66,Bolangir
2024,285,31.61,22.02,80.62,1.62,20.6,Bolangir
2024,286,30.89,22.39,83.49,1.79,21.16,Bolangir
2024,287,30.62,21.43,84.86,2.14,21.48,Bolangir
2024,288,30.63,21.8,85.29,1.9,20.12,Bolangir
2024,289,30.98,22.12,84.23,1.7,20.44,Bolangir
2024,290,30.67,22.13,84.67,2.17,20.06,Bolangir
2024,291,31.14,21.5,85.01,1.94,19.83,Bolangir
2024,292,31.1,22.25,83.16,1.4,20.11,Bolangir
2024,293,30.5,23.29,85.02,1.31,18.79,Bolangir
2024,294,28.13,23.33,88.93,1.81,12.39,Bolangir
2024,295,28.7,21.78,84.58,1.49,12.83,Bolangir
2024,296,28.35,19.52,81.74,2.23,18.17,Bolangir
2024,297,28.02,18.55,86.75,3.05,16.6,Bolangir
2024,298,27.48,20.73,91.11,4.4,9.99,Bolangir
2024,299,28.58,22.42,91.0,4.87,7.81,Bolangir
2024,300,26.81,21.73,91.7,6.45,6.72,Bolangir
2024,301,28.84,23.0,89.92,4.06,7.08,Bolangir
2024,302,30.09,22.02,86.57,2.67,11.05,Bolangir
2024,303,30.12,22.4,85.72,1.93,12.83,Bolangir
2024,304,30.25,21.84,84.69,1.78,15.04,Bolangir
2024,305,29.95,21.31,82.41,1.36,16.76,Bolangir
2024,306,29.29,21.81,80.33,1.56,15.47,Bolangir
2024,307,28.6,19.66,70.65,1.03,17.57,Bolangir
2024,308,27.84,19.52,70.62,1.15,16.79,Bolangir
2024,309,27.54,18.54,72.31,1.2,16.63,Bolangir
2024,310,27.4,18.01,75.88,1.63,16.7,Bolangir
2024,311,27.38,17.75,79.98,1.48,16.02,Bolangir
2024,312,27.88,19.32,86.62,1.87,17.07,Bolangir
2024,313,27.52,19.5,83.97,1.8,15.68,Bolangir
2024,314,27.57,18.7,82.05,1.88,15.81,Bolangir
2024,315,26.77,18.08,81.15,2.12,15.7,Bolangir
2024,316,26.8,16.13,81.63,2.55,17.89,Bolangir
2024,317,27.57,17.9,83.58,2.05,16.15,Bolangir
2024,318,27.56,18.76,86.4,2.09,17.07,Bolangir
2024,319,27.39,18.15,84.95,1.96,15.87,Bolangir
2024,320,26.37,17.47,81.34,1.72,16.12,Bolangir
2024,321,25.38,14.62,78.27,1.4,17.27,Bolangir
2024,322,25.31,14.78,74.27,1.65,17.05,Bolangir
2024,323,25.09,14.95,71.12,1.37,17.01,Bolangir
2024,324,24.51,13.78,72.98,1.52,16.27,Bolangir
2024,325,24.7,14.8,73.39,1.16,16.19,Bolangir
2024,326,24.49,14.57,74.36,0.98,15.63,Bolangir
2024,327,24.22,14.22,73.15,1.12,15.19,Bolangir
2024,328,24.5,14.61,73.07,1.19,13.75,Bolangir
2024,329,23.79,14.78,73.9,1.32,12.81,Bolangir
2024,330,24.09,12.73,77.78,1.83,13.69,Bolangir
2024,331,24.51,12.93,75.92,1.58,15.28,Bolangir
2024,332,24.19,12.69,76.57,2.25,12.88,Bolangir
2024,333,24.71,11.41,82.09,2.78,14.54,Bolangir
2024,334,25.81,14.83,87.19,3.08,14.67,Bolangir
2024,335,26.24,18.19,89.54,2.86,4.95,Bolangir
2024,336,25.11,18.84,90.5,2.83,5.31,Bolangir
2024,337,26.03,17.92,89.59,3.11,8.19,Bolangir
2024,338,27.45,17.85,85.19,2.4,12.78,Bolangir
2024,339,28.42,18.93,83.75,1.51,14.43,Bolangir
2024,340,28.05,18.9,79.31,1.41,13.65,Bolangir
2024,341,26.99,17.31,77.09,1.47,13.21,Bolangir
2024,342,26.23,15.92,81.21,1.66,7.44,Bolangir
2024,343,26.92,17.49,86.21,1.69,7.7,Bolangir
2024,344,27.3,19.54,85.47,2.29,11.49,Bolangir
2024,345,26.04,15.06,81.43,2.22,13.7,Bolangir
2024,346,24.05,11.47,78.14,2.1,13.85,Bolangir
2024,347,23.92,10.81,70.96,1.58,14.76,Bolangir
2024,348,23.73,9.98,66.91,1.64,15.62,Bolangir
2024,349,23.97,9.22,67.53,1.71,15.95,Bolangir
2024,350,23.63,8.02,61.25,1.7,15.96,Bolangir
2024,351,23.91,9.47,58.49,1.42,15.94,Bolangir
2024,352,25.39,11.46,57.35,1.38,15.48,Bolangir
2024,353,25.63,10.41,62.98,1.97,15.27,Bolangir
2024,354,26.27,13.12,82.78,2.69,9.34,Bolangir
2024,355,27.18,16.28,82.71,2.86,9.1,Bolangir
2024,356,21.77,15.34,89.86,3.27,11.91,Bolangir
2024,357,26.06,13.17,82.04,2.54,14.58,Bolangir
2024,358,26.65,13.58,79.13,2.12,14.91,Bolangir
2024,359,22.21,15.43,84.68,2.72,6.91,Bolangir
2024,360,22.15,16.48,91.14,2.47,6.2,Bolangir
2024,361,25.84,15.05,83.98,1.75,10.79,Bolangir
2024,362,27.54,15.94,77.89,2.42,14.14,Bolangir
2024,363,27.76,14.51,67.76,1.68,15.93,Bolangir
2024,364,27.48,17.25,72.24,1.76,14.86,Bolangir
2024,365,26.42,15.88,76.41,1.3,13.4,Bolangir
2024,366,25.75,13.86,74.36,1.68,13.14,Bolangir
2015,1,20.82,16.3,91.97,5.66,3.89,Balasore
2015,2,25.81,20.16,92.25,5.46,4.85,Balasore
2015,3,28.2,21.09,85.41,1.78,10.02,Balasore
2015,4,24.78,19.44,87.64,3.08,9.52,Balasore
2015,5,25.68,16.47,72.65,2.32,14.5,Balasore
2015,6,24.84,12.16,65.1,2.74,16.2,Balasore
2015,7,24.92,12.03,62.37,1.69,16.31,Balasore
2015,8,25.43,12.67,62.47,1.62,13.04,Balasore
2015,9,24.2,12.43,68.95,3.41,13.39,Balasore
2015,10,24.08,11.2,61.41,3.18,16.16,Balasore
2015,11,22.96,9.85,62.11,3.21,15.51,Balasore
2015,12,22.86,10.07,63.24,2.88,14.45,Balasore
2015,13,23.89,10.96,65.63,2.41,13.37,Balasore
2015,14,24.61,12.6,69.1,1.9,12.22,Balasore
2015,15,25.21,13.53,69.36,2.26,14.6,Balasore
2015,16,25.02,13.97,64.63,3.89,14.72,Balasore
2015,17,24.81,12.04,63.41,4.21,15.84,Balasore
2015,18,24.61,10.69,60.07,2.97,16.94,Balasore
2015,19,22.97,10.05,66.46,3.23,17.19,Balasore
2015,20,23.52,10.13,61.06,3.27,16.31,Balasore
2015,21,23.99,10.07,61.82,3.29,16.51,Balasore
2015,22,25.72,11.38,59.1,2.25,17.43,Balasore
2015,23,27.49,12.86,59.64,2.11,16.89,Balasore
2015,24,26.33,14.29,67.5,3.05,15.36,Balasore
2015,25,26.34,15.13,70.55,2.89,15.08,Balasore
2015,26,26.62,14.4,67.18,1.91,13.31,Balasore
2015,27,27.48,15.53,70.89,1.87,14.71,Balasore
2015,28,27.45,16.02,71.9,2.15,13.74,Balasore
2015,29,28.0,16.5,70.18,2.05,13.97,Balasore
2015,30,26.43,16.21,73.82,2.17,9.97,Balasore
2015,31,25.51,12.41,57.62,2.66,17.21,Balasore
2015,32,25.44,10.39,54.77,2.94,18.08,Balasore
2015,33,25.96,11.36,58.81,2.57,17.31,Balasore
2015,34,27.68,13.33,55.09,2.44,18.48,Balasore
2015,35,30.58,15.3,55.37,2.39,18.41,Balasore
2015,36,27.37,16.02,60.81,2.97,16.25,Balasore
2015,37,26.84,15.33,56.64,3.06,14.1,Balasore
2015,38,25.91,14.44,57.45,2.54,16.92,Balasore
2015,39,27.72,15.88,55.61,2.04,17.29,Balasore
2015,40,26.79,16.28,64.37,2.73,15.92,Balasore
2015,41,27.91,17.48,63.41,2.56,13.58,Balasore
2015,42,26.65,17.53,58.78,2.85,14.25,Balasore
2015,43,28.64,16.49,60.51,1.62,13.74,Balasore
2015,44,29.54,16.01,64.39,2.37,16.09,Balasore
2015,45,28.98,16.15,67.79,2.1,17.73,Balasore
2015,46,30.52,18.91,72.55,1.83,17.94,Balasore
2015,47,29.42,19.16,77.27,2.0,15.89,Balasore
2015,48,29.97,20.09,77.21,2.81,15.25,Balasore
2015,49,31.55,19.35,72.61,3.85,16.25,Balasore
2015,50,31.83,20.19,74.36,3.18,16.85,Balasore
2015,51,29.89,20.77,75.51,2.13,18.35,Balasore
2015,52,32.36,18.18,65.57,1.9,17.81,Balasore
2015,53,32.42,18.43,63.87,2.62,19.05,Balasore
2015,54,31.69,19.48,67.21,2.17,19.97,Balasore
2015,55,33.21,20.23,67.6,2.39,21.05,Balasore
2015,56,33.43,18.46,63.45,2.47,19.05,Balasore
2015,57,33.88,19.14,66.7,3.74,20.82,Balasore
2015,58,33.38,18.95,63.25,3.87,20.05,Balasore
2015,59,33.32,20.39,66.22,3.99,20.49,Balasore
2015,60,32.18,19.14,65.35,3.76,20.95,Balasore
2015,61,33.17,18.94,62.94,3.57,19.24,Balasore
2015,62,30.78,20.72,62.65,3.36,18.33,Balasore
2015,63,30.43,21.19,71.0,2.87,17.69,Balasore
2015,64,32.0,18.62,56.83,2.77,23.25,Balasore
2015,65,30.5,16.63,54.19,2.42,22.81,Balasore
2015,66,31.37,16.78,50.26,2.62,23.15,Balasore
2015,67,31.97,17.84,55.1,2.6,22.4,Balasore
2015,68,33.82,18.92,52.65,2.77,21.26,Balasore
2015,69,34.55,21.1,46.48,3.03,19.71,Balasore
2015,70,33.99,21.93,44.44,3.16,20.76,Balasore
2015,71,35.43,20.71,43.22,2.5,21.75,Balasore
2015,72,35.23,21.26,53.29,2.43,22.76,Balasore
2015,73,36.49,21.94,56.9,3.03,19.84,Balasore
2015,74,36.41,22.82,56.44,2.5,18.29,Balasore
2015,75,34.43,22.74,57.81,2.35,19.81,Balasore
2015,76,36.72,22.41,50.3,3.0,20.23,Balasore
2015,77,34.92,23.68,54.65,3.06,16.96,Balasore
2015,78,35.54,23.57,56.26,2.48,21.96,Balasore
2015,79,34.09,21.84,50.35,2.71,22.19,Balasore
2015,80,36.5,21.1,52.29,2.17,22.05,Balasore
2015,81,35.49,22.56,58.56,2.32,24.31,Balasore
2015,82,37.2,21.75,55.89,3.88,23.06,Balasore
2015,83,36.6,23.6,64.66,3.57,21.17,Balasore
2015,84,35.12,24.15,66.08,4.46,16.14,Balasore
2015,85,34.88,24.06,66.36,4.71,18.69,Balasore
2015,86,35.32,24.15,63.81,4.58,13.88,Balasore
2015,87,35.02,23.91,65.57,4.98,14.78,Balasore
2015,88,35.77,24.15,68.77,4.7,21.84,Balasore
2015,89,35.66,24.56,68.58,5.34,17.85,Balasore
2015,90,34.1,22.39,65.82,4.13,19.34,Balasore
2015,91,37.19,23.8,62.75,4.9,21.65,Balasore
2015,92,37.87,23.52,63.49,4.55,22.98,Balasore
2015,93,39.57,22.79,53.01,3.82,25.09,Balasore
2015,94,39.44,23.71,57.02,3.71,22.52,Balasore
2015,95,36.32,25.46,73.06,5.25,20.82,Balasore
2015,96,36.37,25.39,72.76,4.15,18.46,Balasore
2015,97,34.75,25.12,75.75,3.82,17.75,Balasore
2015,98,35.32,24.5,72.57,3.18,16.83,Balasore
2015,99,38.04,24.61,59.29,3.21,21.96,Balasore
2015,100,37.54,23.14,55.31,3.04,22.81,Balasore
2015,101,36.95,24.77,64.93,3.82,16.0,Balasore
2015,102,32.75,25.42,73.49,3.48,10.73,Balasore
2015,103,34.49,24.34,64.56,1.9,17.79,Balasore
2015,104,34.26,25.01,62.09,2.24,18.94,Balasore
2015,105,32.88,25.13,66.77,2.45,18.12,Balasore
2015,106,33.66,24.35,61.11,2.58,12.6,Balasore
2015,107,35.19,24.48,58.26,4.35,21.56,Balasore
2015,108,38.17,24.63,61.7,5.39,25.44,Balasore
2015,109,39.65,25.62,62.54,6.17,25.4,Balasore
2015,110,38.3,25.82,66.64,5.67,24.82,Balasore
2015,111,40.86,26.02,60.21,5.81,22.87,Balasore
2015,112,41.43,26.44,60.01,5.93,20.62,Balasore
2015,113,38.91,25.87,65.03,4.9,23.25,Balasore
2015,114,33.79,25.87,71.56,5.75,18.61,Balasore
2015,115,31.53,24.13,75.91,3.9,15.7,Balasore
2015,116,31.96,24.44,71.33,3.04,20.5,Balasore
2015,117,33.68,23.39,69.92,3.42,21.14,Balasore
2015,118,33.5,24.14,77.37,4.98,20.08,Balasore
2015,119,35.06,25.39,76.57,4.07,23.99,Balasore
2015,120,35.13,25.84,75.38,3.93,19.7,Balasore
2015,121,36.48,25.61,74.27,4.1,24.97,Balasore
2015,122,33.64,26.12,81.32,5.2,23.48,Balasore
2015,123,35.1,25.88,75.64,4.19,23.06,Balasore
2015,124,34.44,25.31,75.41,3.76,22.0,Balasore
2015,125,34.54,25.87,72.31,4.32,24.69,Balasore
2015,126,38.19,25.3,67.67,4.66,24.58,Balasore
2015,127,39.23,24.99,64.36,3.74,21.73,Balasore
2015,128,38.93,25.3,69.28,4.53,22.24,Balasore
2015,129,37.01,26.2,70.87,2.84,22.6,Balasore
2015,130,35.49,26.28,73.99,3.38,18.59,Balasore
2015,131,34.56,26.89,75.12,4.13,12.15,Balasore
2015,132,38.28,26.13,64.11,3.25,22.79,Balasore
2015,133,37.44,26.61,71.08,4.93,22.18,Balasore
2015,134,37.23,27.02,70.67,4.16,22.78,Balasore
2015,135,37.09,27.0,70.82,4.74,19.02,Balasore
2015,136,34.88,27.4,75.16,3.51,22.6,Balasore
2015,137,35.27,26.96,71.35,4.47,20.01,Balasore
2015,138,36.33,25.91,70.36,4.47,24.51,Balasore
2015,139,36.15,26.42,74.66,3.54,17.65,Balasore
2015,140,37.91,27.64,72.73,1.97,21.7,Balasore
2015,141,39.69,28.18,70.5,3.17,23.55,Balasore
2015,142,42.11,27.68,60.52,3.81,26.74,Balasore
2015,143,39.94,28.09,66.53,4.95,24.69,Balasore
2015,144,37.34,28.64,70.97,5.23,24.33,Balasore
2015,145,38.53,28.22,70.56,4.37,21.38,Balasore
2015,146,34.88,28.8,75.29,3.35,22.16,Balasore
2015,147,34.54,28.04,76.8,4.43,22.19,Balasore
2015,148,37.71,27.56,71.03,5.93,23.22,Balasore
2015,149,36.38,27.46,75.0,5.4,23.68,Balasore
2015,150,36.18,28.1,74.54,5.6,24.26,Balasore
2015,151,35.0,27.94,73.97,5.83,19.22,Balasore
2015,152,33.94,27.69,73.71,5.66,22.93,Balasore
2015,153,36.32,26.94,70.32,4.89,21.31,Balasore
2015,154,35.79,27.36,70.27,4.51,23.01,Balasore
2015,155,35.17,27.33,70.33,3.91,21.12,Balasore
2015,156,33.32,27.92,73.68,4.08,18.48,Balasore
2015,157,35.66,27.7,70.22,4.49,21.21,Balasore
2015,158,36.58,27.68,69.61,5.23,24.22,Balasore
2015,159,37.07,28.12,67.97,5.47,23.16,Balasore
2015,160,38.0,28.17,68.4,6.13,23.42,Balasore
2015,161,36.59,29.14,69.84,6.05,23.52,Balasore
2015,162,33.85,28.47,80.51,5.16,18.78,Balasore
2015,163,33.69,28.16,75.37,4.66,12.63,Balasore
2015,164,33.62,27.15,75.97,4.42,18.88,Balasore
2015,165,31.58,27.03,83.6,4.19,18.77,Balasore
2015,166,31.08,26.69,84.99,3.37,18.38,Balasore
2015,167,31.78,26.97,82.57,3.26,17.06,Balasore
2015,168,30.38,26.94,84.88,3.13,18.61,Balasore
2015,169,32.35,27.37,81.88,3.47,20.49,Balasore
2015,170,31.68,27.5,85.71,5.06,15.86,Balasore
2015,171,31.79,27.67,84.48,6.94,16.18,Balasore
2015,172,31.62,27.16,83.17,7.59,10.24,Balasore
2015,173,31.5,26.61,82.33,9.73,11.87,Balasore
2015,174,32.41,26.22,82.12,9.1,8.14,Balasore
2015,175,33.6,26.2,82.66,6.56,13.56,Balasore
2015,176,31.7,26.9,85.35,5.07,16.25,Balasore
2015,177,31.52,26.69,84.45,5.35,13.22,Balasore
2015,178,33.55,25.85,80.01,4.59,9.51,Balasore
2015,179,30.4,26.76,88.64,4.59,17.8,Balasore
2015,180,32.11,25.85,81.75,3.57,16.73,Balasore
2015,181,30.82,25.68,86.53,4.6,9.69,Balasore
2015,182,32.03,26.51,85.3,4.45,11.04,Balasore
2015,183,30.82,26.37,87.36,4.25,14.87,Balasore
2015,184,32.08,25.95,85.13,4.45,16.19,Balasore
2015,185,32.42,26.01,84.98,3.61,15.63,Balasore
2015,186,30.41,26.85,88.65,1.84,15.63,Balasore
2015,187,30.0,26.76,89.53,2.31,13.8,Balasore
2015,188,30.2,26.33,88.12,3.07,13.08,Balasore
2015,189,29.8,25.74,89.15,3.8,11.97,Balasore
2015,190,29.33,26.69,91.99,5.18,9.52,Balasore
2015,191,29.47,27.03,92.1,7.08,5.77,Balasore
2015,192,30.31,26.69,89.23,3.99,8.56,Balasore
2015,193,31.3,25.85,86.2,2.63,21.27,Balasore
2015,194,32.77,25.9,84.01,2.62,20.15,Balasore
2015,195,32.41,26.79,85.72,2.13,18.11,Balasore
2015,196,31.13,27.53,89.68,2.74,14.92,Balasore
2015,197,31.38,27.1,84.8,2.64,13.54,Balasore
2015,198,30.31,26.66,89.06,4.53,13.2,Balasore
2015,199,30.22,26.3,86.95,3.91,11.69,Balasore
2015,200,29.72,26.12,90.84,4.85,16.76,Balasore
2015,201,30.72,25.91,86.85,3.39,15.33,Balasore
2015,202,30.11,26.28,89.7,4.39,11.37,Balasore
2015,203,30.39,26.41,90.37,4.56,10.72,Balasore
2015,204,29.66,26.8,93.1,5.25,14.46,Balasore
2015,205,29.36,26.76,92.61,5.29,15.31,Balasore
2015,206,29.51,26.46,91.85,4.61,6.18,Balasore
2015,207,29.74,26.31,90.72,5.67,19.72,Balasore
2015,208,29.98,26.19,89.8,4.2,8.77,Balasore
2015,209,29.45,25.47,90.56,4.53,6.05,Balasore
2015,210,29.54,25.99,90.71,5.64,8.08,Balasore
2015,211,29.63,26.06,91.21,5.73,18.03,Balasore
2015,212,29.54,26.08,91.14,4.62,15.71,Balasore
2015,213,28.48,25.61,91.31,6.41,8.54,Balasore
2015,214,30.53,25.24,88.72,5.35,9.85,Balasore
2015,215,28.86,26.16,93.33,5.27,11.3,Balasore
2015,216,30.72,25.51,88.0,3.89,19.07,Balasore
2015,217,30.7,25.6,85.65,3.46,19.05,Balasore
2015,218,31.08,25.08,86.08,2.79,20.64,Balasore
2015,219,31.34,24.73,85.29,2.51,20.34,Balasore
2015,220,31.56,25.89,83.08,2.06,21.08,Balasore
2015,221,31.55,26.11,81.32,1.8,22.34,Balasore
2015,222,30.48,26.86,85.76,2.55,21.74,Balasore
2015,223,30.16,26.86,89.76,3.66,18.1,Balasore
2015,224,29.88,27.25,91.43,4.1,16.38,Balasore
2015,225,30.56,26.51,87.97,3.65,16.96,Balasore
2015,226,30.15,26.84,90.52,4.48,16.06,Balasore
2015,227,31.09,26.84,90.82,4.32,15.4,Balasore
2015,228,30.77,26.68,91.32,4.93,7.59,Balasore
2015,229,31.2,26.66,89.8,5.88,19.12,Balasore
2015,230,30.75,26.43,90.22,5.39,14.38,Balasore
2015,231,31.0,26.6,90.17,5.1,14.21,Balasore
2015,232,29.67,26.49,90.54,4.47,15.15,Balasore
2015,233,32.01,25.77,85.93,3.05,16.61,Balasore
2015,234,30.85,25.37,85.94,2.51,17.26,Balasore
2015,235,31.27,25.66,87.07,2.36,18.91,Balasore
2015,236,30.18,26.08,89.57,3.42,14.81,Balasore
2015,237,30.29,26.12,86.43,2.64,16.78,Balasore
2015,238,30.26,25.94,88.47,2.4,17.66,Balasore
2015,239,30.63,26.96,88.42,4.13,12.68,Balasore
2015,240,30.99,26.29,89.0,3.02,13.83,Balasore
2015,241,31.0,26.86,90.3,3.79,14.97,Balasore
2015,242,30.98,27.03,92.36,4.36,10.02,Balasore
2015,243,30.9,27.12,90.06,3.28,11.81,Balasore
2015,244,30.2,26.59,87.57,2.09,9.2,Balasore
2015,245,32.59,25.6,84.71,2.93,18.22,Balasore
2015,246,30.54,25.9,86.53,2.54,17.72,Balasore
2015,247,31.74,25.44,85.12,2.6,16.86,Balasore
2015,248,30.68,26.37,85.94,2.16,14.72,Balasore
2015,249,30.76,25.89,88.15,2.91,20.64,Balasore
2015,250,31.68,25.56,82.86,2.51,20.38,Balasore
2015,251,31.85,25.04,82.26,2.84,18.18,Balasore
2015,252,32.73,24.73,79.91,2.43,20.85,Balasore
2015,253,30.75,25.91,82.17,1.96,13.6,Balasore
2015,254,30.31,26.92,85.86,2.04,16.46,Balasore
2015,255,30.08,26.45,87.99,2.96,19.52,Balasore
2015,256,30.07,26.24,87.04,2.95,16.79,Balasore
2015,257,29.84,25.92,89.22,3.71,11.95,Balasore
2015,258,29.35,26.67,92.69,4.6,12.12,Balasore
2015,259,30.22,27.33,89.83,4.75,10.49,Balasore
2015,260,30.49,26.69,87.94,3.82,17.36,Balasore
2015,261,30.95,26.27,85.0,1.97,20.83,Balasore
2015,262,29.83,25.74,87.07,2.27,11.51,Balasore
2015,263,29.39,25.83,89.76,3.65,9.86,Balasore
2015,264,29.78,25.61,89.12,4.15,13.4,Balasore
2015,265,31.41,25.81,88.39,4.65,16.9,Balasore
2015,266,31.38,25.41,87.48,3.68,13.74,Balasore
2015,267,31.01,25.55,85.57,3.31,13.04,Balasore
2015,268,31.61,24.19,82.27,2.78,21.0,Balasore
2015,269,31.97,23.4,78.52,1.85,20.13,Balasore
2015,270,30.97,25.32,76.25,1.48,17.25,Balasore
2015,271,31.24,25.53,75.38,1.2,18.2,Balasore
2015,272,31.61,25.3,75.75,1.5,18.95,Balasore
2015,273,31.65,25.29,77.28,1.78,19.57,Balasore
2015,274,31.01,26.31,80.91,1.24,18.34,Balasore
2015,275,32.28,25.44,79.3,2.25,18.63,Balasore
2015,276,31.67,26.21,81.16,2.25,13.96,Balasore
2015,277,32.03,25.77,77.49,1.98,16.57,Balasore
2015,278,30.57,25.17,81.1,2.51,16.71,Balasore
2015,279,30.05,25.77,84.94,2.07,15.72,Balasore
2015,280,29.93,26.08,85.49,2.21,5.86,Balasore
2015,281,31.58,25.32,83.25,3.17,16.38,Balasore
2015,282,32.18,24.3,80.56,2.53,16.08,Balasore
2015,283,32.27,22.81,69.86,2.3,20.36,Balasore
2015,284,31.95,22.57,68.02,1.71,19.73,Balasore
2015,285,31.38,25.62,65.35,0.99,17.53,Balasore
2015,286,30.33,25.16,73.31,1.21,17.81,Balasore
2015,287,30.14,24.24,77.44,1.41,16.05,Balasore
2015,288,29.46,24.46,78.53,1.31,15.75,Balasore
2015,289,30.42,24.33,74.72,0.81,17.28,Balasore
2015,290,30.86,24.03,75.23,1.48,17.06,Balasore
2015,291,31.03,24.49,66.27,1.25,17.85,Balasore
2015,292,31.07,24.26,66.74,1.36,17.73,Balasore
2015,293,31.48,23.2,67.18,1.49,17.83,Balasore
2015,294,31.62,23.95,67.71,1.24,17.58,Balasore
2015,295,31.36,23.26,69.96,1.84,18.21,Balasore
2015,296,31.67,23.9,68.46,1.63,17.14,Balasore
2015,297,31.46,22.72,63.68,1.98,19.11,Balasore
2015,298,30.7,20.27,58.27,1.86,19.46,Balasore
2015,299,30.33,21.08,55.9,1.49,19.57,Balasore
2015,300,30.34,21.18,60.35,1.35,18.56,Balasore
2015,301,29.5,22.36,65.71,1.2,16.77,Balasore
2015,302,29.24,22.15,72.86,1.67,14.34,Balasore
2015,303,27.65,22.9,82.43,2.82,10.04,Balasore
2015,304,27.53,22.32,85.48,3.6,12.95,Balasore
2015,305,27.57,23.35,88.55,4.6,12.51,Balasore
2015,306,28.53,21.84,80.97,2.15,16.66,Balasore
2015,307,29.28,21.25,76.87,2.06,17.13,Balasore
2015,308,30.08,21.93,71.73,1.84,17.8,Balasore
2015,309,30.68,22.62,71.25,1.85,15.95,Balasore
2015,310,30.71,23.68,69.17,1.52,16.76,Balasore
2015,311,30.78,21.52,71.07,2.33,15.88,Balasore
2015,312,30.19,21.17,71.15,1.99,15.19,Balasore
2015,313,29.73,19.5,67.65,2.83,14.01,Balasore
2015,314,29.51,19.51,65.58,2.21,11.39,Balasore
2015,315,30.25,20.17,63.53,2.85,16.34,Balasore
2015,316,29.64,18.95,65.71,2.68,15.69,Balasore
2015,317,30.94,20.08,64.62,1.62,16.09,Balasore
2015,318,30.47,21.1,68.57,1.57,15.88,Balasore
2015,319,30.42,18.67,66.89,2.41,14.54,Balasore
2015,320,30.14,20.99,63.47,1.36,12.67,Balasore
2015,321,28.14,21.37,68.67,2.18,6.3,Balasore
2015,322,29.15,20.16,72.26,2.01,14.54,Balasore
2015,323,29.1,18.94,67.39,2.57,14.8,Balasore
2015,324,29.48,18.39,71.09,3.21,15.0,Balasore
2015,325,29.45,17.87,70.85,2.86,16.48,Balasore
2015,326,28.93,17.93,72.66,2.67,16.41,Balasore
2015,327,29.2,17.74,66.52,2.18,16.04,Balasore
2015,328,29.81,19.97,66.53,1.66,14.73,Balasore
2015,329,29.39,19.99,69.9,1.66,13.87,Balasore
2015,330,29.43,20.63,70.68,1.52,14.73,Balasore
2015,331,29.84,20.33,70.46,2.23,13.53,Balasore
2015,332,30.47,18.22,67.47,2.11,13.42,Balasore
2015,333,29.86,19.96,73.29,1.89,13.21,Balasore
2015,334,30.14,20.16,72.14,2.15,8.6,Balasore
2015,335,31.15,20.99,70.64,2.18,9.66,Balasore
2015,336,29.99,21.44,71.79,1.44,7.79,Balasore
2015,337,29.48,20.29,75.02,2.51,10.97,Balasore
2015,338,29.66,19.22,73.36,2.15,13.33,Balasore
2015,339,28.3,20.98,73.99,1.78,10.93,Balasore
2015,340,29.0,20.69,74.14,2.76,11.68,Balasore
2015,341,29.21,18.76,69.68,1.96,12.98,Balasore
2015,342,28.5,18.77,71.1,1.59,12.83,Balasore
2015,343,29.05,19.56,71.92,1.59,13.34,Balasore
2015,344,29.31,19.44,66.66,1.79,14.16,Balasore
2015,345,30.01,17.26,61.21,2.22,12.99,Balasore
2015,346,30.39,18.42,68.72,3.35,11.55,Balasore
2015,347,29.06,20.01,73.81,2.44,8.22,Balasore
2015,348,28.39,18.59,67.6,2.27,6.13,Balasore
2015,349,25.97,19.39,80.79,2.59,5.78,Balasore
2015,350,26.12,16.8,70.2,3.01,7.42,Balasore
2015,351,26.11,16.36,67.76,2.25,5.37,Balasore
2015,352,20.81,18.45,87.16,3.34,5.95,Balasore
2015,353,25.2,14.39,62.83,2.83,11.87,Balasore
2015,354,26.1,13.33,53.56,1.84,13.5,Balasore
2015,355,25.88,17.73,66.8,1.82,5.1,Balasore
2015,356,24.73,17.61,76.5,2.64,3.27,Balasore
2015,357,25.96,15.85,77.25,1.78,8.51,Balasore
2015,358,24.43,18.38,80.63,2.34,5.41,Balasore
2015,359,24.53,14.97,73.88,4.04,9.56,Balasore
2015,360,24.39,11.35,52.3,3.59,14.62,Balasore
2015,361,26.04,11.69,46.92,2.81,16.04,Balasore
2015,362,26.71,14.84,51.87,1.92,15.09,Balasore
2015,363,26.82,15.56,60.31,1.54,13.85,Balasore
2015,364,27.44,15.9,61.96,1.65,13.92,Balasore
2015,365,27.58,15.32,62.02,1.73,13.44,Balasore
2016,1,27.45,14.64,61.39,1.63,15.01,Balasore
2016,2,27.66,15.79,65.21,1.72,12.68,Balasore
2016,3,27.24,15.29,66.98,2.07,11.09,Balasore
2016,4,25.86,15.39,72.92,2.31,12.42,Balasore
2016,5,26.64,15.31,71.39,1.69,12.47,Balasore
2016,6,26.36,17.22,81.33,1.82,13.23,Balasore
2016,7,27.76,15.59,71.6,1.72,11.86,Balasore
2016,8,29.27,15.68,60.17,2.48,13.16,Balasore
2016,9,29.23,16.07,50.64,2.16,12.36,Balasore
2016,10,26.69,15.5,59.34,3.54,14.44,Balasore
2016,11,26.73,14.0,56.48,2.39,15.62,Balasore
2016,12,27.28,15.31,68.75,1.83,14.89,Balasore
2016,13,26.69,16.74,76.29,1.64,14.02,Balasore
2016,14,27.37,16.41,72.74,2.13,13.79,Balasore
2016,15,28.52,15.63,66.65,2.55,14.61,Balasore
2016,16,28.84,15.84,58.22,2.69,13.02,Balasore
2016,17,27.27,19.04,71.1,2.37,11.16,Balasore
2016,18,26.89,16.96,69.57,1.71,10.66,Balasore
2016,19,27.5,18.41,80.07,2.73,10.76,Balasore
2016,20,27.75,19.19,81.95,2.78,7.84,Balasore
2016,21,25.39,14.79,67.18,3.91,14.04,Balasore
2016,22,25.22,12.07,54.76,3.11,15.76,Balasore
2016,23,24.77,11.9,49.33,3.09,16.0,Balasore
2016,24,25.34,11.33,47.41,2.59,15.9,Balasore
2016,25,26.14,12.4,49.23,1.93,15.32,Balasore
2016,26,25.94,15.12,71.15,2.19,12.59,Balasore
2016,27,27.0,16.48,78.6,3.22,11.37,Balasore
2016,28,30.17,15.7,65.58,2.5,14.23,Balasore
2016,29,28.62,16.52,70.74,2.12,14.81,Balasore
2016,30,31.05,16.44,66.45,1.77,15.92,Balasore
2016,31,33.44,18.23,61.01,2.13,17.01,Balasore
2016,32,30.27,18.65,73.05,2.13,16.83,Balasore
2016,33,30.43,19.88,72.76,2.18,12.68,Balasore
2016,34,30.37,20.41,73.48,1.62,10.62,Balasore
2016,35,28.01,18.31,63.25,2.89,14.47,Balasore
2016,36,28.62,16.25,61.02,2.26,15.54,Balasore
2016,37,29.29,18.82,68.05,1.87,14.74,Balasore
2016,38,29.76,19.65,75.23,2.77,12.28,Balasore
2016,39,30.45,19.21,73.96,3.9,13.42,Balasore
2016,40,31.64,19.32,68.09,2.71,14.39,Balasore
2016,41,30.87,19.58,68.56,2.2,16.04,Balasore
2016,42,32.29,18.98,69.15,4.07,9.97,Balasore
2016,43,33.14,21.12,66.82,3.1,13.73,Balasore
2016,44,32.44,21.99,69.93,1.97,14.09,Balasore
2016,45,32.52,20.96,69.36,2.84,12.6,Balasore
2016,46,32.74,21.34,64.24,1.82,15.24,Balasore
2016,47,34.06,21.45,57.88,2.15,15.91,Balasore
2016,48,35.41,21.24,54.14,2.35,16.8,Balasore
2016,49,34.93,22.15,53.29,2.48,18.22,Balasore
2016,50,37.17,21.48,52.32,3.23,19.01,Balasore
2016,51,37.36,21.15,55.53,2.89,18.83,Balasore
2016,52,36.68,22.35,47.81,4.08,16.64,Balasore
2016,53,35.1,22.59,53.35,3.07,16.47,Balasore
2016,54,34.26,23.02,70.13,2.86,14.09,Balasore
2016,55,32.86,23.2,73.86,4.86,9.18,Balasore
2016,56,30.04,23.34,81.32,2.81,9.51,Balasore
2016,57,26.84,22.01,83.87,2.43,8.2,Balasore
2016,58,30.45,21.21,72.7,2.07,9.6,Balasore
2016,59,30.79,21.13,69.66,2.1,16.25,Balasore
2016,60,32.1,21.85,67.86,1.89,17.48,Balasore
2016,61,32.24,21.52,68.6,2.86,15.5,Balasore
2016,62,33.27,21.18,66.39,3.45,17.29,Balasore
2016,63,34.37,20.83,63.93,2.57,19.66,Balasore
2016,64,35.59,20.26,59.22,2.99,19.59,Balasore
2016,65,35.36,20.76,59.19,3.18,15.91,Balasore
2016,66,35.73,22.69,63.21,2.11,16.26,Balasore
2016,67,35.5,21.68,63.16,2.17,15.62,Balasore
2016,68,35.7,21.5,57.13,2.73,17.85,Balasore
2016,69,36.07,21.73,58.26,3.53,17.01,Balasore
2016,70,36.14,23.23,59.03,2.63,13.98,Balasore
2016,71,35.85,22.92,64.41,2.4,15.63,Balasore
2016,72,35.18,23.82,59.54,2.67,16.27,Balasore
2016,73,35.19,22.39,59.11,3.17,18.69,Balasore
2016,74,31.48,21.72,61.68,2.52,15.53,Balasore
2016,75,33.83,21.5,59.19,2.67,20.17,Balasore
2016,76,34.86,23.04,59.0,3.24,20.59,Balasore
2016,77,33.44,23.35,67.63,2.77,20.58,Balasore
2016,78,35.48,22.8,64.89,3.24,19.77,Balasore
2016,79,36.47,24.08,68.01,3.97,17.67,Balasore
2016,80,37.1,24.08,68.55,2.62,20.14,Balasore
2016,81,38.48,24.09,66.45,2.65,21.41,Balasore
2016,82,36.9,23.44,62.09,2.71,21.49,Balasore
2016,83,36.73,23.3,59.68,2.82,22.89,Balasore
2016,84,35.22,24.16,70.32,2.8,20.26,Balasore
2016,85,35.95,24.01,66.07,3.81,19.34,Balasore
2016,86,37.3,23.89,63.78,4.22,19.71,Balasore
2016,87,36.84,25.1,64.47,5.67,19.12,Balasore
2016,88,36.89,25.11,61.64,3.92,17.79,Balasore
2016,89,37.33,24.14,62.11,5.03,21.63,Balasore
2016,90,36.75,25.0,65.66,5.49,15.07,Balasore
2016,91,38.15,25.03,62.98,5.27,20.6,Balasore
2016,92,37.45,25.2,65.9,4.3,20.0,Balasore
2016,93,37.18,24.98,69.37,4.68,21.77,Balasore
2016,94,38.4,25.72,66.89,4.55,23.27,Balasore
2016,95,39.56,25.66,62.72,4.36,22.42,Balasore
2016,96,41.13,25.84,53.85,4.0,14.08,Balasore
2016,97,42.15,27.23,45.46,3.33,19.85,Balasore
2016,98,41.47,26.68,41.04,4.03,22.2,Balasore
2016,99,40.63,27.41,47.86,2.77,21.06,Balasore
2016,100,41.46,26.81,45.27,3.91,21.1,Balasore
2016,101,43.06,26.71,40.35,3.95,22.67,Balasore
2016,102,43.53,28.06,34.36,3.97,20.42,Balasore
2016,103,43.68,28.08,34.68,3.92,22.74,Balasore
2016,104,41.97,27.31,43.55,4.31,23.83,Balasore
2016,105,41.44,26.73,52.3,4.67,25.96,Balasore
2016,106,41.55,26.72,56.67,5.28,25.56,Balasore
2016,107,42.36,27.06,55.98,7.0,24.54,Balasore
2016,108,42.99,26.66,57.81,5.54,24.0,Balasore
2016,109,42.13,27.69,55.4,6.84,18.43,Balasore
2016,110,42.39,27.13,48.05,5.89,24.38,Balasore
2016,111,42.28,26.91,51.11,6.1,24.73,Balasore
2016,112,42.58,27.07,55.21,5.58,24.05,Balasore
2016,113,43.09,27.94,51.15,4.81,25.19,Balasore
2016,114,44.66,28.21,48.22,5.82,26.53,Balasore
2016,115,42.33,27.95,52.55,4.49,26.24,Balasore
2016,116,40.75,27.77,57.31,4.93,24.77,Balasore
2016,117,39.69,27.81,59.24,4.92,23.22,Balasore
2016,118,42.15,27.86,56.52,4.4,23.85,Balasore
2016,119,42.84,27.8,53.06,3.65,19.04,Balasore
2016,120,42.36,28.61,48.26,4.51,18.44,Balasore
2016,121,43.29,28.61,46.28,3.07,16.26,Balasore
2016,122,42.53,27.94,45.09,5.2,24.29,Balasore
2016,123,42.37,27.11,52.61,4.29,22.24,Balasore
2016,124,38.66,26.93,63.74,3.93,22.62,Balasore
2016,125,39.07,27.62,58.96,3.37,16.38,Balasore
2016,126,39.74,26.55,57.46,2.65,22.66,Balasore
2016,127,38.96,26.65,59.17,3.99,22.64,Balasore
2016,128,38.03,26.85,64.85,3.92,25.59,Balasore
2016,129,36.05,26.4,68.85,3.41,21.27,Balasore
2016,130,36.5,26.46,67.01,3.3,22.34,Balasore
2016,131,36.84,27.0,64.78,3.49,19.12,Balasore
2016,132,37.84,26.61,60.19,2.62,22.7,Balasore
2016,133,38.65,27.12,60.82,3.8,23.37,Balasore
2016,134,39.0,27.54,66.43,4.98,24.95,Balasore
2016,135,38.54,27.5,65.96,5.89,21.1,Balasore
2016,136,39.75,27.59,62.55,6.22,24.71,Balasore
2016,137,39.69,27.9,61.8,6.67,22.28,Balasore
2016,138,38.33,27.99,67.01,5.84,17.1,Balasore
2016,139,35.23,27.99,69.6,6.35,22.44,Balasore
2016,140,32.85,27.36,78.34,4.88,15.01,Balasore
2016,141,30.7,25.68,84.87,5.4,7.16,Balasore
2016,142,37.25,25.32,69.13,5.73,22.47,Balasore
2016,143,37.93,27.16,75.58,4.53,22.01,Balasore
2016,144,36.53,28.13,76.42,2.3,20.62,Balasore
2016,145,38.34,27.75,68.42,2.13,21.64,Balasore
2016,146,38.69,27.38,68.7,3.72,20.32,Balasore
2016,147,38.66,25.51,62.54,2.95,20.76,Balasore
2016,148,37.99,26.47,70.25,3.37,17.37,Balasore
2016,149,37.84,27.32,72.72,2.48,19.48,Balasore
2016,150,36.83,26.91,69.87,2.88,20.09,Balasore
2016,151,36.34,26.15,72.27,3.03,20.32,Balasore
2016,152,35.16,26.68,76.43,3.19,19.17,Balasore
2016,153,34.52,26.9,77.68,3.06,10.53,Balasore
2016,154,34.44,26.75,76.35,2.86,20.5,Balasore
2016,155,31.25,27.17,84.08,2.62,17.47,Balasore
2016,156,32.1,27.0,78.08,2.66,20.41,Balasore
2016,157,32.11,26.88,79.26,2.66,18.84,Balasore
2016,158,32.38,26.78,79.5,3.25,22.96,Balasore
2016,159,32.72,27.15,80.55,3.72,21.33,Balasore
2016,160,33.28,26.81,78.73,3.03,20.03,Balasore
2016,161,32.67,26.74,80.08,3.02,19.49,Balasore
2016,162,36.47,27.13,76.99,4.67,20.19,Balasore
2016,163,37.82,28.46,72.58,5.94,23.5,Balasore
2016,164,35.6,28.24,78.13,4.74,21.24,Balasore
2016,165,31.01,27.93,85.74,3.46,18.72,Balasore
2016,166,34.22,27.55,81.42,4.24,15.2,Balasore
2016,167,32.31,27.17,85.89,3.06,15.34,Balasore
2016,168,31.76,27.29,81.1,3.01,15.25,Balasore
2016,169,31.35,26.51,83.68,4.08,14.42,Balasore
2016,170,31.85,27.07,83.3,4.7,16.97,Balasore
2016,171,31.5,27.15,82.64,4.28,15.07,Balasore
2016,172,31.91,26.99,83.17,4.19,21.93,Balasore
2016,173,31.92,26.46,81.16,4.32,23.47,Balasore
2016,174,31.78,26.54,81.07,3.55,24.24,Balasore
2016,175,32.09,26.68,80.17,3.28,23.18,Balasore
2016,176,31.19,26.87,82.71,2.78,22.24,Balasore
2016,177,32.83,26.83,77.34,2.43,25.7,Balasore
2016,178,31.95,27.31,78.33,1.87,20.09,Balasore
2016,179,32.19,26.85,82.92,3.99,15.57,Balasore
2016,180,32.02,27.16,84.44,5.38,17.31,Balasore
2016,181,31.78,27.4,85.04,4.29,19.6,Balasore
2016,182,32.12,27.31,83.58,3.62,20.54,Balasore
2016,183,31.2,27.44,86.57,2.35,16.27,Balasore
2016,184,32.96,27.6,86.47,3.35,8.93,Balasore
2016,185,30.62,27.31,89.68,5.3,7.38,Balasore
2016,186,30.9,27.04,89.65,7.58,6.3,Balasore
2016,187,30.52,26.85,89.84,6.15,7.05,Balasore
2016,188,31.22,26.99,88.28,6.39,12.53,Balasore
2016,189,31.76,27.22,85.52,3.45,18.27,Balasore
2016,190,31.31,26.91,87.9,3.73,12.92,Balasore
2016,191,30.32,26.18,85.61,5.16,15.74,Balasore
2016,192,31.77,25.28,84.7,4.93,13.23,Balasore
2016,193,31.83,26.15,85.33,3.46,14.99,Balasore
2016,194,31.68,26.64,86.11,4.89,12.83,Balasore
2016,195,32.84,26.76,81.44,5.38,17.76,Balasore
2016,196,32.76,26.9,85.0,4.0,11.73,Balasore
2016,197,31.06,27.3,89.77,5.32,9.08,Balasore
2016,198,30.52,26.93,90.01,5.74,10.36,Balasore
2016,199,30.0,26.58,88.62,5.49,16.76,Balasore
2016,200,32.06,25.87,84.07,4.75,17.28,Balasore
2016,201,31.36,25.83,86.7,3.18,17.68,Balasore
2016,202,31.18,26.63,85.6,2.34,17.71,Balasore
2016,203,32.23,26.33,84.48,3.18,17.71,Balasore
2016,204,31.06,26.97,84.85,4.21,9.32,Balasore
2016,205,30.19,26.64,87.4,4.25,16.88,Balasore
2016,206,29.86,26.22,88.44,4.51,13.13,Balasore
2016,207,29.41,25.95,88.81,4.93,13.78,Balasore
2016,208,29.48,25.57,88.4,4.65,5.46,Balasore
2016,209,30.97,25.23,84.44,3.78,19.04,Balasore
2016,210,31.74,25.18,83.52,3.33,21.11,Balasore
2016,211,30.91,25.73,85.94,2.79,21.18,Balasore
2016,212,30.45,26.17,84.76,1.89,11.55,Balasore
2016,213,30.57,26.23,88.29,2.8,17.85,Balasore
2016,214,30.63,26.01,86.48,2.26,15.41,Balasore
2016,215,29.0,26.23,90.96,5.06,16.3,Balasore
2016,216,30.34,26.65,87.33,4.44,14.42,Balasore
2016,217,30.38,26.54,88.36,3.67,14.11,Balasore
2016,218,30.51,26.49,88.9,4.1,12.82,Balasore
2016,219,31.2,26.25,89.39,5.35,8.44,Balasore
2016,220,30.94,26.88,88.68,4.42,11.77,Balasore
2016,221,30.74,26.34,88.64,3.97,9.29,Balasore
2016,222,28.55,25.88,91.78,5.52,6.79,Balasore
2016,223,29.45,26.25,91.52,5.4,9.54,Balasore
2016,224,31.6,25.6,88.3,5.66,14.98,Balasore
2016,225,30.63,26.26,90.71,5.12,19.49,Balasore
2016,226,31.37,26.16,88.36,4.25,20.49,Balasore
2016,227,30.7,26.61,90.43,3.66,13.38,Balasore
2016,228,29.88,27.06,92.39,3.69,10.61,Balasore
2016,229,30.12,26.92,89.63,1.93,16.51,Balasore
2016,230,29.26,26.22,92.75,4.56,8.73,Balasore
2016,231,30.92,25.75,87.23,6.5,11.77,Balasore
2016,232,31.4,25.46,84.84,3.34,13.15,Balasore
2016,233,32.06,25.46,82.59,2.91,22.42,Balasore
2016,234,31.13,25.46,87.04,3.99,10.4,Balasore
2016,235,28.35,25.69,91.03,5.14,10.75,Balasore
2016,236,30.39,25.15,85.48,2.61,18.25,Balasore
2016,237,29.83,25.58,85.18,1.63,14.2,Balasore
2016,238,31.72,25.84,84.13,1.97,20.91,Balasore
2016,239,29.85,26.26,87.55,2.52,16.89,Balasore
2016,240,30.07,26.52,88.11,2.43,20.99,Balasore
2016,241,30.84,26.55,84.91,1.49,21.52,Balasore
2016,242,31.69,26.37,80.38,1.8,21.23,Balasore
2016,243,31.43,26.14,83.82,2.43,22.88,Balasore
2016,244,30.9,26.84,83.46,2.69,11.68,Balasore
2016,245,30.78,26.01,88.19,4.51,12.6,Balasore
2016,246,29.43,26.36,92.06,3.95,14.58,Balasore
2016,247,29.27,26.27,92.01,3.81,8.82,Balasore
2016,248,30.13,26.02,88.28,2.19,5.75,Balasore
2016,249,29.69,25.93,90.56,4.53,3.63,Balasore
2016,250,29.68,25.59,87.83,3.93,7.71,Balasore
2016,251,31.58,24.91,86.59,3.67,10.44,Balasore
2016,252,31.97,26.0,88.27,3.5,12.71,Balasore
2016,253,31.23,26.17,88.24,3.8,14.66,Balasore
2016,254,31.06,26.19,84.78,2.57,19.41,Balasore
2016,255,30.53,26.21,87.33,2.44,14.88,Balasore
2016,256,28.69,26.35,89.98,2.5,9.32,Balasore
2016,257,29.83,25.79,87.59,2.99,13.2,Balasore
2016,258,30.41,25.96,88.98,3.43,18.59,Balasore
2016,259,30.3,25.76,85.98,2.68,18.08,Balasore
2016,260,30.72,26.1,84.46,2.35,19.81,Balasore
2016,261,29.61,26.28,88.97,2.82,18.48,Balasore
2016,262,30.62,26.02,85.41,2.48,19.9,Balasore
2016,263,30.86,26.07,85.13,2.65,20.55,Balasore
2016,264,30.48,26.3,85.12,2.54,21.45,Balasore
2016,265,29.33,26.51,89.02,3.11,14.57,Balasore
2016,266,29.19,26.12,89.71,3.66,11.41,Balasore
2016,267,29.58,25.92,86.82,2.44,15.55,Balasore
2016,268,29.09,26.17,89.05,2.67,16.42,Balasore
2016,269,29.14,26.35,91.22,3.3,14.69,Balasore
2016,270,29.53,26.27,88.97,2.9,15.95,Balasore
2016,271,30.09,26.16,86.53,2.58,16.05,Balasore
2016,272,29.39,26.02,87.09,2.29,12.17,Balasore
2016,273,30.25,25.99,83.2,1.9,14.27,Balasore
2016,274,29.73,25.99,87.31,2.95,15.33,Balasore
2016,275,29.29,25.92,88.12,2.65,17.26,Balasore
2016,276,29.17,26.0,86.83,1.69,17.3,Balasore
2016,277,31.38,25.57,81.67,1.82,20.78,Balasore
2016,278,31.96,25.25,81.54,1.86,19.37,Balasore
2016,279,31.25,26.34,85.36,2.03,17.95,Balasore
2016,280,30.11,26.36,85.15,2.31,12.12,Balasore
2016,281,28.47,25.78,89.22,2.64,11.36,Balasore
2016,282,29.55,25.93,86.17,1.86,11.55,Balasore
2016,283,28.83,26.27,87.21,1.83,15.51,Balasore
2016,284,31.11,26.29,82.1,1.21,12.38,Balasore
2016,285,28.48,25.92,90.4,3.04,16.79,Balasore
2016,286,30.87,23.89,79.02,2.94,19.28,Balasore
2016,287,30.59,21.81,68.61,2.18,20.09,Balasore
2016,288,30.23,22.5,66.31,2.05,18.8,Balasore
2016,289,29.11,21.74,67.29,2.39,19.69,Balasore
2016,290,29.38,21.58,69.14,2.28,19.8,Balasore
2016,291,29.39,21.99,75.02,2.62,19.41,Balasore
2016,292,29.47,22.14,78.96,2.85,18.96,Balasore
2016,293,30.06,22.32,76.78,2.65,18.37,Balasore
2016,294,29.62,22.06,70.57,2.62,18.72,Balasore
2016,295,29.62,21.07,68.68,2.45,18.92,Balasore
2016,296,29.88,21.76,67.44,2.07,18.71,Balasore
2016,297,29.26,20.03,70.86,2.8,18.11,Balasore
2016,298,28.53,19.37,73.24,2.96,14.17,Balasore
2016,299,28.1,19.45,79.02,3.12,17.14,Balasore
2016,300,28.25,19.58,82.47,3.47,16.73,Balasore
2016,301,29.37,23.27,87.42,2.57,7.28,Balasore
2016,302,29.1,23.46,80.71,1.61,15.83,Balasore
2016,303,28.93,23.49,83.21,2.33,15.67,Balasore
2016,304,28.56,22.48,84.25,3.09,18.47,Balasore
2016,305,28.52,21.81,84.82,3.36,16.64,Balasore
2016,306,28.26,22.83,86.15,3.6,16.78,Balasore
2016,307,28.88,21.5,80.39,2.85,18.06,Balasore
2016,308,27.89,21.87,86.86,3.15,13.42,Balasore
2016,309,26.54,23.02,87.39,3.0,9.25,Balasore
2016,310,25.99,21.94,90.84,5.6,11.94,Balasore
2016,311,27.32,19.04,82.45,3.81,18.12,Balasore
2016,312,26.85,17.1,77.61,3.23,16.13,Balasore
2016,313,27.21,17.26,63.79,2.12,16.12,Balasore
2016,314,26.58,16.63,60.39,1.68,15.13,Balasore
2016,315,26.09,17.13,61.35,1.47,13.85,Balasore
2016,316,27.21,17.95,64.43,1.33,14.22,Balasore
2016,317,27.05,18.46,69.78,1.51,15.65,Balasore
2016,318,27.12,19.1,75.61,1.58,16.22,Balasore
2016,319,27.17,19.59,76.22,1.62,15.2,Balasore
2016,320,26.65,19.4,79.79,2.57,14.46,Balasore
2016,321,26.21,17.15,74.64,3.48,15.95,Balasore
2016,322,25.45,15.62,70.62,3.43,17.17,Balasore
2016,323,24.94,14.95,66.89,2.65,17.01,Balasore
2016,324,25.22,15.47,65.61,1.8,16.06,Balasore
2016,325,25.78,16.06,67.49,1.71,14.96,Balasore
2016,326,25.71,16.34,64.59,1.5,14.86,Balasore
2016,327,25.16,15.35,68.79,2.08,14.26,Balasore
2016,328,24.9,15.33,68.14,1.97,14.53,Balasore
2016,329,25.46,15.87,67.69,2.04,15.61,Balasore
2016,330,25.35,14.31,71.37,2.24,15.93,Balasore
2016,331,26.54,15.31,70.21,1.98,15.4,Balasore
2016,332,25.69,15.09,74.85,1.73,15.59,Balasore
2016,333,25.49,16.75,75.97,1.58,13.77,Balasore
2016,334,26.3,17.37,74.17,1.13,13.12,Balasore
2016,335,25.99,17.68,76.55,1.39,12.72,Balasore
2016,336,25.95,17.89,79.82,1.61,13.17,Balasore
2016,337,26.12,17.92,81.08,2.1,12.36,Balasore
2016,338,25.71,17.55,84.28,3.01,14.21,Balasore
2016,339,25.78,16.57,85.32,3.53,13.8,Balasore
2016,340,25.02,15.49,78.24,3.47,14.34,Balasore
2016,341,24.77,13.58,74.42,3.4,15.78,Balasore
2016,342,24.34,13.77,75.51,3.03,16.25,Balasore
2016,343,24.87,14.57,78.28,3.26,16.13,Balasore
2016,344,24.42,13.32,77.62,3.3,15.8,Balasore
2016,345,23.42,13.28,76.45,3.92,15.54,Balasore
2016,346,23.47,12.81,77.01,3.53,14.63,Balasore
2016,347,24.26,14.38,71.21,3.25,15.8,Balasore
2016,348,24.65,13.31,73.68,3.08,15.11,Balasore
2016,349,25.32,13.53,72.6,3.15,15.29,Balasore
2016,350,24.63,13.78,68.51,3.79,15.63,Balasore
2016,351,24.11,12.36,63.28,2.95,15.82,Balasore
2016,352,24.78,12.87,61.87,1.83,15.05,Balasore
2016,353,23.79,12.78,68.81,1.92,13.31,Balasore
2016,354,24.47,13.87,66.5,1.82,14.5,Balasore
2016,355,24.95,12.78,70.79,1.75,14.43,Balasore
2016,356,24.64,12.18,68.08,2.13,14.75,Balasore
2016,357,24.26,13.0,63.7,1.55,14.41,Balasore
2016,358,24.58,14.12,64.0,1.37,13.09,Balasore
2016,359,25.24,15.32,69.06,1.63,12.04,Balasore
2016,360,25.32,14.76,69.47,2.01,12.2,Balasore
2016,361,27.95,14.94,67.99,2.12,13.21,Balasore
2016,362,24.51,14.53,77.06,3.75,11.09,Balasore
2016,363,24.19,13.2,75.83,2.52,11.4,Balasore
2016,364,24.79,14.73,72.24,1.71,12.19,Balasore
2016,365,25.23,15.39,72.72,1.49,12.16,Balasore
2016,366,25.25,16.28,85.3,1.71,11.53,Balasore
2017,1,25.69,18.53,81.23,1.37,11.97,Balasore
2017,2,25.88,17.99,78.88,1.05,10.3,Balasore
2017,3,25.19,16.58,78.87,1.81,8.98,Balasore
2017,4,25.6,15.42,74.12,2.8,13.96,Balasore
2017,5,25.93,14.07,67.76,2.69,16.17,Balasore
2017,6,26.08,13.0,61.92,2.34,16.25,Balasore
2017,7,25.85,13.62,60.29,2.0,15.92,Balasore
2017,8,26.78,15.28,60.18,1.78,14.83,Balasore
2017,9,27.41,14.79,67.68,2.0,14.55,Balasore
2017,10,27.19,14.62,71.66,2.43,10.97,Balasore
2017,11,24.75,14.48,77.03,2.48,11.32,Balasore
2017,12,23.34,14.77,72.33,3.49,12.84,Balasore
2017,13,22.74,12.34,66.47,3.39,13.58,Balasore
2017,14,23.02,11.1,63.45,3.43,14.61,Balasore
2017,15,24.07,10.0,60.54,2.85,16.12,Balasore
2017,16,26.07,10.76,58.71,2.66,16.49,Balasore
2017,17,26.61,13.97,55.92,1.93,15.11,Balasore
2017,18,26.21,14.31,66.74,2.77,15.11,Balasore
2017,19,25.66,13.22,63.23,3.89,15.95,Balasore
2017,20,26.7,14.17,61.67,3.72,16.14,Balasore
2017,21,27.31,14.05,61.03,3.6,17.37,Balasore
2017,22,27.43,13.28,51.99,3.43,17.42,Balasore
2017,23,27.8,13.81,55.43,2.83,17.24,Balasore
2017,24,27.34,14.84,59.54,2.84,16.69,Balasore
2017,25,27.39,14.57,63.99,3.02,16.93,Balasore
2017,26,27.11,14.18,62.72,2.38,15.95,Balasore
2017,27,28.83,16.01,63.89,2.24,7.26,Balasore
2017,28,28.14,15.81,67.72,3.66,15.73,Balasore
2017,29,26.77,13.98,63.4,2.86,17.58,Balasore
2017,30,28.21,14.86,65.95,1.78,17.87,Balasore
2017,31,28.44,15.81,75.95,1.92,16.68,Balasore
2017,32,27.29,16.3,79.57,1.83,15.21,Balasore
2017,33,27.13,15.53,70.23,2.28,11.14,Balasore
2017,34,27.0,14.91,69.62,2.15,14.93,Balasore
2017,35,26.96,13.35,62.71,2.54,16.95,Balasore
2017,36,28.87,15.35,63.83,2.21,17.67,Balasore
2017,37,31.49,15.64,65.62,2.33,18.35,Balasore
2017,38,30.33,16.99,66.24,2.4,17.52,Balasore
2017,39,29.96,15.93,62.3,2.7,19.15,Balasore
2017,40,30.55,16.48,67.1,2.23,18.93,Balasore
2017,41,31.09,17.02,72.77,2.42,17.56,Balasore
2017,42,29.69,17.5,72.79,1.89,15.68,Balasore
2017,43,29.66,17.5,64.39,1.85,16.07,Balasore
2017,44,29.95,18.25,63.03,2.06,16.41,Balasore
2017,45,30.67,17.41,61.99,2.3,16.08,Balasore
2017,46,30.11,18.23,60.95,2.0,15.82,Balasore
2017,47,30.16,18.62,67.9,2.07,17.07,Balasore
2017,48,29.4,18.08,73.96,2.57,15.31,Balasore
2017,49,30.52,18.91,73.21,2.63,16.06,Balasore
2017,50,31.18,19.56,73.26,3.23,15.68,Balasore
2017,51,33.86,19.86,68.95,2.77,18.4,Balasore
2017,52,34.26,18.83,64.55,4.58,20.92,Balasore
2017,53,34.49,20.72,68.58,4.85,20.09,Balasore
2017,54,33.64,20.55,62.92,3.11,20.31,Balasore
2017,55,32.25,21.21,70.69,2.01,20.78,Balasore
2017,56,32.35,17.59,57.92,2.39,22.64,Balasore
2017,57,33.4,18.78,58.19,2.53,23.06,Balasore
2017,58,32.88,19.06,66.86,2.47,20.69,Balasore
2017,59,32.26,19.94,66.59,2.35,20.27,Balasore
2017,60,34.67,19.17,63.95,2.76,22.36,Balasore
2017,61,35.46,20.06,58.33,3.52,22.0,Balasore
2017,62,36.94,20.73,49.1,4.38,20.21,Balasore
2017,63,35.28,20.12,59.53,4.55,18.39,Balasore
2017,64,35.9,21.74,65.59,4.28,17.08,Balasore
2017,65,33.39,21.59,55.88,3.26,18.21,Balasore
2017,66,33.93,20.98,59.59,2.97,17.53,Balasore
2017,67,29.23,22.8,80.15,2.27,4.94,Balasore
2017,68,31.81,22.14,76.54,2.9,15.22,Balasore
2017,69,34.13,22.59,71.06,4.68,14.41,Balasore
2017,70,32.86,24.26,73.42,5.39,15.6,Balasore
2017,71,32.04,21.09,65.35,2.43,16.87,Balasore
2017,72,29.66,18.47,55.62,3.16,21.86,Balasore
2017,73,30.11,17.47,54.5,2.51,22.45,Balasore
2017,74,30.9,18.48,56.14,2.02,20.05,Balasore
2017,75,32.16,18.3,64.12,2.25,21.44,Balasore
2017,76,33.87,19.83,63.75,2.42,21.88,Balasore
2017,77,34.81,21.94,67.75,3.2,20.98,Balasore
2017,78,33.38,22.53,72.6,2.67,17.17,Balasore
2017,79,30.47,18.87,70.34,3.25,21.3,Balasore
2017,80,32.35,20.95,62.88,1.65,24.06,Balasore
2017,81,34.47,20.37,66.98,2.39,24.42,Balasore
2017,82,36.4,20.97,67.63,2.96,24.31,Balasore
2017,83,36.68,22.3,68.8,2.56,23.58,Balasore
2017,84,36.28,22.96,69.19,4.02,21.72,Balasore
2017,85,36.46,23.44,66.85,3.42,22.09,Balasore
2017,86,36.81,22.36,62.06,4.07,23.8,Balasore
2017,87,38.51,23.86,65.06,4.54,24.27,Balasore
2017,88,37.79,23.55,64.27,3.56,24.1,Balasore
2017,89,37.74,23.89,67.23,5.36,23.7,Balasore
2017,90,38.29,23.69,64.41,4.21,24.25,Balasore
2017,91,37.43,24.55,69.71,4.91,23.0,Balasore
2017,92,38.07,24.66,68.85,5.33,19.32,Balasore
2017,93,38.19,25.61,64.39,6.65,21.94,Balasore
2017,94,37.5,25.03,68.18,6.27,21.25,Balasore
2017,95,38.26,25.09,69.29,5.05,20.9,Balasore
2017,96,36.99,25.7,72.52,4.73,20.16,Balasore
2017,97,36.79,25.95,72.07,4.5,19.54,Balasore
2017,98,37.64,25.76,70.99,4.7,21.44,Balasore
2017,99,38.69,25.62,68.99,3.39,18.76,Balasore
2017,100,37.57,25.65,66.93,2.68,19.97,Balasore
2017,101,38.73,25.14,54.84,2.71,27.79,Balasore
2017,102,38.49,23.09,61.74,3.24,25.87,Balasore
2017,103,37.72,23.48,62.74,4.75,24.28,Balasore
2017,104,37.05,23.75,61.71,5.47,24.02,Balasore
2017,105,36.6,23.8,64.53,6.13,24.56,Balasore
2017,106,37.71,25.61,61.53,4.37,23.22,Balasore
2017,107,36.21,24.65,63.32,3.63,24.08,Balasore
2017,108,36.32,26.01,67.3,5.7,22.18,Balasore
2017,109,37.19,26.51,69.79,6.77,21.55,Balasore
2017,110,37.81,26.18,70.77,6.54,22.33,Balasore
2017,111,39.24,26.34,67.82,6.01,24.99,Balasore
2017,112,39.77,26.78,67.84,6.07,21.87,Balasore
2017,113,38.27,26.32,68.54,5.21,17.47,Balasore
2017,114,39.45,26.46,67.36,5.59,25.01,Balasore
2017,115,40.77,26.14,58.46,5.42,26.21,Balasore
2017,116,39.96,25.63,53.14,4.11,24.42,Balasore
2017,117,38.84,26.06,67.15,4.8,22.05,Balasore
2017,118,39.22,25.7,63.91,3.6,23.69,Balasore
2017,119,39.87,26.18,61.07,5.1,22.89,Balasore
2017,120,37.71,26.45,65.43,5.65,23.08,Balasore
2017,121,34.71,26.77,70.79,4.98,18.92,Balasore
2017,122,36.34,25.58,68.17,3.75,20.38,Balasore
2017,123,38.54,25.47,63.96,4.25,23.69,Balasore
2017,124,40.15,25.93,61.26,4.27,24.94,Balasore
2017,125,40.51,26.12,58.77,5.33,19.22,Balasore
2017,126,39.94,27.01,62.03,5.32,23.54,Balasore
2017,127,39.65,26.82,60.62,5.09,23.73,Balasore
2017,128,36.8,26.47,65.8,4.67,23.52,Balasore
2017,129,36.08,26.57,70.62,4.76,22.67,Balasore
2017,130,34.98,26.45,71.98,3.28,21.38,Balasore
2017,131,38.08,26.12,66.09,4.26,23.44,Balasore
2017,132,39.32,26.51,64.68,3.68,24.39,Balasore
2017,133,40.09,26.62,66.55,4.06,24.22,Balasore
2017,134,40.39,26.6,68.62,4.15,25.48,Balasore
2017,135,38.79,27.62,73.28,4.82,23.82,Balasore
2017,136,36.86,27.63,76.9,4.75,19.91,Balasore
2017,137,36.85,27.86,75.36,2.92,19.52,Balasore
2017,138,35.26,28.08,78.16,2.73,19.37,Balasore
2017,139,36.9,28.27,67.89,2.59,23.29,Balasore
2017,140,38.24,27.2,67.65,4.65,25.13,Balasore
2017,141,37.98,26.73,68.38,3.9,24.24,Balasore
2017,142,36.89,27.38,70.92,4.82,24.6,Balasore
2017,143,33.63,27.29,81.99,4.14,24.58,Balasore
2017,144,35.0,27.84,78.9,4.27,22.39,Balasore
2017,145,35.69,27.47,75.56,4.5,25.26,Balasore
2017,146,36.32,27.37,73.61,4.55,19.98,Balasore
2017,147,32.86,27.32,79.83,2.71,19.13,Balasore
2017,148,34.65,27.18,71.27,2.44,21.89,Balasore
2017,149,36.52,26.64,66.23,2.6,22.24,Balasore
2017,150,38.16,27.75,67.84,2.77,22.26,Balasore
2017,151,36.86,28.08,72.85,3.27,19.04,Balasore
2017,152,35.72,28.43,77.29,5.28,21.91,Balasore
2017,153,33.95,28.1,80.74,5.53,17.5,Balasore
2017,154,36.47,28.23,76.37,5.98,23.11,Balasore
2017,155,39.18,28.21,71.7,5.82,24.53,Balasore
2017,156,38.46,28.99,67.81,5.2,22.23,Balasore
2017,157,34.53,27.7,72.86,2.68,17.69,Balasore
2017,158,33.51,27.58,74.65,2.52,19.95,Balasore
2017,159,36.57,27.14,67.32,3.08,20.76,Balasore
2017,160,34.28,27.85,71.46,2.3,18.81,Balasore
2017,161,29.67,27.12,84.38,2.95,16.58,Balasore
2017,162,32.96,27.09,79.43,2.76,17.78,Balasore
2017,163,33.68,26.92,77.51,4.37,14.98,Balasore
2017,164,33.09,27.88,79.44,5.68,18.8,Balasore
2017,165,34.9,27.63,75.82,4.57,16.51,Balasore
2017,166,33.42,27.42,79.99,3.84,16.48,Balasore
2017,167,33.01,27.24,79.97,4.55,10.58,Balasore
2017,168,35.51,26.51,74.08,4.89,20.48,Balasore
2017,169,35.17,27.44,77.48,5.27,17.61,Balasore
2017,170,31.26,27.9,86.68,5.17,21.61,Balasore
2017,171,32.08,27.02,85.21,3.75,8.58,Balasore
2017,172,31.41,26.72,83.85,3.57,14.15,Balasore
2017,173,31.4,27.0,84.62,3.55,16.78,Balasore
2017,174,31.3,26.67,84.38,2.83,16.19,Balasore
2017,175,32.01,26.6,82.88,2.37,13.85,Balasore
2017,176,31.48,26.14,82.99,3.26,14.4,Balasore
2017,177,31.61,26.62,83.61,3.26,14.94,Balasore
2017,178,30.36,26.59,87.56,4.9,15.62,Balasore
2017,179,30.08,27.37,87.21,4.5,17.52,Balasore
2017,180,31.23,26.52,84.38,2.16,16.66,Balasore
2017,181,32.03,26.92,85.87,3.3,13.02,Balasore
2017,182,32.62,27.17,85.71,4.17,7.07,Balasore
2017,183,33.03,26.57,81.82,5.8,10.79,Balasore
2017,184,32.81,26.56,83.22,5.29,12.36,Balasore
2017,185,32.83,26.78,82.6,5.25,8.28,Balasore
2017,186,33.69,26.59,80.03,4.31,10.34,Balasore
2017,187,32.94,26.82,81.65,4.03,10.0,Balasore
2017,188,32.59,26.55,84.71,4.33,8.3,Balasore
2017,189,31.2,26.81,86.55,3.63,14.89,Balasore
2017,190,32.22,26.81,85.89,4.93,15.46,Balasore
2017,191,30.7,27.3,89.32,4.81,14.91,Balasore
2017,192,29.17,26.69,89.49,4.38,8.94,Balasore
2017,193,30.78,26.21,88.1,3.33,10.59,Balasore
2017,194,30.92,26.02,84.5,2.0,11.48,Balasore
2017,195,31.59,26.19,84.62,2.12,13.22,Balasore
2017,196,30.3,26.52,89.01,3.05,16.84,Balasore
2017,197,30.82,26.38,87.09,3.21,14.41,Balasore
2017,198,30.78,26.94,89.31,5.29,13.22,Balasore
2017,199,30.84,27.3,87.9,6.67,16.93,Balasore
2017,200,30.37,26.55,88.28,5.06,11.22,Balasore
2017,201,30.89,26.85,89.04,6.93,11.5,Balasore
2017,202,30.39,26.77,92.13,4.81,11.3,Balasore
2017,203,29.71,27.2,92.97,4.99,3.2,Balasore
2017,204,28.8,26.77,93.37,5.4,4.72,Balasore
2017,205,28.72,26.73,92.92,6.82,3.78,Balasore
2017,206,29.71,26.05,89.62,5.94,7.72,Balasore
2017,207,30.15,25.78,89.17,4.46,10.2,Balasore
2017,208,30.42,25.5,88.71,2.99,15.93,Balasore
2017,209,30.49,26.19,88.53,2.83,21.05,Balasore
2017,210,31.27,25.63,88.09,2.7,18.96,Balasore
2017,211,30.82,26.44,87.32,2.36,11.1,Balasore
2017,212,31.09,26.1,88.14,3.01,19.34,Balasore
2017,213,32.19,26.39,83.46,2.94,20.35,Balasore
2017,214,31.24,26.81,89.64,3.67,15.35,Balasore
2017,215,30.07,27.05,91.45,3.2,9.39,Balasore
2017,216,29.66,26.51,91.1,3.03,11.89,Balasore
2017,217,30.02,26.46,91.39,4.43,11.43,Balasore
2017,218,31.19,26.31,88.27,4.26,18.74,Balasore
2017,219,30.82,27.05,88.04,3.2,14.84,Balasore
2017,220,31.89,26.8,88.22,3.5,19.25,Balasore
2017,221,31.07,26.67,89.76,5.47,19.46,Balasore
2017,222,30.38,26.92,90.15,5.11,17.96,Balasore
2017,223,30.97,26.47,89.92,5.09,14.88,Balasore
2017,224,30.15,26.83,91.58,4.22,8.91,Balasore
2017,225,30.83,25.98,87.8,2.8,10.58,Balasore
2017,226,30.66,25.95,87.77,2.78,12.15,Balasore
2017,227,31.25,26.16,87.93,3.21,16.67,Balasore
2017,228,30.21,26.55,89.53,3.43,11.65,Balasore
2017,229,30.62,25.91,88.42,3.05,11.11,Balasore
2017,230,29.98,25.91,88.32,3.66,15.92,Balasore
2017,231,29.58,26.49,89.75,4.97,16.94,Balasore
2017,232,29.69,26.08,87.72,3.61,17.73,Balasore
2017,233,30.35,26.34,85.84,2.25,20.04,Balasore
2017,234,31.39,25.68,83.9,2.31,19.45,Balasore
2017,235,31.79,25.99,81.71,1.84,16.87,Balasore
2017,236,30.37,26.19,87.93,3.25,17.13,Balasore
2017,237,31.42,26.43,84.17,2.28,17.88,Balasore
2017,238,30.89,26.81,87.19,2.26,15.27,Balasore
2017,239,29.03,26.88,90.14,2.86,8.97,Balasore
2017,240,29.37,26.87,91.42,5.21,14.61,Balasore
2017,241,29.16,26.57,91.83,4.18,10.12,Balasore
2017,242,30.16,26.04,88.58,2.91,19.15,Balasore
2017,243,29.66,26.33,92.43,3.7,14.86,Balasore
2017,244,29.09,26.23,93.15,3.63,10.19,Balasore
2017,245,29.89,25.99,90.46,4.33,9.54,Balasore
2017,246,30.59,25.68,87.38,2.53,15.84,Balasore
2017,247,32.58,25.21,83.39,2.35,19.21,Balasore
2017,248,31.43,26.25,87.42,2.7,20.04,Balasore
2017,249,30.93,26.44,88.67,2.73,17.6,Balasore
2017,250,30.04,26.54,89.05,2.93,18.06,Balasore
2017,251,30.56,26.25,89.35,3.6,17.92,Balasore
2017,252,29.41,26.4,92.23,3.98,15.26,Balasore
2017,253,29.43,26.33,90.95,3.72,16.89,Balasore
2017,254,29.46,26.23,90.29,3.42,15.06,Balasore
2017,255,28.93,25.93,92.64,3.45,13.89,Balasore
2017,256,29.37,26.13,89.52,2.31,14.79,Balasore
2017,257,31.35,25.59,85.16,2.34,15.78,Balasore
2017,258,31.07,26.19,85.03,1.87,16.71,Balasore
2017,259,31.28,26.35,84.31,2.08,19.4,Balasore
2017,260,32.09,26.44,84.11,2.08,14.96,Balasore
2017,261,30.52,26.29,84.89,2.58,6.86,Balasore
2017,262,29.76,25.69,88.27,3.7,8.88,Balasore
2017,263,29.68,25.86,91.19,4.68,11.13,Balasore
2017,264,29.36,26.41,90.8,3.43,15.4,Balasore
2017,265,30.91,26.17,88.12,3.42,19.94,Balasore
2017,266,31.64,25.67,86.1,2.72,20.66,Balasore
2017,267,32.01,26.23,86.0,2.39,19.01,Balasore
2017,268,32.11,26.51,82.29,1.85,18.06,Balasore
2017,269,30.99,26.52,85.23,1.99,18.22,Balasore
2017,270,30.44,26.68,84.53,1.85,11.94,Balasore
2017,271,28.61,26.04,85.37,1.56,16.34,Balasore
2017,272,30.6,25.42,84.05,2.29,14.51,Balasore
2017,273,29.1,26.31,88.33,2.48,7.07,Balasore
2017,274,29.55,26.39,86.37,2.01,11.1,Balasore
2017,275,29.65,25.54,88.44,2.97,12.57,Balasore
2017,276,29.56,25.64,87.85,2.4,14.99,Balasore
2017,277,29.71,26.16,84.38,1.38,19.72,Balasore
2017,278,29.96,25.64,85.99,1.98,13.27,Balasore
2017,279,29.19,25.76,88.11,3.35,7.72,Balasore
2017,280,29.75,25.91,84.23,1.86,14.24,Balasore
2017,281,29.52,25.41,89.56,2.72,12.75,Balasore
2017,282,29.61,25.73,90.51,3.13,15.29,Balasore
2017,283,29.74,25.36,88.44,2.48,15.57,Balasore
2017,284,30.89,25.35,87.09,2.63,16.0,Balasore
2017,285,30.47,25.69,87.44,2.73,16.02,Balasore
2017,286,30.69,25.71,87.85,3.54,14.86,Balasore
2017,287,31.36,25.39,86.21,2.71,13.8,Balasore
2017,288,32.15,25.34,81.57,1.97,18.46,Balasore
2017,289,31.58,24.15,79.23,1.9,19.85,Balasore
2017,290,30.32,23.68,77.9,2.43,19.54,Balasore
2017,291,29.76,23.91,87.39,3.92,9.9,Balasore
2017,292,28.45,26.5,93.87,5.22,6.66,Balasore
2017,293,27.07,25.62,94.04,10.43,4.71,Balasore
2017,294,29.7,25.11,91.18,6.73,9.65,Balasore
2017,295,30.77,23.74,80.28,1.61,19.71,Balasore
2017,296,30.37,22.73,79.15,2.33,18.8,Balasore
2017,297,31.04,22.49,82.26,3.07,17.45,Balasore
2017,298,31.05,22.87,78.38,2.2,17.18,Balasore
2017,299,29.77,23.26,77.26,1.85,16.7,Balasore
2017,300,29.26,23.58,71.69,1.29,16.34,Balasore
2017,301,30.24,22.42,61.45,0.98,16.77,Balasore
2017,302,29.52,21.76,63.81,1.25,16.18,Balasore
2017,303,28.39,22.75,70.72,1.36,15.85,Balasore
2017,304,27.92,22.64,71.18,1.44,15.62,Balasore
2017,305,26.75,19.74,77.46,2.71,15.11,Balasore
2017,306,27.21,19.84,76.81,2.74,18.07,Balasore
2017,307,27.23,19.71,76.57,2.38,18.74,Balasore
2017,308,28.23,20.04,81.9,3.18,18.44,Balasore
2017,309,28.82,20.7,79.57,1.98,18.17,Balasore
2017,310,28.62,21.3,82.58,2.81,18.98,Balasore
2017,311,28.33,20.52,79.35,2.58,18.62,Balasore
2017,312,28.21,20.23,74.4,2.12,16.81,Balasore
2017,313,27.62,20.03,69.33,1.86,16.45,Balasore
2017,314,27.23,19.09,71.65,2.36,17.42,Balasore
2017,315,27.38,18.64,76.04,2.79,16.23,Balasore
2017,316,27.65,19.35,74.88,2.59,18.21,Balasore
2017,317,26.68,19.9,76.99,2.99,17.73,Balasore
2017,318,25.8,20.06,84.44,3.04,10.88,Balasore
2017,319,22.53,20.79,92.37,3.85,3.7,Balasore
2017,320,23.91,20.07,93.84,3.92,5.45,Balasore
2017,321,24.18,21.54,95.06,4.39,7.02,Balasore
2017,322,28.13,22.99,91.43,2.87,4.68,Balasore
2017,323,27.02,22.77,92.14,1.86,11.84,Balasore
2017,324,28.16,20.73,83.77,2.66,15.32,Balasore
2017,325,26.62,18.69,75.06,3.73,16.26,Balasore
2017,326,25.21,15.81,68.45,2.62,16.19,Balasore
2017,327,24.8,16.71,70.87,2.71,16.15,Balasore
2017,328,24.26,14.24,64.37,2.56,15.84,Balasore
2017,329,24.61,14.8,63.96,2.38,16.08,Balasore
2017,330,24.48,13.89,67.87,2.08,15.36,Balasore
2017,331,25.07,15.26,63.23,1.71,14.7,Balasore
2017,332,26.33,15.03,59.26,1.56,15.89,Balasore
2017,333,24.98,16.0,61.44,1.46,16.03,Balasore
2017,334,25.2,15.75,58.28,1.4,15.43,Balasore
2017,335,24.1,14.79,66.27,2.33,15.2,Balasore
2017,336,24.05,13.87,73.38,2.57,15.63,Balasore
2017,337,23.53,14.18,72.25,2.49,14.87,Balasore
2017,338,23.6,13.86,69.17,2.35,14.49,Balasore
2017,339,23.82,14.95,65.3,1.68,15.14,Balasore
2017,340,22.57,15.93,65.13,1.5,13.6,Balasore
2017,341,23.86,14.83,73.45,2.5,11.53,Balasore
2017,342,21.3,17.62,88.68,4.25,4.59,Balasore
2017,343,23.44,19.59,93.76,5.37,6.25,Balasore
2017,344,25.66,20.08,92.36,4.56,9.19,Balasore
2017,345,26.2,19.02,86.06,2.29,14.14,Balasore
2017,346,27.06,18.24,82.6,1.72,13.97,Balasore
2017,347,26.97,17.28,75.81,1.86,14.3,Balasore
2017,348,25.83,17.22,72.08,2.21,14.6,Balasore
2017,349,25.62,16.78,73.87,2.23,14.36,Balasore
2017,350,25.16,15.46,75.18,3.06,15.14,Balasore
2017,351,23.92,15.09,74.36,3.54,16.18,Balasore
2017,352,22.62,12.38,68.88,3.44,15.97,Balasore
2017,353,22.19,11.94,70.32,2.62,13.17,Balasore
2017,354,22.49,12.72,75.11,1.78,12.37,Balasore
2017,355,23.24,14.67,75.3,1.45,12.25,Balasore
2017,356,24.2,15.67,79.41,1.73,13.69,Balasore
2017,357,24.17,14.79,77.7,2.12,12.51,Balasore
2017,358,23.65,13.61,69.14,2.28,13.21,Balasore
2017,359,24.18,13.27,66.76,2.23,14.18,Balasore
2017,360,23.34,12.73,67.9,3.36,15.0,Balasore
2017,361,23.02,11.2,72.14,3.25,16.13,Balasore
2017,362,23.54,11.55,73.46,2.9,16.36,Balasore
2017,363,23.19,12.04,71.85,2.49,15.59,Balasore
2017,364,23.19,12.08,71.62,2.57,15.69,Balasore
2017,365,23.71,12.65,72.33,2.86,14.99,Balasore
2018,1,20.86,14.53,76.8,2.91,13.8,Balasore
2018,2,22.84,13.86,71.87,3.03,14.81,Balasore
2018,3,23.49,11.84,62.86,2.46,14.31,Balasore
2018,4,21.86,11.51,66.16,3.06,15.4,Balasore
2018,5,22.25,10.33,64.29,2.47,15.91,Balasore
2018,6,22.41,11.83,60.15,1.92,16.06,Balasore
2018,7,22.25,11.18,56.83,2.41,16.36,Balasore
2018,8,21.73,10.25,60.02,2.62,16.1,Balasore
2018,9,22.15,9.89,61.55,2.81,16.41,Balasore
2018,10,22.94,9.69,59.26,2.16,16.98,Balasore
2018,11,23.12,10.71,58.22,1.87,16.08,Balasore
2018,12,24.49,10.87,71.72,1.8,14.8,Balasore
2018,13,24.85,11.5,65.08,2.12,15.06,Balasore
2018,14,23.73,11.64,66.95,2.96,15.66,Balasore
2018,15,24.8,10.39,60.52,2.73,17.63,Balasore
2018,16,24.83,11.36,60.23,2.16,16.08,Balasore
2018,17,24.96,12.02,61.13,1.61,15.41,Balasore
2018,18,24.65,11.92,56.69,1.77,16.93,Balasore
2018,19,24.31,10.85,56.4,2.05,17.59,Balasore
2018,20,25.44,12.08,59.98,2.4,17.31,Balasore
2018,21,25.17,13.1,64.82,1.71,17.04,Balasore
2018,22,24.93,12.33,64.02,1.94,16.25,Balasore
2018,23,25.4,13.45,71.68,2.06,15.98,Balasore
2018,24,26.65,13.19,69.77,2.72,15.34,Balasore
2018,25,25.54,13.77,64.87,2.91,14.25,Balasore
2018,26,24.96,13.46,69.64,2.27,16.44,Balasore
2018,27,24.6,12.87,67.04,2.61,16.5,Balasore
2018,28,25.24,12.58,57.02,1.92,18.47,Balasore
2018,29,26.6,13.71,53.62,1.78,18.01,Balasore
2018,30,27.58,11.93,55.63,2.24,19.13,Balasore
2018,31,29.19,12.46,50.71,2.59,19.56,Balasore
2018,32,27.12,12.86,60.02,2.9,17.78,Balasore
2018,33,28.41,14.24,61.36,2.23,18.5,Balasore
2018,34,28.19,15.75,63.92,2.34,19.04,Balasore
2018,35,30.15,15.08,62.86,3.08,18.32,Balasore
2018,36,29.35,16.41,64.37,2.14,16.54,Balasore
2018,37,29.54,17.1,65.16,2.2,16.74,Balasore
2018,38,30.81,16.78,56.87,1.92,15.99,Balasore
2018,39,29.28,18.48,55.16,2.45,14.19,Balasore
2018,40,31.04,16.91,63.74,2.45,14.45,Balasore
2018,41,28.23,17.89,66.85,2.95,13.17,Balasore
2018,42,25.1,17.4,56.1,2.43,13.89,Balasore
2018,43,29.0,15.4,50.71,2.67,18.62,Balasore
2018,44,28.53,15.35,52.92,3.21,17.13,Balasore
2018,45,29.59,17.3,60.01,3.06,18.25,Balasore
2018,46,28.56,15.45,57.13,2.94,20.32,Balasore
2018,47,29.15,15.27,56.52,2.31,19.64,Balasore
2018,48,29.65,15.99,66.15,2.17,19.91,Balasore
2018,49,30.88,16.65,67.68,2.12,19.48,Balasore
2018,50,31.13,17.35,67.06,2.87,19.1,Balasore
2018,51,31.35,16.8,61.48,2.34,17.36,Balasore
2018,52,32.02,17.8,59.89,1.97,18.31,Balasore
2018,53,32.12,18.73,63.27,1.88,19.83,Balasore
2018,54,33.13,18.32,61.78,2.88,20.21,Balasore
2018,55,34.68,17.8,55.82,2.77,20.05,Balasore
2018,56,35.34,18.92,48.6,2.86,18.57,Balasore
2018,57,33.79,19.8,54.7,2.87,16.39,Balasore
2018,58,32.93,19.62,65.71,2.31,20.41,Balasore
2018,59,33.54,19.1,58.44,2.43,20.39,Balasore
2018,60,33.59,19.26,63.32,2.45,20.97,Balasore
2018,61,34.95,19.8,64.84,2.64,21.23,Balasore
2018,62,36.57,20.2,54.93,2.58,20.25,Balasore
2018,63,35.87,21.46,55.94,2.29,20.91,Balasore
2018,64,36.11,21.32,49.75,2.32,17.28,Balasore
2018,65,34.64,20.56,48.31,3.26,16.85,Balasore
2018,66,33.95,20.26,44.37,3.61,22.34,Balasore
2018,67,33.6,19.99,45.34,2.03,21.67,Balasore
2018,68,34.9,20.6,42.16,2.6,20.15,Balasore
2018,69,36.07,20.02,50.25,3.4,23.51,Balasore
2018,70,36.14,20.2,58.71,3.41,21.46,Balasore
2018,71,36.66,20.78,54.12,3.22,17.16,Balasore
2018,72,38.07,21.68,50.02,2.89,22.12,Balasore
2018,73,37.41,21.86,51.6,2.17,22.87,Balasore
2018,74,39.2,21.04,53.21,2.96,17.52,Balasore
2018,75,36.91,23.32,45.86,2.98,6.24,Balasore
2018,76,35.39,24.02,41.94,3.45,20.89,Balasore
2018,77,36.78,22.27,46.02,3.12,21.01,Balasore
2018,78,36.11,22.12,56.94,2.6,23.68,Balasore
2018,79,36.8,21.83,58.41,2.66,24.0,Balasore
2018,80,37.15,22.09,59.56,2.41,22.03,Balasore
2018,81,37.83,23.13,62.79,3.87,16.85,Balasore
2018,82,38.35,23.78,62.92,3.95,18.69,Balasore
2018,83,36.88,24.18,66.78,3.34,18.67,Balasore
2018,84,36.56,24.37,64.05,2.95,17.97,Balasore
2018,85,37.91,23.84,59.87,3.11,20.98,Balasore
2018,86,38.56,23.7,50.62,2.79,24.05,Balasore
2018,87,38.46,24.07,57.46,2.9,22.63,Balasore
2018,88,37.71,24.41,60.63,4.1,21.36,Balasore
2018,89,37.05,24.87,66.39,4.2,20.5,Balasore
2018,90,35.72,24.81,71.6,4.76,17.42,Balasore
2018,91,34.5,24.29,74.05,3.24,18.2,Balasore
2018,92,32.85,22.65,67.43,3.13,17.04,Balasore
2018,93,34.01,21.92,66.45,3.47,20.26,Balasore
2018,94,33.0,23.32,72.09,3.21,18.1,Balasore
2018,95,33.85,24.22,73.17,4.33,23.05,Balasore
2018,96,33.51,23.99,74.61,4.37,19.83,Balasore
2018,97,29.94,24.6,83.62,2.41,17.32,Balasore
2018,98,30.08,23.45,80.47,2.76,20.0,Balasore
2018,99,33.6,23.42,70.62,3.87,19.55,Balasore
2018,100,34.7,23.17,69.33,3.88,19.31,Balasore
2018,101,36.28,23.53,66.38,4.05,21.89,Balasore
2018,102,36.25,23.67,68.52,3.88,19.46,Balasore
2018,103,36.81,23.76,66.61,3.45,22.45,Balasore
2018,104,37.77,24.44,64.45,3.46,20.53,Balasore
2018,105,37.58,24.45,62.64,3.38,24.73,Balasore
2018,106,38.92,24.09,63.97,3.04,23.59,Balasore
2018,107,38.54,25.47,63.71,3.78,23.6,Balasore
2018,108,37.53,25.72,68.97,4.31,23.97,Balasore
2018,109,37.52,25.39,70.69,3.92,22.68,Balasore
2018,110,37.58,25.83,68.6,5.02,24.15,Balasore
2018,111,39.28,26.17,66.64,4.98,24.57,Balasore
2018,112,37.62,26.29,72.23,4.34,19.65,Balasore
2018,113,36.09,26.04,72.33,2.87,20.07,Balasore
2018,114,37.6,25.15,64.15,3.19,25.2,Balasore
2018,115,38.47,24.74,62.62,3.9,23.61,Balasore
2018,116,37.25,24.72,71.78,4.46,23.96,Balasore
2018,117,35.29,24.88,73.04,3.98,23.94,Balasore
2018,118,35.45,24.47,70.34,4.94,22.66,Balasore
2018,119,37.48,25.16,70.8,5.64,23.21,Balasore
2018,120,34.66,25.67,77.34,4.62,20.93,Balasore
2018,121,33.26,25.69,77.22,3.7,20.81,Balasore
2018,122,34.66,25.25,77.89,4.13,24.06,Balasore
2018,123,33.05,25.37,74.82,1.95,20.86,Balasore
2018,124,35.96,24.52,71.57,4.22,24.2,Balasore
2018,125,37.27,25.41,72.53,5.82,25.58,Balasore
2018,126,38.46,26.26,70.69,6.08,21.33,Balasore
2018,127,39.86,26.49,65.75,5.46,22.0,Balasore
2018,128,39.89,26.35,65.64,5.86,21.88,Balasore
2018,129,39.63,26.74,66.79,4.34,23.09,Balasore
2018,130,37.9,26.5,66.41,3.86,20.59,Balasore
2018,131,37.17,26.56,69.34,4.32,22.47,Balasore
2018,132,37.55,25.53,71.23,3.94,24.99,Balasore
2018,133,35.75,26.74,74.53,4.35,24.04,Balasore
2018,134,35.64,26.55,68.56,4.13,14.9,Balasore
2018,135,36.42,24.68,66.73,4.15,23.28,Balasore
2018,136,36.14,25.26,74.29,5.26,19.16,Balasore
2018,137,36.44,25.81,74.9,3.97,21.83,Balasore
2018,138,37.83,26.05,72.97,3.49,23.62,Balasore
2018,139,36.89,25.76,72.47,3.83,23.93,Balasore
2018,140,36.25,26.04,73.42,4.83,20.13,Balasore
2018,141,36.95,25.82,74.27,4.65,23.65,Balasore
2018,142,35.25,26.6,77.68,5.12,22.3,Balasore
2018,143,31.41,26.71,84.14,5.3,6.01,Balasore
2018,144,31.99,26.6,82.97,5.83,22.24,Balasore
2018,145,33.13,26.92,81.04,5.36,19.27,Balasore
2018,146,34.15,26.69,79.62,5.04,20.12,Balasore
2018,147,32.96,26.93,81.09,4.4,23.95,Balasore
2018,148,34.72,26.44,76.9,4.49,19.98,Balasore
2018,149,33.76,26.9,80.12,4.03,21.58,Balasore
2018,150,34.17,26.84,77.81,3.72,19.95,Balasore
2018,151,34.49,27.06,79.94,3.64,17.71,Balasore
2018,152,31.13,27.42,85.03,4.06,17.22,Balasore
2018,153,32.01,26.82,83.95,4.01,17.62,Balasore
2018,154,33.4,27.11,80.36,3.51,18.98,Balasore
2018,155,32.46,27.0,81.81,3.04,19.7,Balasore
2018,156,31.75,27.3,85.46,2.75,14.86,Balasore
2018,157,32.75,27.37,79.85,2.87,18.25,Balasore
2018,158,32.87,27.01,80.31,2.92,21.79,Balasore
2018,159,32.6,27.51,81.07,2.16,14.05,Balasore
2018,160,32.8,26.89,80.15,2.62,9.57,Balasore
2018,161,33.4,26.48,79.88,4.05,15.41,Balasore
2018,162,35.24,27.34,76.3,4.71,15.47,Balasore
2018,163,33.29,27.6,83.42,5.07,9.47,Balasore
2018,164,36.94,26.73,74.21,5.72,17.03,Balasore
2018,165,36.82,27.28,72.1,5.58,17.13,Balasore
2018,166,38.92,27.49,65.25,5.01,24.19,Balasore
2018,167,38.63,27.07,64.73,5.06,22.53,Balasore
2018,168,37.58,27.68,69.48,3.78,22.32,Balasore
2018,169,39.02,27.27,64.0,3.82,23.45,Balasore
2018,170,37.48,27.87,67.76,3.33,25.0,Balasore
2018,171,32.42,28.27,81.73,2.88,22.24,Balasore
2018,172,31.26,27.58,81.49,3.69,9.89,Balasore
2018,173,32.71,26.64,79.81,4.43,21.58,Balasore
2018,174,32.89,26.68,80.22,4.73,12.27,Balasore
2018,175,32.5,27.01,83.46,5.56,7.84,Balasore
2018,176,31.82,27.29,86.4,4.98,5.67,Balasore
2018,177,32.36,26.58,83.84,3.1,6.61,Balasore
2018,178,30.49,26.11,86.04,3.6,6.76,Balasore
2018,179,30.74,25.82,85.03,3.93,15.8,Balasore
2018,180,31.88,25.72,81.47,4.11,18.82,Balasore
2018,181,32.44,25.93,82.81,4.81,19.2,Balasore
2018,182,31.44,26.58,85.6,4.9,17.94,Balasore
2018,183,32.29,26.29,84.4,4.67,17.65,Balasore
2018,184,30.95,26.36,87.45,5.2,10.56,Balasore
2018,185,29.75,26.53,89.45,5.02,12.37,Balasore
2018,186,32.51,25.78,82.98,3.43,10.61,Balasore
2018,187,32.75,26.12,81.15,2.91,14.15,Balasore
2018,188,32.44,26.29,82.89,2.96,18.16,Balasore
2018,189,31.16,26.28,85.48,3.2,17.48,Balasore
2018,190,32.03,26.39,84.95,3.57,19.16,Balasore
2018,191,31.64,26.78,84.94,2.86,18.9,Balasore
2018,192,32.09,26.7,81.76,3.78,12.86,Balasore
2018,193,31.53,26.44,83.53,2.45,13.78,Balasore
2018,194,31.62,26.89,85.29,2.65,18.0,Balasore
2018,195,31.4,27.15,85.69,3.14,17.08,Balasore
2018,196,30.97,27.22,87.98,5.5,15.58,Balasore
2018,197,31.56,26.58,86.7,4.34,10.67,Balasore
2018,198,32.03,27.05,87.59,6.13,17.1,Balasore
2018,199,33.35,26.81,82.83,2.69,13.2,Balasore
2018,200,31.72,27.35,86.46,2.57,18.46,Balasore
2018,201,31.59,27.84,84.57,2.08,7.47,Balasore
2018,202,32.52,27.06,85.4,2.85,11.2,Balasore
2018,203,30.77,26.88,89.49,6.9,5.78,Balasore
2018,204,31.38,26.45,86.84,5.55,13.19,Balasore
2018,205,31.55,26.75,86.4,4.14,12.85,Balasore
2018,206,30.91,26.57,88.18,4.36,11.1,Balasore
2018,207,30.08,26.46,90.06,4.05,7.51,Balasore
2018,208,31.54,25.75,84.83,3.91,13.76,Balasore
2018,209,31.59,25.74,85.88,3.95,13.54,Balasore
2018,210,30.27,26.26,89.01,4.17,14.11,Balasore
2018,211,31.86,26.58,87.04,4.67,8.65,Balasore
2018,212,30.68,25.93,89.09,4.2,8.42,Balasore
2018,213,30.41,25.83,87.78,4.74,8.25,Balasore
2018,214,30.88,25.59,85.76,4.73,8.81,Balasore
2018,215,31.88,25.83,85.92,3.88,13.95,Balasore
2018,216,32.14,25.67,85.25,3.81,16.81,Balasore
2018,217,29.25,26.12,92.14,3.67,12.87,Balasore
2018,218,29.14,26.01,91.17,4.75,9.56,Balasore
2018,219,29.54,25.72,89.16,4.73,6.94,Balasore
2018,220,30.15,26.16,88.26,4.96,17.06,Balasore
2018,221,31.48,25.88,85.37,2.75,21.39,Balasore
2018,222,32.12,25.84,86.76,3.22,19.5,Balasore
2018,223,32.0,26.78,86.66,3.01,17.7,Balasore
2018,224,30.88,26.73,85.08,2.15,16.65,Balasore
2018,225,32.09,26.97,81.01,1.59,18.47,Balasore
2018,226,31.36,27.5,85.33,2.65,16.1,Balasore
2018,227,30.67,27.67,90.2,5.76,14.52,Balasore
2018,228,30.07,27.03,88.4,5.23,14.29,Balasore
2018,229,31.5,26.65,85.88,2.59,19.61,Balasore
2018,230,30.16,26.68,87.82,2.08,20.04,Balasore
2018,231,30.6,26.95,86.99,2.56,17.11,Balasore
2018,232,30.9,27.07,84.17,2.91,9.07,Balasore
2018,233,30.51,26.93,90.7,3.24,16.22,Balasore
2018,234,31.37,26.12,87.55,3.68,15.34,Balasore
2018,235,32.54,25.2,84.69,3.28,16.4,Balasore
2018,236,30.76,26.77,88.86,2.9,15.03,Balasore
2018,237,31.19,26.53,86.6,2.26,13.4,Balasore
2018,238,30.56,26.38,87.23,3.08,13.57,Balasore
2018,239,30.89,26.94,90.62,4.2,12.73,Balasore
2018,240,30.37,26.63,87.87,4.26,14.5,Balasore
2018,241,31.08,25.73,86.49,3.58,14.23,Balasore
2018,242,31.31,25.59,86.93,3.37,16.03,Balasore
2018,243,30.89,26.49,87.3,2.7,10.77,Balasore
2018,244,29.56,26.0,91.3,3.58,11.43,Balasore
2018,245,28.92,25.7,91.63,3.5,13.49,Balasore
2018,246,30.86,25.57,88.27,3.7,16.94,Balasore
2018,247,30.67,25.7,86.01,2.85,10.64,Balasore
2018,248,28.28,25.87,93.04,3.27,3.66,Balasore
2018,249,28.55,25.44,92.88,5.39,5.11,Balasore
2018,250,30.49,26.24,89.08,5.76,13.61,Balasore
2018,251,30.99,25.42,85.26,2.26,17.09,Balasore
2018,252,31.15,25.64,88.77,3.51,19.61,Balasore
2018,253,30.82,26.47,88.23,3.51,14.13,Balasore
2018,254,29.1,25.73,89.62,3.18,13.46,Balasore
2018,255,31.61,25.0,85.99,3.05,18.7,Balasore
2018,256,31.5,25.86,85.96,3.04,19.59,Balasore
2018,257,30.0,26.26,87.73,2.58,13.72,Balasore
2018,258,29.65,25.77,88.5,2.17,14.9,Balasore
2018,259,29.37,26.03,87.73,1.7,13.92,Balasore
2018,260,30.67,26.12,82.75,1.99,19.59,Balasore
2018,261,31.52,25.51,81.93,2.78,20.44,Balasore
2018,262,30.45,26.42,85.75,2.94,18.27,Balasore
2018,263,29.18,26.12,91.86,6.51,2.7,Balasore
2018,264,28.5,26.37,89.96,6.99,3.49,Balasore
2018,265,29.12,25.65,88.65,3.96,17.3,Balasore
2018,266,30.4,25.1,84.36,2.6,21.25,Balasore
2018,267,30.69,25.04,85.56,2.71,20.56,Balasore
2018,268,30.15,25.68,89.51,2.81,17.38,Balasore
2018,269,31.0,25.71,86.72,2.12,15.15,Balasore
2018,270,31.82,25.29,82.93,1.82,17.11,Balasore
2018,271,31.75,25.46,83.17,1.9,18.72,Balasore
2018,272,31.85,25.68,82.91,1.98,17.92,Balasore
2018,273,31.64,25.87,80.13,1.79,20.18,Balasore
2018,274,32.4,25.32,78.54,1.97,21.45,Balasore
2018,275,32.65,24.99,79.17,2.27,20.93,Balasore
2018,276,32.42,23.66,74.64,2.02,21.34,Balasore
2018,277,32.11,24.11,73.22,1.79,21.03,Balasore
2018,278,31.59,24.19,72.81,1.83,20.18,Balasore
2018,279,31.76,24.81,70.81,1.75,20.07,Balasore
2018,280,31.5,23.43,67.48,1.76,20.94,Balasore
2018,281,31.25,24.39,69.14,1.84,20.91,Balasore
2018,282,30.72,24.67,74.69,2.81,17.84,Balasore
2018,283,27.74,24.15,91.4,5.7,4.16,Balasore
2018,284,27.68,25.43,87.66,4.34,5.3,Balasore
2018,285,27.93,25.2,89.2,5.16,2.3,Balasore
2018,286,29.49,23.81,88.31,5.89,7.66,Balasore
2018,287,29.84,22.57,78.34,2.07,17.26,Balasore
2018,288,30.56,22.54,75.1,1.99,18.9,Balasore
2018,289,29.54,22.0,68.61,1.82,20.48,Balasore
2018,290,30.51,20.66,67.18,1.97,19.63,Balasore
2018,291,30.85,21.08,79.59,2.47,19.34,Balasore
2018,292,31.21,22.29,74.68,1.79,19.41,Balasore
2018,293,31.25,22.87,71.53,1.47,19.11,Balasore
2018,294,29.94,21.48,71.31,2.3,19.12,Balasore
2018,295,30.76,21.7,68.11,1.64,18.3,Balasore
2018,296,30.65,22.14,72.26,1.73,16.51,Balasore
2018,297,29.73,22.49,78.67,2.18,14.46,Balasore
2018,298,29.84,20.91,59.63,2.04,19.35,Balasore
2018,299,29.3,19.59,59.01,1.66,18.8,Balasore
2018,300,28.41,20.05,61.6,1.77,19.05,Balasore
2018,301,27.58,20.79,71.56,2.26,12.1,Balasore
2018,302,25.67,22.01,87.49,3.37,10.97,Balasore
2018,303,25.46,21.35,89.75,4.03,9.24,Balasore
2018,304,27.14,22.09,88.92,4.27,10.58,Balasore
2018,305,28.12,21.91,84.22,2.56,17.53,Balasore
2018,306,28.34,22.0,83.34,1.82,16.77,Balasore
2018,307,29.6,21.9,79.32,1.6,17.67,Balasore
2018,308,29.5,21.72,81.68,2.3,17.6,Balasore
2018,309,29.99,22.02,82.44,2.65,15.43,Balasore
2018,310,30.04,21.81,80.47,2.18,13.95,Balasore
2018,311,28.93,22.54,83.76,1.76,12.98,Balasore
2018,312,27.76,21.59,80.78,1.85,13.44,Balasore
2018,313,27.38,20.8,74.43,1.39,14.02,Balasore
2018,314,27.12,20.23,72.3,1.74,15.56,Balasore
2018,315,27.19,18.53,71.33,2.62,17.32,Balasore
2018,316,26.82,18.11,73.43,2.51,15.72,Balasore
2018,317,27.35,18.75,70.33,1.74,16.16,Balasore
2018,318,28.19,20.0,68.88,1.54,14.9,Balasore
2018,319,29.91,18.68,69.75,1.76,16.34,Balasore
2018,320,30.56,19.03,68.8,2.58,16.13,Balasore
2018,321,28.57,18.36,71.59,2.5,15.4,Balasore
2018,322,27.53,18.45,75.46,2.22,15.68,Balasore
2018,323,27.47,19.26,75.62,1.77,15.05,Balasore
2018,324,28.66,18.85,73.39,1.66,12.63,Balasore
2018,325,27.12,17.13,69.35,2.47,14.32,Balasore
2018,326,26.95,17.12,67.57,2.54,14.87,Balasore
2018,327,26.6,17.16,59.46,1.67,13.73,Balasore
2018,328,26.36,16.91,59.85,2.13,15.39,Balasore
2018,329,26.35,15.74,67.57,2.61,14.9,Balasore
2018,330,26.07,17.11,64.4,1.47,14.73,Balasore
2018,331,26.16,17.62,69.92,1.99,14.15,Balasore
2018,332,26.13,17.62,74.67,1.9,15.27,Balasore
2018,333,25.94,18.55,71.34,1.5,14.91,Balasore
2018,334,25.9,18.41,70.39,1.39,12.75,Balasore
2018,335,26.5,19.15,66.66,1.52,12.86,Balasore
2018,336,25.97,16.49,69.55,2.17,11.35,Balasore
2018,337,25.89,17.95,66.22,1.95,11.81,Balasore
2018,338,25.82,16.03,69.38,2.21,13.35,Balasore
2018,339,25.98,17.23,66.75,1.81,13.23,Balasore
2018,340,25.75,17.1,66.88,2.15,12.25,Balasore
2018,341,26.3,17.24,63.53,1.54,13.27,Balasore
2018,342,25.16,15.51,65.65,2.04,12.97,Balasore
2018,343,25.46,14.54,63.23,2.16,14.71,Balasore
2018,344,26.0,15.55,57.46,2.01,14.65,Balasore
2018,345,26.27,16.18,64.5,1.81,9.41,Balasore
2018,346,26.49,15.85,71.6,2.24,13.09,Balasore
2018,347,26.23,16.47,71.33,2.38,11.65,Balasore
2018,348,26.25,17.29,71.64,3.42,11.78,Balasore
2018,349,25.38,15.63,63.15,4.33,11.66,Balasore
2018,350,22.0,15.78,69.63,4.27,7.82,Balasore
2018,351,21.64,16.13,86.04,5.45,4.7,Balasore
2018,352,22.47,16.66,90.19,5.81,2.45,Balasore
2018,353,23.33,14.73,77.89,3.95,16.03,Balasore
2018,354,23.29,13.31,75.93,2.71,15.92,Balasore
2018,355,23.67,13.67,71.98,2.14,14.56,Balasore
2018,356,22.81,11.95,62.86,3.06,13.77,Balasore
2018,357,23.24,10.49,61.22,3.28,15.18,Balasore
2018,358,24.07,10.67,57.56,2.88,15.02,Balasore
2018,359,24.82,11.8,55.3,2.11,15.46,Balasore
2018,360,23.78,11.41,62.28,2.58,15.05,Balasore
2018,361,23.64,11.78,62.84,2.34,13.37,Balasore
2018,362,22.9,11.87,57.61,2.44,12.05,Balasore
2018,363,22.65,9.08,56.35,2.77,16.09,Balasore
2018,364,23.08,8.95,61.62,3.77,16.0,Balasore
2018,365,23.22,9.52,59.57,3.35,15.53,Balasore
2019,1,23.61,10.15,60.87,3.05,15.94,Balasore
2019,2,23.91,10.74,57.08,2.56,15.08,Balasore
2019,3,26.05,12.52,55.62,1.7,14.25,Balasore
2019,4,23.96,10.91,60.18,2.61,14.17,Balasore
2019,5,23.58,11.03,62.02,2.83,13.91,Balasore
2019,6,24.98,12.03,60.06,2.47,16.06,Balasore
2019,7,27.05,12.5,58.54,2.39,16.38,Balasore
2019,8,25.97,13.25,62.58,2.33,13.04,Balasore
2019,9,24.85,13.22,67.52,1.85,11.47,Balasore
2019,10,24.41,12.91,71.51,1.99,13.94,Balasore
2019,11,23.92,12.19,68.05,1.98,13.41,Balasore
2019,12,24.89,13.32,61.49,1.4,13.57,Balasore
2019,13,25.36,13.02,63.71,1.98,14.2,Balasore
2019,14,27.32,14.1,65.28,2.31,9.87,Balasore
2019,15,24.5,14.08,68.11,2.8,12.49,Balasore
2019,16,23.67,11.15,59.59,2.42,15.9,Balasore
2019,17,25.91,11.86,59.24,1.82,16.77,Balasore
2019,18,26.92,12.64,63.61,2.17,16.38,Balasore
2019,19,25.49,12.6,70.08,1.95,15.74,Balasore
2019,20,26.21,13.19,67.04,1.79,15.81,Balasore
2019,21,27.52,13.68,65.86,2.02,16.78,Balasore
2019,22,28.68,13.8,69.38,2.36,16.16,Balasore
2019,23,28.63,14.34,71.64,2.57,16.07,Balasore
2019,24,28.47,15.35,66.89,2.44,16.74,Balasore
2019,25,27.95,15.03,62.43,2.29,16.73,Balasore
2019,26,27.57,14.37,65.99,2.62,10.34,Balasore
2019,27,26.1,16.01,71.09,3.67,5.22,Balasore
2019,28,26.26,17.33,67.46,3.41,7.92,Balasore
2019,29,25.99,16.2,62.71,2.66,12.76,Balasore
2019,30,25.12,10.51,48.8,2.81,19.3,Balasore
2019,31,25.33,11.39,45.83,2.49,18.91,Balasore
2019,32,26.99,12.54,51.75,2.6,18.37,Balasore
2019,33,28.87,13.17,54.02,2.68,17.89,Balasore
2019,34,28.51,14.43,54.97,2.41,17.76,Balasore
2019,35,28.49,14.82,55.1,2.34,17.93,Balasore
2019,36,29.4,14.23,53.6,2.15,17.34,Balasore
2019,37,29.76,16.12,60.99,2.23,16.42,Balasore
2019,38,30.15,16.94,65.32,2.67,17.11,Balasore
2019,39,29.92,17.16,70.75,3.24,12.07,Balasore
2019,40,28.63,18.25,76.78,2.44,15.41,Balasore
2019,41,26.67,13.1,53.34,3.62,19.61,Balasore
2019,42,26.49,11.66,47.05,2.75,20.15,Balasore
2019,43,27.38,13.0,48.54,2.31,19.63,Balasore
2019,44,28.65,14.41,53.79,2.61,19.12,Balasore
2019,45,30.72,14.79,57.3,2.65,18.56,Balasore
2019,46,31.76,17.07,56.75,2.48,18.53,Balasore
2019,47,29.96,17.65,61.02,3.1,10.07,Balasore
2019,48,30.27,18.56,63.58,2.44,16.18,Balasore
2019,49,29.19,15.52,59.93,3.29,19.53,Balasore
2019,50,32.42,17.18,65.9,2.59,20.48,Balasore
2019,51,34.04,18.69,68.26,2.78,19.49,Balasore
2019,52,33.89,19.84,66.47,2.54,20.17,Balasore
2019,53,35.9,19.4,59.16,2.83,19.57,Balasore
2019,54,36.03,21.4,59.69,2.61,16.42,Balasore
2019,55,32.84,21.25,68.5,2.71,18.41,Balasore
2019,56,29.74,22.53,82.52,2.76,10.6,Balasore
2019,57,30.88,22.28,81.14,3.46,10.47,Balasore
2019,58,30.0,21.89,79.97,5.08,13.38,Balasore
2019,59,28.71,19.37,69.45,2.53,11.68,Balasore
2019,60,26.54,16.78,68.03,3.2,19.21,Balasore
2019,61,27.66,16.48,63.13,2.38,21.5,Balasore
2019,62,29.81,17.16,66.99,2.41,16.98,Balasore
2019,63,30.37,19.71,80.56,4.12,12.42,Balasore
2019,64,31.73,22.54,79.18,3.02,10.94,Balasore
2019,65,28.67,22.14,78.35,2.38,16.51,Balasore
2019,66,28.64,20.03,71.02,3.1,18.16,Balasore
2019,67,30.1,18.35,63.17,1.88,21.5,Balasore
2019,68,31.72,18.43,69.01,2.48,22.57,Balasore
2019,69,32.93,20.0,74.66,3.76,18.68,Balasore
2019,70,34.31,21.0,73.11,2.7,19.62,Balasore
2019,71,34.59,22.41,75.28,2.91,17.56,Balasore
2019,72,35.78,22.78,72.6,3.08,19.98,Balasore
2019,73,33.71,23.19,74.34,2.29,16.16,Balasore
2019,74,33.68,22.87,70.56,1.92,13.52,Balasore
2019,75,34.34,22.26,66.58,2.8,18.75,Balasore
2019,76,35.26,22.02,66.52,2.83,18.68,Balasore
2019,77,32.86,22.35,69.93,3.71,9.72,Balasore
2019,78,32.89,21.86,66.21,2.91,17.3,Balasore
2019,79,34.1,21.51,66.47,2.54,20.3,Balasore
2019,80,35.0,22.72,71.18,3.78,21.44,Balasore
2019,81,36.12,23.12,65.2,2.97,19.02,Balasore
2019,82,35.84,22.24,55.07,2.4,23.23,Balasore
2019,83,34.57,20.75,56.36,2.8,25.18,Balasore
2019,84,36.23,19.73,60.35,2.63,24.84,Balasore
2019,85,35.88,21.94,67.35,3.5,20.77,Balasore
2019,86,34.54,22.43,66.11,3.24,19.76,Balasore
2019,87,35.38,21.96,66.15,2.73,21.76,Balasore
2019,88,35.92,22.72,68.27,4.32,22.52,Balasore
2019,89,38.04,22.35,59.95,3.35,23.61,Balasore
2019,90,37.16,23.21,65.36,4.78,21.27,Balasore
2019,91,36.58,24.58,69.35,4.22,20.32,Balasore
2019,92,38.04,23.93,60.78,3.39,22.05,Balasore
2019,93,37.62,20.85,56.01,3.49,24.87,Balasore
2019,94,37.54,23.16,63.17,4.64,22.24,Balasore
2019,95,39.81,23.84,63.02,3.5,21.65,Balasore
2019,96,38.19,24.84,62.83,2.79,20.36,Balasore
2019,97,36.49,24.86,68.39,4.51,21.53,Balasore
2019,98,37.03,24.64,68.21,6.04,20.23,Balasore
2019,99,37.12,24.33,68.04,4.39,22.15,Balasore
2019,100,37.05,24.76,71.99,4.77,24.29,Balasore
2019,101,37.44,24.09,71.16,3.16,21.31,Balasore
2019,102,38.08,24.77,71.43,2.84,23.45,Balasore
2019,103,39.22,25.24,64.48,2.77,23.78,Balasore
2019,104,39.09,24.95,65.29,3.58,22.68,Balasore
2019,105,39.89,25.47,60.66,4.12,21.26,Balasore
2019,106,40.95,25.65,57.24,3.43,20.13,Balasore
2019,107,37.45,26.22,65.1,2.71,20.25,Balasore
2019,108,35.5,24.79,67.51,2.61,22.46,Balasore
2019,109,37.27,24.79,60.72,3.38,14.4,Balasore
2019,110,37.09,24.23,59.69,3.06,24.06,Balasore
2019,111,37.78,24.99,62.56,4.07,20.19,Balasore
2019,112,36.88,24.89,67.71,3.25,22.46,Balasore
2019,113,36.42,24.79,68.59,3.76,23.02,Balasore
2019,114,37.34,25.0,67.18,3.93,23.32,Balasore
2019,115,37.54,24.85,68.12,3.94,23.21,Balasore
2019,116,39.66,25.72,64.96,4.42,24.01,Balasore
2019,117,40.58,26.39,63.86,4.97,23.51,Balasore
2019,118,41.07,26.81,60.58,4.92,25.88,Balasore
2019,119,40.42,26.84,62.05,5.97,24.95,Balasore
2019,120,39.0,26.53,63.68,6.77,24.78,Balasore
2019,121,35.61,26.85,71.42,6.01,23.17,Balasore
2019,122,33.93,26.97,73.65,4.83,14.44,Balasore
2019,123,30.69,26.3,86.11,7.69,6.1,Balasore
2019,124,36.13,24.03,70.53,5.76,22.15,Balasore
2019,125,36.47,25.81,71.78,3.45,21.27,Balasore
2019,126,38.86,26.33,64.2,3.61,23.56,Balasore
2019,127,38.77,24.96,64.56,4.99,26.75,Balasore
2019,128,39.06,24.98,65.54,4.7,25.14,Balasore
2019,129,40.51,26.06,62.08,4.59,25.29,Balasore
2019,130,39.28,26.42,66.82,5.12,25.37,Balasore
2019,131,36.56,26.63,74.6,4.8,24.88,Balasore
2019,132,37.11,27.28,72.45,4.03,20.49,Balasore
2019,133,38.45,27.34,68.73,4.82,24.48,Balasore
2019,134,38.3,26.66,69.8,4.36,21.17,Balasore
2019,135,37.06,26.29,70.98,5.02,23.58,Balasore
2019,136,37.83,26.75,67.33,4.25,25.79,Balasore
2019,137,38.28,27.32,68.35,5.21,24.85,Balasore
2019,138,36.72,27.37,72.31,3.48,22.62,Balasore
2019,139,36.73,27.61,74.14,3.12,24.21,Balasore
2019,140,36.61,27.29,71.98,3.87,22.6,Balasore
2019,141,36.88,27.5,70.89,4.65,24.28,Balasore
2019,142,37.93,26.96,69.25,5.12,25.01,Balasore
2019,143,36.99,26.77,72.12,5.93,20.32,Balasore
2019,144,39.07,27.66,70.33,6.76,24.52,Balasore
2019,145,38.38,27.16,72.4,5.56,20.82,Balasore
2019,146,37.56,27.86,72.5,3.54,23.91,Balasore
2019,147,36.79,27.93,72.33,3.94,23.32,Balasore
2019,148,38.04,27.33,70.39,4.4,24.48,Balasore
2019,149,39.66,27.38,64.41,4.44,25.87,Balasore
2019,150,39.27,27.02,64.61,5.21,26.52,Balasore
2019,151,37.64,27.18,70.2,5.95,22.79,Balasore
2019,152,38.94,27.49,69.13,6.01,24.0,Balasore
2019,153,36.84,27.88,74.91,5.55,18.08,Balasore
2019,154,36.27,27.41,75.18,4.41,22.3,Balasore
2019,155,36.49,26.91,72.84,5.76,24.33,Balasore
2019,156,35.18,27.78,79.58,5.54,19.05,Balasore
2019,157,33.7,27.85,81.52,3.77,16.44,Balasore
2019,158,32.32,27.78,79.81,1.44,8.22,Balasore
2019,159,34.0,27.31,78.13,2.92,18.32,Balasore
2019,160,35.37,27.72,77.22,4.11,22.81,Balasore
2019,161,36.33,27.31,77.82,3.68,23.5,Balasore
2019,162,38.58,27.86,73.58,4.32,24.62,Balasore
2019,163,36.4,28.6,78.59,2.34,22.98,Balasore
2019,164,38.5,27.86,72.37,4.0,19.08,Balasore
2019,165,39.9,28.66,63.09,4.11,20.83,Balasore
2019,166,37.11,28.23,70.35,6.41,14.54,Balasore
2019,167,39.94,27.06,64.12,5.78,21.47,Balasore
2019,168,40.15,28.97,61.98,5.11,16.57,Balasore
2019,169,39.02,28.05,66.43,3.84,19.07,Balasore
2019,170,37.44,28.09,72.06,3.41,20.61,Balasore
2019,171,32.34,27.7,80.49,4.01,16.43,Balasore
2019,172,31.96,27.23,81.68,2.14,3.84,Balasore
2019,173,32.88,27.48,81.59,4.99,14.15,Balasore
2019,174,33.81,27.01,76.66,4.42,19.95,Balasore
2019,175,36.17,27.74,74.12,4.57,24.15,Balasore
2019,176,35.95,27.5,73.81,5.02,26.49,Balasore
2019,177,35.73,28.06,75.28,6.25,23.57,Balasore
2019,178,34.89,27.97,77.15,5.37,16.74,Balasore
2019,179,35.12,28.39,76.69,4.25,10.31,Balasore
2019,180,33.64,28.11,80.3,3.17,13.04,Balasore
2019,181,32.26,27.19,79.68,2.6,9.21,Balasore
2019,182,33.19,26.76,78.73,3.11,5.6,Balasore
2019,183,33.14,27.11,83.27,6.55,11.17,Balasore
2019,184,34.0,27.37,79.47,5.18,11.78,Balasore
2019,185,33.87,26.97,79.19,4.97,11.66,Balasore
2019,186,32.87,26.93,81.42,3.38,9.96,Balasore
2019,187,34.01,26.42,79.99,6.2,10.1,Balasore
2019,188,34.25,26.3,78.17,7.36,11.68,Balasore
2019,189,34.02,26.94,79.95,7.04,15.21,Balasore
2019,190,31.11,27.19,84.2,5.89,18.08,Balasore
2019,191,32.82,26.99,82.76,5.9,14.92,Balasore
2019,192,31.92,27.22,84.34,6.75,17.77,Balasore
2019,193,31.72,26.95,85.13,5.9,15.78,Balasore
2019,194,32.94,26.99,83.73,5.43,18.19,Balasore
2019,195,33.73,27.1,79.43,5.2,20.72,Balasore
2019,196,34.31,27.04,78.32,4.39,19.9,Balasore
2019,197,33.58,26.91,79.46,3.59,18.32,Balasore
2019,198,33.64,26.65,78.66,2.14,20.43,Balasore
2019,199,33.3,27.41,78.52,2.65,21.37,Balasore
2019,200,32.7,27.01,80.14,3.49,18.35,Balasore
2019,201,32.88,26.84,79.72,4.07,18.77,Balasore
2019,202,33.61,26.78,78.41,4.24,24.01,Balasore
2019,203,32.37,26.96,79.25,4.36,24.73,Balasore
2019,204,33.43,27.07,76.69,4.69,23.64,Balasore
2019,205,34.1,26.51,76.88,3.74,18.65,Balasore
2019,206,31.24,27.47,86.19,3.64,8.8,Balasore
2019,207,31.65,26.54,82.38,3.38,10.6,Balasore
2019,208,32.16,26.56,81.75,2.93,15.49,Balasore
2019,209,31.65,26.4,83.53,3.46,11.83,Balasore
2019,210,31.32,26.81,85.8,5.91,12.35,Balasore
2019,211,31.81,26.29,81.71,7.2,17.28,Balasore
2019,212,32.05,26.37,83.13,5.94,15.27,Balasore
2019,213,32.57,26.48,81.52,4.05,12.8,Balasore
2019,214,31.8,26.67,83.97,3.38,15.14,Balasore
2019,215,32.99,26.71,81.54,3.17,13.16,Balasore
2019,216,34.31,26.96,80.97,4.13,14.02,Balasore
2019,217,31.79,27.36,85.02,4.24,13.77,Balasore
2019,218,31.02,26.66,89.14,3.15,13.23,Balasore
2019,219,31.65,27.02,87.49,4.43,6.87,Balasore
2019,220,31.81,26.41,85.26,8.39,14.5,Balasore
2019,221,33.37,26.39,81.43,3.93,19.15,Balasore
2019,222,33.66,26.19,78.74,2.81,20.22,Balasore
2019,223,32.95,26.8,82.75,2.94,16.93,Balasore
2019,224,30.83,27.44,88.38,2.25,8.43,Balasore
2019,225,30.64,26.29,86.46,3.21,10.05,Balasore
2019,226,31.25,26.86,86.46,6.16,13.93,Balasore
2019,227,31.47,26.76,86.06,4.25,16.13,Balasore
2019,228,31.81,26.19,87.43,3.43,16.3,Balasore
2019,229,29.27,26.55,92.59,3.83,8.79,Balasore
2019,230,28.56,26.02,92.09,6.98,6.5,Balasore
2019,231,30.38,25.92,88.62,5.03,17.99,Balasore
2019,232,31.46,26.15,88.29,3.82,19.58,Balasore
2019,233,30.14,26.84,90.08,2.76,16.92,Balasore
2019,234,31.88,26.55,82.0,1.38,16.83,Balasore
2019,235,31.91,26.32,85.07,2.54,11.97,Balasore
2019,236,31.33,26.11,86.24,2.65,13.44,Balasore
2019,237,29.88,26.53,87.23,2.53,10.14,Balasore
2019,238,29.73,25.72,89.5,3.68,14.7,Balasore
2019,239,30.15,26.07,89.57,3.49,9.26,Balasore
2019,240,31.05,26.29,88.65,3.32,7.52,Balasore
2019,241,29.6,26.62,90.4,2.82,14.05,Balasore
2019,242,31.2,26.07,87.38,2.88,18.01,Balasore
2019,243,30.59,26.78,86.34,2.15,17.59,Balasore
2019,244,30.49,26.64,85.94,1.93,18.02,Balasore
2019,245,29.68,26.5,91.95,3.78,11.23,Balasore
2019,246,29.89,26.2,89.71,3.21,11.77,Balasore
2019,247,30.28,26.82,89.89,3.65,14.77,Balasore
2019,248,30.95,26.75,86.67,2.69,13.76,Balasore
2019,249,31.28,26.74,88.08,3.64,14.43,Balasore
2019,250,31.5,27.13,87.56,3.85,13.73,Balasore
2019,251,30.93,27.0,90.87,5.2,17.08,Balasore
2019,252,31.65,26.68,87.38,3.35,16.62,Balasore
2019,253,30.41,26.67,91.35,3.77,13.42,Balasore
2019,254,29.94,26.83,92.11,4.12,3.89,Balasore
2019,255,29.25,26.01,91.25,6.04,4.52,Balasore
2019,256,30.33,26.28,89.92,4.55,16.4,Balasore
2019,257,31.05,26.03,88.94,2.96,19.51,Balasore
2019,258,31.42,26.02,87.03,2.87,18.34,Balasore
2019,259,30.24,26.28,89.0,2.74,18.02,Balasore
2019,260,30.38,26.31,87.72,2.71,18.03,Balasore
2019,261,30.44,26.12,87.15,3.26,18.24,Balasore
2019,262,30.72,26.24,87.49,3.02,16.28,Balasore
2019,263,31.22,26.3,81.9,1.85,20.19,Balasore
2019,264,31.83,25.72,78.39,1.65,20.61,Balasore
2019,265,31.12,26.34,81.6,1.92,14.07,Balasore
2019,266,29.5,26.34,89.71,3.35,10.89,Balasore
2019,267,28.68,26.69,93.56,4.73,8.98,Balasore
2019,268,28.08,25.99,91.13,3.25,8.32,Balasore
2019,269,28.42,25.45,88.5,2.34,14.03,Balasore
2019,270,28.32,25.0,86.48,2.35,9.8,Balasore
2019,271,28.0,24.69,89.14,3.41,8.51,Balasore
2019,272,27.82,25.02,88.72,2.82,13.73,Balasore
2019,273,27.5,24.54,89.45,3.71,13.83,Balasore
2019,274,30.77,24.53,86.62,3.1,17.67,Balasore
2019,275,31.03,25.38,84.08,2.09,16.77,Balasore
2019,276,30.13,24.77,85.72,2.37,17.23,Balasore
2019,277,30.26,24.9,86.08,2.83,14.8,Balasore
2019,278,30.76,24.15,81.99,2.03,16.68,Balasore
2019,279,30.43,25.04,84.29,2.36,12.91,Balasore
2019,280,28.42,25.52,87.33,1.36,13.03,Balasore
2019,281,27.82,24.73,86.63,1.99,14.58,Balasore
2019,282,28.97,24.65,82.56,1.32,13.02,Balasore
2019,283,29.54,24.88,80.59,1.05,15.93,Balasore
2019,284,27.54,24.61,88.47,1.96,17.98,Balasore
2019,285,29.6,23.92,79.89,1.54,18.29,Balasore
2019,286,29.38,23.6,81.45,2.4,13.79,Balasore
2019,287,29.89,23.87,78.12,2.43,17.5,Balasore
2019,288,29.29,22.62,75.54,2.31,18.45,Balasore
2019,289,29.3,23.85,80.23,1.97,17.21,Balasore
2019,290,29.7,23.62,81.89,1.55,15.32,Balasore
2019,291,30.29,24.51,81.02,1.9,17.23,Balasore
2019,292,29.95,24.99,81.6,1.56,17.31,Balasore
2019,293,30.31,24.48,78.19,1.45,17.06,Balasore
2019,294,30.69,24.15,78.81,1.46,15.42,Balasore
2019,295,30.68,25.35,78.58,1.24,15.48,Balasore
2019,296,29.86,24.45,81.99,1.32,8.21,Balasore
2019,297,25.77,22.26,92.88,4.8,3.27,Balasore
2019,298,27.69,24.52,93.29,5.19,6.01,Balasore
2019,299,29.16,24.33,84.72,1.63,8.1,Balasore
2019,300,27.91,23.64,88.66,2.97,11.96,Balasore
2019,301,28.19,22.59,85.59,2.81,15.7,Balasore
2019,302,27.9,20.96,82.95,2.35,15.9,Balasore
2019,303,28.95,21.15,81.1,1.86,15.64,Balasore
2019,304,29.31,21.77,76.08,1.23,14.4,Balasore
2019,305,28.34,22.24,82.55,2.3,12.94,Balasore
2019,306,28.19,21.2,87.01,3.08,14.41,Balasore
2019,307,28.74,20.9,84.48,2.38,13.51,Balasore
2019,308,28.31,21.55,84.41,2.5,14.37,Balasore
2019,309,28.08,20.93,83.63,2.34,13.61,Balasore
2019,310,27.98,20.73,82.36,2.95,10.79,Balasore
2019,311,27.76,19.68,79.23,3.57,14.33,Balasore
2019,312,25.25,20.32,90.5,6.36,5.68,Balasore
2019,313,24.59,21.58,93.07,12.37,2.33,Balasore
2019,314,27.84,22.25,88.42,5.67,10.24,Balasore
2019,315,28.16,20.92,84.88,2.27,17.54,Balasore
2019,316,27.36,19.49,80.61,2.45,16.53,Balasore
2019,317,26.34,17.43,77.75,2.72,16.5,Balasore
2019,318,26.28,17.29,78.85,2.58,16.58,Balasore
2019,319,27.27,17.89,77.56,1.91,17.06,Balasore
2019,320,26.48,18.35,79.35,2.21,16.12,Balasore
2019,321,26.97,18.3,76.13,1.82,16.13,Balasore
2019,322,25.98,17.71,77.99,2.12,15.89,Balasore
2019,323,25.91,17.53,74.5,2.44,16.94,Balasore
2019,324,25.72,17.85,72.04,1.76,16.07,Balasore
2019,325,25.76,18.08,70.76,1.56,14.48,Balasore
2019,326,25.24,18.31,73.62,1.49,14.27,Balasore
2019,327,26.26,18.07,74.1,1.22,14.26,Balasore
2019,328,25.81,17.96,77.13,1.4,13.87,Balasore
2019,329,25.81,17.93,77.57,1.68,12.78,Balasore
2019,330,26.17,17.99,81.92,1.71,12.72,Balasore
2019,331,26.17,19.03,82.49,1.48,12.9,Balasore
2019,332,26.55,18.74,82.51,1.79,14.64,Balasore
2019,333,26.58,18.49,81.81,1.56,15.63,Balasore
2019,334,25.96,18.32,82.41,2.18,14.22,Balasore
2019,335,25.74,18.09,80.32,2.57,11.94,Balasore
2019,336,24.86,17.26,78.39,2.68,12.24,Balasore
2019,337,24.6,16.8,79.0,2.5,12.79,Balasore
2019,338,24.0,16.45,80.03,3.31,11.83,Balasore
2019,339,23.27,13.72,75.01,3.63,15.3,Balasore
2019,340,24.33,14.04,77.71,1.89,14.85,Balasore
2019,341,25.29,17.21,76.47,1.66,14.1,Balasore
2019,342,25.98,18.1,79.05,1.54,14.17,Balasore
2019,343,25.22,18.53,77.87,1.3,12.94,Balasore
2019,344,24.56,18.06,80.84,1.47,11.59,Balasore
2019,345,25.23,19.62,77.41,1.73,11.85,Balasore
2019,346,25.04,18.84,75.12,1.46,11.59,Balasore
2019,347,25.21,19.99,79.39,1.92,10.17,Balasore
2019,348,25.7,18.99,77.22,1.18,12.2,Balasore
2019,349,25.18,19.07,78.11,1.49,10.84,Balasore
2019,350,24.53,18.25,83.6,1.93,9.89,Balasore
2019,351,23.31,17.49,87.31,2.97,8.59,Balasore
2019,352,22.39,15.07,82.52,3.48,11.13,Balasore
2019,353,20.69,11.09,78.17,3.24,14.84,Balasore
2019,354,20.88,10.47,73.24,2.14,14.81,Balasore
2019,355,20.97,12.26,70.13,1.65,12.27,Balasore
2019,356,22.15,12.63,73.48,2.54,12.48,Balasore
2019,357,22.21,13.46,77.99,3.15,8.28,Balasore
2019,358,22.43,13.34,78.38,3.1,12.3,Balasore
2019,359,22.15,13.64,79.27,2.17,10.6,Balasore
2019,360,22.34,14.98,86.76,1.95,5.1,Balasore
2019,361,17.69,11.49,87.2,4.22,4.94,Balasore
2019,362,18.31,8.03,73.35,4.3,14.54,Balasore
2019,363,20.38,9.28,74.95,3.35,15.29,Balasore
2019,364,20.16,9.93,74.17,3.2,11.42,Balasore
2019,365,20.65,10.04,71.47,2.66,15.25,Balasore
2020,1,22.1,11.1,75.51,3.33,15.34,Balasore
2020,2,21.62,13.93,80.17,2.24,11.63,Balasore
2020,3,18.05,16.1,91.59,3.62,2.37,Balasore
2020,4,21.02,15.78,84.34,1.44,8.29,Balasore
2020,5,22.0,14.11,83.19,2.91,11.44,Balasore
2020,6,20.8,10.68,80.13,3.19,16.13,Balasore
2020,7,21.68,10.95,73.19,1.87,15.04,Balasore
2020,8,22.91,13.61,72.02,1.48,14.61,Balasore
2020,9,22.29,15.06,84.26,1.57,6.49,Balasore
2020,10,21.16,12.78,83.01,3.86,9.21,Balasore
2020,11,19.92,9.36,78.03,3.67,15.81,Balasore
2020,12,20.3,8.67,68.15,3.17,16.9,Balasore
2020,13,22.13,9.18,67.24,2.12,16.44,Balasore
2020,14,23.41,11.09,68.26,1.67,16.12,Balasore
2020,15,24.5,12.5,69.35,1.42,15.42,Balasore
2020,16,25.29,15.06,71.7,1.31,15.91,Balasore
2020,17,24.86,14.76,76.5,1.85,17.26,Balasore
2020,18,25.36,14.18,74.41,2.16,16.91,Balasore
2020,19,26.12,13.96,73.55,2.1,15.61,Balasore
2020,20,22.05,14.8,82.15,2.49,9.74,Balasore
2020,21,22.59,13.39,76.25,2.42,12.45,Balasore
2020,22,24.59,12.05,73.2,1.75,14.68,Balasore
2020,23,26.16,15.07,78.98,1.38,9.72,Balasore
2020,24,23.22,13.79,71.92,2.81,16.5,Balasore
2020,25,22.84,11.35,63.51,2.26,18.14,Balasore
2020,26,23.95,12.93,67.33,1.49,16.73,Balasore
2020,27,23.87,10.78,68.42,2.8,17.74,Balasore
2020,28,25.5,13.94,76.86,2.35,14.94,Balasore
2020,29,26.45,16.76,88.85,1.94,10.66,Balasore
2020,30,25.73,17.73,86.13,2.92,11.15,Balasore
2020,31,23.72,14.09,75.58,2.95,13.86,Balasore
2020,32,23.67,13.5,74.33,2.47,14.32,Balasore
2020,33,23.57,13.21,70.75,2.76,14.93,Balasore
2020,34,22.96,12.74,71.25,2.79,17.2,Balasore
2020,35,22.98,11.65,66.2,2.2,16.37,Balasore
2020,36,20.47,16.52,71.18,1.04,9.23,Balasore
2020,37,23.74,15.26,76.63,2.22,12.97,Balasore
2020,38,21.31,14.38,81.82,3.42,2.44,Balasore
2020,39,18.78,15.32,90.52,3.74,2.42,Balasore
2020,40,23.65,16.01,76.37,3.1,14.5,Balasore
2020,41,24.14,11.17,58.56,2.64,18.61,Balasore
2020,42,24.57,11.14,55.01,2.2,19.37,Balasore
2020,43,25.33,11.15,56.72,2.03,19.76,Balasore
2020,44,27.03,11.68,57.17,2.11,19.41,Balasore
2020,45,30.33,15.14,55.63,1.95,19.43,Balasore
2020,46,29.34,14.9,60.27,2.84,20.86,Balasore
2020,47,27.07,13.81,65.59,2.54,20.77,Balasore
2020,48,28.33,13.99,64.92,1.63,19.96,Balasore
2020,49,28.19,14.11,67.74,2.41,19.48,Balasore
2020,50,28.14,17.49,74.63,2.23,19.67,Balasore
2020,51,29.09,15.41,68.19,3.14,18.48,Balasore
2020,52,28.29,16.77,70.85,2.29,19.98,Balasore
2020,53,29.54,16.77,61.36,2.04,18.33,Balasore
2020,54,29.56,17.67,63.93,2.34,16.69,Balasore
2020,55,29.81,18.06,63.04,2.48,4.69,Balasore
2020,56,28.3,18.59,75.58,2.41,2.71,Balasore
2020,57,27.08,18.55,75.86,1.76,14.25,Balasore
2020,58,28.19,16.33,69.04,1.51,18.19,Balasore
2020,59,27.28,17.39,67.29,1.78,16.5,Balasore
2020,60,29.02,16.88,67.6,1.88,17.94,Balasore
2020,61,29.97,17.77,70.82,2.29,19.0,Balasore
2020,62,31.25,18.41,70.11,2.48,17.59,Balasore
2020,63,31.48,19.42,70.72,2.14,15.78,Balasore
2020,64,31.23,19.35,72.5,3.94,11.38,Balasore
2020,65,27.76,21.08,76.44,2.39,11.31,Balasore
2020,66,28.97,20.2,78.37,3.99,16.49,Balasore
2020,67,29.62,20.61,80.34,3.73,13.8,Balasore
2020,68,30.67,21.37,71.55,1.96,18.33,Balasore
2020,69,30.71,18.08,61.38,2.11,23.26,Balasore
2020,70,30.55,18.46,67.75,1.65,21.26,Balasore
2020,71,31.47,20.53,76.8,2.33,15.83,Balasore
2020,72,32.82,21.89,77.87,2.61,13.36,Balasore
2020,73,32.27,22.55,77.65,1.97,21.29,Balasore
2020,74,32.06,22.57,73.71,2.17,16.58,Balasore
2020,75,31.14,20.48,71.62,3.02,21.66,Balasore
2020,76,32.47,21.18,69.63,1.72,18.5,Balasore
2020,77,32.5,21.5,69.93,1.75,19.26,Balasore
2020,78,32.51,21.37,69.29,1.85,20.83,Balasore
2020,79,33.33,20.82,65.15,2.26,16.65,Balasore
2020,80,32.35,20.48,63.63,2.79,22.61,Balasore
2020,81,33.59,21.35,56.11,2.5,19.59,Balasore
2020,82,30.18,20.58,72.5,2.34,18.69,Balasore
2020,83,32.26,21.06,66.65,1.88,21.14,Balasore
2020,84,32.88,19.77,62.35,2.11,21.59,Balasore
2020,85,34.1,22.19,69.26,1.76,23.03,Balasore
2020,86,33.98,21.39,63.51,2.67,23.98,Balasore
2020,87,36.6,22.12,64.48,2.63,23.82,Balasore
2020,88,36.25,23.62,62.12,2.14,22.2,Balasore
2020,89,36.92,24.32,59.9,2.41,23.52,Balasore
2020,90,36.3,23.48,60.89,2.43,24.06,Balasore
2020,91,35.95,22.73,58.03,2.52,24.29,Balasore
2020,92,38.17,22.96,57.5,2.28,21.55,Balasore
2020,93,37.89,23.36,54.92,3.63,22.23,Balasore
2020,94,37.77,22.74,55.84,3.5,23.3,Balasore
2020,95,36.86,23.63,55.92,2.64,19.83,Balasore
2020,96,35.47,23.29,58.1,2.16,20.67,Balasore
2020,97,37.6,21.22,43.79,2.98,26.42,Balasore
2020,98,37.92,21.69,50.25,3.15,22.87,Balasore
2020,99,37.44,24.03,59.81,3.51,12.69,Balasore
2020,100,37.16,23.46,60.01,2.89,24.4,Balasore
2020,101,37.4,23.18,61.92,3.19,20.1,Balasore
2020,102,37.49,24.0,65.26,3.07,21.28,Balasore
2020,103,38.16,23.92,58.43,2.27,22.88,Balasore
2020,104,39.5,24.42,61.94,1.85,24.14,Balasore
2020,105,38.56,25.2,64.33,2.85,22.96,Balasore
2020,106,40.07,24.68,61.18,3.46,17.93,Balasore
2020,107,37.88,24.83,65.3,3.11,20.48,Balasore
2020,108,39.8,25.11,58.49,4.93,21.6,Balasore
2020,109,39.41,25.9,64.86,4.38,20.19,Balasore
2020,110,37.64,25.26,67.75,4.56,21.05,Balasore
2020,111,38.58,24.78,62.23,3.75,20.62,Balasore
2020,112,36.9,25.73,67.21,4.59,7.21,Balasore
2020,113,34.51,24.73,70.65,3.38,19.99,Balasore
2020,114,36.46,25.15,69.96,3.97,18.0,Balasore
2020,115,33.76,25.21,79.51,4.48,12.7,Balasore
2020,116,33.8,25.5,77.63,3.1,14.33,Balasore
2020,117,31.8,25.08,80.75,2.77,13.82,Balasore
2020,118,31.25,24.82,80.53,2.66,19.07,Balasore
2020,119,31.65,24.44,78.42,2.71,19.5,Balasore
2020,120,31.92,23.59,78.08,2.88,19.96,Balasore
2020,121,32.86,24.36,77.35,3.01,20.81,Balasore
2020,122,32.91,24.84,79.57,2.86,17.22,Balasore
2020,123,32.99,24.75,78.06,2.75,23.84,Balasore
2020,124,33.6,25.22,79.51,2.35,16.96,Balasore
2020,125,34.22,25.65,79.63,3.19,10.25,Balasore
2020,126,34.99,25.85,77.98,3.84,20.84,Balasore
2020,127,34.45,25.96,76.74,2.34,22.21,Balasore
2020,128,35.43,25.25,73.06,1.96,16.66,Balasore
2020,129,36.24,24.78,70.55,2.36,26.68,Balasore
2020,130,36.61,24.97,69.16,2.91,25.6,Balasore
2020,131,36.7,25.28,72.05,3.45,21.5,Balasore
2020,132,35.98,25.59,71.96,2.36,24.18,Balasore
2020,133,36.51,24.94,68.66,2.98,23.88,Balasore
2020,134,36.77,24.54,68.42,4.32,24.78,Balasore
2020,135,37.13,25.12,71.68,4.3,24.6,Balasore
2020,136,37.44,26.03,71.41,4.61,25.61,Balasore
2020,137,37.98,25.76,70.39,3.93,22.07,Balasore
2020,138,38.27,26.54,69.14,3.52,22.55,Balasore
2020,139,35.8,25.87,72.27,3.17,22.94,Balasore
2020,140,30.35,24.89,76.91,5.73,8.87,Balasore
2020,141,26.14,23.79,87.74,14.43,3.16,Balasore
2020,142,32.91,24.66,76.89,4.7,18.21,Balasore
2020,143,34.35,24.69,79.46,3.45,24.69,Balasore
2020,144,34.05,25.78,85.33,4.17,25.35,Balasore
2020,145,34.12,27.14,84.71,6.17,24.12,Balasore
2020,146,33.93,27.03,84.29,6.84,21.35,Balasore
2020,147,34.56,26.72,83.74,7.29,20.35,Balasore
2020,148,34.46,26.84,83.25,7.02,23.63,Balasore
2020,149,33.13,26.56,86.43,4.43,7.14,Balasore
2020,150,32.21,26.26,84.69,2.77,19.5,Balasore
2020,151,33.61,25.91,81.85,3.07,23.15,Balasore
2020,152,33.22,26.58,82.66,3.47,21.13,Balasore
2020,153,33.23,26.79,82.53,2.8,14.34,Balasore
2020,154,33.34,27.01,81.13,3.62,19.78,Balasore
2020,155,33.25,26.08,79.86,3.36,21.01,Balasore
2020,156,32.1,26.56,84.89,3.85,23.2,Balasore
2020,157,31.07,26.99,88.8,4.45,23.82,Balasore
2020,158,33.08,27.09,82.48,2.71,22.2,Balasore
2020,159,32.92,26.67,81.47,2.73,18.27,Balasore
2020,160,32.71,26.34,81.72,2.21,18.09,Balasore
2020,161,32.11,26.58,82.46,2.41,21.24,Balasore
2020,162,30.82,26.93,84.41,2.23,18.81,Balasore
2020,163,29.76,26.88,89.87,3.71,13.79,Balasore
2020,164,30.49,27.16,88.39,3.46,9.72,Balasore
2020,165,31.61,27.52,90.28,3.36,15.67,Balasore
2020,166,31.08,27.44,89.18,3.92,7.54,Balasore
2020,167,30.97,27.08,89.56,4.01,10.74,Balasore
2020,168,31.27,26.68,87.36,3.11,13.13,Balasore
2020,169,31.17,26.73,87.69,5.82,8.64,Balasore
2020,170,32.5,26.55,85.03,4.57,10.61,Balasore
2020,171,32.1,26.46,85.03,4.19,19.02,Balasore
2020,172,31.89,26.7,88.0,3.07,9.05,Balasore
2020,173,31.55,26.7,87.51,3.43,15.28,Balasore
2020,174,31.47,26.73,88.59,5.35,16.44,Balasore
2020,175,31.64,27.11,87.12,5.61,16.13,Balasore
2020,176,31.63,26.5,87.0,4.66,23.88,Balasore
2020,177,32.13,26.65,86.49,4.94,23.81,Balasore
2020,178,30.93,26.75,87.18,4.61,21.16,Balasore
2020,179,30.43,26.86,89.74,4.77,13.14,Balasore
2020,180,31.07,26.53,88.14,5.02,16.44,Balasore
2020,181,29.9,26.83,90.25,3.58,17.48,Balasore
2020,182,31.54,26.18,84.92,3.82,22.16,Balasore
2020,183,32.06,26.37,86.03,4.53,22.01,Balasore
2020,184,31.57,26.48,87.19,3.88,21.18,Balasore
2020,185,31.53,27.04,86.26,3.48,20.5,Balasore
2020,186,31.64,27.06,85.65,3.05,21.25,Balasore
2020,187,31.11,27.32,88.11,2.99,7.81,Balasore
2020,188,32.47,26.95,86.32,3.4,13.85,Balasore
2020,189,32.29,26.99,84.43,4.11,12.59,Balasore
2020,190,31.49,26.89,87.18,4.08,12.48,Balasore
2020,191,30.89,26.87,88.15,5.14,18.67,Balasore
2020,192,31.32,27.36,89.42,5.04,19.85,Balasore
2020,193,30.64,26.93,88.93,4.52,12.83,Balasore
2020,194,31.62,26.54,86.85,3.62,15.49,Balasore
2020,195,31.29,26.51,87.65,3.94,11.75,Balasore
2020,196,28.49,26.58,92.09,4.49,12.67,Balasore
2020,197,31.24,26.07,85.17,4.77,19.62,Balasore
2020,198,31.61,25.91,86.13,5.17,19.86,Balasore
2020,199,31.94,26.26,86.42,4.24,20.6,Balasore
2020,200,31.14,26.37,87.67,5.31,19.88,Balasore
2020,201,32.16,26.64,87.03,5.34,16.07,Balasore
2020,202,31.8,26.95,88.08,5.92,18.6,Balasore
2020,203,29.88,27.03,90.2,5.24,13.35,Balasore
2020,204,30.11,26.5,90.54,4.98,10.97,Balasore
2020,205,31.81,26.06,84.29,4.33,10.69,Balasore
2020,206,29.48,25.87,88.1,3.62,10.4,Balasore
2020,207,32.1,25.42,83.44,3.57,23.02,Balasore
2020,208,33.01,26.11,82.64,3.56,22.89,Balasore
2020,209,31.75,26.52,83.88,2.26,16.66,Balasore
2020,210,32.32,26.62,84.57,3.38,16.52,Balasore
2020,211,32.28,26.09,85.3,4.32,18.51,Balasore
2020,212,32.64,26.28,83.9,3.2,21.06,Balasore
2020,213,31.81,26.36,83.77,2.48,22.14,Balasore
2020,214,32.74,26.67,82.41,2.45,18.8,Balasore
2020,215,32.99,26.91,84.34,2.48,16.89,Balasore
2020,216,31.44,27.02,86.85,3.06,13.33,Balasore
2020,217,31.18,26.89,89.44,2.23,8.91,Balasore
2020,218,31.71,27.31,87.89,3.67,10.43,Balasore
2020,219,31.63,27.08,86.93,4.3,5.79,Balasore
2020,220,31.91,26.84,87.11,3.96,17.88,Balasore
2020,221,32.54,26.96,84.78,3.15,12.14,Balasore
2020,222,31.7,26.76,85.97,3.68,16.65,Balasore
2020,223,31.2,27.02,86.34,3.21,18.56,Balasore
2020,224,31.36,27.63,87.25,2.73,17.83,Balasore
2020,225,32.66,27.03,85.69,2.17,16.82,Balasore
2020,226,31.54,27.79,86.72,2.38,15.38,Balasore
2020,227,30.1,26.87,87.28,1.93,13.86,Balasore
2020,228,31.8,26.56,88.0,3.7,8.57,Balasore
2020,229,31.17,26.36,89.6,6.99,10.76,Balasore
2020,230,31.49,26.53,87.61,5.51,13.48,Balasore
2020,231,31.16,26.68,90.03,4.47,14.28,Balasore
2020,232,29.53,26.55,89.77,3.74,9.22,Balasore
2020,233,30.16,26.74,90.48,5.87,10.82,Balasore
2020,234,29.99,26.94,91.73,5.48,13.42,Balasore
2020,235,29.83,26.58,91.19,4.5,14.8,Balasore
2020,236,29.86,26.27,89.78,2.45,12.87,Balasore
2020,237,29.54,26.09,92.52,4.32,7.62,Balasore
2020,238,28.68,26.2,93.53,4.48,6.96,Balasore
2020,239,29.61,26.56,91.3,4.71,6.6,Balasore
2020,240,28.66,26.42,92.58,6.48,13.85,Balasore
2020,241,29.39,26.34,90.25,4.8,20.56,Balasore
2020,242,31.05,26.0,87.88,3.92,20.98,Balasore
2020,243,31.83,26.04,86.07,2.62,22.28,Balasore
2020,244,30.01,26.5,88.88,3.03,21.96,Balasore
2020,245,29.48,26.11,89.03,2.47,3.42,Balasore
2020,246,30.26,26.19,87.77,4.0,16.59,Balasore
2020,247,30.47,25.81,83.4,2.08,20.57,Balasore
2020,248,31.94,25.76,82.79,2.09,20.94,Balasore
2020,249,31.6,25.79,86.33,3.76,20.96,Balasore
2020,250,31.48,26.61,89.57,3.99,18.61,Balasore
2020,251,31.74,26.21,88.36,3.88,15.94,Balasore
2020,252,30.57,26.75,90.12,3.33,15.9,Balasore
2020,253,29.51,26.61,91.75,3.11,15.19,Balasore
2020,254,29.59,26.47,91.42,3.2,12.76,Balasore
2020,255,31.58,26.32,87.37,3.74,16.31,Balasore
2020,256,30.14,26.41,86.94,2.31,19.42,Balasore
2020,257,31.35,27.12,84.58,2.05,19.52,Balasore
2020,258,29.93,27.06,88.42,2.17,18.08,Balasore
2020,259,29.92,26.88,88.87,2.27,14.91,Balasore
2020,260,31.1,26.52,88.13,2.9,19.48,Balasore
2020,261,30.76,26.34,89.27,2.87,20.22,Balasore
2020,262,31.32,26.19,85.17,1.73,17.98,Balasore
2020,263,31.47,26.94,79.42,1.39,17.87,Balasore
2020,264,30.68,26.86,84.29,1.52,7.74,Balasore
2020,265,30.14,26.77,86.99,3.01,12.61,Balasore
2020,266,30.75,26.67,90.11,5.17,14.5,Balasore
2020,267,30.94,26.58,90.12,4.93,13.06,Balasore
2020,268,30.49,26.95,91.37,4.6,14.47,Balasore
2020,269,30.31,26.41,91.06,5.18,7.31,Balasore
2020,270,28.64,26.75,92.03,3.19,13.47,Balasore
2020,271,30.78,26.41,81.63,1.54,17.58,Balasore
2020,272,30.96,24.47,78.4,2.04,18.99,Balasore
2020,273,30.36,25.64,80.97,1.61,13.69,Balasore
2020,274,29.39,26.1,84.91,1.55,11.25,Balasore
2020,275,29.15,25.87,89.61,3.16,7.05,Balasore
2020,276,29.04,26.26,93.01,3.76,4.35,Balasore
2020,277,29.75,26.63,90.75,2.71,9.79,Balasore
2020,278,29.46,26.83,89.88,2.15,9.47,Balasore
2020,279,29.4,26.0,87.99,1.97,12.54,Balasore
2020,280,28.89,26.07,91.81,2.83,7.76,Balasore
2020,281,29.67,26.5,89.77,2.03,11.08,Balasore
2020,282,30.64,26.1,86.1,2.12,16.49,Balasore
2020,283,30.9,26.21,84.68,1.56,16.89,Balasore
2020,284,29.48,26.74,86.44,1.68,15.39,Balasore
2020,285,31.24,25.54,81.75,1.74,19.58,Balasore
2020,286,30.91,26.23,83.78,2.96,19.74,Balasore
2020,287,30.64,26.18,88.45,4.05,18.48,Balasore
2020,288,30.33,26.59,88.8,4.32,12.55,Balasore
2020,289,29.42,26.44,90.06,2.97,13.45,Balasore
2020,290,30.75,26.12,85.85,2.42,17.41,Balasore
2020,291,31.21,24.53,82.35,1.79,17.77,Balasore
2020,292,30.92,26.45,81.25,1.5,14.64,Balasore
2020,293,30.24,25.6,83.35,1.76,16.59,Balasore
2020,294,30.79,25.35,86.32,2.14,17.98,Balasore
2020,295,28.55,25.87,91.49,3.79,13.49,Balasore
2020,296,27.84,25.92,93.1,4.01,9.07,Balasore
2020,297,29.27,24.86,88.97,4.35,15.23,Balasore
2020,298,31.07,24.42,82.0,2.1,17.25,Balasore
2020,299,28.99,24.61,79.18,1.82,12.68,Balasore
2020,300,29.57,22.23,70.27,2.09,18.05,Balasore
2020,301,28.81,21.11,76.74,2.93,18.66,Balasore
2020,302,28.17,19.91,75.72,3.09,19.0,Balasore
2020,303,28.43,19.57,78.19,3.46,17.72,Balasore
2020,304,29.5,21.02,82.35,3.43,18.82,Balasore
2020,305,29.56,22.46,80.93,2.97,18.97,Balasore
2020,306,28.99,22.77,87.71,3.61,15.84,Balasore
2020,307,28.53,22.49,87.79,3.79,17.09,Balasore
2020,308,28.7,21.51,80.66,2.84,16.07,Balasore
2020,309,29.22,20.32,65.87,2.46,15.06,Balasore
2020,310,30.25,18.81,61.53,2.15,15.49,Balasore
2020,311,27.9,19.01,69.3,2.45,16.05,Balasore
2020,312,26.59,17.12,76.52,3.01,16.48,Balasore
2020,313,26.26,16.94,81.89,3.5,17.47,Balasore
2020,314,26.95,17.26,83.07,3.19,18.86,Balasore
2020,315,27.39,18.09,85.4,3.25,15.27,Balasore
2020,316,28.2,19.79,83.02,3.3,15.8,Balasore
2020,317,27.24,20.13,85.14,3.62,13.22,Balasore
2020,318,27.64,20.14,85.8,3.71,18.02,Balasore
2020,319,27.46,19.35,82.91,3.4,17.61,Balasore
2020,320,27.29,19.25,83.0,3.13,16.48,Balasore
2020,321,28.01,19.54,79.1,2.2,15.48,Balasore
2020,322,28.74,19.73,77.79,2.03,15.09,Balasore
2020,323,28.41,20.1,80.96,1.89,13.26,Balasore
2020,324,28.36,20.92,76.88,1.61,13.71,Balasore
2020,325,29.43,20.69,80.89,2.25,14.18,Balasore
2020,326,27.41,20.98,85.93,2.47,8.76,Balasore
2020,327,25.58,18.49,75.63,2.76,14.83,Balasore
2020,328,24.44,15.68,72.17,3.15,16.23,Balasore
2020,329,24.05,14.7,73.14,3.15,12.6,Balasore
2020,330,24.11,14.63,79.28,3.62,11.91,Balasore
2020,331,22.65,16.32,85.55,3.33,9.42,Balasore
2020,332,24.37,16.07,84.33,3.87,11.51,Balasore
2020,333,25.46,15.78,81.4,3.74,16.28,Balasore
2020,334,25.3,15.07,75.94,3.64,16.45,Balasore
2020,335,25.04,14.55,71.34,3.04,16.21,Balasore
2020,336,25.05,14.32,67.78,2.27,15.37,Balasore
2020,337,26.2,15.37,71.47,1.87,14.77,Balasore
2020,338,26.23,15.82,76.06,1.67,14.73,Balasore
2020,339,25.81,15.77,78.1,2.05,13.82,Balasore
2020,340,26.05,16.13,74.3,1.98,13.96,Balasore
2020,341,26.57,15.86,67.38,1.42,15.22,Balasore
2020,342,27.5,15.88,67.06,1.93,15.13,Balasore
2020,343,27.03,15.5,71.78,1.78,14.71,Balasore
2020,344,26.04,15.81,75.06,1.99,13.78,Balasore
2020,345,26.23,15.94,67.68,1.93,13.99,Balasore
2020,346,26.0,16.27,69.11,1.91,15.29,Balasore
2020,347,26.41,15.29,71.99,1.98,14.25,Balasore
2020,348,26.21,16.35,71.46,1.98,12.56,Balasore
2020,349,25.88,18.1,76.92,2.5,11.39,Balasore
2020,350,25.46,17.45,80.98,3.11,12.3,Balasore
2020,351,25.9,16.84,78.5,2.63,12.14,Balasore
2020,352,24.79,17.52,82.01,2.66,10.4,Balasore
2020,353,24.23,16.08,79.07,2.74,11.27,Balasore
2020,354,22.81,13.08,73.16,3.49,15.36,Balasore
2020,355,22.61,10.81,60.83,3.1,15.79,Balasore
2020,356,23.1,10.61,56.81,2.56,13.92,Balasore
2020,357,23.96,11.72,56.33,1.65,13.49,Balasore
2020,358,23.98,12.57,58.96,1.71,13.05,Balasore
2020,359,24.29,13.19,63.34,2.15,12.64,Balasore
2020,360,24.69,12.78,68.3,2.64,14.2,Balasore
2020,361,23.71,11.9,66.1,3.33,14.67,Balasore
2020,362,23.65,11.11,64.46,2.59,15.02,Balasore
2020,363,24.86,13.95,57.69,1.43,14.55,Balasore
2020,364,25.23,12.77,68.19,2.39,13.94,Balasore
2020,365,24.21,13.49,72.15,3.31,12.48,Balasore
2020,366,24.34,12.88,69.54,3.66,11.95,Balasore
2021,1,24.2,11.84,64.89,3.27,13.08,Balasore
2021,2,23.36,12.18,69.48,2.86,14.68,Balasore
2021,3,25.03,13.65,68.01,2.06,15.44,Balasore
2021,4,25.98,14.24,69.94,2.16,15.17,Balasore
2021,5,26.66,15.18,71.31,2.1,14.0,Balasore
2021,6,27.95,16.77,70.72,2.22,15.78,Balasore
2021,7,30.1,17.62,66.75,2.33,13.77,Balasore
2021,8,28.24,18.32,69.31,2.69,12.24,Balasore
2021,9,27.68,17.94,68.51,2.38,13.3,Balasore
2021,10,30.02,17.66,72.9,2.09,14.06,Balasore
2021,11,28.38,18.44,74.83,2.64,12.49,Balasore
2021,12,27.06,16.53,75.29,2.79,12.14,Balasore
2021,13,25.15,15.28,76.76,2.76,10.32,Balasore
2021,14,25.12,15.68,76.13,2.8,9.93,Balasore
2021,15,25.27,11.47,64.15,2.79,10.97,Balasore
2021,16,25.02,12.16,69.53,2.73,11.32,Balasore
2021,17,23.51,12.15,68.6,3.32,10.39,Balasore
2021,18,24.63,12.17,63.53,2.26,11.09,Balasore
2021,19,26.71,14.43,64.73,2.32,11.16,Balasore
2021,20,29.11,16.26,69.12,3.34,10.1,Balasore
2021,21,27.39,14.54,60.28,3.2,15.38,Balasore
2021,22,26.53,12.19,59.16,2.31,16.49,Balasore
2021,23,26.76,12.2,61.38,2.12,16.88,Balasore
2021,24,27.86,15.17,75.92,1.85,14.67,Balasore
2021,25,28.28,16.93,80.31,1.67,9.65,Balasore
2021,26,25.67,16.66,72.45,3.02,10.32,Balasore
2021,27,25.54,14.39,68.6,3.01,12.74,Balasore
2021,28,26.21,12.54,63.47,3.05,14.92,Balasore
2021,29,26.39,12.89,59.71,2.33,10.79,Balasore
2021,30,26.21,15.57,67.4,2.55,10.07,Balasore
2021,31,25.42,11.73,53.62,2.98,14.7,Balasore
2021,32,25.36,10.48,51.62,2.53,17.53,Balasore
2021,33,26.66,11.59,53.37,2.18,18.07,Balasore
2021,34,28.35,12.56,53.25,1.97,17.61,Balasore
2021,35,27.18,13.02,54.05,2.53,17.64,Balasore
2021,36,27.72,14.53,53.76,2.3,18.15,Balasore
2021,37,29.38,14.55,55.97,2.62,16.03,Balasore
2021,38,27.99,14.79,64.71,2.2,14.94,Balasore
2021,39,27.29,13.25,51.9,3.25,19.21,Balasore
2021,40,27.8,13.41,51.0,2.06,19.24,Balasore
2021,41,29.38,14.84,58.44,2.87,18.32,Balasore
2021,42,30.42,14.52,66.01,2.64,19.03,Balasore
2021,43,30.14,16.4,71.01,2.56,17.41,Balasore
2021,44,30.51,16.9,70.74,2.84,17.34,Balasore
2021,45,29.73,17.57,70.8,2.26,16.36,Balasore
2021,46,31.15,17.87,68.94,2.11,17.45,Balasore
2021,47,31.3,18.57,73.35,2.64,17.77,Balasore
2021,48,31.15,18.7,67.77,2.48,12.57,Balasore
2021,49,31.32,18.49,63.17,2.31,16.65,Balasore
2021,50,29.58,19.13,57.82,3.41,13.83,Balasore
2021,51,27.87,20.03,56.17,2.5,9.66,Balasore
2021,52,30.92,18.13,52.05,2.71,15.87,Balasore
2021,53,31.85,18.39,50.26,2.38,18.33,Balasore
2021,54,32.46,18.54,59.99,2.2,19.54,Balasore
2021,55,33.83,18.78,60.86,1.72,21.42,Balasore
2021,56,35.99,18.59,42.26,2.38,22.02,Balasore
2021,57,36.76,19.86,36.89,2.32,21.91,Balasore
2021,58,36.32,19.87,38.75,3.2,22.86,Balasore
2021,59,36.32,20.38,53.92,2.64,21.98,Balasore
2021,60,37.55,20.97,46.38,3.22,21.18,Balasore
2021,61,34.86,21.59,64.85,2.94,21.16,Balasore
2021,62,34.51,20.75,56.63,2.91,22.39,Balasore
2021,63,36.44,19.48,51.13,2.48,22.19,Balasore
2021,64,36.72,19.53,35.12,4.49,20.68,Balasore
2021,65,37.19,21.16,44.34,3.07,20.67,Balasore
2021,66,35.75,20.38,51.71,2.94,21.11,Balasore
2021,67,35.87,20.59,61.32,3.26,18.32,Balasore
2021,68,37.42,22.29,55.21,4.65,16.93,Balasore
2021,69,37.4,22.46,55.74,4.07,13.82,Balasore
2021,70,36.22,22.94,61.23,3.87,15.48,Balasore
2021,71,36.06,22.66,60.42,3.15,15.58,Balasore
2021,72,36.58,22.5,52.34,2.2,13.53,Balasore
2021,73,34.99,22.37,50.89,2.06,20.93,Balasore
2021,74,35.95,21.81,54.07,2.69,21.11,Balasore
2021,75,36.23,22.83,58.47,2.29,23.42,Balasore
2021,76,37.3,22.22,55.32,2.77,20.93,Balasore
2021,77,37.22,23.19,54.87,2.45,19.24,Balasore
2021,78,38.11,22.94,51.82,2.56,18.86,Balasore
2021,79,36.84,24.6,47.25,2.84,17.05,Balasore
2021,80,38.02,24.16,53.46,2.6,17.4,Balasore
2021,81,38.02,24.51,52.31,2.49,18.66,Balasore
2021,82,39.06,24.86,47.04,3.08,16.03,Balasore
2021,83,39.06,25.65,46.49,2.81,15.71,Balasore
2021,84,37.27,25.18,46.05,3.2,19.52,Balasore
2021,85,37.82,25.78,49.39,3.05,18.82,Balasore
2021,86,38.95,24.7,50.16,2.97,19.01,Balasore
2021,87,38.68,24.68,51.88,3.6,18.96,Balasore
2021,88,40.44,24.1,47.81,3.53,19.94,Balasore
2021,89,41.73,25.35,29.9,4.95,22.98,Balasore
2021,90,42.86,25.78,23.65,4.27,22.42,Balasore
2021,91,40.43,23.83,32.67,3.81,23.23,Balasore
2021,92,39.75,24.12,55.48,3.02,21.06,Balasore
2021,93,37.56,24.23,62.56,3.31,19.6,Balasore
2021,94,37.46,25.96,56.2,3.14,19.54,Balasore
2021,95,36.79,24.51,55.96,3.5,22.17,Balasore
2021,96,36.94,24.27,57.01,5.07,23.23,Balasore
2021,97,38.17,24.77,62.41,5.8,20.79,Balasore
2021,98,37.53,25.68,62.48,6.79,18.48,Balasore
2021,99,36.53,25.39,63.26,5.4,16.21,Balasore
2021,100,37.3,25.16,60.64,3.92,18.34,Balasore
2021,101,39.4,25.0,55.29,4.14,18.73,Balasore
2021,102,38.57,25.12,54.04,3.61,18.32,Balasore
2021,103,38.97,25.18,51.84,4.11,17.79,Balasore
2021,104,39.22,25.67,55.04,4.75,19.14,Balasore
2021,105,38.0,26.41,52.44,5.01,14.31,Balasore
2021,106,37.92,25.63,54.41,4.73,18.68,Balasore
2021,107,37.71,24.98,61.55,5.37,23.01,Balasore
2021,108,37.51,24.57,62.96,5.18,20.27,Balasore
2021,109,38.18,24.06,59.49,3.59,24.54,Balasore
2021,110,38.43,24.97,63.52,4.29,22.18,Balasore
2021,111,38.25,26.26,64.89,5.05,22.57,Balasore
2021,112,37.21,25.42,65.85,2.95,11.91,Balasore
2021,113,36.97,25.23,63.0,2.09,18.16,Balasore
2021,114,39.0,25.89,57.05,3.38,25.21,Balasore
2021,115,40.48,26.07,53.85,4.7,23.1,Balasore
2021,116,38.92,25.73,55.99,4.33,23.01,Balasore
2021,117,39.38,26.35,60.21,4.2,24.61,Balasore
2021,118,38.18,26.39,62.55,4.52,21.99,Balasore
2021,119,33.85,26.32,69.89,3.63,22.5,Balasore
2021,120,37.12,25.27,66.25,4.59,20.2,Balasore
2021,121,38.14,25.78,63.74,3.9,23.22,Balasore
2021,122,37.05,25.7,65.52,4.11,18.15,Balasore
2021,123,36.26,25.93,68.66,4.08,17.03,Balasore
2021,124,33.53,25.65,72.86,3.4,17.16,Balasore
2021,125,33.53,24.74,72.42,3.52,16.78,Balasore
2021,126,35.57,25.06,71.81,3.83,22.09,Balasore
2021,127,36.76,25.3,70.44,4.27,19.92,Balasore
2021,128,36.54,25.48,69.47,4.16,25.57,Balasore
2021,129,35.57,26.14,70.97,4.29,22.04,Balasore
2021,130,36.13,25.78,72.03,3.86,22.23,Balasore
2021,131,35.85,26.57,74.25,3.89,13.52,Balasore
2021,132,35.81,25.53,71.92,3.33,26.23,Balasore
2021,133,36.02,26.08,74.95,3.5,10.59,Balasore
2021,134,36.83,26.11,67.77,3.23,23.0,Balasore
2021,135,35.91,25.56,69.74,3.95,21.49,Balasore
2021,136,35.65,26.27,73.96,4.13,26.31,Balasore
2021,137,36.42,27.49,73.27,4.46,26.78,Balasore
2021,138,37.33,27.55,73.13,5.21,26.79,Balasore
2021,139,35.65,27.84,76.09,4.44,21.49,Balasore
2021,140,32.95,28.64,83.43,4.44,25.64,Balasore
2021,141,35.02,27.6,78.26,4.39,19.19,Balasore
2021,142,35.69,27.08,72.57,3.04,18.23,Balasore
2021,143,35.8,27.2,68.33,2.54,22.88,Balasore
2021,144,33.95,26.65,69.54,4.64,15.35,Balasore
2021,145,30.37,26.03,86.1,10.16,9.91,Balasore
2021,146,29.78,25.98,89.99,11.78,2.28,Balasore
2021,147,31.78,25.96,84.01,8.29,9.56,Balasore
2021,148,32.47,27.55,87.89,4.67,19.71,Balasore
2021,149,32.75,26.72,84.94,3.67,17.25,Balasore
2021,150,32.27,26.68,87.83,4.16,18.49,Balasore
2021,151,32.2,27.64,87.84,3.98,18.84,Balasore
2021,152,31.52,27.45,89.36,3.35,18.58,Balasore
2021,153,31.91,27.02,83.91,2.77,11.38,Balasore
2021,154,31.83,26.71,85.65,3.3,22.7,Balasore
2021,155,32.86,26.61,82.2,2.92,21.03,Balasore
2021,156,32.49,27.16,83.88,3.38,22.6,Balasore
2021,157,32.91,27.33,83.1,3.91,19.0,Balasore
2021,158,32.59,27.56,86.95,4.94,23.21,Balasore
2021,159,31.64,27.57,88.82,5.14,14.14,Balasore
2021,160,30.52,26.29,89.63,4.52,13.47,Balasore
2021,161,29.32,26.25,89.36,3.4,13.12,Balasore
2021,162,30.69,26.03,85.05,1.91,11.99,Balasore
2021,163,31.95,26.6,81.52,1.97,13.94,Balasore
2021,164,30.26,26.38,87.45,3.53,13.59,Balasore
2021,165,32.04,26.83,86.11,3.65,12.14,Balasore
2021,166,32.02,26.81,85.99,4.39,7.75,Balasore
2021,167,30.9,26.56,87.12,4.96,8.46,Balasore
2021,168,29.65,26.45,90.96,6.05,5.24,Balasore
2021,169,30.26,26.18,89.38,4.56,8.69,Balasore
2021,170,29.35,25.85,91.9,5.36,6.48,Balasore
2021,171,30.24,25.94,89.6,4.44,16.75,Balasore
2021,172,31.03,26.41,86.4,2.85,14.22,Balasore
2021,173,30.09,26.26,89.62,4.2,6.47,Balasore
2021,174,29.64,26.24,90.78,5.68,10.75,Balasore
2021,175,31.45,26.27,86.83,4.52,17.86,Balasore
2021,176,31.53,26.46,85.83,3.47,16.72,Balasore
2021,177,31.4,26.27,86.29,3.11,18.77,Balasore
2021,178,30.91,26.49,86.63,3.56,17.46,Balasore
2021,179,30.32,26.32,89.02,4.53,22.3,Balasore
2021,180,31.76,26.54,88.46,5.31,17.27,Balasore
2021,181,30.8,27.39,91.41,5.56,16.71,Balasore
2021,182,30.82,27.32,91.48,5.48,17.83,Balasore
2021,183,30.74,27.12,89.76,4.68,16.98,Balasore
2021,184,30.63,26.98,88.54,2.53,13.64,Balasore
2021,185,31.66,26.51,84.44,2.23,12.94,Balasore
2021,186,30.42,26.81,89.03,2.9,14.86,Balasore
2021,187,31.61,26.51,88.31,3.39,15.42,Balasore
2021,188,30.77,27.0,90.27,3.27,13.05,Balasore
2021,189,30.32,26.89,90.13,4.43,10.8,Balasore
2021,190,30.87,26.27,87.6,4.6,16.73,Balasore
2021,191,31.01,26.33,86.32,3.16,17.52,Balasore
2021,192,30.57,26.93,85.73,3.42,19.44,Balasore
2021,193,29.91,26.71,88.4,3.77,18.02,Balasore
2021,194,29.94,26.22,87.41,3.63,15.33,Balasore
2021,195,30.39,26.58,87.25,4.58,19.45,Balasore
2021,196,31.24,26.51,84.3,3.37,20.86,Balasore
2021,197,31.5,26.46,84.96,3.26,22.27,Balasore
2021,198,30.47,26.8,88.4,3.82,22.61,Balasore
2021,199,32.08,26.48,85.84,4.41,21.31,Balasore
2021,200,30.68,26.67,89.52,3.56,19.73,Balasore
2021,201,31.16,26.74,85.01,1.99,14.41,Balasore
2021,202,31.44,26.71,87.29,3.23,13.88,Balasore
2021,203,30.92,26.5,86.75,4.53,13.06,Balasore
2021,204,31.26,26.34,89.09,3.78,6.28,Balasore
2021,205,29.65,27.22,90.57,4.82,13.87,Balasore
2021,206,32.03,26.64,87.43,3.48,17.11,Balasore
2021,207,31.28,26.93,88.02,4.5,15.25,Balasore
2021,208,30.0,26.76,91.83,4.69,7.78,Balasore
2021,209,30.83,26.19,89.0,5.65,10.31,Balasore
2021,210,28.73,26.12,91.77,7.15,6.75,Balasore
2021,211,29.74,25.59,91.01,6.96,7.3,Balasore
2021,212,31.3,25.33,88.37,5.5,10.68,Balasore
2021,213,31.28,25.34,88.52,4.6,18.37,Balasore
2021,214,29.21,26.08,88.23,2.89,19.78,Balasore
2021,215,29.82,26.47,90.94,4.27,15.52,Balasore
2021,216,28.83,26.25,91.93,3.84,5.58,Balasore
2021,217,31.26,26.04,88.27,3.01,12.87,Balasore
2021,218,32.17,25.27,86.17,3.04,16.38,Balasore
2021,219,29.31,26.85,91.47,3.13,14.4,Balasore
2021,220,31.37,25.99,89.93,3.93,13.18,Balasore
2021,221,31.59,26.77,89.41,3.71,16.11,Balasore
2021,222,30.46,26.97,90.97,3.79,20.85,Balasore
2021,223,30.43,27.24,92.32,3.59,18.84,Balasore
2021,224,31.58,27.36,88.02,3.4,17.34,Balasore
2021,225,31.09,26.5,88.9,2.22,14.91,Balasore
2021,226,32.71,26.53,86.43,2.77,16.05,Balasore
2021,227,31.81,27.09,86.87,2.23,17.61,Balasore
2021,228,30.72,27.05,85.7,2.53,13.35,Balasore
2021,229,30.13,26.27,87.07,2.16,6.58,Balasore
2021,230,29.69,26.28,91.6,4.67,7.1,Balasore
2021,231,29.32,26.23,92.45,4.87,9.99,Balasore
2021,232,29.81,26.56,91.36,4.41,9.53,Balasore
2021,233,30.08,26.29,88.92,4.06,17.11,Balasore
2021,234,31.39,25.33,87.31,3.92,22.49,Balasore
2021,235,31.83,25.54,86.67,3.87,21.06,Balasore
2021,236,31.03,26.19,88.53,3.49,17.58,Balasore
2021,237,30.21,26.53,91.63,3.56,14.54,Balasore
2021,238,29.68,26.78,87.69,2.43,7.15,Balasore
2021,239,27.89,26.22,90.28,2.75,16.49,Balasore
2021,240,30.22,26.09,88.93,3.71,14.22,Balasore
2021,241,30.19,26.36,88.8,4.79,15.28,Balasore
2021,242,29.38,26.42,89.16,4.04,15.34,Balasore
2021,243,30.16,26.27,86.84,3.4,17.46,Balasore
2021,244,30.44,26.24,86.62,3.06,19.86,Balasore
2021,245,29.92,25.95,84.7,2.05,20.19,Balasore
2021,246,31.11,25.76,82.77,2.32,20.8,Balasore
2021,247,30.52,26.0,86.57,2.35,17.43,Balasore
2021,248,30.63,25.96,87.63,3.22,19.73,Balasore
2021,249,30.59,26.71,90.3,5.26,9.86,Balasore
2021,250,29.75,26.87,88.09,4.71,5.68,Balasore
2021,251,28.96,26.75,90.08,2.91,9.4,Balasore
2021,252,30.42,26.28,85.88,2.24,10.74,Balasore
2021,253,30.55,25.75,83.39,2.19,20.99,Balasore
2021,254,28.84,25.78,91.65,5.33,9.48,Balasore
2021,255,30.21,26.63,91.31,5.84,10.31,Balasore
2021,256,29.14,27.11,93.84,8.02,6.57,Balasore
2021,257,29.11,27.28,92.86,7.31,6.28,Balasore
2021,258,28.86,26.77,94.02,4.44,4.44,Balasore
2021,259,29.68,26.05,87.92,2.49,13.03,Balasore
2021,260,29.49,25.82,89.53,2.63,18.94,Balasore
2021,261,29.62,25.0,88.7,2.77,12.79,Balasore
2021,262,27.99,25.9,90.69,1.7,10.5,Balasore
2021,263,28.57,25.62,91.2,3.52,13.04,Balasore
2021,264,28.37,26.32,92.82,3.78,7.53,Balasore
2021,265,29.35,25.85,89.68,2.37,10.94,Balasore
2021,266,29.06,26.2,91.63,3.02,12.31,Balasore
2021,267,30.86,25.97,83.76,1.72,18.76,Balasore
2021,268,30.92,25.51,85.44,2.25,18.8,Balasore
2021,269,29.2,26.25,91.45,4.72,8.75,Balasore
2021,270,29.17,26.2,90.3,3.48,13.71,Balasore
2021,271,27.36,25.82,92.07,2.64,14.05,Balasore
2021,272,30.15,25.81,86.61,2.33,8.0,Balasore
2021,273,29.73,25.45,89.12,3.26,14.4,Balasore
2021,274,30.13,25.55,87.97,3.04,19.54,Balasore
2021,275,31.2,25.16,87.5,3.4,17.71,Balasore
2021,276,30.37,25.83,90.64,3.89,17.58,Balasore
2021,277,31.04,25.36,88.1,2.76,16.97,Balasore
2021,278,29.29,26.07,89.35,2.42,14.93,Balasore
2021,279,30.95,25.45,84.99,2.36,18.79,Balasore
2021,280,31.57,25.06,85.89,2.32,16.71,Balasore
2021,281,31.48,25.72,84.49,2.08,17.44,Balasore
2021,282,31.07,26.02,83.33,1.57,15.3,Balasore
2021,283,30.9,25.69,83.16,2.3,14.81,Balasore
2021,284,30.57,25.14,82.58,2.21,14.06,Balasore
2021,285,31.12,25.78,80.7,1.75,16.33,Balasore
2021,286,29.0,25.6,88.83,2.66,15.41,Balasore
2021,287,29.85,25.59,89.87,2.74,12.47,Balasore
2021,288,30.55,26.13,88.65,2.24,18.69,Balasore
2021,289,30.08,26.34,87.99,2.03,11.84,Balasore
2021,290,28.44,25.82,89.82,2.33,4.24,Balasore
2021,291,27.9,25.51,92.98,4.7,7.39,Balasore
2021,292,29.3,25.93,92.53,4.71,8.31,Balasore
2021,293,29.85,26.28,91.21,3.35,9.17,Balasore
2021,294,29.91,24.57,84.41,2.25,18.8,Balasore
2021,295,29.85,21.87,69.11,1.81,19.3,Balasore
2021,296,29.34,21.44,65.81,1.59,19.4,Balasore
2021,297,29.31,22.8,67.57,1.27,16.49,Balasore
2021,298,28.45,23.32,73.98,1.34,14.27,Balasore
2021,299,28.14,22.79,81.92,2.26,12.8,Balasore
2021,300,28.15,23.21,87.58,3.93,13.32,Balasore
2021,301,26.67,23.32,91.02,4.19,11.15,Balasore
2021,302,28.3,21.71,85.96,3.99,11.26,Balasore
2021,303,28.23,21.31,82.39,2.77,16.98,Balasore
2021,304,27.85,22.11,82.77,2.22,14.44,Balasore
2021,305,27.69,22.27,81.67,1.96,14.98,Balasore
2021,306,27.01,22.37,82.89,2.54,12.37,Balasore
2021,307,27.42,22.41,80.76,1.82,12.89,Balasore
2021,308,27.68,22.71,77.01,1.43,14.35,Balasore
2021,309,26.76,21.41,79.97,2.3,16.3,Balasore
2021,310,26.95,18.78,77.38,2.79,17.45,Balasore
2021,311,26.04,17.82,74.98,2.81,17.64,Balasore
2021,312,25.7,17.18,76.98,2.93,17.35,Balasore
2021,313,25.58,17.24,81.11,2.83,16.59,Balasore
2021,314,26.11,17.48,81.9,2.57,16.9,Balasore
2021,315,26.51,18.79,84.04,2.84,11.3,Balasore
2021,316,27.57,20.95,87.3,2.77,8.61,Balasore
2021,317,26.61,23.02,91.69,2.29,6.84,Balasore
2021,318,28.15,22.85,89.71,2.32,5.27,Balasore
2021,319,28.09,23.14,89.09,1.99,4.76,Balasore
2021,320,25.7,21.78,91.08,3.07,12.24,Balasore
2021,321,26.88,20.72,88.91,3.74,14.7,Balasore
2021,322,26.7,18.54,85.49,3.07,16.4,Balasore
2021,323,26.91,19.96,83.18,2.23,15.16,Balasore
2021,324,27.65,20.64,79.1,1.8,12.08,Balasore
2021,325,27.26,21.64,81.98,1.57,12.05,Balasore
2021,326,29.09,22.18,83.16,1.27,12.45,Balasore
2021,327,28.17,22.42,87.21,2.08,13.2,Balasore
2021,328,25.62,18.91,81.78,3.27,13.12,Balasore
2021,329,26.33,18.65,72.04,2.28,12.56,Balasore
2021,330,25.84,19.34,78.62,2.17,11.6,Balasore
2021,331,25.23,17.48,84.35,2.98,13.42,Balasore
2021,332,24.49,15.93,80.87,3.22,14.99,Balasore
2021,333,24.34,15.96,84.63,3.06,15.2,Balasore
2021,334,24.59,16.03,85.42,3.38,13.94,Balasore
2021,335,24.55,15.73,84.33,3.26,15.53,Balasore
2021,336,25.36,16.14,83.15,2.75,16.47,Balasore
2021,337,23.99,16.74,87.9,3.14,9.79,Balasore
2021,338,22.66,19.34,94.41,5.27,4.67,Balasore
2021,339,25.92,21.23,95.2,5.28,2.57,Balasore
2021,340,25.4,20.42,92.4,2.91,7.78,Balasore
2021,341,25.19,18.82,88.32,3.27,13.4,Balasore
2021,342,24.92,17.33,88.84,3.57,12.21,Balasore
2021,343,23.59,18.02,91.15,3.7,4.76,Balasore
2021,344,24.35,18.23,83.09,2.68,12.93,Balasore
2021,345,24.65,16.89,81.77,2.64,10.86,Balasore
2021,346,23.36,15.78,83.85,3.59,10.58,Balasore
2021,347,23.47,14.89,83.92,2.61,11.27,Balasore
2021,348,22.99,15.31,83.01,2.51,11.95,Balasore
2021,349,22.77,14.36,75.14,2.09,12.12,Balasore
2021,350,22.13,14.55,79.71,3.49,12.56,Balasore
2021,351,22.88,13.03,77.75,2.93,15.36,Balasore
2021,352,23.53,14.33,87.08,3.54,12.48,Balasore
2021,353,21.06,13.66,74.96,3.32,11.65,Balasore
2021,354,19.83,10.21,68.78,2.99,15.04,Balasore
2021,355,20.12,9.64,67.11,2.73,14.74,Balasore
2021,356,21.38,10.76,60.41,1.89,14.79,Balasore
2021,357,22.4,11.68,56.0,1.36,13.37,Balasore
2021,358,22.95,13.29,65.32,1.4,13.79,Balasore
2021,359,23.3,15.65,75.96,1.49,12.4,Balasore
2021,360,23.93,16.64,85.26,1.41,9.22,Balasore
2021,361,23.69,17.65,85.14,1.57,7.16,Balasore
2021,362,23.66,17.63,84.78,1.68,9.44,Balasore
2021,363,24.07,17.87,82.99,1.44,8.82,Balasore
2021,364,23.38,16.68,87.56,3.33,11.4,Balasore
2021,365,22.85,15.61,87.7,3.44,12.47,Balasore
2022,1,22.54,13.93,84.25,3.38,13.91,Balasore
2022,2,21.53,12.9,80.32,3.36,15.83,Balasore
2022,3,21.91,12.14,75.82,2.92,16.36,Balasore
2022,4,22.32,11.78,76.4,3.14,15.53,Balasore
2022,5,23.28,10.97,73.81,2.42,15.84,Balasore
2022,6,24.38,13.76,74.05,1.53,14.42,Balasore
2022,7,23.72,14.21,78.36,2.21,14.2,Balasore
2022,8,23.81,13.64,77.87,2.22,14.96,Balasore
2022,9,24.6,15.25,76.36,1.69,15.28,Balasore
2022,10,24.85,15.66,78.3,1.37,9.94,Balasore
2022,11,24.76,16.48,81.04,1.65,9.45,Balasore
2022,12,20.04,17.71,91.9,2.42,3.76,Balasore
2022,13,21.75,15.54,87.59,2.66,9.55,Balasore
2022,14,20.63,16.15,89.92,3.65,5.82,Balasore
2022,15,21.73,14.2,82.39,3.38,13.04,Balasore
2022,16,21.63,13.42,81.77,3.68,12.47,Balasore
2022,17,21.42,11.39,79.16,3.27,14.3,Balasore
2022,18,22.22,10.29,75.2,3.16,16.08,Balasore
2022,19,22.46,10.48,70.01,2.28,16.57,Balasore
2022,20,23.26,11.57,67.21,1.84,14.94,Balasore
2022,21,24.19,13.03,76.11,1.83,11.09,Balasore
2022,22,25.25,15.98,80.85,1.63,13.75,Balasore
2022,23,25.36,17.66,87.21,2.85,8.24,Balasore
2022,24,23.71,16.79,87.13,3.24,10.41,Balasore
2022,25,24.34,14.39,81.57,1.71,7.85,Balasore
2022,26,23.71,16.38,80.11,1.06,8.76,Balasore
2022,27,21.82,13.9,73.97,3.26,13.24,Balasore
2022,28,21.28,10.66,70.02,2.81,17.16,Balasore
2022,29,21.11,10.02,61.99,2.74,18.39,Balasore
2022,30,23.49,11.19,57.07,1.47,18.99,Balasore
2022,31,25.05,13.19,58.39,1.46,18.74,Balasore
2022,32,26.79,13.14,61.29,1.74,18.23,Balasore
2022,33,26.05,13.48,64.45,2.05,18.08,Balasore
2022,34,26.33,15.67,74.29,2.94,15.25,Balasore
2022,35,25.6,18.48,88.0,5.04,6.74,Balasore
2022,36,23.74,13.05,65.21,3.23,18.08,Balasore
2022,37,23.38,11.69,64.54,2.07,19.78,Balasore
2022,38,24.24,13.04,72.34,1.65,18.66,Balasore
2022,39,25.36,15.32,75.99,1.65,18.28,Balasore
2022,40,25.76,16.83,78.93,2.29,17.02,Balasore
2022,41,26.21,16.41,80.27,3.18,9.74,Balasore
2022,42,24.96,15.28,73.13,3.24,15.41,Balasore
2022,43,24.72,14.01,63.27,2.69,20.63,Balasore
2022,44,24.78,11.77,64.18,3.28,20.89,Balasore
2022,45,25.42,12.18,62.89,2.49,20.64,Balasore
2022,46,26.31,15.2,62.32,1.64,20.6,Balasore
2022,47,25.75,14.31,74.39,2.43,18.5,Balasore
2022,48,27.29,15.46,77.55,2.5,13.18,Balasore
2022,49,26.59,16.11,73.23,2.39,15.06,Balasore
2022,50,28.34,15.79,69.26,1.93,18.43,Balasore
2022,51,27.48,17.38,77.51,3.42,7.32,Balasore
2022,52,28.56,15.48,69.72,3.04,19.9,Balasore
2022,53,28.82,15.04,65.12,2.12,19.54,Balasore
2022,54,28.83,16.75,74.5,1.78,18.21,Balasore
2022,55,30.42,18.48,78.91,3.73,18.99,Balasore
2022,56,30.11,18.86,78.97,3.25,16.59,Balasore
2022,57,30.01,19.09,76.99,2.27,16.9,Balasore
2022,58,30.66,20.74,68.25,1.84,18.75,Balasore
2022,59,32.57,19.0,65.54,2.75,20.12,Balasore
2022,60,29.79,20.52,73.7,2.03,17.47,Balasore
2022,61,30.37,20.11,70.47,1.98,19.67,Balasore
2022,62,31.85,19.27,68.17,1.85,18.96,Balasore
2022,63,31.05,19.89,65.89,2.3,19.89,Balasore
2022,64,33.3,19.03,67.95,2.57,17.29,Balasore
2022,65,30.65,21.03,70.07,2.36,20.16,Balasore
2022,66,32.05,18.77,58.66,2.77,21.58,Balasore
2022,67,33.55,18.28,53.79,2.23,22.24,Balasore
2022,68,33.18,19.39,60.16,2.04,22.69,Balasore
2022,69,34.01,18.82,58.19,2.47,22.73,Balasore
2022,70,33.58,19.72,58.76,2.49,21.52,Balasore
2022,71,33.12,19.94,58.5,2.32,21.7,Balasore
2022,72,32.67,19.54,63.63,2.12,23.19,Balasore
2022,73,35.66,21.23,50.23,1.91,23.62,Balasore
2022,74,35.64,20.42,59.03,2.4,23.75,Balasore
2022,75,36.37,20.6,65.62,3.75,21.89,Balasore
2022,76,34.96,21.66,69.76,4.19,20.29,Balasore
2022,77,35.57,22.59,63.31,3.99,22.41,Balasore
2022,78,35.47,20.96,58.82,3.79,23.55,Balasore
2022,79,36.95,20.59,64.53,3.82,21.66,Balasore
2022,80,36.48,22.48,67.75,3.67,17.87,Balasore
2022,81,36.87,23.34,68.18,2.99,18.54,Balasore
2022,82,36.64,24.49,64.42,3.78,19.56,Balasore
2022,83,37.34,23.78,65.07,4.19,20.76,Balasore
2022,84,37.42,24.46,66.77,5.39,16.11,Balasore
2022,85,38.09,25.34,67.01,4.74,13.77,Balasore
2022,86,36.83,24.94,63.64,2.72,21.05,Balasore
2022,87,38.6,24.26,64.24,2.69,23.38,Balasore
2022,88,38.91,22.6,58.93,3.54,22.08,Balasore
2022,89,37.8,24.68,68.23,4.43,20.64,Balasore
2022,90,37.77,25.6,66.65,5.18,20.44,Balasore
2022,91,38.04,25.99,64.9,6.09,20.66,Balasore
2022,92,38.55,25.83,66.28,5.77,20.79,Balasore
2022,93,37.04,26.52,66.22,5.39,19.38,Balasore
2022,94,38.47,26.48,60.52,6.69,19.95,Balasore
2022,95,38.32,25.69,60.21,6.17,21.02,Balasore
2022,96,38.77,25.02,61.6,5.39,18.24,Balasore
2022,97,38.7,24.65,59.09,5.06,19.78,Balasore
2022,98,39.05,24.61,54.28,5.6,21.36,Balasore
2022,99,40.21,25.35,56.98,5.55,21.85,Balasore
2022,100,39.95,25.83,60.47,6.15,21.36,Balasore
2022,101,40.99,25.92,60.2,5.75,21.27,Balasore
2022,102,39.87,26.17,62.24,5.11,21.24,Balasore
2022,103,40.12,26.31,58.02,6.12,22.95,Balasore
2022,104,41.45,27.27,52.79,5.88,17.67,Balasore
2022,105,41.78,27.13,51.65,5.22,19.45,Balasore
2022,106,42.0,27.17,49.29,5.37,21.12,Balasore
2022,107,41.27,27.66,51.1,5.3,21.93,Balasore
2022,108,40.13,27.01,56.36,4.34,24.01,Balasore
2022,109,39.83,26.63,56.77,6.01,21.0,Balasore
2022,110,40.53,26.44,62.28,5.61,21.32,Balasore
2022,111,37.68,26.66,64.72,5.41,19.92,Balasore
2022,112,39.39,26.63,64.05,4.33,19.21,Balasore
2022,113,39.8,27.0,57.45,3.56,22.92,Balasore
2022,114,43.05,27.14,52.25,4.28,21.28,Balasore
2022,115,42.05,26.75,54.42,4.28,22.93,Balasore
2022,116,40.2,27.38,58.39,5.0,22.45,Balasore
2022,117,41.05,27.07,59.01,5.25,22.25,Balasore
2022,118,41.63,26.88,60.04,4.61,22.93,Balasore
2022,119,41.79,26.97,59.06,4.98,22.65,Balasore
2022,120,39.83,26.62,59.77,5.74,22.29,Balasore
2022,121,35.7,26.94,70.53,4.74,17.38,Balasore
2022,122,37.0,25.98,72.63,3.84,18.1,Balasore
2022,123,36.1,26.48,74.82,5.05,17.5,Balasore
2022,124,36.06,26.36,74.78,4.59,24.81,Balasore
2022,125,35.25,26.49,74.15,2.7,19.04,Balasore
2022,126,37.35,25.65,67.86,2.66,20.65,Balasore
2022,127,36.31,25.65,66.29,3.0,23.17,Balasore
2022,128,36.05,25.72,68.17,3.4,25.01,Balasore
2022,129,32.9,26.1,75.86,4.05,17.84,Balasore
2022,130,31.24,27.25,81.9,4.68,17.06,Balasore
2022,131,33.4,26.5,76.89,5.02,15.06,Balasore
2022,132,34.79,26.59,75.92,5.72,19.01,Balasore
2022,133,37.68,27.17,71.15,7.38,24.26,Balasore
2022,134,38.27,27.3,71.2,7.3,24.61,Balasore
2022,135,36.04,27.74,75.92,6.72,23.25,Balasore
2022,136,36.73,27.45,73.72,6.29,20.78,Balasore
2022,137,35.14,27.68,76.37,5.76,22.64,Balasore
2022,138,33.92,27.85,78.84,5.36,15.1,Balasore
2022,139,36.7,27.14,71.9,5.83,11.48,Balasore
2022,140,38.4,27.97,68.9,6.1,25.48,Balasore
2022,141,38.83,28.06,70.98,6.02,24.88,Balasore
2022,142,36.51,27.55,75.23,4.6,14.38,Balasore
2022,143,37.89,26.41,68.73,2.96,22.56,Balasore
2022,144,36.02,27.05,67.4,2.14,22.98,Balasore
2022,145,36.95,26.73,68.27,2.86,21.63,Balasore
2022,146,38.84,26.27,63.16,3.13,24.31,Balasore
2022,147,38.4,26.88,60.26,3.78,20.31,Balasore
2022,148,40.24,27.16,61.65,2.38,24.28,Balasore
2022,149,40.18,27.7,62.3,2.88,20.43,Balasore
2022,150,36.08,28.49,72.45,3.22,20.74,Balasore
2022,151,37.3,27.88,71.65,2.75,20.29,Balasore
2022,152,33.53,28.07,75.73,3.41,16.68,Balasore
2022,153,35.56,27.33,74.45,4.21,19.26,Balasore
2022,154,34.2,27.88,79.09,4.65,21.12,Balasore
2022,155,34.01,28.25,77.8,5.04,20.32,Balasore
2022,156,35.73,27.61,73.6,5.38,20.81,Balasore
2022,157,35.17,27.81,73.37,5.34,23.99,Balasore
2022,158,37.11,27.41,73.1,5.5,21.15,Balasore
2022,159,34.02,27.61,79.97,5.2,21.23,Balasore
2022,160,33.79,28.38,78.07,5.39,17.81,Balasore
2022,161,34.0,27.17,78.71,4.84,12.22,Balasore
2022,162,36.75,27.99,72.92,5.38,19.34,Balasore
2022,163,36.08,27.87,70.77,4.49,20.38,Balasore
2022,164,34.63,28.08,73.77,5.0,20.82,Balasore
2022,165,32.48,28.03,83.27,5.55,18.21,Balasore
2022,166,35.25,27.58,76.52,5.32,14.99,Balasore
2022,167,32.53,27.69,81.78,5.3,19.78,Balasore
2022,168,31.83,27.04,83.15,5.98,15.39,Balasore
2022,169,31.9,27.04,82.81,5.84,10.48,Balasore
2022,170,31.88,26.56,83.76,5.31,17.8,Balasore
2022,171,31.66,26.39,86.64,5.7,18.3,Balasore
2022,172,31.76,26.27,82.86,3.94,20.22,Balasore
2022,173,30.28,26.36,82.36,2.83,16.62,Balasore
2022,174,33.09,25.45,77.72,3.3,16.13,Balasore
2022,175,30.65,26.3,83.87,4.33,8.86,Balasore
2022,176,31.41,26.12,84.02,4.42,12.98,Balasore
2022,177,32.22,26.31,81.54,4.55,20.1,Balasore
2022,178,32.6,26.37,79.25,3.55,22.41,Balasore
2022,179,32.48,26.21,80.54,3.52,20.96,Balasore
2022,180,32.98,26.7,80.22,4.11,22.09,Balasore
2022,181,31.95,26.97,83.0,3.34,15.59,Balasore
2022,182,30.38,27.3,87.31,2.24,10.34,Balasore
2022,183,30.74,26.77,87.11,2.9,11.32,Balasore
2022,184,30.86,26.84,86.62,3.35,14.33,Balasore
2022,185,31.35,26.63,83.11,2.9,19.79,Balasore
2022,186,31.11,26.66,80.66,2.22,9.87,Balasore
2022,187,30.86,26.58,85.27,3.54,18.11,Balasore
2022,188,30.44,26.69,86.46,3.84,15.78,Balasore
2022,189,31.14,26.48,85.2,3.69,17.42,Balasore
2022,190,31.01,25.86,84.25,3.92,15.88,Balasore
2022,191,31.12,26.41,86.32,5.19,15.54,Balasore
2022,192,30.05,26.37,89.03,4.97,15.9,Balasore
2022,193,31.47,27.32,86.54,5.24,14.65,Balasore
2022,194,31.29,26.98,87.05,4.59,17.57,Balasore
2022,195,30.59,26.34,86.69,5.14,8.41,Balasore
2022,196,30.85,26.66,87.25,5.31,15.08,Balasore
2022,197,31.08,26.57,86.38,3.92,14.61,Balasore
2022,198,31.52,26.73,86.93,5.69,17.48,Balasore
2022,199,31.95,26.26,85.6,5.25,17.3,Balasore
2022,200,32.6,26.62,82.95,4.73,18.42,Balasore
2022,201,32.36,25.76,83.87,4.11,14.34,Balasore
2022,202,31.87,26.19,86.48,3.55,11.12,Balasore
2022,203,31.1,26.57,86.83,2.84,10.19,Balasore
2022,204,30.79,26.42,87.21,3.25,9.38,Balasore
2022,205,30.38,26.91,88.1,5.1,7.52,Balasore
2022,206,29.83,26.55,88.99,4.21,8.32,Balasore
2022,207,30.41,26.26,86.54,3.59,15.58,Balasore
2022,208,31.1,25.85,83.5,3.03,20.58,Balasore
2022,209,31.07,25.77,84.32,2.21,22.28,Balasore
2022,210,31.24,26.31,86.9,3.21,21.56,Balasore
2022,211,31.52,26.63,86.92,3.14,20.52,Balasore
2022,212,31.87,26.62,87.76,3.76,16.57,Balasore
2022,213,30.47,26.79,89.07,3.18,11.75,Balasore
2022,214,32.76,26.1,85.58,2.47,14.98,Balasore
2022,215,30.87,26.63,87.27,2.47,16.87,Balasore
2022,216,30.83,26.84,82.64,2.09,18.07,Balasore
2022,217,30.26,26.37,87.02,2.04,19.82,Balasore
2022,218,29.98,27.07,85.94,2.12,9.01,Balasore
2022,219,30.48,26.66,88.49,3.93,14.05,Balasore
2022,220,29.72,26.56,90.12,4.81,10.51,Balasore
2022,221,29.57,26.26,91.34,5.03,5.52,Balasore
2022,222,29.57,26.68,90.78,6.62,3.55,Balasore
2022,223,29.43,26.09,90.43,3.71,6.24,Balasore
2022,224,30.18,25.96,88.5,2.61,7.16,Balasore
2022,225,31.11,25.87,88.31,3.61,12.73,Balasore
2022,226,29.22,26.26,90.48,4.86,5.73,Balasore
2022,227,29.12,26.62,90.7,7.6,16.68,Balasore
2022,228,32.16,25.86,85.05,3.36,21.58,Balasore
2022,229,31.48,25.93,87.05,3.19,19.32,Balasore
2022,230,30.61,26.59,89.16,3.46,15.19,Balasore
2022,231,28.92,26.73,93.17,5.3,10.47,Balasore
2022,232,27.8,26.36,94.51,6.68,8.3,Balasore
2022,233,30.95,26.25,88.89,4.09,19.46,Balasore
2022,234,31.01,26.2,85.93,2.59,20.86,Balasore
2022,235,29.71,25.8,88.41,2.6,10.97,Balasore
2022,236,30.75,25.86,84.4,1.75,5.72,Balasore
2022,237,31.24,25.74,85.78,3.98,20.93,Balasore
2022,238,31.43,25.06,86.19,3.22,18.6,Balasore
2022,239,29.96,25.95,90.99,4.17,15.47,Balasore
2022,240,30.17,26.41,89.86,3.95,17.14,Balasore
2022,241,30.93,26.24,84.2,2.89,20.07,Balasore
2022,242,31.21,25.94,84.39,2.27,22.4,Balasore
2022,243,30.8,26.09,86.37,2.9,21.57,Balasore
2022,244,30.57,25.98,87.06,3.44,22.72,Balasore
2022,245,30.66,26.13,86.56,3.16,23.17,Balasore
2022,246,30.64,26.15,88.3,3.73,16.69,Balasore
2022,247,31.54,26.4,87.61,2.84,16.56,Balasore
2022,248,31.76,25.97,84.6,3.04,19.12,Balasore
2022,249,31.01,25.95,86.06,2.2,15.04,Balasore
2022,250,29.55,26.93,88.46,2.3,18.68,Balasore
2022,251,29.96,26.82,90.15,3.89,15.43,Balasore
2022,252,30.17,26.99,90.52,4.65,11.91,Balasore
2022,253,28.72,26.62,91.88,4.39,7.8,Balasore
2022,254,28.31,26.84,91.16,4.74,3.85,Balasore
2022,255,28.92,26.98,93.68,5.9,10.68,Balasore
2022,256,29.43,26.63,93.56,6.09,8.7,Balasore
2022,257,28.59,26.37,93.41,5.31,13.92,Balasore
2022,258,29.76,25.96,89.9,3.2,17.66,Balasore
2022,259,29.56,25.93,92.29,3.44,15.48,Balasore
2022,260,30.33,25.98,89.72,2.88,14.47,Balasore
2022,261,29.67,25.73,88.78,2.35,14.34,Balasore
2022,262,29.18,26.04,90.26,3.21,11.67,Balasore
2022,263,30.18,25.45,89.27,2.68,14.65,Balasore
2022,264,30.4,25.78,89.09,4.1,14.82,Balasore
2022,265,30.48,25.57,89.0,4.32,16.01,Balasore
2022,266,30.39,25.89,88.75,3.68,16.18,Balasore
2022,267,31.41,25.53,84.89,2.58,16.34,Balasore
2022,268,30.88,25.99,84.07,2.11,15.92,Balasore
2022,269,30.9,26.01,81.35,1.7,18.3,Balasore
2022,270,30.63,25.65,82.08,1.96,18.76,Balasore
2022,271,30.76,26.0,82.25,1.73,18.91,Balasore
2022,272,29.78,26.31,84.83,1.93,18.56,Balasore
2022,273,30.63,25.79,82.38,1.85,17.52,Balasore
2022,274,30.35,26.12,81.1,1.42,16.11,Balasore
2022,275,29.72,26.24,86.53,1.68,7.65,Balasore
2022,276,28.89,26.11,89.44,3.5,8.52,Balasore
2022,277,29.72,26.86,90.15,4.72,4.54,Balasore
2022,278,29.88,26.19,88.4,3.97,14.64,Balasore
2022,279,29.47,25.78,88.09,3.63,13.91,Balasore
2022,280,29.57,25.84,86.62,2.62,16.63,Balasore
2022,281,30.02,26.0,83.28,2.2,20.52,Balasore
2022,282,29.42,25.61,87.23,2.36,16.52,Balasore
2022,283,29.26,25.71,86.37,2.24,17.41,Balasore
2022,284,29.92,25.08,87.29,3.42,18.07,Balasore
2022,285,29.69,25.18,86.3,2.46,15.65,Balasore
2022,286,30.25,24.81,84.48,1.72,15.9,Balasore
2022,287,29.66,25.73,82.98,1.7,14.94,Balasore
2022,288,30.49,25.52,80.69,1.36,14.52,Balasore
2022,289,30.17,25.0,82.92,2.22,17.63,Balasore
2022,290,29.99,24.57,82.06,2.42,19.32,Balasore
2022,291,29.55,24.67,81.64,2.19,15.27,Balasore
2022,292,29.16,24.25,81.67,2.3,13.4,Balasore
2022,293,28.7,23.2,84.57,4.09,16.43,Balasore
2022,294,28.61,21.35,80.18,4.0,18.52,Balasore
2022,295,29.41,21.24,83.21,4.26,19.65,Balasore
2022,296,28.89,22.28,85.64,5.02,14.62,Balasore
2022,297,27.54,23.2,89.77,5.99,7.81,Balasore
2022,298,30.34,22.16,81.59,2.16,19.1,Balasore
2022,299,29.41,22.21,75.01,1.44,18.08,Balasore
2022,300,29.3,22.0,66.52,1.57,18.06,Balasore
2022,301,28.52,21.13,67.17,2.0,18.05,Balasore
2022,302,27.64,19.68,70.72,2.85,19.16,Balasore
2022,303,28.04,18.69,73.49,2.53,19.2,Balasore
2022,304,28.46,20.44,76.02,2.25,18.53,Balasore
2022,305,28.29,20.77,79.24,2.56,18.17,Balasore
2022,306,28.62,21.6,79.78,2.86,16.62,Balasore
2022,307,27.43,20.59,73.16,2.42,16.69,Balasore
2022,308,28.54,19.65,65.54,1.69,17.74,Balasore
2022,309,28.66,20.83,67.37,1.33,16.58,Balasore
2022,310,27.99,20.6,73.26,1.37,15.06,Balasore
2022,311,27.66,20.21,74.96,1.58,12.5,Balasore
2022,312,27.5,20.49,71.82,1.45,11.74,Balasore
2022,313,27.6,20.18,70.34,1.82,15.02,Balasore
2022,314,27.64,19.93,74.47,2.42,14.71,Balasore
2022,315,27.32,19.14,74.76,2.77,15.3,Balasore
2022,316,27.45,18.91,78.14,2.97,15.41,Balasore
2022,317,26.08,17.52,72.28,2.86,16.82,Balasore
2022,318,25.86,16.66,66.59,2.86,17.1,Balasore
2022,319,26.07,16.29,66.48,2.72,16.98,Balasore
2022,320,26.07,16.39,74.12,2.85,16.06,Balasore
2022,321,26.87,16.6,77.71,3.39,16.56,Balasore
2022,322,25.94,16.76,78.44,4.14,15.33,Balasore
2022,323,25.19,15.42,73.88,4.32,14.51,Balasore
2022,324,26.48,15.37,72.09,3.62,15.53,Balasore
2022,325,26.77,16.74,71.94,3.55,15.13,Balasore
2022,326,26.57,15.95,72.16,3.15,15.37,Balasore
2022,327,25.66,15.85,75.78,2.95,15.43,Balasore
2022,328,26.22,15.15,71.7,3.03,15.78,Balasore
2022,329,25.51,14.52,72.87,3.8,15.59,Balasore
2022,330,25.77,14.46,64.25,2.75,16.03,Balasore
2022,331,25.43,15.29,64.15,1.96,15.0,Balasore
2022,332,25.22,15.2,76.55,3.03,14.69,Balasore
2022,333,26.55,16.27,76.32,3.37,14.08,Balasore
2022,334,27.06,18.0,74.53,3.38,13.55,Balasore
2022,335,27.01,17.2,72.57,3.31,13.74,Balasore
2022,336,26.23,16.12,72.35,3.32,12.29,Balasore
2022,337,25.46,15.1,70.56,3.18,13.33,Balasore
2022,338,25.9,15.38,74.18,3.13,13.49,Balasore
2022,339,25.59,14.9,74.12,3.56,14.29,Balasore
2022,340,25.02,14.53,74.16,3.76,13.74,Balasore
2022,341,24.06,13.49,71.12,3.47,12.67,Balasore
2022,342,23.86,12.84,73.44,4.04,13.08,Balasore
2022,343,23.99,12.76,73.56,3.24,13.98,Balasore
2022,344,25.16,14.8,69.54,3.13,7.43,Balasore
2022,345,26.11,14.42,70.02,2.49,13.45,Balasore
2022,346,26.84,15.62,66.29,2.31,13.8,Balasore
2022,347,28.17,16.22,65.23,1.97,15.3,Balasore
2022,348,27.38,17.11,65.81,2.7,15.84,Balasore
2022,349,26.98,16.84,62.59,2.46,15.8,Balasore
2022,350,26.21,15.55,65.59,2.84,16.17,Balasore
2022,351,25.55,13.35,65.36,3.22,15.5,Balasore
2022,352,24.72,12.33,68.97,3.46,12.59,Balasore
2022,353,24.89,13.55,70.41,2.78,12.34,Balasore
2022,354,25.7,13.77,66.7,2.2,12.47,Balasore
2022,355,25.33,14.03,69.11,2.4,11.32,Balasore
2022,356,24.14,15.32,67.75,1.82,11.65,Balasore
2022,357,26.37,15.41,58.56,2.19,14.43,Balasore
2022,358,27.9,15.67,61.68,1.93,15.17,Balasore
2022,359,29.17,15.41,69.56,2.92,15.77,Balasore
2022,360,29.62,16.13,68.42,2.58,15.29,Balasore
2022,361,29.43,16.61,71.3,2.98,12.9,Balasore
2022,362,26.66,17.08,71.39,3.59,10.46,Balasore
2022,363,25.33,13.8,64.97,2.99,13.24,Balasore
2022,364,26.87,13.06,61.25,2.04,15.29,Balasore
2022,365,26.83,13.9,68.48,1.95,14.29,Balasore
2023,1,26.38,17.12,77.48,1.44,8.79,Balasore
2023,2,24.64,15.2,74.4,3.11,7.15,Balasore
2023,3,24.39,13.7,72.44,3.43,8.58,Balasore
2023,4,23.45,13.01,74.88,3.71,10.42,Balasore
2023,5,23.34,12.74,74.21,4.12,10.97,Balasore
2023,6,25.21,11.42,59.3,4.34,15.91,Balasore
2023,7,24.29,10.08,59.31,4.02,16.48,Balasore
2023,8,24.66,10.12,60.96,3.97,15.73,Balasore
2023,9,25.4,11.36,63.55,3.79,16.22,Balasore
2023,10,26.52,11.92,56.44,3.08,16.01,Balasore
2023,11,25.78,12.22,59.9,3.07,15.86,Balasore
2023,12,26.74,11.64,62.98,2.46,15.26,Balasore
2023,13,28.04,14.14,64.17,2.41,14.02,Balasore
2023,14,29.03,14.25,59.82,2.18,13.82,Balasore
2023,15,26.58,15.28,70.49,2.74,13.0,Balasore
2023,16,25.14,14.39,74.64,2.83,11.58,Balasore
2023,17,25.24,14.2,78.26,2.41,9.4,Balasore
2023,18,24.38,15.63,79.15,2.21,6.63,Balasore
2023,19,25.2,14.45,77.7,2.92,8.72,Balasore
2023,20,25.72,13.53,75.03,2.09,11.12,Balasore
2023,21,28.47,14.98,67.86,2.11,12.21,Balasore
2023,22,28.38,15.64,69.91,2.06,12.5,Balasore
2023,23,30.05,16.09,69.09,2.47,13.64,Balasore
2023,24,29.95,16.55,69.41,2.13,14.01,Balasore
2023,25,29.92,16.74,68.72,2.18,15.27,Balasore
2023,26,31.37,16.7,64.7,2.25,16.18,Balasore
2023,27,29.18,17.89,67.06,2.83,16.13,Balasore
2023,28,28.12,17.56,67.58,3.35,14.98,Balasore
2023,29,28.33,16.46,65.14,3.07,16.45,Balasore
2023,30,28.74,15.34,52.23,2.88,17.49,Balasore
2023,31,29.56,16.16,50.59,3.14,12.41,Balasore
2023,32,29.54,17.82,59.46,3.58,15.83,Balasore
2023,33,28.61,14.31,49.15,3.87,20.0,Balasore
2023,34,29.05,13.15,45.56,3.47,20.26,Balasore
2023,35,28.97,13.21,47.31,2.8,19.99,Balasore
2023,36,29.47,14.34,56.69,2.78,20.42,Balasore
2023,37,29.88,15.48,65.29,2.6,19.89,Balasore
2023,38,31.71,16.41,58.48,2.28,19.69,Balasore
2023,39,32.65,16.76,48.04,2.59,18.21,Balasore
2023,40,30.22,16.81,65.2,2.46,18.49,Balasore
2023,41,30.81,18.82,69.66,2.03,18.79,Balasore
2023,42,34.99,18.19,61.96,2.93,20.21,Balasore
2023,43,33.51,16.98,46.0,3.1,21.17,Balasore
2023,44,32.34,15.87,33.23,2.68,22.5,Balasore
2023,45,30.38,15.73,50.53,1.85,21.13,Balasore
2023,46,30.24,16.91,58.97,2.06,20.48,Balasore
2023,47,29.37,19.16,70.54,2.68,15.58,Balasore
2023,48,28.75,20.64,70.99,2.1,9.2,Balasore
2023,49,28.87,20.47,73.81,2.41,11.55,Balasore
2023,50,31.24,19.79,66.51,2.48,14.69,Balasore
2023,51,33.14,19.88,67.21,2.89,16.45,Balasore
2023,52,35.35,20.75,65.7,2.65,19.22,Balasore
2023,53,35.96,19.91,58.86,3.54,20.56,Balasore
2023,54,35.17,18.78,49.7,3.44,19.79,Balasore
2023,55,35.46,20.08,60.12,2.8,19.02,Balasore
2023,56,33.39,21.3,64.16,2.17,19.14,Balasore
2023,57,32.27,21.14,63.66,2.76,17.08,Balasore
2023,58,33.86,20.67,58.34,2.84,18.94,Balasore
2023,59,33.65,21.32,59.49,2.98,19.27,Balasore
2023,60,34.2,21.17,54.81,2.87,18.73,Balasore
2023,61,35.12,21.1,50.2,2.53,18.49,Balasore
2023,62,36.44,21.41,48.58,2.27,20.84,Balasore
2023,63,36.48,20.73,47.75,2.94,22.16,Balasore
2023,64,36.48,21.53,42.41,2.98,22.12,Balasore
2023,65,35.28,21.34,43.45,3.06,20.23,Balasore
2023,66,35.16,21.5,47.32,2.97,19.19,Balasore
2023,67,34.72,22.58,50.28,2.29,17.16,Balasore
2023,68,32.31,23.36,44.25,2.57,16.23,Balasore
2023,69,34.25,23.91,44.86,2.65,12.75,Balasore
2023,70,35.45,22.36,50.35,2.68,15.0,Balasore
2023,71,36.23,21.74,51.57,2.28,17.35,Balasore
2023,72,36.03,22.63,50.54,2.95,18.05,Balasore
2023,73,35.49,22.9,55.48,4.42,13.61,Balasore
2023,74,35.98,22.66,52.9,3.83,13.91,Balasore
2023,75,33.34,23.74,64.98,5.11,8.85,Balasore
2023,76,32.26,22.18,62.96,2.13,8.13,Balasore
2023,77,30.97,22.9,70.14,2.66,13.23,Balasore
2023,78,25.38,22.05,82.13,4.04,10.2,Balasore
2023,79,31.34,19.34,66.79,4.94,22.7,Balasore
2023,80,32.51,21.02,67.8,2.78,16.39,Balasore
2023,81,32.43,20.8,61.51,2.32,17.19,Balasore
2023,82,33.08,20.94,60.18,2.56,18.54,Balasore
2023,83,33.95,21.8,65.95,2.23,16.45,Balasore
2023,84,34.93,23.01,68.96,2.94,16.74,Balasore
2023,85,35.78,23.2,65.56,3.72,16.65,Balasore
2023,86,35.54,22.73,65.56,2.8,16.46,Balasore
2023,87,35.84,22.55,62.83,2.76,19.39,Balasore
2023,88,34.33,23.92,68.77,3.89,17.68,Balasore
2023,89,35.47,24.04,69.9,4.0,17.32,Balasore
2023,90,33.49,23.85,75.19,3.63,15.55,Balasore
2023,91,32.02,23.45,76.64,3.25,17.86,Balasore
2023,92,33.84,22.07,65.45,3.2,19.84,Balasore
2023,93,35.3,20.96,55.72,3.14,21.8,Balasore
2023,94,35.67,21.61,58.17,3.91,19.52,Balasore
2023,95,36.72,23.72,57.71,3.34,22.69,Balasore
2023,96,35.93,23.29,55.57,2.7,21.66,Balasore
2023,97,36.97,23.85,54.99,2.41,22.81,Balasore
2023,98,36.98,23.48,57.11,2.59,18.25,Balasore
2023,99,37.35,23.75,52.88,2.4,22.03,Balasore
2023,100,37.39,24.13,53.81,2.5,23.26,Balasore
2023,101,37.97,24.35,50.68,2.69,25.42,Balasore
2023,102,39.34,23.08,42.96,2.54,27.09,Balasore
2023,103,40.09,23.29,43.77,2.96,25.77,Balasore
2023,104,40.86,24.44,48.5,2.85,22.72,Balasore
2023,105,39.31,25.73,58.02,2.65,18.44,Balasore
2023,106,38.79,26.49,59.05,2.51,18.62,Balasore
2023,107,40.22,26.95,58.14,3.51,20.89,Balasore
2023,108,40.62,26.37,61.05,3.23,20.78,Balasore
2023,109,42.3,26.84,54.58,3.72,23.07,Balasore
2023,110,42.78,27.1,40.78,3.66,22.38,Balasore
2023,111,40.23,28.05,35.83,4.72,8.13,Balasore
2023,112,39.73,26.1,45.67,3.64,16.15,Balasore
2023,113,35.67,25.18,53.67,3.82,17.12,Balasore
2023,114,35.08,24.7,63.8,3.8,19.37,Balasore
2023,115,35.07,25.25,63.02,2.06,17.51,Balasore
2023,116,37.6,24.29,59.47,2.98,22.14,Balasore
2023,117,37.78,25.36,60.8,3.52,22.42,Balasore
2023,118,37.15,25.42,65.37,2.88,16.95,Balasore
2023,119,37.68,24.67,56.87,2.74,17.77,Balasore
2023,120,37.73,25.51,57.01,2.14,18.51,Balasore
2023,121,32.92,24.45,65.89,2.57,9.78,Balasore
2023,122,35.52,24.47,58.84,3.72,25.38,Balasore
2023,123,35.05,25.39,67.35,4.05,15.49,Balasore
2023,124,34.84,25.09,64.15,4.5,20.06,Balasore
2023,125,36.29,25.48,66.47,3.35,19.62,Balasore
2023,126,37.74,25.83,64.93,3.23,16.19,Balasore
2023,127,38.07,26.11,63.17,3.09,25.23,Balasore
2023,128,40.05,26.32,61.63,3.31,20.36,Balasore
2023,129,39.94,27.09,55.84,3.21,19.66,Balasore
2023,130,40.69,27.36,58.67,4.0,19.49,Balasore
2023,131,38.45,27.13,64.67,3.75,22.74,Balasore
2023,132,35.21,26.31,67.72,2.94,17.86,Balasore
2023,133,35.52,26.38,69.93,3.77,18.46,Balasore
2023,134,38.89,26.48,57.89,3.61,22.0,Balasore
2023,135,38.64,26.39,66.71,4.15,18.39,Balasore
2023,136,39.4,27.84,67.21,4.27,22.06,Balasore
2023,137,39.86,28.0,64.93,5.68,24.37,Balasore
2023,138,38.8,27.93,68.59,5.25,23.49,Balasore
2023,139,38.0,27.74,69.61,5.32,21.57,Balasore
2023,140,38.51,27.27,65.2,4.49,24.74,Balasore
2023,141,38.82,27.17,67.0,5.05,20.68,Balasore
2023,142,38.23,27.19,68.17,5.68,24.83,Balasore
2023,143,40.46,27.74,63.1,4.32,24.38,Balasore
2023,144,40.76,26.5,64.02,3.57,22.86,Balasore
2023,145,38.08,27.76,70.37,4.2,21.29,Balasore
2023,146,37.79,27.09,68.23,4.02,20.96,Balasore
2023,147,38.14,27.48,68.83,2.68,23.48,Balasore
2023,148,36.66,26.78,65.7,2.56,26.44,Balasore
2023,149,38.39,26.46,62.52,2.91,24.1,Balasore
2023,150,38.49,26.89,62.9,3.32,20.2,Balasore
2023,151,38.16,27.94,64.1,2.52,18.93,Balasore
2023,152,39.72,27.98,60.78,3.36,20.92,Balasore
2023,153,39.44,28.2,62.57,3.56,20.4,Balasore
2023,154,38.11,27.6,66.1,4.21,22.21,Balasore
2023,155,38.0,28.29,66.08,3.82,23.4,Balasore
2023,156,38.31,28.19,62.06,3.19,22.79,Balasore
2023,157,40.88,28.38,56.17,2.77,18.15,Balasore
2023,158,39.39,28.91,56.73,3.23,20.28,Balasore
2023,159,40.02,29.06,56.57,3.18,21.19,Balasore
2023,160,38.0,29.31,61.72,4.66,21.1,Balasore
2023,161,38.7,28.99,62.42,4.8,18.6,Balasore
2023,162,40.96,28.94,60.84,4.65,23.49,Balasore
2023,163,38.28,28.99,66.08,4.41,20.43,Balasore
2023,164,40.32,27.66,67.68,4.66,19.62,Balasore
2023,165,38.37,27.97,68.46,5.41,20.15,Balasore
2023,166,42.8,28.29,60.35,5.48,22.82,Balasore
2023,167,39.65,29.12,64.87,4.97,20.27,Balasore
2023,168,36.39,29.54,71.57,4.61,18.76,Balasore
2023,169,35.64,29.01,72.17,5.23,20.91,Balasore
2023,170,32.88,27.98,78.94,4.4,14.83,Balasore
2023,171,32.44,28.28,76.11,4.07,23.24,Balasore
2023,172,32.84,28.27,79.94,4.47,16.48,Balasore
2023,173,34.34,27.66,74.6,4.36,12.07,Balasore
2023,174,33.14,27.09,79.47,2.95,20.25,Balasore
2023,175,31.72,27.3,82.85,3.03,8.61,Balasore
2023,176,31.88,26.66,81.29,5.54,10.02,Balasore
2023,177,30.78,26.99,83.38,4.91,6.82,Balasore
2023,178,31.06,26.45,82.97,5.84,8.46,Balasore
2023,179,32.45,26.99,83.14,6.36,12.54,Balasore
2023,180,31.16,27.04,87.43,4.79,15.33,Balasore
2023,181,31.3,27.39,86.72,4.13,20.65,Balasore
2023,182,33.18,27.08,79.84,3.04,19.31,Balasore
2023,183,32.84,27.24,84.04,3.73,17.71,Balasore
2023,184,31.18,27.34,86.54,2.52,17.57,Balasore
2023,185,32.25,27.29,83.38,2.77,21.73,Balasore
2023,186,31.78,27.39,82.68,2.35,15.16,Balasore
2023,187,31.42,27.12,87.15,5.7,17.1,Balasore
2023,188,31.36,26.82,86.61,4.7,17.91,Balasore
2023,189,32.73,26.68,83.13,3.72,8.38,Balasore
2023,190,33.11,26.6,81.76,3.93,18.69,Balasore
2023,191,32.87,26.83,82.9,3.99,19.97,Balasore
2023,192,33.07,26.87,81.04,4.64,15.51,Balasore
2023,193,32.38,26.0,82.54,3.85,19.55,Balasore
2023,194,32.76,26.46,82.32,3.51,18.19,Balasore
2023,195,32.03,26.63,85.19,3.93,14.05,Balasore
2023,196,30.83,26.39,85.42,2.93,3.27,Balasore
2023,197,32.62,26.33,84.52,4.01,11.9,Balasore
2023,198,31.52,26.67,85.69,3.49,16.16,Balasore
2023,199,30.92,26.54,85.05,3.26,13.59,Balasore
2023,200,31.27,26.67,85.7,4.5,16.66,Balasore
2023,201,31.81,26.94,86.15,4.86,16.44,Balasore
2023,202,30.95,27.43,87.54,4.33,13.81,Balasore
2023,203,30.43,27.41,88.3,4.54,11.98,Balasore
2023,204,31.49,27.78,87.14,5.61,18.54,Balasore
2023,205,31.29,27.2,86.95,4.93,18.37,Balasore
2023,206,31.68,27.26,86.1,5.94,15.63,Balasore
2023,207,31.59,27.87,86.27,6.7,16.2,Balasore
2023,208,32.0,27.47,86.27,5.73,15.22,Balasore
2023,209,32.54,27.08,87.61,4.5,11.69,Balasore
2023,210,32.35,27.98,86.0,2.43,9.59,Balasore
2023,211,32.89,27.92,84.93,1.62,16.0,Balasore
2023,212,31.21,27.78,87.54,2.44,11.84,Balasore
2023,213,30.56,27.87,90.68,3.11,9.86,Balasore
2023,214,30.55,26.34,89.73,7.15,5.7,Balasore
2023,215,32.17,26.06,87.28,7.47,14.82,Balasore
2023,216,29.56,26.47,88.03,5.1,10.7,Balasore
2023,217,32.38,26.08,85.67,5.15,8.91,Balasore
2023,218,32.58,26.34,86.27,6.33,6.81,Balasore
2023,219,29.91,26.34,90.02,5.72,8.48,Balasore
2023,220,30.51,25.91,86.47,4.49,12.53,Balasore
2023,221,32.51,25.67,82.0,3.42,18.7,Balasore
2023,222,32.19,25.92,82.99,2.62,17.9,Balasore
2023,223,32.08,25.76,84.43,3.16,16.81,Balasore
2023,224,30.25,25.98,89.19,3.31,12.24,Balasore
2023,225,29.66,26.27,90.11,3.21,10.11,Balasore
2023,226,30.84,25.57,86.01,3.58,10.32,Balasore
2023,227,31.9,25.69,84.69,2.94,15.49,Balasore
2023,228,31.86,26.23,86.61,3.0,17.31,Balasore
2023,229,28.86,26.47,92.31,3.85,10.48,Balasore
2023,230,29.96,26.43,89.28,6.33,9.23,Balasore
2023,231,30.85,26.63,88.36,4.95,16.96,Balasore
2023,232,31.01,26.6,87.83,4.68,16.71,Balasore
2023,233,31.64,25.8,87.41,3.85,19.59,Balasore
2023,234,29.87,27.04,91.95,3.61,14.08,Balasore
2023,235,30.33,26.81,89.97,3.05,14.25,Balasore
2023,236,30.44,26.61,89.7,3.64,12.15,Balasore
2023,237,31.05,26.2,87.3,4.57,5.85,Balasore
2023,238,31.4,26.0,88.4,4.59,14.53,Balasore
2023,239,32.29,25.78,85.86,4.01,19.24,Balasore
2023,240,32.34,26.12,82.15,3.37,20.44,Balasore
2023,241,32.33,25.35,82.51,3.26,17.58,Balasore
2023,242,32.22,25.42,77.51,2.4,19.72,Balasore
2023,243,31.96,26.41,80.79,1.83,18.76,Balasore
2023,244,31.75,26.37,84.97,2.49,17.5,Balasore
2023,245,31.7,26.8,86.28,2.63,16.96,Balasore
2023,246,30.44,26.53,88.39,2.08,11.84,Balasore
2023,247,29.3,26.5,87.05,1.98,10.65,Balasore
2023,248,28.73,26.44,92.39,3.01,10.22,Balasore
2023,249,30.18,26.73,90.44,4.6,14.25,Balasore
2023,250,30.2,26.72,88.85,3.42,12.96,Balasore
2023,251,29.7,26.63,90.41,4.02,9.57,Balasore
2023,252,29.93,26.46,89.42,3.38,16.72,Balasore
2023,253,31.45,26.33,87.68,3.39,19.9,Balasore
2023,254,31.24,26.71,87.05,2.3,19.44,Balasore
2023,255,30.46,27.16,84.57,1.28,14.84,Balasore
2023,256,30.61,26.25,89.28,4.6,14.48,Balasore
2023,257,30.36,27.22,91.2,5.24,6.85,Balasore
2023,258,29.72,27.06,89.45,3.13,13.62,Balasore
2023,259,31.03,26.55,84.3,1.76,14.93,Balasore
2023,260,31.58,26.2,84.74,2.26,18.93,Balasore
2023,261,31.7,26.46,83.92,1.87,15.66,Balasore
2023,262,30.67,26.95,87.17,2.02,13.0,Balasore
2023,263,28.96,26.3,90.74,2.56,9.65,Balasore
2023,264,29.89,26.5,90.97,5.15,11.75,Balasore
2023,265,29.17,26.77,92.52,4.77,13.58,Balasore
2023,266,30.49,26.43,89.72,4.08,15.47,Balasore
2023,267,30.67,26.22,88.9,3.09,12.58,Balasore
2023,268,31.15,25.88,85.09,2.29,15.56,Balasore
2023,269,31.09,25.84,85.28,2.05,16.42,Balasore
2023,270,32.15,25.92,83.96,1.88,16.95,Balasore
2023,271,31.74,26.16,82.67,1.87,17.64,Balasore
2023,272,30.82,26.6,86.99,2.27,11.73,Balasore
2023,273,29.22,26.18,90.44,4.24,12.0,Balasore
2023,274,31.24,25.67,90.22,5.77,12.56,Balasore
2023,275,29.63,26.44,90.38,3.59,5.85,Balasore
2023,276,28.61,26.0,92.4,4.78,7.3,Balasore
2023,277,29.78,26.47,92.97,6.99,7.33,Balasore
2023,278,30.74,25.12,87.8,3.9,15.16,Balasore
2023,279,31.94,23.89,86.47,3.09,16.53,Balasore
2023,280,31.88,25.82,86.51,1.87,16.12,Balasore
2023,281,32.15,25.96,86.34,2.86,15.4,Balasore
2023,282,31.77,24.54,80.2,2.28,19.01,Balasore
2023,283,32.27,24.84,78.15,2.21,18.97,Balasore
2023,284,32.17,24.26,75.75,2.07,19.3,Balasore
2023,285,32.45,24.54,67.72,1.66,18.55,Balasore
2023,286,32.02,24.88,65.52,1.63,18.42,Balasore
2023,287,31.54,24.52,70.65,2.06,16.25,Balasore
2023,288,31.09,21.76,70.41,2.55,20.46,Balasore
2023,289,30.94,22.82,72.77,2.26,18.62,Balasore
2023,290,30.66,24.07,73.02,1.51,16.92,Balasore
2023,291,29.56,23.45,81.79,2.71,14.79,Balasore
2023,292,29.15,22.96,81.66,2.85,18.05,Balasore
2023,293,28.99,21.95,79.88,3.01,18.72,Balasore
2023,294,28.53,21.03,78.28,3.42,19.5,Balasore
2023,295,27.89,20.5,79.04,3.45,16.09,Balasore
2023,296,28.33,22.3,86.89,4.04,11.64,Balasore
2023,297,28.86,23.25,88.19,4.74,13.21,Balasore
2023,298,29.61,22.58,80.81,2.31,16.4,Balasore
2023,299,29.19,22.0,74.41,2.02,15.67,Balasore
2023,300,28.21,21.64,72.71,1.84,15.32,Balasore
2023,301,28.17,21.35,74.47,2.29,15.38,Balasore
2023,302,27.69,19.8,70.11,2.65,17.47,Balasore
2023,303,28.07,20.49,71.84,2.27,17.37,Balasore
2023,304,28.08,20.22,74.1,2.49,18.3,Balasore
2023,305,28.19,21.16,78.47,2.84,17.96,Balasore
2023,306,29.23,22.01,78.09,2.03,15.52,Balasore
2023,307,29.17,22.65,77.72,1.57,13.81,Balasore
2023,308,30.02,23.39,78.39,1.31,12.86,Balasore
2023,309,28.96,22.5,82.1,2.52,12.37,Balasore
2023,310,27.96,21.01,74.71,3.13,14.64,Balasore
2023,311,28.01,19.61,65.67,2.23,15.26,Balasore
2023,312,28.23,19.1,65.4,2.21,16.49,Balasore
2023,313,28.06,18.28,62.62,2.17,15.94,Balasore
2023,314,27.61,19.14,71.44,2.39,15.96,Balasore
2023,315,28.3,19.91,70.54,2.06,14.6,Balasore
2023,316,27.9,19.91,78.67,2.86,12.94,Balasore
2023,317,27.42,18.93,81.19,3.67,13.56,Balasore
2023,318,26.99,17.45,73.35,3.36,14.48,Balasore
2023,319,26.35,18.4,76.98,3.59,12.97,Balasore
2023,320,25.09,19.93,86.96,5.24,9.4,Balasore
2023,321,27.52,21.61,88.14,6.13,11.33,Balasore
2023,322,28.07,20.48,83.85,2.65,14.01,Balasore
2023,323,27.65,19.85,82.6,3.28,16.98,Balasore
2023,324,26.99,18.55,80.63,3.28,14.33,Balasore
2023,325,27.22,19.21,75.61,2.57,13.85,Balasore
2023,326,26.48,18.39,73.82,2.73,13.79,Balasore
2023,327,25.92,17.09,72.24,2.77,13.86,Balasore
2023,328,26.41,16.61,72.41,2.94,13.46,Balasore
2023,329,26.0,16.78,74.18,3.2,12.97,Balasore
2023,330,26.33,16.47,76.84,3.56,15.15,Balasore
2023,331,25.2,17.69,83.49,2.78,11.65,Balasore
2023,332,27.7,16.91,70.41,1.68,14.26,Balasore
2023,333,28.09,18.45,69.22,2.27,12.74,Balasore
2023,334,27.81,18.19,79.55,3.42,14.29,Balasore
2023,335,28.31,18.77,83.26,3.64,15.3,Balasore
2023,336,27.85,18.73,80.85,3.52,13.02,Balasore
2023,337,28.26,19.45,79.63,3.55,11.51,Balasore
2023,338,27.42,19.43,80.81,3.49,8.95,Balasore
2023,339,25.82,20.68,81.27,2.95,8.97,Balasore
2023,340,23.28,19.86,90.38,4.45,4.55,Balasore
2023,341,25.22,19.71,89.72,3.46,3.5,Balasore
2023,342,25.73,18.74,86.1,3.49,6.95,Balasore
2023,343,25.76,16.79,79.61,3.11,14.37,Balasore
2023,344,25.11,15.05,72.29,2.75,14.92,Balasore
2023,345,24.63,13.28,68.2,3.36,16.46,Balasore
2023,346,24.42,12.44,65.49,2.78,15.93,Balasore
2023,347,25.33,13.81,60.48,1.7,14.63,Balasore
2023,348,24.05,14.08,67.01,2.62,13.76,Balasore
2023,349,23.46,12.36,65.89,3.27,14.99,Balasore
2023,350,23.86,11.27,66.76,3.05,15.69,Balasore
2023,351,23.83,11.83,65.6,3.21,15.93,Balasore
2023,352,23.68,12.17,67.23,3.11,13.57,Balasore
2023,353,23.89,12.66,65.79,3.42,14.84,Balasore
2023,354,23.04,12.43,67.29,3.82,14.5,Balasore
2023,355,23.98,11.99,68.92,2.84,13.35,Balasore
2023,356,24.51,13.72,75.02,2.63,13.58,Balasore
2023,357,25.08,14.95,77.91,3.01,9.55,Balasore
2023,358,25.59,14.36,79.25,2.44,15.2,Balasore
2023,359,25.66,14.75,77.34,2.7,14.52,Balasore
2023,360,25.67,14.9,78.53,2.37,12.47,Balasore
2023,361,25.86,15.15,76.0,1.98,11.35,Balasore
2023,362,25.66,14.99,74.38,1.76,10.07,Balasore
2023,363,25.08,14.65,75.98,2.96,12.39,Balasore
2023,364,25.01,14.28,73.49,3.39,12.67,Balasore
2023,365,24.18,13.79,72.49,3.38,10.86,Balasore
2024,1,24.95,13.29,73.61,2.81,11.35,Balasore
2024,2,24.41,12.91,74.83,3.4,13.57,Balasore
2024,3,24.34,12.28,71.86,3.79,14.76,Balasore
2024,4,24.65,13.59,75.31,2.9,13.26,Balasore
2024,5,25.21,15.0,79.88,2.95,10.89,Balasore
2024,6,25.84,15.07,78.97,2.67,9.9,Balasore
2024,7,25.02,15.11,79.76,3.01,10.98,Balasore
2024,8,25.85,14.73,77.34,3.4,11.27,Balasore
2024,9,25.48,13.95,74.84,3.52,13.42,Balasore
2024,10,26.65,14.46,68.79,2.71,13.45,Balasore
2024,11,25.43,15.59,78.16,3.04,11.21,Balasore
2024,12,25.52,12.67,67.48,3.71,16.59,Balasore
2024,13,25.03,10.82,62.65,3.22,16.47,Balasore
2024,14,26.16,11.23,58.68,2.42,15.68,Balasore
2024,15,25.58,10.78,64.86,2.59,13.24,Balasore
2024,16,23.5,11.96,69.29,2.62,11.68,Balasore
2024,17,23.92,12.96,76.38,2.28,6.21,Balasore
2024,18,23.48,16.15,89.32,2.03,5.48,Balasore
2024,19,23.42,15.86,83.53,3.61,5.53,Balasore
2024,20,24.46,12.82,76.14,2.55,11.03,Balasore
2024,21,23.81,16.17,78.33,1.53,3.99,Balasore
2024,22,24.4,11.62,64.09,3.74,15.13,Balasore
2024,23,25.12,11.15,64.82,2.62,10.29,Balasore
2024,24,18.13,14.26,83.57,2.47,2.13,Balasore
2024,25,22.31,12.87,79.11,3.24,10.29,Balasore
2024,26,23.84,10.45,61.47,3.48,15.58,Balasore
2024,27,24.54,11.56,58.61,2.57,14.43,Balasore
2024,28,24.84,10.87,59.51,2.25,15.76,Balasore
2024,29,26.55,12.23,63.52,1.98,14.3,Balasore
2024,30,27.44,13.43,64.38,2.85,12.9,Balasore
2024,31,27.67,14.9,66.19,2.54,10.72,Balasore
2024,32,27.47,16.4,70.48,2.31,7.77,Balasore
2024,33,27.32,17.44,73.31,2.48,9.76,Balasore
2024,34,28.32,15.01,62.46,2.67,17.02,Balasore
2024,35,29.52,14.26,56.43,2.06,19.21,Balasore
2024,36,29.93,15.33,67.44,2.01,17.14,Balasore
2024,37,31.48,17.49,72.45,2.82,13.74,Balasore
2024,38,28.44,17.91,72.61,2.94,12.01,Balasore
2024,39,28.44,14.89,54.32,2.76,15.19,Balasore
2024,40,25.89,12.5,53.97,3.34,19.72,Balasore
2024,41,26.67,11.45,53.12,3.13,19.94,Balasore
2024,42,28.11,13.83,50.13,2.54,17.19,Balasore
2024,43,30.75,16.56,57.35,2.05,15.04,Balasore
2024,44,29.97,19.31,61.48,1.85,11.75,Balasore
2024,45,30.56,18.21,63.36,2.27,15.33,Balasore
2024,46,31.47,18.36,64.54,1.92,16.09,Balasore
2024,47,30.16,17.64,68.76,2.39,14.75,Balasore
2024,48,30.66,17.05,61.92,1.64,14.65,Balasore
2024,49,31.06,17.4,64.98,1.46,15.94,Balasore
2024,50,30.69,17.58,65.97,1.59,13.39,Balasore
2024,51,33.03,19.27,58.37,2.21,16.38,Balasore
2024,52,33.81,19.48,55.57,3.05,15.48,Balasore
2024,53,33.91,20.8,60.22,3.85,14.76,Balasore
2024,54,30.44,19.34,64.44,2.94,17.28,Balasore
2024,55,29.71,18.55,62.71,2.99,12.08,Balasore
2024,56,29.17,18.95,66.48,3.04,8.41,Balasore
2024,57,29.4,17.83,65.14,3.1,13.73,Balasore
2024,58,30.97,19.14,61.01,2.48,17.29,Balasore
2024,59,32.4,19.44,60.45,2.03,16.61,Balasore
2024,60,31.42,19.47,63.25,2.68,18.17,Balasore
2024,61,31.86,18.17,60.62,2.58,20.14,Balasore
2024,62,32.87,19.09,70.66,2.24,19.4,Balasore
2024,63,33.6,20.99,69.06,2.18,14.19,Balasore
2024,64,34.09,21.2,68.46,3.17,13.44,Balasore
2024,65,33.55,20.91,62.12,2.36,17.91,Balasore
2024,66,33.97,20.02,52.78,2.86,20.14,Balasore
2024,67,33.99,19.29,59.68,2.01,8.02,Balasore
2024,68,31.74,20.91,55.76,2.44,17.61,Balasore
2024,69,31.9,19.04,49.18,2.68,23.21,Balasore
2024,70,32.57,18.67,54.34,1.9,22.01,Balasore
2024,71,34.16,19.5,52.61,1.64,20.59,Balasore
2024,72,36.8,21.48,58.71,2.8,17.68,Balasore
2024,73,35.77,23.95,69.18,2.56,15.85,Balasore
2024,74,35.17,23.97,72.66,2.99,16.95,Balasore
2024,75,34.54,22.7,71.01,2.88,18.61,Balasore
2024,76,34.46,22.79,70.6,2.46,14.25,Balasore
2024,77,35.37,23.39,67.59,1.45,15.3,Balasore
2024,78,35.07,23.86,61.92,2.02,10.55,Balasore
2024,79,33.38,23.55,68.6,2.02,7.46,Balasore
2024,80,26.2,20.72,72.92,3.41,4.86,Balasore
2024,81,31.63,18.34,53.55,2.07,19.5,Balasore
2024,82,32.94,19.87,61.44,2.57,21.04,Balasore
2024,83,35.5,21.48,64.86,2.45,23.9,Balasore
2024,84,36.26,21.74,63.51,3.41,21.82,Balasore
2024,85,36.27,21.94,59.98,3.65,18.83,Balasore
2024,86,36.16,22.4,66.54,3.35,21.27,Balasore
2024,87,37.02,22.45,57.77,2.19,20.51,Balasore
2024,88,38.0,22.39,54.39,2.15,20.4,Balasore
2024,89,39.36,23.57,57.3,2.33,20.1,Balasore
2024,90,39.05,24.26,57.29,3.42,20.57,Balasore
2024,91,39.27,24.83,57.18,3.14,18.35,Balasore
2024,92,39.52,24.99,48.26,3.45,22.85,Balasore
2024,93,38.94,25.06,55.97,2.61,22.98,Balasore
2024,94,38.98,25.21,65.02,2.44,22.64,Balasore
2024,95,39.59,24.54,58.75,3.28,20.11,Balasore
2024,96,40.59,25.21,58.5,3.29,21.46,Balasore
2024,97,40.84,24.94,50.71,3.4,23.13,Balasore
2024,98,37.93,26.01,66.21,2.84,12.7,Balasore
2024,99,36.45,25.4,51.94,4.24,11.62,Balasore
2024,100,37.61,23.31,48.16,2.69,16.67,Balasore
2024,101,37.51,23.67,48.78,3.04,14.45,Balasore
2024,102,37.97,24.98,47.06,2.46,4.8,Balasore
2024,103,36.65,25.07,47.77,2.66,14.15,Balasore
2024,104,37.49,24.35,45.59,2.92,22.9,Balasore
2024,105,39.32,26.13,42.09,3.31,19.11,Balasore
2024,106,40.22,26.53,49.26,3.63,20.91,Balasore
2024,107,42.42,27.08,50.54,3.76,19.62,Balasore
2024,108,42.86,28.21,46.18,3.52,21.53,Balasore
2024,109,42.92,28.02,43.41,2.92,26.56,Balasore
2024,110,42.59,27.07,44.33,3.8,26.0,Balasore
2024,111,44.81,27.34,36.35,3.84,22.71,Balasore
2024,112,43.73,29.63,34.38,3.5,21.72,Balasore
2024,113,42.49,29.59,34.34,3.1,19.94,Balasore
2024,114,42.96,28.74,38.36,3.66,18.24,Balasore
2024,115,42.25,27.98,35.55,3.65,20.69,Balasore
2024,116,43.08,27.5,34.26,3.57,23.17,Balasore
2024,117,43.19,27.55,45.57,3.73,19.95,Balasore
2024,118,44.57,28.09,44.1,3.85,22.96,Balasore
2024,119,42.9,28.89,44.67,3.95,20.52,Balasore
2024,120,43.01,28.88,39.43,3.9,23.25,Balasore
2024,121,44.56,29.2,36.83,4.55,23.0,Balasore
2024,122,43.63,29.03,41.76,3.7,20.19,Balasore
2024,123,43.52,29.03,44.01,3.89,25.11,Balasore
2024,124,41.57,27.22,33.26,3.93,26.65,Balasore
2024,125,39.29,27.03,57.59,4.52,23.94,Balasore
2024,126,41.63,26.99,55.8,5.76,23.38,Balasore
2024,127,40.76,27.59,64.75,6.28,15.21,Balasore
2024,128,36.92,27.44,67.28,4.07,12.94,Balasore
2024,129,34.8,26.75,71.72,3.35,16.55,Balasore
2024,130,34.73,25.79,72.76,3.11,18.74,Balasore
2024,131,34.7,25.92,75.07,3.81,16.25,Balasore
2024,132,35.18,25.99,77.0,4.19,19.7,Balasore
2024,133,35.14,26.61,76.13,3.12,22.66,Balasore
2024,134,34.67,26.51,74.39,2.84,21.38,Balasore
2024,135,34.04,26.11,73.12,2.62,20.47,Balasore
2024,136,35.03,26.41,73.29,3.25,23.31,Balasore
2024,137,35.5,26.82,65.85,3.72,17.04,Balasore
2024,138,38.44,26.45,64.43,3.42,21.85,Balasore
2024,139,37.99,27.03,63.78,4.0,18.7,Balasore
2024,140,37.46,27.14,67.5,3.91,18.3,Balasore
2024,141,37.09,27.38,73.03,3.9,22.52,Balasore
2024,142,36.21,27.01,74.67,3.45,21.85,Balasore
2024,143,35.62,26.97,73.18,3.53,22.66,Balasore
2024,144,34.47,27.17,74.5,2.7,23.73,Balasore
2024,145,33.48,26.73,79.3,3.48,22.16,Balasore
2024,146,34.14,27.12,78.88,3.39,23.37,Balasore
2024,147,32.02,27.48,82.89,6.83,5.97,Balasore
2024,148,34.83,27.91,79.92,5.95,15.62,Balasore
2024,149,34.97,28.31,83.68,4.1,19.02,Balasore
2024,150,35.13,28.86,86.09,5.5,23.43,Balasore
2024,151,34.71,28.59,84.4,5.9,20.98,Balasore
2024,152,33.76,28.34,86.05,5.09,8.77,Balasore
2024,153,32.24,28.11,86.65,4.73,20.81,Balasore
2024,154,32.96,27.84,85.23,5.01,15.22,Balasore
2024,155,34.89,27.04,81.64,4.37,20.34,Balasore
2024,156,35.12,26.91,80.08,4.33,23.37,Balasore
2024,157,35.03,27.6,79.34,3.63,22.92,Balasore
2024,158,35.03,27.68,81.06,3.47,18.43,Balasore
2024,159,35.95,27.12,79.63,4.68,19.3,Balasore
2024,160,36.03,27.47,78.49,5.61,23.33,Balasore
2024,161,33.28,27.68,80.13,3.84,21.92,Balasore
2024,162,34.85,27.74,79.63,4.63,22.79,Balasore
2024,163,33.94,27.82,82.96,5.59,18.04,Balasore
2024,164,35.86,27.0,78.04,5.29,21.66,Balasore
2024,165,36.46,27.43,78.26,5.33,21.05,Balasore
2024,166,35.41,28.08,77.08,6.29,20.43,Balasore
2024,167,32.5,27.41,84.98,5.55,20.19,Balasore
2024,168,34.61,26.6,75.93,4.34,18.84,Balasore
2024,169,32.62,27.55,80.38,4.33,20.39,Balasore
2024,170,32.61,27.87,84.5,5.52,15.65,Balasore
2024,171,32.58,28.21,83.92,4.22,17.91,Balasore
2024,172,33.72,27.97,84.28,3.29,14.58,Balasore
2024,173,32.19,27.11,83.24,3.11,13.43,Balasore
2024,174,31.95,26.62,82.94,3.09,19.88,Balasore
2024,175,32.83,26.82,81.25,3.19,20.94,Balasore
2024,176,32.71,26.83,81.92,4.15,20.06,Balasore
2024,177,34.18,27.14,80.08,3.79,17.31,Balasore
2024,178,32.14,27.64,82.93,3.06,21.46,Balasore
2024,179,31.84,27.46,84.73,3.21,14.31,Balasore
2024,180,33.79,27.37,80.85,2.71,16.84,Balasore
2024,181,30.55,27.21,88.4,5.01,11.12,Balasore
2024,182,32.86,27.47,85.24,5.32,10.21,Balasore
2024,183,32.97,27.21,83.17,5.93,10.62,Balasore
2024,184,31.39,26.25,84.91,5.83,6.19,Balasore
2024,185,32.43,26.49,85.07,4.69,6.95,Balasore
2024,186,31.16,27.09,87.4,5.24,9.02,Balasore
2024,187,32.83,27.29,84.16,4.71,15.48,Balasore
2024,188,31.88,27.27,87.62,3.49,12.92,Balasore
2024,189,31.76,26.66,83.42,2.47,19.5,Balasore
2024,190,31.73,27.09,81.67,2.12,19.31,Balasore
2024,191,31.72,27.0,83.12,2.75,17.7,Balasore
2024,192,32.68,26.89,83.22,4.98,19.93,Balasore
2024,193,33.08,27.2,84.58,5.09,17.34,Balasore
2024,194,31.65,27.08,86.82,4.42,6.64,Balasore
2024,195,33.08,26.6,83.69,3.92,14.75,Balasore
2024,196,32.28,27.19,85.93,3.69,16.63,Balasore
2024,197,31.88,27.26,85.37,5.53,16.28,Balasore
2024,198,30.16,26.85,85.81,2.97,17.57,Balasore
2024,199,31.68,27.1,83.81,2.94,18.9,Balasore
2024,200,32.13,27.4,84.36,4.47,16.85,Balasore
2024,201,31.75,27.53,88.31,5.74,14.46,Balasore
2024,202,32.01,27.17,85.8,6.11,15.04,Balasore
2024,203,32.73,27.18,85.75,4.42,14.56,Balasore
2024,204,31.71,27.18,87.15,6.08,11.55,Balasore
2024,205,32.66,26.65,86.11,5.03,11.95,Balasore
2024,206,33.19,26.26,84.21,5.49,10.37,Balasore
2024,207,30.92,26.86,87.59,6.76,9.91,Balasore
2024,208,33.14,26.91,86.0,3.58,7.83,Balasore
2024,209,32.31,27.85,88.53,3.49,8.35,Balasore
2024,210,31.98,26.92,86.22,2.99,16.72,Balasore
2024,211,33.32,27.31,83.94,2.03,5.32,Balasore
2024,212,32.53,26.82,87.03,4.04,11.64,Balasore
2024,213,31.03,27.36,89.95,2.33,8.81,Balasore
2024,214,31.42,27.34,90.8,5.08,6.86,Balasore
2024,215,31.1,26.89,88.92,7.41,5.15,Balasore
2024,216,31.05,26.89,89.3,6.48,13.65,Balasore
2024,217,31.47,26.92,87.84,4.78,14.96,Balasore
2024,218,31.47,26.52,88.21,3.45,14.33,Balasore
2024,219,31.09,26.54,88.7,3.0,10.35,Balasore
2024,220,30.36,26.79,89.5,4.04,9.26,Balasore
2024,221,30.26,26.4,89.68,4.19,14.8,Balasore
2024,222,30.12,26.56,91.51,3.83,14.95,Balasore
2024,223,31.02,26.67,87.61,2.98,15.06,Balasore
2024,224,31.03,26.48,88.05,3.28,14.22,Balasore
2024,225,31.85,26.56,88.09,3.01,16.22,Balasore
2024,226,30.84,26.92,89.76,3.14,14.68,Balasore
2024,227,31.82,26.76,87.04,2.22,11.23,Balasore
2024,228,31.02,26.65,88.16,3.13,13.11,Balasore
2024,229,30.29,26.52,89.84,3.1,8.37,Balasore
2024,230,31.35,26.76,87.26,2.36,13.52,Balasore
2024,231,30.31,26.86,89.9,2.97,9.94,Balasore
2024,232,29.57,26.46,91.34,3.87,13.39,Balasore
2024,233,32.11,26.58,87.01,3.6,13.31,Balasore
2024,234,30.0,27.19,91.86,4.22,12.53,Balasore
2024,235,30.06,26.82,91.41,3.78,10.4,Balasore
2024,236,29.72,26.27,90.08,3.87,7.38,Balasore
2024,237,28.63,26.25,92.09,4.18,9.97,Balasore
2024,238,28.33,26.19,93.0,5.43,9.61,Balasore
2024,239,30.33,25.41,89.81,4.62,11.31,Balasore
2024,240,29.83,26.32,90.4,3.64,11.02,Balasore
2024,241,30.32,25.75,87.56,2.08,11.57,Balasore
2024,242,29.65,26.32,88.15,2.98,16.69,Balasore
2024,243,30.82,25.97,88.3,4.17,21.37,Balasore
2024,244,30.58,27.13,89.66,5.24,16.58,Balasore
2024,245,29.94,27.13,90.45,4.4,16.32,Balasore
2024,246,30.14,26.68,88.86,3.15,16.23,Balasore
2024,247,30.4,26.52,85.85,2.17,19.96,Balasore
2024,248,31.48,26.1,84.84,2.75,21.03,Balasore
2024,249,31.55,26.41,83.17,2.37,20.46,Balasore
2024,250,30.55,26.62,85.08,2.52,17.04,Balasore
2024,251,30.85,26.08,88.79,4.33,18.75,Balasore
2024,252,30.38,27.97,90.55,5.27,13.85,Balasore
2024,253,30.0,27.77,91.72,6.06,10.31,Balasore
2024,254,31.52,27.75,89.56,5.4,14.88,Balasore
2024,255,30.94,27.15,89.61,3.31,17.74,Balasore
2024,256,31.03,26.97,87.7,3.47,13.66,Balasore
2024,257,29.51,26.49,91.52,2.9,12.1,Balasore
2024,258,28.09,26.33,90.49,5.9,6.91,Balasore
2024,259,29.07,26.03,90.83,9.28,5.73,Balasore
2024,260,29.05,25.57,92.64,7.08,6.45,Balasore
2024,261,30.38,26.01,89.27,5.13,14.73,Balasore
2024,262,30.73,25.58,82.68,1.79,20.79,Balasore
2024,263,31.44,25.34,80.94,1.82,19.74,Balasore
2024,264,31.33,26.48,84.07,2.13,19.93,Balasore
2024,265,30.81,27.02,89.11,2.54,13.55,Balasore
2024,266,30.52,26.83,88.01,2.54,20.15,Balasore
2024,267,30.05,26.8,90.87,3.12,11.67,Balasore
2024,268,29.98,26.84,90.72,2.8,6.66,Balasore
2024,269,29.25,26.35,91.88,4.91,7.72,Balasore
2024,270,28.93,26.79,92.96,4.49,6.85,Balasore
2024,271,29.47,26.61,92.01,4.25,10.43,Balasore
2024,272,30.94,26.05,90.08,3.69,20.11,Balasore
2024,273,32.52,25.8,85.41,2.73,18.55,Balasore
2024,274,31.31,26.44,88.51,2.86,18.21,Balasore
2024,275,31.17,26.17,88.83,2.54,18.43,Balasore
2024,276,30.36,26.75,86.9,2.69,9.17,Balasore
2024,277,31.55,25.84,87.68,3.11,14.78,Balasore
2024,278,28.89,26.22,93.37,3.62,13.77,Balasore
2024,279,30.63,25.9,85.04,2.46,16.43,Balasore
2024,280,30.03,25.8,85.61,1.89,13.63,Balasore
2024,281,29.55,26.22,85.65,1.55,15.14,Balasore
2024,282,30.75,25.98,81.12,1.46,16.92,Balasore
2024,283,31.12,25.26,84.01,2.82,17.74,Balasore
2024,284,31.07,24.74,83.7,3.05,17.08,Balasore
2024,285,31.9,24.75,83.2,2.79,18.95,Balasore
2024,286,31.94,25.0,82.13,2.27,16.95,Balasore
2024,287,31.36,25.19,80.94,2.0,14.55,Balasore
2024,288,30.87,25.39,80.33,1.92,14.09,Balasore
2024,289,31.52,25.51,77.57,1.37,13.46,Balasore
2024,290,31.55,26.16,78.14,1.67,13.48,Balasore
2024,291,31.64,25.74,79.78,1.84,17.29,Balasore
2024,292,31.73,26.01,81.79,2.19,17.87,Balasore
2024,293,31.84,25.51,81.71,1.61,11.75,Balasore
2024,294,29.17,25.63,83.64,2.42,14.13,Balasore
2024,295,29.69,24.01,82.38,2.89,13.67,Balasore
2024,296,29.57,22.95,82.75,3.29,17.8,Balasore
2024,297,27.87,23.58,89.95,4.16,12.0,Balasore
2024,298,26.98,24.53,94.24,10.09,5.41,Balasore
2024,299,27.35,26.5,94.97,10.66,2.4,Balasore
2024,300,28.05,25.82,90.81,7.11,5.11,Balasore
2024,301,29.48,25.04,89.65,3.68,10.72,Balasore
2024,302,29.44,24.72,87.64,2.35,12.95,Balasore
2024,303,30.32,24.74,84.78,1.65,14.21,Balasore
2024,304,30.64,24.82,86.04,2.4,15.33,Balasore
2024,305,30.7,23.78,84.42,2.44,15.42,Balasore
2024,306,30.61,24.44,85.06,1.96,16.49,Balasore
2024,307,30.04,23.7,71.7,1.34,17.03,Balasore
2024,308,29.69,22.69,64.26,1.03,14.93,Balasore
2024,309,29.87,23.15,65.3,1.11,15.04,Balasore
2024,310,28.46,22.18,78.66,2.31,13.27,Balasore
2024,311,28.32,22.74,84.84,2.63,13.94,Balasore
2024,312,28.61,22.65,82.24,2.41,15.26,Balasore
2024,313,28.5,22.56,79.63,2.06,15.53,Balasore
2024,314,28.64,21.9,79.89,2.49,15.92,Balasore
2024,315,27.91,20.7,80.44,3.3,17.21,Balasore
2024,316,27.43,20.71,80.21,3.68,14.83,Balasore
2024,317,28.04,21.16,81.54,3.29,13.87,Balasore
2024,318,27.64,21.53,79.86,2.94,15.24,Balasore
2024,319,26.96,20.49,78.56,3.11,13.76,Balasore
2024,320,27.04,18.44,75.08,2.69,16.46,Balasore
2024,321,26.5,17.66,72.37,2.64,17.21,Balasore
2024,322,26.06,18.12,70.95,2.18,15.95,Balasore
2024,323,26.24,17.67,67.3,1.86,15.95,Balasore
2024,324,25.17,17.25,73.17,2.52,15.05,Balasore
2024,325,24.67,17.08,77.02,2.45,14.62,Balasore
2024,326,25.92,18.52,74.1,1.5,13.13,Balasore
2024,327,25.59,18.37,72.5,2.13,13.13,Balasore
2024,328,25.5,17.81,72.3,1.96,12.83,Balasore
2024,329,25.09,18.38,69.72,1.2,11.66,Balasore
2024,330,24.61,17.45,73.5,2.0,11.88,Balasore
2024,331,24.88,16.28,73.12,2.2,13.42,Balasore
2024,332,23.82,16.35,80.37,3.06,12.37,Balasore
2024,333,24.98,16.15,82.84,3.67,12.71,Balasore
2024,334,24.69,17.72,86.75,3.72,8.12,Balasore
2024,335,24.95,18.3,86.0,3.27,8.84,Balasore
2024,336,24.56,18.9,85.96,3.65,7.21,Balasore
2024,337,24.91,18.35,83.49,3.24,9.05,Balasore
2024,338,25.62,18.26,81.63,2.89,11.78,Balasore
2024,339,25.99,18.42,78.68,2.15,13.54,Balasore
2024,340,27.13,18.45,78.03,1.85,14.95,Balasore
2024,341,26.12,17.74,79.66,1.99,14.83,Balasore
2024,342,25.35,16.56,79.43,2.04,14.18,Balasore
2024,343,24.69,16.82,82.54,1.99,8.94,Balasore
2024,344,23.33,18.98,84.28,1.62,8.14,Balasore
2024,345,24.83,17.11,82.21,2.77,10.78,Balasore
2024,346,22.61,14.0,78.48,3.65,11.73,Balasore
2024,347,22.8,12.75,73.43,3.3,14.73,Balasore
2024,348,22.9,12.19,69.55,3.56,15.65,Balasore
2024,349,22.74,11.96,66.58,3.72,15.89,Balasore
2024,350,21.73,10.97,69.59,3.9,16.05,Balasore
2024,351,22.6,11.31,68.68,2.49,15.37,Balasore
2024,352,24.11,12.42,77.43,2.95,13.61,Balasore
2024,353,24.72,14.15,72.49,2.89,13.72,Balasore
2024,354,24.18,14.07,75.91,3.23,13.32,Balasore
2024,355,24.26,15.06,78.66,2.79,6.99,Balasore
2024,356,19.18,17.34,88.04,3.04,4.98,Balasore
2024,357,23.88,14.84,80.7,2.88,13.25,Balasore
2024,358,24.03,14.71,80.22,3.44,12.64,Balasore
2024,359,21.52,15.86,86.23,1.88,8.35,Balasore
2024,360,23.49,18.09,82.0,2.25,6.25,Balasore
2024,361,24.74,16.43,83.87,2.95,11.29,Balasore
2024,362,25.51,16.33,82.84,3.46,13.25,Balasore
2024,363,26.41,15.11,76.02,1.74,13.56,Balasore
2024,364,27.65,17.19,76.39,1.73,12.67,Balasore
2024,365,25.14,17.33,81.14,2.55,11.56,Balasore
2024,366,23.2,14.22,80.41,3.34,14.19,Balasore
2015,1,20.97,14.46,88.85,6.78,9.7,Sundargarh
2015,2,25.66,17.58,86.84,4.09,3.75,Sundargarh
2015,3,27.13,15.52,81.96,2.46,6.55,Sundargarh
2015,4,21.64,15.93,88.03,3.31,10.13,Sundargarh
2015,5,22.69,10.12,70.34,3.37,16.9,Sundargarh
2015,6,23.62,7.41,58.91,2.75,17.16,Sundargarh
2015,7,23.17,9.75,57.91,2.37,17.11,Sundargarh
2015,8,23.18,9.1,65.44,2.73,12.02,Sundargarh
2015,9,22.26,7.99,63.18,2.94,14.97,Sundargarh
2015,10,23.2,6.86,56.59,2.63,16.92,Sundargarh
2015,11,23.11,6.19,47.9,2.34,17.14,Sundargarh
2015,12,23.57,6.52,49.24,2.2,16.33,Sundargarh
2015,13,22.99,7.18,53.93,2.17,14.36,Sundargarh
2015,14,23.58,9.03,60.38,2.21,14.37,Sundargarh
2015,15,24.24,10.07,56.64,1.8,15.47,Sundargarh
2015,16,24.1,9.39,60.94,2.69,16.88,Sundargarh
2015,17,23.8,8.93,58.08,3.25,16.14,Sundargarh
2015,18,22.64,6.96,52.81,3.0,17.96,Sundargarh
2015,19,23.11,7.01,51.49,2.74,17.76,Sundargarh
2015,20,23.36,7.18,51.95,2.44,17.93,Sundargarh
2015,21,24.64,8.41,51.47,2.18,17.4,Sundargarh
2015,22,25.29,10.77,51.21,1.79,17.67,Sundargarh
2015,23,26.71,11.12,58.55,2.58,16.71,Sundargarh
2015,24,26.25,12.45,66.14,2.6,15.26,Sundargarh
2015,25,26.74,13.16,61.21,1.99,16.11,Sundargarh
2015,26,27.04,13.12,60.31,2.19,13.99,Sundargarh
2015,27,27.43,14.72,63.18,2.29,15.96,Sundargarh
2015,28,26.94,13.65,68.43,2.5,15.31,Sundargarh
2015,29,27.05,14.06,69.28,2.62,13.47,Sundargarh
2015,30,25.71,13.17,66.19,3.23,14.06,Sundargarh
2015,31,24.12,7.69,39.97,2.65,19.0,Sundargarh
2015,32,25.16,8.0,40.44,2.4,19.33,Sundargarh
2015,33,26.19,9.24,44.04,2.08,18.77,Sundargarh
2015,34,28.19,12.13,42.73,1.7,19.63,Sundargarh
2015,35,29.83,13.26,44.68,2.36,19.03,Sundargarh
2015,36,28.4,14.16,53.76,2.74,16.35,Sundargarh
2015,37,27.93,13.2,47.62,2.51,15.07,Sundargarh
2015,38,28.83,13.39,46.22,2.2,18.58,Sundargarh
2015,39,28.31,13.26,50.84,2.14,16.85,Sundargarh
2015,40,25.99,14.19,58.49,2.89,15.58,Sundargarh
2015,41,26.91,16.31,59.04,2.36,15.1,Sundargarh
2015,42,28.13,14.12,49.48,2.18,14.71,Sundargarh
2015,43,25.77,14.52,62.17,2.29,12.86,Sundargarh
2015,44,28.23,13.94,55.81,2.7,18.35,Sundargarh
2015,45,29.31,12.03,44.67,2.91,20.03,Sundargarh
2015,46,29.88,14.96,43.58,2.38,20.46,Sundargarh
2015,47,29.83,14.39,46.06,2.44,19.08,Sundargarh
2015,48,30.75,14.43,46.97,2.68,19.39,Sundargarh
2015,49,31.33,15.57,41.58,2.38,19.75,Sundargarh
2015,50,31.77,15.53,39.23,3.05,20.09,Sundargarh
2015,51,31.3,14.76,39.17,2.53,20.27,Sundargarh
2015,52,32.25,14.76,39.69,3.13,19.95,Sundargarh
2015,53,32.84,15.9,41.24,3.17,21.54,Sundargarh
2015,54,32.51,16.09,37.5,2.91,21.71,Sundargarh
2015,55,33.27,15.83,38.8,2.83,21.44,Sundargarh
2015,56,33.85,15.73,39.41,2.94,20.67,Sundargarh
2015,57,33.9,19.63,34.09,1.92,21.88,Sundargarh
2015,58,32.72,17.71,37.42,2.07,18.78,Sundargarh
2015,59,33.04,17.45,51.63,2.24,20.8,Sundargarh
2015,60,32.45,17.36,53.57,3.23,17.34,Sundargarh
2015,61,30.2,17.51,65.96,3.62,6.48,Sundargarh
2015,62,29.86,19.24,62.77,3.17,19.85,Sundargarh
2015,63,29.79,18.08,52.7,3.74,18.13,Sundargarh
2015,64,30.39,14.28,39.51,3.96,24.05,Sundargarh
2015,65,30.98,14.65,39.98,3.43,23.7,Sundargarh
2015,66,31.78,15.47,38.48,3.07,23.34,Sundargarh
2015,67,32.55,16.11,39.17,2.42,22.96,Sundargarh
2015,68,34.07,17.74,40.41,2.16,19.34,Sundargarh
2015,69,34.45,19.67,42.88,3.09,19.12,Sundargarh
2015,70,34.75,18.27,37.49,3.14,22.34,Sundargarh
2015,71,35.26,17.82,32.79,3.0,22.75,Sundargarh
2015,72,35.15,18.67,35.26,2.91,21.97,Sundargarh
2015,73,35.31,20.12,40.44,2.66,20.56,Sundargarh
2015,74,35.33,21.15,42.22,3.25,18.99,Sundargarh
2015,75,35.65,20.41,40.39,3.15,15.45,Sundargarh
2015,76,34.17,20.93,47.06,2.84,19.64,Sundargarh
2015,77,33.79,20.59,46.33,3.05,18.94,Sundargarh
2015,78,34.68,19.02,38.78,3.47,24.77,Sundargarh
2015,79,34.72,17.93,30.24,3.3,24.92,Sundargarh
2015,80,35.51,18.24,27.04,3.59,24.77,Sundargarh
2015,81,37.11,19.51,29.2,3.83,25.36,Sundargarh
2015,82,37.66,21.08,33.71,2.8,23.5,Sundargarh
2015,83,37.45,22.14,32.62,2.89,23.9,Sundargarh
2015,84,37.81,22.04,32.74,2.72,22.47,Sundargarh
2015,85,38.04,22.55,37.27,1.65,20.73,Sundargarh
2015,86,35.96,22.82,47.88,2.23,16.18,Sundargarh
2015,87,37.92,22.55,42.49,2.61,20.1,Sundargarh
2015,88,38.28,21.83,34.45,2.72,24.0,Sundargarh
2015,89,35.38,24.16,47.38,4.62,7.6,Sundargarh
2015,90,36.02,21.31,44.37,2.68,22.57,Sundargarh
2015,91,37.6,24.78,32.69,3.16,24.14,Sundargarh
2015,92,39.17,23.46,28.4,3.85,25.19,Sundargarh
2015,93,39.96,21.75,28.48,4.2,25.36,Sundargarh
2015,94,40.17,24.58,27.5,4.31,22.69,Sundargarh
2015,95,39.18,23.71,27.01,3.61,23.97,Sundargarh
2015,96,38.79,24.03,30.55,2.79,22.29,Sundargarh
2015,97,38.73,24.54,33.78,2.68,21.48,Sundargarh
2015,98,35.31,24.57,43.28,2.08,20.94,Sundargarh
2015,99,35.3,23.58,43.36,3.23,25.15,Sundargarh
2015,100,38.18,23.85,40.43,2.6,23.41,Sundargarh
2015,101,37.57,26.21,35.22,1.85,19.85,Sundargarh
2015,102,33.56,24.21,44.57,3.39,6.84,Sundargarh
2015,103,29.15,22.47,59.86,2.18,17.7,Sundargarh
2015,104,31.58,21.65,56.18,2.35,17.05,Sundargarh
2015,105,33.83,21.53,49.75,1.35,18.73,Sundargarh
2015,106,35.18,23.18,49.62,1.59,22.41,Sundargarh
2015,107,36.4,24.03,46.53,3.26,21.33,Sundargarh
2015,108,38.88,23.92,39.74,3.16,25.82,Sundargarh
2015,109,40.75,25.16,38.16,2.38,26.41,Sundargarh
2015,110,41.65,25.72,33.57,1.85,25.21,Sundargarh
2015,111,41.92,28.1,30.13,3.56,23.59,Sundargarh
2015,112,42.52,27.64,25.88,4.79,21.59,Sundargarh
2015,113,42.21,28.2,25.47,4.4,22.03,Sundargarh
2015,114,41.35,25.97,28.78,4.02,23.21,Sundargarh
2015,115,37.84,24.88,46.29,3.57,20.75,Sundargarh
2015,116,36.98,23.75,49.65,2.94,25.61,Sundargarh
2015,117,38.07,24.44,46.1,3.37,24.86,Sundargarh
2015,118,39.86,25.82,40.82,3.37,21.4,Sundargarh
2015,119,37.87,25.22,55.28,2.91,23.56,Sundargarh
2015,120,38.75,25.83,45.62,2.21,23.12,Sundargarh
2015,121,40.95,24.92,34.55,2.64,25.96,Sundargarh
2015,122,41.57,25.92,29.57,2.3,25.49,Sundargarh
2015,123,40.64,25.49,32.94,1.85,24.17,Sundargarh
2015,124,40.33,28.0,35.27,1.97,24.66,Sundargarh
2015,125,41.08,27.14,34.32,3.33,24.02,Sundargarh
2015,126,42.48,26.87,30.5,4.05,25.2,Sundargarh
2015,127,41.99,26.58,24.97,3.24,26.06,Sundargarh
2015,128,43.76,26.28,22.2,2.64,24.2,Sundargarh
2015,129,43.23,26.86,28.23,3.02,23.99,Sundargarh
2015,130,40.12,27.92,33.53,2.46,17.54,Sundargarh
2015,131,37.7,28.21,35.24,4.45,9.39,Sundargarh
2015,132,38.88,26.3,42.21,2.79,24.33,Sundargarh
2015,133,41.72,28.04,32.52,2.85,23.6,Sundargarh
2015,134,40.85,29.1,34.01,1.86,20.28,Sundargarh
2015,135,40.74,29.87,35.05,3.15,18.45,Sundargarh
2015,136,36.23,27.62,46.95,2.36,16.02,Sundargarh
2015,137,39.24,27.71,44.14,2.31,26.05,Sundargarh
2015,138,41.2,26.84,39.98,3.06,25.56,Sundargarh
2015,139,44.04,27.1,41.21,3.83,24.83,Sundargarh
2015,140,44.64,27.92,37.23,4.25,24.14,Sundargarh
2015,141,45.25,28.02,21.36,4.01,27.77,Sundargarh
2015,142,46.11,27.68,18.16,3.67,27.89,Sundargarh
2015,143,45.77,30.56,20.69,3.16,26.13,Sundargarh
2015,144,46.09,29.8,18.44,2.74,25.3,Sundargarh
2015,145,46.07,30.2,21.81,3.53,25.3,Sundargarh
2015,146,46.52,31.63,19.95,3.22,23.5,Sundargarh
2015,147,44.58,30.32,35.53,3.75,23.4,Sundargarh
2015,148,44.95,30.25,27.83,2.63,27.61,Sundargarh
2015,149,44.59,27.96,33.01,2.78,26.47,Sundargarh
2015,150,43.56,29.93,41.09,3.73,24.87,Sundargarh
2015,151,41.33,30.36,44.91,4.28,21.73,Sundargarh
2015,152,37.72,27.24,56.47,3.95,19.92,Sundargarh
2015,153,39.71,27.3,46.78,1.9,18.83,Sundargarh
2015,154,35.63,28.41,57.19,2.92,23.75,Sundargarh
2015,155,34.9,26.03,64.21,2.82,19.17,Sundargarh
2015,156,35.37,26.84,59.22,2.2,14.87,Sundargarh
2015,157,37.35,27.43,55.98,3.06,22.24,Sundargarh
2015,158,38.21,26.87,54.7,3.12,23.68,Sundargarh
2015,159,40.63,28.76,45.9,4.1,22.73,Sundargarh
2015,160,42.16,29.0,42.12,5.39,24.81,Sundargarh
2015,161,43.81,29.22,36.84,3.22,24.71,Sundargarh
2015,162,42.71,31.03,39.21,2.99,21.7,Sundargarh
2015,163,32.0,27.33,70.98,4.7,19.13,Sundargarh
2015,164,33.06,26.59,67.75,3.17,15.08,Sundargarh
2015,165,32.15,26.0,73.87,2.56,20.57,Sundargarh
2015,166,31.44,25.86,73.52,3.65,19.4,Sundargarh
2015,167,34.96,26.16,62.46,2.97,20.81,Sundargarh
2015,168,35.47,25.71,63.19,2.66,20.92,Sundargarh
2015,169,36.27,26.75,64.41,3.24,23.45,Sundargarh
2015,170,37.69,26.62,58.61,4.29,21.36,Sundargarh
2015,171,35.71,27.46,62.17,6.77,15.34,Sundargarh
2015,172,35.76,26.24,67.9,8.21,13.04,Sundargarh
2015,173,32.43,25.37,80.02,6.03,11.21,Sundargarh
2015,174,28.66,25.44,85.83,9.05,6.06,Sundargarh
2015,175,31.96,25.17,79.54,5.98,16.31,Sundargarh
2015,176,33.48,25.07,73.97,6.7,18.73,Sundargarh
2015,177,34.13,24.88,69.34,6.92,18.11,Sundargarh
2015,178,36.54,24.76,63.12,4.77,14.11,Sundargarh
2015,179,35.94,25.59,69.84,3.35,18.01,Sundargarh
2015,180,30.88,25.8,81.88,2.94,17.98,Sundargarh
2015,181,33.07,25.14,74.44,2.77,15.39,Sundargarh
2015,182,32.47,24.91,79.24,4.49,13.62,Sundargarh
2015,183,31.33,25.29,81.36,4.62,17.44,Sundargarh
2015,184,28.6,25.09,83.99,4.54,18.81,Sundargarh
2015,185,33.7,24.77,76.75,3.47,19.82,Sundargarh
2015,186,33.77,26.12,77.46,3.25,18.33,Sundargarh
2015,187,30.92,25.69,85.49,3.13,13.6,Sundargarh
2015,188,29.46,25.64,88.58,3.47,11.55,Sundargarh
2015,189,31.21,25.02,83.91,3.49,11.26,Sundargarh
2015,190,30.69,25.38,87.78,2.84,11.38,Sundargarh
2015,191,28.67,25.14,92.31,4.76,2.8,Sundargarh
2015,192,30.45,24.41,85.98,4.08,9.8,Sundargarh
2015,193,29.94,24.65,83.7,2.93,19.15,Sundargarh
2015,194,32.2,24.67,81.21,2.56,21.88,Sundargarh
2015,195,31.95,25.8,82.85,2.88,21.59,Sundargarh
2015,196,30.62,26.1,88.48,3.12,12.47,Sundargarh
2015,197,29.02,25.54,90.6,3.51,9.26,Sundargarh
2015,198,29.48,24.78,87.57,2.84,7.02,Sundargarh
2015,199,30.44,24.54,84.75,4.01,11.83,Sundargarh
2015,200,31.13,24.31,85.12,4.4,15.84,Sundargarh
2015,201,30.02,24.51,87.85,2.48,15.37,Sundargarh
2015,202,31.1,24.62,84.51,3.19,16.1,Sundargarh
2015,203,30.67,25.22,88.62,1.82,16.22,Sundargarh
2015,204,28.41,25.56,91.98,3.74,11.54,Sundargarh
2015,205,28.8,24.91,90.44,3.52,10.74,Sundargarh
2015,206,27.83,24.51,92.52,4.15,7.6,Sundargarh
2015,207,28.93,24.31,89.68,4.08,18.35,Sundargarh
2015,208,30.51,23.46,84.17,5.56,17.25,Sundargarh
2015,209,29.34,23.98,86.34,4.83,18.66,Sundargarh
2015,210,30.66,23.96,84.67,4.78,21.92,Sundargarh
2015,211,30.22,24.55,86.5,5.11,18.54,Sundargarh
2015,212,29.31,24.5,88.28,4.14,6.58,Sundargarh
2015,213,28.16,24.09,87.84,4.06,7.38,Sundargarh
2015,214,28.37,24.27,90.13,6.11,5.93,Sundargarh
2015,215,29.32,24.45,90.2,5.73,10.26,Sundargarh
2015,216,29.66,23.34,88.05,5.56,16.77,Sundargarh
2015,217,29.93,22.09,86.39,3.48,18.48,Sundargarh
2015,218,29.75,22.97,87.8,3.52,12.84,Sundargarh
2015,219,30.93,23.61,85.17,2.38,19.12,Sundargarh
2015,220,31.7,24.02,82.02,1.77,22.47,Sundargarh
2015,221,30.52,25.53,83.73,1.23,20.23,Sundargarh
2015,222,31.19,25.44,81.29,1.32,17.5,Sundargarh
2015,223,30.9,25.56,87.88,3.05,23.26,Sundargarh
2015,224,29.93,24.92,89.08,2.97,19.32,Sundargarh
2015,225,30.48,25.53,87.57,3.88,19.38,Sundargarh
2015,226,28.84,24.97,91.98,3.94,15.69,Sundargarh
2015,227,30.76,24.22,87.78,3.84,19.38,Sundargarh
2015,228,30.21,24.19,90.67,3.93,14.32,Sundargarh
2015,229,29.23,25.24,90.85,3.97,15.22,Sundargarh
2015,230,30.31,24.32,87.97,4.59,13.34,Sundargarh
2015,231,29.45,25.08,88.23,4.4,13.64,Sundargarh
2015,232,29.87,24.28,88.56,3.95,11.5,Sundargarh
2015,233,29.71,24.48,87.08,3.98,19.78,Sundargarh
2015,234,30.24,23.77,86.01,3.85,19.1,Sundargarh
2015,235,30.8,23.81,86.36,3.62,11.79,Sundargarh
2015,236,29.8,24.35,87.46,3.21,18.13,Sundargarh
2015,237,30.6,24.08,86.95,3.03,16.66,Sundargarh
2015,238,30.46,24.61,87.4,2.37,16.39,Sundargarh
2015,239,31.5,24.83,85.27,1.85,18.73,Sundargarh
2015,240,31.27,25.4,88.43,3.34,17.97,Sundargarh
2015,241,29.7,25.42,91.56,2.35,16.11,Sundargarh
2015,242,28.77,25.67,91.86,3.41,12.46,Sundargarh
2015,243,30.35,24.85,89.58,2.82,13.29,Sundargarh
2015,244,29.51,24.73,89.41,2.63,12.53,Sundargarh
2015,245,30.71,23.49,86.34,2.46,19.95,Sundargarh
2015,246,30.16,23.61,83.6,1.6,18.75,Sundargarh
2015,247,30.68,25.07,83.26,2.06,19.19,Sundargarh
2015,248,31.36,24.16,83.44,2.08,18.71,Sundargarh
2015,249,31.37,24.1,81.91,2.2,21.77,Sundargarh
2015,250,31.14,23.21,82.02,2.49,21.61,Sundargarh
2015,251,30.62,23.49,82.97,3.01,19.21,Sundargarh
2015,252,31.27,23.0,82.23,3.02,20.86,Sundargarh
2015,253,31.47,23.35,78.2,1.67,20.27,Sundargarh
2015,254,30.31,25.62,78.06,0.87,18.69,Sundargarh
2015,255,29.44,24.76,87.51,2.41,20.12,Sundargarh
2015,256,29.92,24.22,83.56,1.46,22.49,Sundargarh
2015,257,31.36,25.27,83.2,1.91,20.39,Sundargarh
2015,258,29.4,24.73,89.46,4.45,16.89,Sundargarh
2015,259,28.31,25.11,93.36,5.67,12.38,Sundargarh
2015,260,29.79,24.79,90.41,6.4,15.82,Sundargarh
2015,261,30.71,24.14,87.53,3.13,20.55,Sundargarh
2015,262,30.3,24.61,86.16,1.13,18.34,Sundargarh
2015,263,27.3,24.78,94.77,3.54,10.81,Sundargarh
2015,264,28.37,22.98,90.83,4.41,7.85,Sundargarh
2015,265,29.93,23.79,88.66,4.02,15.46,Sundargarh
2015,266,29.96,23.85,88.85,3.86,16.13,Sundargarh
2015,267,28.84,23.17,87.1,2.79,20.48,Sundargarh
2015,268,28.98,22.85,83.91,2.63,21.73,Sundargarh
2015,269,29.04,21.82,80.33,2.16,21.61,Sundargarh
2015,270,30.03,20.58,73.78,1.46,20.67,Sundargarh
2015,271,30.34,22.1,73.04,1.13,19.82,Sundargarh
2015,272,30.5,22.7,69.26,0.8,19.56,Sundargarh
2015,273,31.1,23.33,70.34,0.88,19.6,Sundargarh
2015,274,30.86,24.73,75.71,1.1,19.48,Sundargarh
2015,275,29.98,25.19,84.19,1.44,16.76,Sundargarh
2015,276,31.69,23.7,79.33,1.81,16.74,Sundargarh
2015,277,31.55,22.45,73.03,2.32,18.76,Sundargarh
2015,278,30.84,19.49,66.68,2.34,21.29,Sundargarh
2015,279,30.69,19.44,71.24,2.03,20.04,Sundargarh
2015,280,30.44,22.56,77.51,1.94,17.0,Sundargarh
2015,281,30.92,22.53,74.1,2.46,19.37,Sundargarh
2015,282,30.04,20.06,75.74,2.79,20.27,Sundargarh
2015,283,30.12,19.15,76.28,2.39,21.32,Sundargarh
2015,284,30.55,20.34,73.81,1.68,20.58,Sundargarh
2015,285,30.85,20.96,71.69,1.55,19.34,Sundargarh
2015,286,30.14,19.93,77.62,1.91,18.09,Sundargarh
2015,287,29.73,21.28,76.8,1.29,18.47,Sundargarh
2015,288,28.83,21.03,78.88,1.56,17.37,Sundargarh
2015,289,29.64,21.56,76.14,0.94,18.74,Sundargarh
2015,290,30.34,22.11,68.11,0.99,19.72,Sundargarh
2015,291,30.5,22.33,60.19,0.87,19.48,Sundargarh
2015,292,29.39,20.85,74.52,1.69,18.52,Sundargarh
2015,293,30.04,20.19,78.32,2.16,18.27,Sundargarh
2015,294,30.55,18.95,67.34,1.22,18.95,Sundargarh
2015,295,29.89,22.04,71.01,1.25,17.79,Sundargarh
2015,296,29.49,21.17,77.26,2.33,16.87,Sundargarh
2015,297,29.97,18.86,63.42,1.27,19.03,Sundargarh
2015,298,29.48,17.41,61.36,1.21,19.16,Sundargarh
2015,299,28.96,18.73,64.35,1.12,19.5,Sundargarh
2015,300,28.57,19.38,75.77,1.2,18.65,Sundargarh
2015,301,28.69,19.42,78.49,1.12,18.19,Sundargarh
2015,302,27.01,18.75,85.38,2.5,14.28,Sundargarh
2015,303,26.2,18.98,86.41,2.2,6.88,Sundargarh
2015,304,27.09,19.06,85.07,3.37,14.05,Sundargarh
2015,305,27.51,18.73,86.43,3.96,16.7,Sundargarh
2015,306,27.68,19.5,84.35,3.18,17.48,Sundargarh
2015,307,27.87,18.55,76.54,1.23,18.03,Sundargarh
2015,308,28.48,18.28,67.79,1.25,16.78,Sundargarh
2015,309,28.52,18.56,65.24,1.43,17.08,Sundargarh
2015,310,28.93,18.49,66.16,0.95,17.54,Sundargarh
2015,311,29.24,18.96,70.01,1.07,15.81,Sundargarh
2015,312,27.74,17.26,75.72,2.12,15.83,Sundargarh
2015,313,27.78,16.53,68.88,1.9,14.81,Sundargarh
2015,314,27.65,17.26,68.91,1.41,15.62,Sundargarh
2015,315,28.33,17.16,66.98,1.76,16.56,Sundargarh
2015,316,27.83,17.05,69.76,1.92,16.44,Sundargarh
2015,317,27.18,16.37,71.79,2.15,17.01,Sundargarh
2015,318,27.47,15.55,68.18,1.78,16.39,Sundargarh
2015,319,27.85,16.71,66.13,1.44,15.65,Sundargarh
2015,320,27.47,16.43,65.61,1.44,15.32,Sundargarh
2015,321,27.81,16.85,69.91,1.73,13.45,Sundargarh
2015,322,27.01,15.94,75.45,1.23,15.93,Sundargarh
2015,323,26.41,15.06,74.89,2.9,14.95,Sundargarh
2015,324,26.66,15.34,74.24,2.56,16.16,Sundargarh
2015,325,26.27,14.3,71.14,1.98,16.51,Sundargarh
2015,326,26.13,14.4,68.73,1.69,16.63,Sundargarh
2015,327,26.06,14.42,68.55,1.36,15.85,Sundargarh
2015,328,25.76,16.04,71.48,1.07,15.06,Sundargarh
2015,329,26.23,15.6,72.94,1.73,14.83,Sundargarh
2015,330,26.39,14.24,69.99,2.2,15.2,Sundargarh
2015,331,26.57,14.8,63.48,1.54,15.76,Sundargarh
2015,332,27.28,16.92,65.37,0.95,14.55,Sundargarh
2015,333,27.1,16.01,71.2,1.48,14.07,Sundargarh
2015,334,26.46,18.19,74.73,1.43,10.95,Sundargarh
2015,335,28.01,16.83,74.89,1.54,12.23,Sundargarh
2015,336,27.61,17.66,71.22,1.27,13.09,Sundargarh
2015,337,26.42,17.17,76.83,1.7,12.53,Sundargarh
2015,338,26.26,16.38,77.93,1.48,14.1,Sundargarh
2015,339,26.14,16.48,75.49,1.47,11.76,Sundargarh
2015,340,25.37,14.22,68.96,2.24,14.2,Sundargarh
2015,341,24.87,12.12,65.34,2.22,14.13,Sundargarh
2015,342,25.24,12.04,64.07,1.94,14.7,Sundargarh
2015,343,25.1,13.37,59.74,1.39,15.81,Sundargarh
2015,344,25.01,13.13,60.58,1.83,16.02,Sundargarh
2015,345,25.86,15.16,60.03,1.72,9.31,Sundargarh
2015,346,26.24,16.54,69.44,1.7,11.83,Sundargarh
2015,347,26.2,16.1,82.43,2.38,11.12,Sundargarh
2015,348,26.12,16.95,83.68,2.31,5.41,Sundargarh
2015,349,24.95,13.72,69.92,2.73,11.68,Sundargarh
2015,350,24.33,10.29,65.49,2.68,11.81,Sundargarh
2015,351,25.15,14.26,84.05,2.34,4.45,Sundargarh
2015,352,23.76,12.8,73.87,2.85,8.21,Sundargarh
2015,353,23.02,8.89,52.89,2.42,14.7,Sundargarh
2015,354,23.27,8.84,61.85,2.16,14.52,Sundargarh
2015,355,22.7,14.04,84.24,2.08,7.47,Sundargarh
2015,356,24.56,15.47,89.75,2.29,6.18,Sundargarh
2015,357,22.99,16.43,90.73,2.2,4.89,Sundargarh
2015,358,23.59,15.17,85.39,2.65,10.05,Sundargarh
2015,359,23.14,10.79,59.99,3.59,12.11,Sundargarh
2015,360,21.94,7.53,51.7,2.54,15.94,Sundargarh
2015,361,23.32,7.89,53.88,2.09,16.66,Sundargarh
2015,362,25.37,10.16,52.73,2.0,16.35,Sundargarh
2015,363,26.35,11.97,53.84,1.93,16.1,Sundargarh
2015,364,25.97,11.36,54.34,1.98,16.15,Sundargarh
2015,365,26.42,11.11,53.3,1.8,15.76,Sundargarh
2016,1,26.31,11.73,53.69,1.69,16.15,Sundargarh
2016,2,25.25,12.58,55.86,1.5,13.72,Sundargarh
2016,3,25.15,11.84,53.92,2.03,14.27,Sundargarh
2016,4,25.04,9.71,47.28,1.94,15.96,Sundargarh
2016,5,25.58,10.29,50.73,2.06,16.07,Sundargarh
2016,6,26.5,11.41,50.45,1.73,16.03,Sundargarh
2016,7,25.96,11.84,52.79,1.81,13.53,Sundargarh
2016,8,26.65,13.0,56.06,2.2,13.99,Sundargarh
2016,9,26.5,13.99,55.61,1.93,14.13,Sundargarh
2016,10,25.7,11.78,50.55,2.47,16.04,Sundargarh
2016,11,25.4,10.33,43.73,1.89,16.95,Sundargarh
2016,12,25.88,9.77,45.56,1.98,17.13,Sundargarh
2016,13,25.87,9.49,46.72,1.91,15.46,Sundargarh
2016,14,26.15,11.77,49.22,1.82,14.7,Sundargarh
2016,15,26.0,13.86,53.18,1.68,14.34,Sundargarh
2016,16,26.76,15.07,55.72,1.79,12.75,Sundargarh
2016,17,26.36,15.39,63.35,2.58,9.3,Sundargarh
2016,18,26.24,14.14,69.09,2.58,10.45,Sundargarh
2016,19,27.21,14.74,69.63,3.9,11.03,Sundargarh
2016,20,24.89,14.26,70.09,3.35,10.4,Sundargarh
2016,21,23.14,9.89,54.23,3.68,17.0,Sundargarh
2016,22,23.07,8.47,49.47,2.91,17.28,Sundargarh
2016,23,23.76,6.94,38.76,2.26,18.03,Sundargarh
2016,24,24.32,6.81,37.42,1.88,17.92,Sundargarh
2016,25,24.79,7.25,41.39,2.02,17.97,Sundargarh
2016,26,25.46,8.78,42.87,1.95,17.19,Sundargarh
2016,27,25.66,10.79,48.13,1.76,14.42,Sundargarh
2016,28,28.24,11.69,46.7,2.07,16.64,Sundargarh
2016,29,28.33,11.87,44.39,2.08,17.65,Sundargarh
2016,30,29.99,12.91,45.87,2.65,17.58,Sundargarh
2016,31,31.12,16.21,41.85,1.94,18.33,Sundargarh
2016,32,29.92,15.08,47.62,2.48,18.48,Sundargarh
2016,33,29.81,14.4,47.64,2.23,17.29,Sundargarh
2016,34,29.46,14.38,49.82,2.54,15.85,Sundargarh
2016,35,28.26,13.12,45.5,2.87,16.46,Sundargarh
2016,36,28.29,12.42,44.69,2.19,17.6,Sundargarh
2016,37,28.89,11.96,38.94,2.16,18.7,Sundargarh
2016,38,30.19,13.96,43.35,1.89,15.98,Sundargarh
2016,39,30.3,16.27,57.03,2.94,15.9,Sundargarh
2016,40,29.01,13.15,38.18,2.93,17.07,Sundargarh
2016,41,29.69,12.32,39.42,2.71,19.03,Sundargarh
2016,42,27.58,14.85,51.58,2.23,8.1,Sundargarh
2016,43,31.29,18.11,51.62,1.37,17.5,Sundargarh
2016,44,31.69,16.98,49.31,2.3,13.53,Sundargarh
2016,45,31.62,19.87,53.5,1.93,15.13,Sundargarh
2016,46,31.93,19.49,49.56,2.18,11.95,Sundargarh
2016,47,33.17,19.05,53.01,3.32,15.93,Sundargarh
2016,48,33.51,18.2,48.64,2.46,18.13,Sundargarh
2016,49,34.28,19.71,43.29,2.21,19.3,Sundargarh
2016,50,35.35,19.18,41.49,2.45,19.61,Sundargarh
2016,51,35.64,20.32,39.61,2.32,19.36,Sundargarh
2016,52,34.46,19.74,40.61,3.21,16.98,Sundargarh
2016,53,34.94,19.51,39.89,3.19,17.47,Sundargarh
2016,54,34.43,18.07,27.11,2.53,17.03,Sundargarh
2016,55,33.25,20.6,46.27,2.68,12.38,Sundargarh
2016,56,32.36,19.89,38.81,3.66,13.34,Sundargarh
2016,57,30.83,21.84,68.21,3.81,7.51,Sundargarh
2016,58,29.29,20.28,70.64,2.83,11.43,Sundargarh
2016,59,32.08,18.13,58.79,1.41,18.33,Sundargarh
2016,60,33.38,18.31,40.06,1.7,18.43,Sundargarh
2016,61,33.33,18.25,37.55,1.53,16.42,Sundargarh
2016,62,34.33,18.34,32.41,2.06,19.73,Sundargarh
2016,63,35.21,17.26,29.3,2.7,20.36,Sundargarh
2016,64,35.63,20.19,32.7,2.24,19.93,Sundargarh
2016,65,35.17,21.87,34.37,1.57,16.96,Sundargarh
2016,66,35.73,22.24,37.09,2.14,16.49,Sundargarh
2016,67,34.4,19.61,45.62,3.27,14.51,Sundargarh
2016,68,35.02,20.41,44.92,2.36,17.44,Sundargarh
2016,69,35.36,21.64,42.73,2.23,17.24,Sundargarh
2016,70,35.76,22.52,44.08,1.97,17.26,Sundargarh
2016,71,36.49,22.44,37.55,2.34,21.0,Sundargarh
2016,72,34.87,23.21,36.93,2.13,19.65,Sundargarh
2016,73,36.31,20.83,42.22,3.94,11.56,Sundargarh
2016,74,32.21,20.09,59.31,3.71,10.65,Sundargarh
2016,75,32.87,20.83,59.31,2.49,20.0,Sundargarh
2016,76,34.01,20.2,41.58,3.18,22.87,Sundargarh
2016,77,34.47,19.75,32.83,2.29,22.35,Sundargarh
2016,78,36.2,20.41,38.34,1.98,21.13,Sundargarh
2016,79,37.97,24.23,39.28,2.39,18.14,Sundargarh
2016,80,38.01,22.18,33.9,2.96,23.59,Sundargarh
2016,81,38.22,21.6,27.99,2.82,24.23,Sundargarh
2016,82,37.82,21.32,25.06,2.55,23.67,Sundargarh
2016,83,38.01,20.06,18.6,2.86,25.93,Sundargarh
2016,84,37.95,18.99,16.49,2.52,24.15,Sundargarh
2016,85,38.37,19.04,23.49,2.12,22.09,Sundargarh
2016,86,39.61,20.64,27.33,1.51,21.07,Sundargarh
2016,87,39.99,21.59,24.92,2.06,21.2,Sundargarh
2016,88,36.31,22.14,34.68,3.78,19.24,Sundargarh
2016,89,37.73,22.01,31.48,1.86,23.15,Sundargarh
2016,90,38.77,23.72,30.42,1.6,20.45,Sundargarh
2016,91,39.06,23.89,26.25,2.53,22.4,Sundargarh
2016,92,39.65,23.81,23.09,2.48,23.57,Sundargarh
2016,93,40.82,22.84,28.61,1.41,24.4,Sundargarh
2016,94,42.04,24.03,25.83,2.24,24.95,Sundargarh
2016,95,42.09,26.08,23.64,1.72,23.31,Sundargarh
2016,96,41.65,27.57,25.43,2.82,23.24,Sundargarh
2016,97,39.09,29.54,27.02,4.0,18.6,Sundargarh
2016,98,40.81,27.57,29.14,4.32,21.54,Sundargarh
2016,99,40.73,25.66,32.72,2.91,22.84,Sundargarh
2016,100,41.46,27.2,29.35,3.09,22.79,Sundargarh
2016,101,42.36,28.68,25.02,4.07,24.06,Sundargarh
2016,102,42.7,28.48,22.64,4.02,21.48,Sundargarh
2016,103,42.46,27.77,20.87,3.93,25.15,Sundargarh
2016,104,42.13,27.17,20.28,3.71,26.48,Sundargarh
2016,105,42.55,25.08,15.99,3.43,27.62,Sundargarh
2016,106,43.86,26.03,16.39,2.36,27.04,Sundargarh
2016,107,44.25,27.53,18.27,3.01,25.91,Sundargarh
2016,108,44.99,26.88,17.9,3.41,25.44,Sundargarh
2016,109,43.81,29.96,21.62,3.59,23.81,Sundargarh
2016,110,44.0,29.29,21.86,3.13,26.32,Sundargarh
2016,111,44.44,28.65,18.62,2.87,25.68,Sundargarh
2016,112,44.4,30.05,21.46,3.74,24.43,Sundargarh
2016,113,45.25,29.52,17.07,3.83,26.91,Sundargarh
2016,114,44.05,27.2,14.63,4.94,28.06,Sundargarh
2016,115,43.3,27.65,16.63,3.82,27.75,Sundargarh
2016,116,42.93,26.02,15.57,2.5,27.48,Sundargarh
2016,117,43.42,27.26,27.99,2.72,25.8,Sundargarh
2016,118,43.63,28.9,26.1,3.71,25.05,Sundargarh
2016,119,43.17,29.05,19.82,2.54,21.76,Sundargarh
2016,120,42.73,29.34,28.3,3.33,21.34,Sundargarh
2016,121,42.76,28.74,31.36,3.52,24.13,Sundargarh
2016,122,43.05,27.64,26.34,4.12,26.15,Sundargarh
2016,123,43.72,27.37,16.54,2.28,26.66,Sundargarh
2016,124,36.97,27.86,29.95,4.03,22.97,Sundargarh
2016,125,40.77,26.48,31.24,2.71,22.17,Sundargarh
2016,126,38.97,27.85,31.29,2.81,18.79,Sundargarh
2016,127,39.3,26.02,31.74,3.22,25.14,Sundargarh
2016,128,39.7,26.67,33.18,3.21,25.55,Sundargarh
2016,129,40.28,27.8,29.13,2.07,23.55,Sundargarh
2016,130,41.46,29.49,32.67,2.8,22.12,Sundargarh
2016,131,41.22,28.47,33.98,2.36,20.92,Sundargarh
2016,132,40.66,27.72,41.22,3.03,22.36,Sundargarh
2016,133,42.76,28.76,34.92,2.86,22.21,Sundargarh
2016,134,43.01,28.79,35.63,4.28,20.98,Sundargarh
2016,135,43.36,29.29,34.07,2.93,24.9,Sundargarh
2016,136,43.53,29.63,39.24,4.2,24.86,Sundargarh
2016,137,43.26,30.57,37.37,4.54,24.34,Sundargarh
2016,138,42.78,30.27,38.96,4.61,23.68,Sundargarh
2016,139,41.48,28.67,44.05,4.84,25.03,Sundargarh
2016,140,38.37,27.58,51.21,4.96,22.63,Sundargarh
2016,141,40.05,27.68,47.95,4.44,20.08,Sundargarh
2016,142,41.65,26.89,39.92,2.03,23.92,Sundargarh
2016,143,44.7,30.35,34.18,4.15,24.98,Sundargarh
2016,144,44.78,31.01,31.3,4.57,23.4,Sundargarh
2016,145,42.59,28.97,40.42,3.34,25.12,Sundargarh
2016,146,43.08,30.96,30.86,3.82,24.68,Sundargarh
2016,147,42.0,28.35,29.99,3.37,24.73,Sundargarh
2016,148,41.99,29.83,38.13,3.39,22.09,Sundargarh
2016,149,41.46,29.45,42.26,2.83,21.26,Sundargarh
2016,150,40.21,27.8,40.32,1.81,15.87,Sundargarh
2016,151,40.75,27.77,41.79,2.03,24.76,Sundargarh
2016,152,41.67,27.87,41.93,2.0,22.96,Sundargarh
2016,153,41.72,29.27,40.29,2.55,23.08,Sundargarh
2016,154,41.95,28.96,41.38,3.11,21.43,Sundargarh
2016,155,39.63,29.48,51.1,4.63,22.58,Sundargarh
2016,156,36.51,27.55,58.27,4.37,24.3,Sundargarh
2016,157,39.02,26.54,49.08,3.6,24.75,Sundargarh
2016,158,37.39,28.36,51.71,3.34,25.57,Sundargarh
2016,159,36.24,28.15,54.24,2.91,24.18,Sundargarh
2016,160,36.89,27.79,58.66,2.33,20.97,Sundargarh
2016,161,38.59,26.98,57.87,3.5,22.19,Sundargarh
2016,162,42.16,29.58,42.57,4.94,24.57,Sundargarh
2016,163,41.44,30.09,41.99,4.87,24.01,Sundargarh
2016,164,42.17,29.69,44.01,3.46,20.04,Sundargarh
2016,165,39.49,29.75,50.39,3.14,23.0,Sundargarh
2016,166,40.27,28.79,48.6,4.56,22.38,Sundargarh
2016,167,41.58,29.34,45.04,2.98,20.68,Sundargarh
2016,168,34.21,28.79,58.57,1.99,17.08,Sundargarh
2016,169,34.36,27.06,62.61,1.18,18.38,Sundargarh
2016,170,32.21,27.23,72.73,2.42,17.17,Sundargarh
2016,171,34.76,25.98,67.92,3.7,17.18,Sundargarh
2016,172,35.6,25.76,63.64,4.43,20.74,Sundargarh
2016,173,36.63,26.25,59.97,3.93,22.22,Sundargarh
2016,174,35.04,27.72,60.84,2.5,21.21,Sundargarh
2016,175,32.71,28.02,68.27,2.38,17.08,Sundargarh
2016,176,32.55,26.58,73.16,2.19,19.66,Sundargarh
2016,177,36.12,26.77,62.69,2.35,21.94,Sundargarh
2016,178,35.67,26.81,60.91,2.36,23.9,Sundargarh
2016,179,36.07,27.38,60.98,2.43,19.01,Sundargarh
2016,180,37.08,26.74,68.38,5.22,15.97,Sundargarh
2016,181,36.31,25.92,69.01,5.32,17.91,Sundargarh
2016,182,36.51,26.01,66.78,4.59,20.79,Sundargarh
2016,183,37.33,27.49,63.48,1.96,22.91,Sundargarh
2016,184,33.35,27.21,72.86,3.85,11.31,Sundargarh
2016,185,30.49,26.09,82.58,6.06,5.98,Sundargarh
2016,186,29.46,25.0,83.73,7.47,6.14,Sundargarh
2016,187,31.87,24.85,81.12,7.26,6.38,Sundargarh
2016,188,32.4,24.34,80.65,7.47,9.56,Sundargarh
2016,189,30.57,24.52,82.41,4.72,13.18,Sundargarh
2016,190,31.4,25.26,83.16,3.47,12.68,Sundargarh
2016,191,33.01,24.44,78.04,3.86,12.57,Sundargarh
2016,192,33.71,24.74,77.43,1.9,13.53,Sundargarh
2016,193,32.88,24.95,78.16,3.98,12.46,Sundargarh
2016,194,34.38,24.41,73.77,3.87,13.48,Sundargarh
2016,195,32.91,24.82,72.75,5.52,11.85,Sundargarh
2016,196,33.64,25.27,76.62,5.11,11.89,Sundargarh
2016,197,30.13,25.74,85.3,4.89,13.61,Sundargarh
2016,198,31.29,25.01,84.21,5.41,9.39,Sundargarh
2016,199,30.34,24.81,85.28,5.09,11.67,Sundargarh
2016,200,31.25,24.43,82.91,4.52,11.65,Sundargarh
2016,201,31.14,24.39,82.73,3.89,14.81,Sundargarh
2016,202,30.93,24.78,84.04,2.09,15.74,Sundargarh
2016,203,32.37,25.2,80.29,1.61,13.1,Sundargarh
2016,204,31.65,24.8,82.55,2.86,14.48,Sundargarh
2016,205,31.32,24.58,83.46,3.72,18.66,Sundargarh
2016,206,31.46,24.13,82.81,3.4,21.51,Sundargarh
2016,207,30.65,24.36,85.8,2.39,18.75,Sundargarh
2016,208,29.45,24.52,88.3,3.9,8.45,Sundargarh
2016,209,31.38,23.83,80.63,3.69,15.23,Sundargarh
2016,210,31.64,24.02,79.71,2.78,20.04,Sundargarh
2016,211,31.07,24.85,79.54,1.83,21.43,Sundargarh
2016,212,31.35,24.89,80.03,1.58,19.06,Sundargarh
2016,213,31.09,24.86,81.7,2.48,20.16,Sundargarh
2016,214,29.74,24.26,86.59,3.02,13.81,Sundargarh
2016,215,27.7,24.54,91.69,1.77,14.43,Sundargarh
2016,216,29.74,24.69,89.18,3.3,16.86,Sundargarh
2016,217,30.59,24.37,87.25,2.03,16.5,Sundargarh
2016,218,29.57,24.61,89.39,2.94,14.76,Sundargarh
2016,219,29.44,24.11,89.37,3.85,11.47,Sundargarh
2016,220,29.07,24.66,86.52,5.69,7.72,Sundargarh
2016,221,30.16,24.31,85.23,4.73,12.0,Sundargarh
2016,222,28.5,23.96,89.57,3.84,13.72,Sundargarh
2016,223,27.3,24.52,91.84,5.53,7.94,Sundargarh
2016,224,29.62,23.79,89.2,4.95,12.19,Sundargarh
2016,225,28.62,24.75,89.81,5.87,13.29,Sundargarh
2016,226,31.13,24.07,86.7,5.7,8.52,Sundargarh
2016,227,30.79,25.07,87.38,4.41,14.11,Sundargarh
2016,228,28.85,25.18,92.81,4.67,11.6,Sundargarh
2016,229,28.29,24.63,92.09,5.93,12.87,Sundargarh
2016,230,29.31,25.47,88.7,4.62,14.65,Sundargarh
2016,231,27.37,23.96,90.13,8.12,5.37,Sundargarh
2016,232,30.68,23.38,84.61,5.19,15.84,Sundargarh
2016,233,30.57,22.06,82.16,3.18,22.98,Sundargarh
2016,234,30.78,23.41,82.92,4.0,20.94,Sundargarh
2016,235,28.85,24.03,88.34,3.71,7.9,Sundargarh
2016,236,28.77,23.63,86.41,3.83,12.63,Sundargarh
2016,237,30.35,23.87,84.46,2.19,20.89,Sundargarh
2016,238,31.13,24.47,83.33,2.01,22.03,Sundargarh
2016,239,30.1,24.32,85.88,2.71,19.37,Sundargarh
2016,240,30.76,24.34,86.97,3.69,21.17,Sundargarh
2016,241,31.31,24.37,83.75,1.87,23.79,Sundargarh
2016,242,31.38,24.7,82.69,1.69,22.54,Sundargarh
2016,243,30.8,24.73,87.09,2.34,21.42,Sundargarh
2016,244,30.22,24.56,87.18,2.65,18.83,Sundargarh
2016,245,29.72,23.8,89.69,2.3,15.96,Sundargarh
2016,246,29.82,24.46,90.88,3.92,12.77,Sundargarh
2016,247,28.8,24.65,91.01,3.32,9.02,Sundargarh
2016,248,29.28,24.54,89.31,3.67,9.51,Sundargarh
2016,249,29.52,24.21,88.13,3.59,7.39,Sundargarh
2016,250,30.28,23.29,85.47,3.66,7.23,Sundargarh
2016,251,28.08,23.22,90.39,4.29,8.71,Sundargarh
2016,252,30.32,23.89,89.37,3.62,12.13,Sundargarh
2016,253,28.42,24.16,91.78,3.29,13.84,Sundargarh
2016,254,29.64,24.71,90.39,2.25,16.33,Sundargarh
2016,255,31.02,24.19,87.71,2.41,18.96,Sundargarh
2016,256,29.89,24.93,89.47,3.02,17.21,Sundargarh
2016,257,29.34,24.25,88.61,2.91,16.97,Sundargarh
2016,258,30.78,23.81,86.07,2.78,18.33,Sundargarh
2016,259,30.25,24.49,86.87,2.43,20.25,Sundargarh
2016,260,30.38,24.11,86.61,2.38,21.71,Sundargarh
2016,261,30.67,23.93,87.22,2.26,20.17,Sundargarh
2016,262,30.02,24.22,87.61,2.16,18.72,Sundargarh
2016,263,31.06,23.87,83.24,1.22,19.33,Sundargarh
2016,264,29.11,25.35,87.76,1.38,15.18,Sundargarh
2016,265,30.8,24.45,87.22,2.93,19.36,Sundargarh
2016,266,29.38,24.12,89.06,3.57,14.81,Sundargarh
2016,267,29.23,24.09,87.69,2.69,15.71,Sundargarh
2016,268,28.7,23.82,90.26,3.2,17.27,Sundargarh
2016,269,30.07,23.72,88.54,2.15,16.2,Sundargarh
2016,270,28.91,24.37,89.64,2.94,18.01,Sundargarh
2016,271,29.57,24.14,89.06,3.31,13.83,Sundargarh
2016,272,29.33,24.15,90.24,3.65,14.24,Sundargarh
2016,273,29.84,24.09,87.47,3.64,17.19,Sundargarh
2016,274,29.15,23.81,89.73,3.52,17.43,Sundargarh
2016,275,29.22,23.68,89.12,3.71,17.6,Sundargarh
2016,276,29.49,23.35,87.35,2.78,17.34,Sundargarh
2016,277,30.23,23.14,85.47,1.74,18.04,Sundargarh
2016,278,30.14,23.76,87.07,2.29,18.02,Sundargarh
2016,279,29.21,23.72,89.62,2.37,17.96,Sundargarh
2016,280,28.94,23.81,90.86,1.98,15.12,Sundargarh
2016,281,28.63,24.29,87.31,1.96,18.29,Sundargarh
2016,282,27.96,23.3,90.17,1.84,13.08,Sundargarh
2016,283,29.66,23.62,87.01,2.04,14.88,Sundargarh
2016,284,29.13,22.5,86.08,2.9,16.59,Sundargarh
2016,285,30.38,19.73,81.22,2.55,18.79,Sundargarh
2016,286,30.41,20.53,75.87,2.36,19.51,Sundargarh
2016,287,30.1,20.04,69.89,1.65,20.53,Sundargarh
2016,288,29.56,18.6,66.02,2.39,21.06,Sundargarh
2016,289,29.04,16.62,63.64,2.04,20.6,Sundargarh
2016,290,28.52,17.3,65.74,1.71,20.56,Sundargarh
2016,291,28.62,17.68,69.91,1.67,20.11,Sundargarh
2016,292,28.74,18.57,72.27,1.82,19.95,Sundargarh
2016,293,28.87,18.46,67.38,1.54,19.32,Sundargarh
2016,294,28.37,17.12,66.36,1.88,20.04,Sundargarh
2016,295,28.8,17.42,66.78,1.78,19.98,Sundargarh
2016,296,28.93,18.54,66.38,1.87,19.88,Sundargarh
2016,297,28.64,16.42,71.25,2.63,19.83,Sundargarh
2016,298,28.4,16.22,74.6,3.01,18.49,Sundargarh
2016,299,28.36,16.26,74.12,2.96,19.14,Sundargarh
2016,300,28.38,15.6,73.26,3.32,19.36,Sundargarh
2016,301,27.18,16.0,78.76,3.23,16.53,Sundargarh
2016,302,28.39,18.48,82.02,3.06,16.87,Sundargarh
2016,303,27.73,18.41,81.35,3.15,17.41,Sundargarh
2016,304,27.37,17.66,79.4,2.8,18.23,Sundargarh
2016,305,27.32,16.81,80.13,2.86,17.04,Sundargarh
2016,306,27.79,17.86,80.92,2.43,16.46,Sundargarh
2016,307,28.12,18.04,78.41,2.07,18.04,Sundargarh
2016,308,28.32,18.58,83.28,3.24,18.15,Sundargarh
2016,309,26.95,20.52,87.72,3.04,12.94,Sundargarh
2016,310,27.94,18.9,82.28,3.72,17.66,Sundargarh
2016,311,26.58,17.49,75.39,3.18,17.11,Sundargarh
2016,312,26.88,13.92,74.01,3.08,15.25,Sundargarh
2016,313,26.81,14.28,67.3,2.59,16.42,Sundargarh
2016,314,24.92,12.41,68.51,2.5,15.93,Sundargarh
2016,315,23.56,12.38,71.69,1.7,14.14,Sundargarh
2016,316,25.17,12.73,71.12,1.24,15.09,Sundargarh
2016,317,25.82,13.6,71.39,1.21,16.41,Sundargarh
2016,318,26.37,15.89,72.03,0.98,16.6,Sundargarh
2016,319,26.94,15.65,76.66,1.39,15.64,Sundargarh
2016,320,26.5,16.54,78.35,2.13,14.79,Sundargarh
2016,321,26.03,14.6,67.79,2.76,16.73,Sundargarh
2016,322,24.88,12.89,67.82,2.33,17.2,Sundargarh
2016,323,25.29,12.17,66.6,1.79,17.89,Sundargarh
2016,324,25.61,11.58,65.07,1.9,17.48,Sundargarh
2016,325,25.89,13.03,64.15,1.83,17.03,Sundargarh
2016,326,24.93,11.72,67.24,2.27,16.46,Sundargarh
2016,327,25.66,11.38,68.25,2.41,16.25,Sundargarh
2016,328,24.9,11.8,65.54,2.07,17.06,Sundargarh
2016,329,25.5,11.83,68.86,2.43,17.36,Sundargarh
2016,330,25.84,11.02,68.23,2.67,16.94,Sundargarh
2016,331,25.71,12.9,67.85,2.5,17.18,Sundargarh
2016,332,25.78,11.71,76.28,2.77,16.94,Sundargarh
2016,333,25.76,11.29,76.23,2.74,15.97,Sundargarh
2016,334,24.99,11.06,67.97,2.25,16.82,Sundargarh
2016,335,24.8,11.0,66.46,1.8,15.4,Sundargarh
2016,336,24.87,12.82,71.18,1.49,13.82,Sundargarh
2016,337,25.95,15.35,77.1,1.77,15.24,Sundargarh
2016,338,25.87,14.86,81.19,2.57,14.96,Sundargarh
2016,339,25.44,14.29,79.81,2.91,14.26,Sundargarh
2016,340,24.79,12.85,76.53,2.46,15.27,Sundargarh
2016,341,24.99,12.16,72.15,2.5,16.55,Sundargarh
2016,342,24.82,11.65,73.05,2.48,16.33,Sundargarh
2016,343,24.66,11.79,73.76,2.28,16.14,Sundargarh
2016,344,24.27,11.54,73.04,2.38,16.35,Sundargarh
2016,345,24.36,10.74,71.84,2.42,16.55,Sundargarh
2016,346,24.55,9.74,66.62,2.89,16.58,Sundargarh
2016,347,26.11,11.66,66.8,3.53,16.43,Sundargarh
2016,348,25.59,11.78,68.37,3.27,16.74,Sundargarh
2016,349,25.1,11.69,66.16,3.12,15.08,Sundargarh
2016,350,25.12,10.94,68.48,2.99,16.55,Sundargarh
2016,351,23.46,10.41,68.1,2.88,16.17,Sundargarh
2016,352,22.78,9.11,64.78,2.65,16.06,Sundargarh
2016,353,23.6,8.9,63.09,2.28,15.86,Sundargarh
2016,354,23.68,9.28,63.37,2.47,16.0,Sundargarh
2016,355,23.6,10.05,61.79,2.32,16.0,Sundargarh
2016,356,24.62,8.42,61.23,2.67,16.19,Sundargarh
2016,357,23.35,7.6,60.72,2.28,16.38,Sundargarh
2016,358,22.71,8.11,61.68,2.28,14.85,Sundargarh
2016,359,23.13,10.21,63.77,1.72,14.19,Sundargarh
2016,360,23.7,11.49,63.15,1.78,14.87,Sundargarh
2016,361,25.41,11.11,64.79,2.8,15.12,Sundargarh
2016,362,24.78,9.71,65.69,3.07,13.17,Sundargarh
2016,363,24.06,10.37,69.56,2.42,12.02,Sundargarh
2016,364,24.21,10.35,61.57,2.09,13.43,Sundargarh
2016,365,24.29,9.52,62.24,2.28,13.7,Sundargarh
2016,366,24.97,9.7,62.76,2.01,13.74,Sundargarh
2017,1,25.22,10.67,66.13,1.82,14.33,Sundargarh
2017,2,24.67,11.66,76.17,2.35,10.0,Sundargarh
2017,3,24.46,13.07,75.05,2.47,12.84,Sundargarh
2017,4,24.38,11.65,72.46,2.6,15.55,Sundargarh
2017,5,24.71,10.31,59.88,2.22,16.45,Sundargarh
2017,6,25.17,9.96,54.66,1.91,16.82,Sundargarh
2017,7,25.21,10.9,52.68,1.77,16.39,Sundargarh
2017,8,25.39,10.62,58.22,2.02,15.44,Sundargarh
2017,9,25.66,12.52,57.85,1.57,14.75,Sundargarh
2017,10,24.79,12.84,68.98,2.38,4.34,Sundargarh
2017,11,22.78,13.88,73.92,2.54,10.35,Sundargarh
2017,12,22.81,10.17,62.96,2.58,11.98,Sundargarh
2017,13,22.65,8.99,59.07,2.45,14.69,Sundargarh
2017,14,22.93,7.76,54.13,2.7,16.34,Sundargarh
2017,15,24.16,8.04,50.94,2.34,17.06,Sundargarh
2017,16,26.14,8.96,46.73,1.86,17.3,Sundargarh
2017,17,26.67,13.06,50.37,1.71,15.53,Sundargarh
2017,18,27.28,12.33,61.42,2.83,15.69,Sundargarh
2017,19,27.36,12.25,61.12,3.69,17.18,Sundargarh
2017,20,28.14,12.93,60.21,3.06,16.05,Sundargarh
2017,21,28.28,12.96,56.24,2.54,17.43,Sundargarh
2017,22,28.98,12.35,51.5,3.26,17.91,Sundargarh
2017,23,28.36,13.01,52.66,3.43,17.92,Sundargarh
2017,24,28.47,12.62,53.51,2.93,17.74,Sundargarh
2017,25,28.34,12.91,52.31,2.78,18.11,Sundargarh
2017,26,28.16,12.5,51.45,2.4,11.1,Sundargarh
2017,27,29.38,16.89,52.79,3.1,14.2,Sundargarh
2017,28,27.66,13.67,60.33,3.42,16.48,Sundargarh
2017,29,27.78,10.81,48.48,2.66,18.31,Sundargarh
2017,30,29.5,11.95,44.58,2.25,19.23,Sundargarh
2017,31,29.44,11.95,45.93,2.56,18.19,Sundargarh
2017,32,29.28,12.5,42.22,2.87,18.31,Sundargarh
2017,33,28.26,12.41,48.57,2.81,16.0,Sundargarh
2017,34,27.36,11.7,48.15,2.7,17.34,Sundargarh
2017,35,28.52,10.98,45.07,2.42,18.52,Sundargarh
2017,36,29.71,11.96,45.27,2.38,19.32,Sundargarh
2017,37,31.04,14.01,41.18,2.47,19.15,Sundargarh
2017,38,30.28,14.7,45.89,3.17,19.44,Sundargarh
2017,39,30.9,12.82,40.96,2.5,20.81,Sundargarh
2017,40,31.07,13.32,36.58,2.2,20.37,Sundargarh
2017,41,30.85,14.24,38.2,2.23,18.78,Sundargarh
2017,42,30.39,14.11,44.65,2.52,15.8,Sundargarh
2017,43,29.67,15.18,60.34,2.65,12.29,Sundargarh
2017,44,30.6,16.88,53.28,1.57,17.42,Sundargarh
2017,45,30.89,16.65,52.22,2.49,17.35,Sundargarh
2017,46,31.13,15.48,49.31,2.7,18.9,Sundargarh
2017,47,31.38,14.64,42.22,2.93,19.65,Sundargarh
2017,48,31.46,15.8,38.02,2.63,19.9,Sundargarh
2017,49,32.09,15.49,44.98,2.68,19.32,Sundargarh
2017,50,32.16,15.9,48.07,3.08,18.84,Sundargarh
2017,51,33.47,15.6,40.16,3.42,20.81,Sundargarh
2017,52,33.83,15.84,38.27,3.19,21.51,Sundargarh
2017,53,34.07,18.0,38.06,2.47,21.18,Sundargarh
2017,54,33.74,15.81,32.33,3.25,22.02,Sundargarh
2017,55,31.78,13.87,27.31,3.41,22.93,Sundargarh
2017,56,31.99,12.8,25.54,3.53,23.73,Sundargarh
2017,57,33.23,14.2,26.13,2.67,22.71,Sundargarh
2017,58,33.35,14.48,30.71,2.55,22.34,Sundargarh
2017,59,33.64,14.58,27.71,3.19,22.96,Sundargarh
2017,60,35.24,15.64,26.11,2.3,23.5,Sundargarh
2017,61,34.64,15.78,32.89,2.42,22.48,Sundargarh
2017,62,35.15,17.19,32.46,2.54,20.08,Sundargarh
2017,63,34.48,19.2,34.58,2.13,18.59,Sundargarh
2017,64,34.9,18.51,35.49,2.67,20.29,Sundargarh
2017,65,33.53,16.9,29.78,3.7,21.61,Sundargarh
2017,66,34.4,16.63,26.0,2.69,19.51,Sundargarh
2017,67,29.89,19.03,52.57,2.58,7.58,Sundargarh
2017,68,34.0,19.82,53.81,3.67,16.64,Sundargarh
2017,69,34.17,20.37,49.2,3.85,11.61,Sundargarh
2017,70,31.89,18.72,54.21,4.17,17.35,Sundargarh
2017,71,32.26,18.69,39.73,3.44,21.76,Sundargarh
2017,72,31.57,14.38,28.43,2.82,24.17,Sundargarh
2017,73,32.02,14.71,29.29,2.52,23.62,Sundargarh
2017,74,32.64,15.05,25.6,2.84,23.23,Sundargarh
2017,75,33.8,14.77,24.14,3.05,24.58,Sundargarh
2017,76,34.24,17.4,30.89,2.93,21.52,Sundargarh
2017,77,34.9,19.35,34.75,2.72,23.66,Sundargarh
2017,78,35.55,18.7,32.79,4.43,15.94,Sundargarh
2017,79,33.87,20.12,38.88,3.88,23.31,Sundargarh
2017,80,35.08,18.0,27.09,3.02,24.07,Sundargarh
2017,81,37.48,17.19,22.96,2.66,25.48,Sundargarh
2017,82,39.42,21.2,24.04,2.62,24.45,Sundargarh
2017,83,39.09,21.05,25.88,2.3,24.8,Sundargarh
2017,84,40.1,22.2,27.77,1.85,22.57,Sundargarh
2017,85,39.92,23.23,23.75,3.37,23.64,Sundargarh
2017,86,40.25,23.0,22.53,3.04,25.61,Sundargarh
2017,87,41.39,23.75,21.25,3.6,25.49,Sundargarh
2017,88,41.57,23.35,21.9,2.76,25.18,Sundargarh
2017,89,42.47,24.84,18.08,2.64,25.21,Sundargarh
2017,90,43.03,23.66,17.17,2.29,25.5,Sundargarh
2017,91,42.26,22.8,23.61,2.64,24.25,Sundargarh
2017,92,42.35,27.13,20.02,2.39,22.2,Sundargarh
2017,93,41.3,27.73,23.72,3.84,23.26,Sundargarh
2017,94,42.49,25.29,22.21,3.13,23.51,Sundargarh
2017,95,42.21,25.86,23.62,2.73,23.17,Sundargarh
2017,96,42.24,27.03,24.57,2.97,23.23,Sundargarh
2017,97,43.01,26.06,25.82,3.01,23.8,Sundargarh
2017,98,42.75,25.36,23.18,1.98,24.69,Sundargarh
2017,99,41.73,25.46,24.15,2.85,24.55,Sundargarh
2017,100,40.37,23.83,11.38,3.83,25.78,Sundargarh
2017,101,40.19,21.84,11.2,3.66,28.12,Sundargarh
2017,102,40.6,21.84,12.52,1.94,26.34,Sundargarh
2017,103,41.15,22.57,15.09,1.99,26.34,Sundargarh
2017,104,41.11,22.14,28.99,2.54,25.75,Sundargarh
2017,105,41.92,22.94,35.15,2.54,25.53,Sundargarh
2017,106,41.93,23.81,38.93,2.8,24.02,Sundargarh
2017,107,40.32,24.6,41.18,2.74,26.03,Sundargarh
2017,108,42.63,25.7,41.07,2.85,24.56,Sundargarh
2017,109,42.28,26.42,38.1,2.92,22.37,Sundargarh
2017,110,43.98,27.29,19.48,3.15,24.48,Sundargarh
2017,111,43.23,25.48,17.86,3.26,25.71,Sundargarh
2017,112,44.94,27.97,20.45,2.78,23.28,Sundargarh
2017,113,43.62,28.65,18.75,3.91,23.13,Sundargarh
2017,114,42.87,27.07,16.13,4.61,27.88,Sundargarh
2017,115,42.71,26.1,18.85,3.86,28.37,Sundargarh
2017,116,42.58,27.58,19.95,3.32,26.33,Sundargarh
2017,117,42.7,28.24,16.03,4.14,26.56,Sundargarh
2017,118,42.81,25.9,15.48,2.69,27.27,Sundargarh
2017,119,43.06,26.78,16.13,2.21,25.97,Sundargarh
2017,120,43.07,28.78,20.24,1.98,24.47,Sundargarh
2017,121,42.11,27.66,23.61,2.49,16.72,Sundargarh
2017,122,40.93,27.41,26.81,2.14,24.12,Sundargarh
2017,123,42.3,27.86,19.94,1.56,26.3,Sundargarh
2017,124,43.01,26.08,21.99,1.9,25.13,Sundargarh
2017,125,43.48,29.07,22.14,2.79,24.17,Sundargarh
2017,126,43.39,28.71,24.19,2.22,21.76,Sundargarh
2017,127,42.46,28.1,32.7,2.5,22.96,Sundargarh
2017,128,42.93,27.74,31.25,2.28,23.43,Sundargarh
2017,129,41.63,29.92,30.09,3.25,22.82,Sundargarh
2017,130,41.71,28.26,37.07,3.6,24.73,Sundargarh
2017,131,43.04,28.09,35.9,3.01,22.8,Sundargarh
2017,132,41.07,29.03,38.39,2.72,25.16,Sundargarh
2017,133,42.21,29.13,35.71,2.91,23.25,Sundargarh
2017,134,44.98,28.96,29.68,2.68,25.16,Sundargarh
2017,135,45.83,30.15,24.65,3.05,23.82,Sundargarh
2017,136,45.94,30.51,24.19,2.71,23.99,Sundargarh
2017,137,45.82,29.4,27.26,2.97,25.18,Sundargarh
2017,138,44.23,30.24,34.64,2.85,22.28,Sundargarh
2017,139,40.33,28.83,46.51,3.26,24.4,Sundargarh
2017,140,41.6,28.13,43.7,2.4,23.51,Sundargarh
2017,141,42.47,28.17,39.21,2.87,24.3,Sundargarh
2017,142,42.64,28.27,41.77,3.25,25.06,Sundargarh
2017,143,43.23,29.16,42.75,3.77,24.11,Sundargarh
2017,144,42.75,29.61,43.64,4.08,24.4,Sundargarh
2017,145,43.35,28.56,42.45,3.59,23.72,Sundargarh
2017,146,42.85,30.35,39.84,4.26,21.68,Sundargarh
2017,147,39.99,28.53,50.16,4.63,22.7,Sundargarh
2017,148,41.09,28.67,44.6,1.77,24.57,Sundargarh
2017,149,41.63,28.74,42.83,3.34,23.04,Sundargarh
2017,150,41.41,28.09,42.32,4.07,23.3,Sundargarh
2017,151,40.37,29.46,39.38,2.56,19.54,Sundargarh
2017,152,42.41,30.22,38.9,2.13,22.15,Sundargarh
2017,153,39.86,29.8,49.99,3.49,23.73,Sundargarh
2017,154,42.72,28.27,43.67,4.18,25.22,Sundargarh
2017,155,44.01,30.57,37.71,5.5,25.12,Sundargarh
2017,156,45.99,32.51,30.12,3.66,22.83,Sundargarh
2017,157,39.8,29.41,45.42,3.5,16.06,Sundargarh
2017,158,33.48,29.55,58.66,2.23,14.8,Sundargarh
2017,159,36.89,28.69,53.29,1.74,15.92,Sundargarh
2017,160,40.48,28.58,46.42,2.29,20.77,Sundargarh
2017,161,40.31,29.22,47.58,2.7,19.7,Sundargarh
2017,162,37.01,29.31,53.4,2.73,15.99,Sundargarh
2017,163,38.66,29.08,53.15,4.84,16.95,Sundargarh
2017,164,36.91,27.94,58.67,4.97,16.14,Sundargarh
2017,165,38.98,27.43,55.63,2.9,19.46,Sundargarh
2017,166,39.11,28.48,53.07,2.16,19.41,Sundargarh
2017,167,33.64,26.98,68.88,2.73,20.48,Sundargarh
2017,168,37.9,26.03,54.83,3.47,23.04,Sundargarh
2017,169,38.26,28.1,54.49,4.19,19.66,Sundargarh
2017,170,37.23,28.16,59.66,5.16,19.36,Sundargarh
2017,171,30.78,26.44,78.7,3.43,18.36,Sundargarh
2017,172,32.62,25.35,79.18,3.22,18.18,Sundargarh
2017,173,29.02,25.81,86.25,3.54,16.48,Sundargarh
2017,174,34.16,25.28,73.29,2.51,19.38,Sundargarh
2017,175,35.5,26.02,65.8,2.28,13.98,Sundargarh
2017,176,33.31,25.78,74.16,1.84,15.9,Sundargarh
2017,177,33.36,25.93,72.77,2.55,19.28,Sundargarh
2017,178,32.47,26.12,76.28,1.6,14.95,Sundargarh
2017,179,29.28,25.97,85.74,3.18,12.29,Sundargarh
2017,180,30.85,24.91,84.35,3.71,13.08,Sundargarh
2017,181,31.08,25.05,83.97,4.95,10.01,Sundargarh
2017,182,31.06,25.47,81.24,5.37,11.19,Sundargarh
2017,183,30.73,24.66,83.07,4.61,14.32,Sundargarh
2017,184,31.61,25.19,80.46,5.03,10.28,Sundargarh
2017,185,29.21,24.8,84.65,6.78,9.21,Sundargarh
2017,186,30.42,23.97,84.69,4.29,12.73,Sundargarh
2017,187,32.07,24.36,81.41,3.62,12.74,Sundargarh
2017,188,33.79,25.0,76.33,3.29,9.41,Sundargarh
2017,189,33.66,25.54,77.76,2.72,17.02,Sundargarh
2017,190,31.62,25.95,80.58,3.55,14.69,Sundargarh
2017,191,28.62,25.32,90.76,4.58,10.21,Sundargarh
2017,192,30.53,24.99,84.49,4.15,10.56,Sundargarh
2017,193,31.47,24.42,81.91,3.94,16.92,Sundargarh
2017,194,30.21,24.77,86.11,2.69,16.31,Sundargarh
2017,195,30.08,24.65,85.39,2.58,15.49,Sundargarh
2017,196,30.65,24.33,83.46,1.76,14.88,Sundargarh
2017,197,30.64,24.98,84.34,1.85,20.09,Sundargarh
2017,198,32.2,25.59,83.4,3.12,20.27,Sundargarh
2017,199,31.27,25.36,82.86,6.11,19.05,Sundargarh
2017,200,32.77,24.78,82.17,5.56,14.18,Sundargarh
2017,201,28.56,25.64,90.71,6.03,6.33,Sundargarh
2017,202,30.49,25.2,87.94,5.53,11.97,Sundargarh
2017,203,28.85,25.41,89.07,3.5,6.01,Sundargarh
2017,204,28.41,24.78,89.22,4.78,5.08,Sundargarh
2017,205,27.8,24.56,91.12,5.76,4.96,Sundargarh
2017,206,27.79,24.27,90.4,5.51,5.28,Sundargarh
2017,207,27.47,24.06,90.61,6.26,2.64,Sundargarh
2017,208,30.33,24.2,84.86,5.28,9.78,Sundargarh
2017,209,30.65,23.77,85.06,3.17,12.52,Sundargarh
2017,210,31.1,24.24,83.7,2.82,20.14,Sundargarh
2017,211,30.05,24.62,88.28,3.09,6.15,Sundargarh
2017,212,28.54,24.65,88.27,2.04,15.31,Sundargarh
2017,213,30.64,24.0,85.05,2.98,17.33,Sundargarh
2017,214,30.13,24.76,87.97,3.33,16.01,Sundargarh
2017,215,29.5,25.22,89.37,4.07,12.78,Sundargarh
2017,216,30.36,24.4,87.18,3.05,15.84,Sundargarh
2017,217,30.42,24.32,88.95,2.31,13.01,Sundargarh
2017,218,30.15,25.43,88.61,2.69,15.7,Sundargarh
2017,219,30.62,25.32,88.78,3.49,15.07,Sundargarh
2017,220,31.13,24.83,87.49,4.06,16.38,Sundargarh
2017,221,29.99,24.45,88.53,3.9,17.8,Sundargarh
2017,222,29.45,24.24,86.27,4.89,10.09,Sundargarh
2017,223,30.01,24.39,88.72,4.36,14.9,Sundargarh
2017,224,28.33,24.79,90.45,4.2,9.95,Sundargarh
2017,225,29.55,23.97,88.53,3.25,15.63,Sundargarh
2017,226,29.94,24.09,88.0,2.59,13.06,Sundargarh
2017,227,29.97,24.14,89.05,3.12,14.77,Sundargarh
2017,228,28.46,24.61,92.28,3.51,13.86,Sundargarh
2017,229,29.58,24.51,92.17,3.45,12.2,Sundargarh
2017,230,30.88,25.02,88.0,4.62,17.22,Sundargarh
2017,231,29.48,24.09,88.63,4.4,13.6,Sundargarh
2017,232,29.61,24.14,87.78,4.08,16.33,Sundargarh
2017,233,30.11,24.09,86.36,3.38,18.94,Sundargarh
2017,234,30.7,24.86,82.61,1.33,18.38,Sundargarh
2017,235,31.17,25.03,81.85,1.26,15.38,Sundargarh
2017,236,30.27,24.75,86.61,2.37,18.14,Sundargarh
2017,237,30.87,25.13,83.17,1.37,17.06,Sundargarh
2017,238,31.27,24.96,86.14,2.27,18.73,Sundargarh
2017,239,29.95,25.19,89.47,2.99,18.1,Sundargarh
2017,240,29.76,24.23,87.55,3.06,14.94,Sundargarh
2017,241,27.76,24.82,91.88,4.28,14.42,Sundargarh
2017,242,30.7,24.11,85.39,2.78,15.18,Sundargarh
2017,243,30.3,24.27,86.65,2.58,16.28,Sundargarh
2017,244,29.49,24.9,90.18,3.2,12.15,Sundargarh
2017,245,29.67,24.27,86.87,2.09,17.56,Sundargarh
2017,246,30.23,24.52,85.02,2.64,21.22,Sundargarh
2017,247,31.47,23.1,83.32,1.9,20.83,Sundargarh
2017,248,32.28,24.66,79.68,1.55,19.15,Sundargarh
2017,249,32.19,25.55,79.61,1.53,19.12,Sundargarh
2017,250,31.38,25.68,81.49,1.18,18.32,Sundargarh
2017,251,30.6,24.99,85.32,1.58,17.95,Sundargarh
2017,252,31.02,24.72,85.17,1.85,12.91,Sundargarh
2017,253,29.9,24.93,87.91,1.63,14.55,Sundargarh
2017,254,29.3,25.07,87.44,1.86,15.33,Sundargarh
2017,255,30.1,24.45,87.87,2.42,15.04,Sundargarh
2017,256,28.87,24.28,89.9,2.1,14.73,Sundargarh
2017,257,29.64,24.49,87.07,1.65,16.03,Sundargarh
2017,258,29.23,24.21,86.18,1.48,14.12,Sundargarh
2017,259,31.7,23.94,81.81,1.29,16.81,Sundargarh
2017,260,30.18,25.38,85.83,1.4,18.29,Sundargarh
2017,261,27.88,25.01,93.49,2.89,10.65,Sundargarh
2017,262,29.22,24.61,89.29,2.92,13.6,Sundargarh
2017,263,28.17,24.14,92.17,5.18,10.48,Sundargarh
2017,264,28.41,23.6,90.89,3.05,13.31,Sundargarh
2017,265,28.79,24.08,89.21,2.87,16.11,Sundargarh
2017,266,30.56,23.88,84.79,1.78,19.41,Sundargarh
2017,267,31.33,23.49,81.9,2.04,18.83,Sundargarh
2017,268,30.87,23.89,80.16,2.33,21.15,Sundargarh
2017,269,31.48,23.21,74.79,1.55,17.88,Sundargarh
2017,270,31.19,24.28,79.56,1.44,15.37,Sundargarh
2017,271,29.91,24.92,82.67,0.81,16.72,Sundargarh
2017,272,28.97,24.26,86.14,1.18,14.82,Sundargarh
2017,273,29.86,24.14,86.33,1.16,16.07,Sundargarh
2017,274,29.44,24.33,85.84,1.14,12.49,Sundargarh
2017,275,28.05,24.16,89.75,2.34,15.39,Sundargarh
2017,276,26.4,23.71,92.7,2.39,17.39,Sundargarh
2017,277,29.14,23.17,87.56,1.81,16.43,Sundargarh
2017,278,29.01,23.18,88.95,2.08,17.38,Sundargarh
2017,279,29.35,23.49,88.14,1.97,14.81,Sundargarh
2017,280,29.25,22.92,89.33,3.2,15.96,Sundargarh
2017,281,28.83,23.61,90.39,2.73,15.38,Sundargarh
2017,282,30.42,23.54,84.97,1.56,16.37,Sundargarh
2017,283,30.32,22.58,84.67,1.97,15.44,Sundargarh
2017,284,30.53,23.5,85.07,1.79,14.82,Sundargarh
2017,285,30.32,24.35,81.66,1.39,15.58,Sundargarh
2017,286,30.71,24.19,81.33,1.47,15.42,Sundargarh
2017,287,31.36,23.71,77.73,1.32,17.92,Sundargarh
2017,288,31.9,23.11,69.04,1.27,19.45,Sundargarh
2017,289,31.2,21.24,68.24,1.85,20.68,Sundargarh
2017,290,31.33,19.71,71.27,2.39,20.45,Sundargarh
2017,291,29.96,18.94,77.38,2.77,18.09,Sundargarh
2017,292,29.37,23.04,88.47,3.9,12.43,Sundargarh
2017,293,28.66,23.25,89.11,4.5,7.87,Sundargarh
2017,294,29.85,22.33,86.43,3.59,16.29,Sundargarh
2017,295,30.02,21.19,77.91,1.97,18.66,Sundargarh
2017,296,29.79,19.75,80.16,2.11,18.13,Sundargarh
2017,297,30.0,21.6,76.87,1.72,15.32,Sundargarh
2017,298,29.95,21.36,65.17,0.83,17.57,Sundargarh
2017,299,29.18,21.88,60.77,0.73,15.47,Sundargarh
2017,300,29.6,21.93,63.54,0.79,14.45,Sundargarh
2017,301,28.62,21.75,68.01,0.98,15.47,Sundargarh
2017,302,29.04,21.46,57.13,0.96,17.06,Sundargarh
2017,303,27.65,16.73,62.11,1.32,18.12,Sundargarh
2017,304,27.87,18.31,60.2,0.81,17.37,Sundargarh
2017,305,26.77,16.17,71.13,1.51,16.4,Sundargarh
2017,306,27.22,17.52,72.84,1.74,19.01,Sundargarh
2017,307,26.75,16.01,79.73,2.32,18.66,Sundargarh
2017,308,27.05,15.69,76.55,2.31,18.75,Sundargarh
2017,309,26.76,16.36,76.32,2.15,18.67,Sundargarh
2017,310,27.95,17.14,75.9,1.7,19.22,Sundargarh
2017,311,28.38,18.03,70.77,1.24,17.17,Sundargarh
2017,312,27.66,17.58,68.43,1.2,16.71,Sundargarh
2017,313,26.8,18.45,61.05,0.78,16.64,Sundargarh
2017,314,26.39,15.93,62.65,1.35,16.29,Sundargarh
2017,315,26.28,14.87,66.51,1.76,16.01,Sundargarh
2017,316,26.45,15.03,69.98,1.82,17.75,Sundargarh
2017,317,26.29,14.9,70.32,1.84,17.26,Sundargarh
2017,318,26.02,15.76,82.36,2.8,14.55,Sundargarh
2017,319,24.83,19.14,88.58,3.66,7.13,Sundargarh
2017,320,24.06,18.64,90.13,3.26,6.99,Sundargarh
2017,321,26.29,18.19,86.92,3.1,6.95,Sundargarh
2017,322,27.42,18.62,86.86,2.53,11.04,Sundargarh
2017,323,28.13,18.44,79.68,1.98,14.77,Sundargarh
2017,324,28.22,18.5,78.83,2.2,15.17,Sundargarh
2017,325,26.96,15.59,68.67,2.7,15.96,Sundargarh
2017,326,26.67,15.21,68.32,2.03,15.8,Sundargarh
2017,327,25.2,14.66,69.95,2.81,16.24,Sundargarh
2017,328,24.84,11.57,62.66,2.19,16.89,Sundargarh
2017,329,24.65,10.67,56.45,1.66,17.12,Sundargarh
2017,330,24.68,11.22,60.84,1.67,15.96,Sundargarh
2017,331,24.94,11.56,59.48,1.91,16.55,Sundargarh
2017,332,24.78,12.47,59.79,1.55,16.66,Sundargarh
2017,333,24.63,12.68,60.06,1.22,16.44,Sundargarh
2017,334,24.4,12.67,62.86,1.05,15.97,Sundargarh
2017,335,24.71,11.55,58.91,1.62,15.64,Sundargarh
2017,336,24.24,10.64,59.36,1.77,15.58,Sundargarh
2017,337,23.43,10.64,63.12,1.78,15.11,Sundargarh
2017,338,23.51,10.69,62.69,1.15,15.4,Sundargarh
2017,339,23.51,11.69,64.69,1.17,15.24,Sundargarh
2017,340,23.82,11.65,68.56,1.03,14.77,Sundargarh
2017,341,24.9,13.27,69.45,2.72,14.43,Sundargarh
2017,342,25.39,14.29,74.3,3.61,13.27,Sundargarh
2017,343,25.61,16.55,75.24,3.75,10.88,Sundargarh
2017,344,25.16,14.26,72.58,2.6,10.04,Sundargarh
2017,345,25.14,14.7,76.15,1.82,13.66,Sundargarh
2017,346,25.86,13.93,72.81,1.56,14.41,Sundargarh
2017,347,26.67,14.41,65.35,1.33,14.82,Sundargarh
2017,348,25.93,13.23,65.23,1.6,14.77,Sundargarh
2017,349,26.13,13.77,69.48,2.08,14.92,Sundargarh
2017,350,25.73,13.54,72.58,2.47,14.68,Sundargarh
2017,351,25.15,12.32,71.38,3.01,15.41,Sundargarh
2017,352,23.81,10.09,55.99,2.42,16.31,Sundargarh
2017,353,22.66,8.3,57.63,1.92,15.0,Sundargarh
2017,354,23.17,8.73,61.81,1.78,15.48,Sundargarh
2017,355,23.39,10.15,69.78,1.75,14.61,Sundargarh
2017,356,23.97,12.23,77.82,1.77,13.87,Sundargarh
2017,357,24.7,11.53,61.61,2.15,14.3,Sundargarh
2017,358,24.09,10.21,57.05,2.09,15.54,Sundargarh
2017,359,24.49,10.64,59.39,2.15,15.17,Sundargarh
2017,360,23.91,8.86,59.07,3.14,16.21,Sundargarh
2017,361,23.67,7.61,55.47,2.12,16.88,Sundargarh
2017,362,24.1,8.4,55.22,2.16,16.72,Sundargarh
2017,363,24.54,9.75,51.73,1.63,16.44,Sundargarh
2017,364,24.3,11.03,54.04,1.67,15.95,Sundargarh
2017,365,24.86,10.72,56.84,1.96,15.8,Sundargarh
2018,1,23.66,10.44,58.25,2.28,15.76,Sundargarh
2018,2,22.91,9.88,59.81,2.94,14.55,Sundargarh
2018,3,23.12,9.05,60.01,2.52,14.45,Sundargarh
2018,4,23.0,8.22,55.48,2.1,15.75,Sundargarh
2018,5,22.71,8.65,55.34,2.24,16.36,Sundargarh
2018,6,23.17,6.77,49.71,2.51,16.86,Sundargarh
2018,7,23.05,7.68,46.82,2.08,16.47,Sundargarh
2018,8,23.59,8.01,46.74,1.86,17.01,Sundargarh
2018,9,23.15,7.39,50.61,2.26,17.44,Sundargarh
2018,10,23.79,6.86,46.71,2.3,17.48,Sundargarh
2018,11,24.41,7.0,46.05,2.51,16.97,Sundargarh
2018,12,25.1,8.79,46.6,2.37,16.8,Sundargarh
2018,13,26.04,9.72,43.99,2.58,16.37,Sundargarh
2018,14,25.32,10.6,51.32,2.76,16.72,Sundargarh
2018,15,25.89,8.95,50.77,2.6,17.53,Sundargarh
2018,16,25.33,9.43,44.45,1.84,17.64,Sundargarh
2018,17,25.55,8.13,43.39,2.14,17.92,Sundargarh
2018,18,25.4,7.82,36.48,2.34,17.89,Sundargarh
2018,19,26.59,8.43,39.92,2.18,18.49,Sundargarh
2018,20,27.35,9.96,46.63,2.38,18.15,Sundargarh
2018,21,26.45,10.5,47.01,1.94,17.76,Sundargarh
2018,22,26.02,9.53,43.93,2.17,17.76,Sundargarh
2018,23,25.63,10.03,45.29,1.8,16.98,Sundargarh
2018,24,25.7,12.89,50.66,1.93,14.53,Sundargarh
2018,25,26.0,10.94,52.74,2.44,17.14,Sundargarh
2018,26,25.73,10.01,41.66,2.69,18.07,Sundargarh
2018,27,26.18,8.85,41.07,2.47,18.91,Sundargarh
2018,28,26.37,9.29,35.67,1.9,19.2,Sundargarh
2018,29,26.73,8.69,37.03,2.46,18.63,Sundargarh
2018,30,27.77,9.24,39.64,2.79,19.55,Sundargarh
2018,31,29.67,11.48,40.3,3.28,19.62,Sundargarh
2018,32,29.29,11.73,40.58,3.74,19.33,Sundargarh
2018,33,29.91,11.53,40.03,2.44,19.1,Sundargarh
2018,34,29.29,12.43,42.05,2.36,19.14,Sundargarh
2018,35,30.23,15.05,38.84,1.75,19.04,Sundargarh
2018,36,30.77,14.54,43.26,2.05,17.61,Sundargarh
2018,37,28.85,15.52,48.32,2.14,16.94,Sundargarh
2018,38,28.85,17.74,47.38,1.69,11.06,Sundargarh
2018,39,29.56,16.99,45.93,2.35,17.32,Sundargarh
2018,40,30.44,16.64,43.59,1.67,15.73,Sundargarh
2018,41,29.37,16.5,47.45,3.17,12.83,Sundargarh
2018,42,29.43,16.5,51.12,3.43,14.18,Sundargarh
2018,43,29.24,14.04,53.23,2.52,15.66,Sundargarh
2018,44,29.33,15.18,50.53,2.82,12.06,Sundargarh
2018,45,28.39,16.73,63.52,3.52,19.71,Sundargarh
2018,46,29.17,12.34,42.8,3.2,21.86,Sundargarh
2018,47,29.67,12.09,39.73,2.96,21.69,Sundargarh
2018,48,30.8,14.01,41.81,2.9,21.15,Sundargarh
2018,49,30.69,14.04,39.14,2.13,20.35,Sundargarh
2018,50,31.12,16.63,39.7,2.05,20.02,Sundargarh
2018,51,31.65,16.04,41.1,2.39,18.66,Sundargarh
2018,52,32.05,15.45,34.66,3.22,21.31,Sundargarh
2018,53,32.5,15.62,34.86,2.45,21.07,Sundargarh
2018,54,33.39,15.94,34.84,2.77,21.19,Sundargarh
2018,55,33.94,18.58,36.0,1.96,20.77,Sundargarh
2018,56,34.14,20.61,36.82,2.0,17.2,Sundargarh
2018,57,33.4,19.26,43.55,2.69,18.69,Sundargarh
2018,58,33.86,16.44,32.35,2.73,22.79,Sundargarh
2018,59,34.19,15.71,34.63,2.88,23.04,Sundargarh
2018,60,34.83,17.37,34.26,2.78,22.78,Sundargarh
2018,61,35.23,18.49,34.66,2.62,21.34,Sundargarh
2018,62,36.05,20.53,32.39,2.25,21.37,Sundargarh
2018,63,35.85,20.55,30.7,1.7,21.25,Sundargarh
2018,64,35.84,21.71,31.89,2.2,13.29,Sundargarh
2018,65,34.32,19.44,38.49,2.58,18.47,Sundargarh
2018,66,34.65,17.78,28.23,2.55,22.71,Sundargarh
2018,67,34.75,16.83,27.12,2.46,21.72,Sundargarh
2018,68,35.03,18.86,30.46,3.09,20.18,Sundargarh
2018,69,36.06,17.5,25.03,2.82,23.93,Sundargarh
2018,70,35.55,18.54,27.41,1.78,20.73,Sundargarh
2018,71,35.37,22.67,29.33,1.7,18.4,Sundargarh
2018,72,36.99,20.17,28.74,2.55,23.04,Sundargarh
2018,73,37.3,19.1,23.98,2.22,23.49,Sundargarh
2018,74,37.76,23.34,26.42,2.93,15.64,Sundargarh
2018,75,33.8,22.89,37.42,4.76,10.35,Sundargarh
2018,76,34.27,19.56,43.69,3.73,20.87,Sundargarh
2018,77,35.71,20.25,29.56,2.11,23.65,Sundargarh
2018,78,36.82,18.99,19.8,3.02,24.78,Sundargarh
2018,79,37.53,19.69,21.16,2.85,24.55,Sundargarh
2018,80,37.4,21.08,25.64,2.28,17.64,Sundargarh
2018,81,37.88,23.94,30.35,2.25,19.69,Sundargarh
2018,82,37.77,21.42,23.47,2.25,22.58,Sundargarh
2018,83,37.87,21.32,23.16,2.71,22.95,Sundargarh
2018,84,37.33,21.37,30.49,2.73,21.69,Sundargarh
2018,85,37.79,20.75,20.34,3.3,24.78,Sundargarh
2018,86,38.36,20.24,17.84,2.43,25.25,Sundargarh
2018,87,38.95,21.9,15.92,2.53,24.17,Sundargarh
2018,88,38.66,21.76,17.75,2.09,22.8,Sundargarh
2018,89,39.6,22.22,25.21,2.74,24.2,Sundargarh
2018,90,39.72,21.26,29.8,1.64,22.79,Sundargarh
2018,91,36.83,21.29,45.3,3.08,17.27,Sundargarh
2018,92,36.38,22.53,44.95,2.75,22.86,Sundargarh
2018,93,36.97,21.95,44.38,2.35,22.46,Sundargarh
2018,94,37.87,22.57,46.33,2.44,19.9,Sundargarh
2018,95,39.66,22.86,45.83,2.69,21.57,Sundargarh
2018,96,39.7,23.27,41.5,2.58,21.91,Sundargarh
2018,97,39.03,25.56,48.87,4.23,19.05,Sundargarh
2018,98,37.36,23.47,45.3,3.38,20.44,Sundargarh
2018,99,37.35,24.33,42.64,3.35,19.33,Sundargarh
2018,100,38.7,23.65,40.25,2.5,23.46,Sundargarh
2018,101,39.0,23.72,38.8,3.1,22.22,Sundargarh
2018,102,38.41,25.17,33.72,2.5,17.07,Sundargarh
2018,103,38.41,24.79,34.73,1.99,21.08,Sundargarh
2018,104,39.3,26.79,35.6,2.8,20.34,Sundargarh
2018,105,38.47,24.33,44.49,3.08,25.11,Sundargarh
2018,106,39.99,25.53,37.03,3.38,24.71,Sundargarh
2018,107,41.36,26.11,34.46,3.53,21.78,Sundargarh
2018,108,42.11,25.28,32.29,2.57,24.08,Sundargarh
2018,109,41.35,26.06,24.14,2.01,25.72,Sundargarh
2018,110,42.55,25.7,22.96,3.48,24.27,Sundargarh
2018,111,42.52,25.15,25.81,3.42,25.64,Sundargarh
2018,112,42.33,27.62,21.86,3.64,22.18,Sundargarh
2018,113,40.81,25.96,21.05,2.9,23.05,Sundargarh
2018,114,40.47,24.58,32.3,2.55,25.63,Sundargarh
2018,115,41.33,26.18,16.72,2.4,27.39,Sundargarh
2018,116,41.66,23.7,17.42,2.02,25.76,Sundargarh
2018,117,41.53,22.97,30.89,3.32,24.42,Sundargarh
2018,118,42.0,25.58,30.52,3.65,23.12,Sundargarh
2018,119,41.78,26.25,31.27,2.48,22.96,Sundargarh
2018,120,39.36,26.22,41.36,3.06,20.39,Sundargarh
2018,121,40.87,26.29,46.12,3.3,23.26,Sundargarh
2018,122,40.52,26.1,42.51,2.83,25.42,Sundargarh
2018,123,39.05,26.21,49.75,3.41,19.61,Sundargarh
2018,124,40.64,25.56,45.89,3.41,24.5,Sundargarh
2018,125,41.74,26.81,36.6,3.63,25.86,Sundargarh
2018,126,41.69,29.47,31.29,3.23,23.52,Sundargarh
2018,127,43.17,29.33,29.76,4.63,24.84,Sundargarh
2018,128,43.77,28.58,25.81,3.97,24.72,Sundargarh
2018,129,43.24,28.24,21.14,2.47,24.56,Sundargarh
2018,130,42.3,29.17,29.54,2.11,24.22,Sundargarh
2018,131,43.17,29.46,23.15,2.82,23.77,Sundargarh
2018,132,42.87,26.88,25.37,1.78,24.94,Sundargarh
2018,133,41.62,28.66,36.84,3.81,25.14,Sundargarh
2018,134,38.2,27.71,43.99,4.17,16.67,Sundargarh
2018,135,36.56,25.84,55.38,3.32,23.62,Sundargarh
2018,136,40.03,25.15,45.58,3.65,21.53,Sundargarh
2018,137,40.6,26.11,41.86,2.82,22.22,Sundargarh
2018,138,40.33,25.02,45.11,3.06,22.79,Sundargarh
2018,139,40.53,26.28,47.91,2.85,23.38,Sundargarh
2018,140,40.59,27.11,46.25,3.55,17.72,Sundargarh
2018,141,39.15,27.04,54.31,2.66,24.04,Sundargarh
2018,142,41.44,27.07,45.34,2.71,21.99,Sundargarh
2018,143,41.71,26.78,46.45,2.36,18.19,Sundargarh
2018,144,39.91,28.02,48.18,4.19,22.4,Sundargarh
2018,145,40.24,28.42,47.15,2.85,22.63,Sundargarh
2018,146,42.36,27.55,45.58,3.59,23.22,Sundargarh
2018,147,42.0,29.6,43.17,3.3,23.2,Sundargarh
2018,148,42.73,28.88,42.22,3.69,22.84,Sundargarh
2018,149,43.93,29.98,39.23,4.55,22.57,Sundargarh
2018,150,40.27,28.19,54.4,3.95,23.28,Sundargarh
2018,151,41.44,27.64,50.36,2.64,17.5,Sundargarh
2018,152,36.45,29.41,52.42,3.52,22.87,Sundargarh
2018,153,40.24,27.84,50.72,2.52,20.63,Sundargarh
2018,154,38.42,28.56,51.31,3.12,23.19,Sundargarh
2018,155,39.23,28.05,49.96,3.16,21.2,Sundargarh
2018,156,36.72,28.11,55.78,3.63,22.24,Sundargarh
2018,157,36.54,27.81,57.37,2.97,19.03,Sundargarh
2018,158,33.79,27.79,67.27,2.5,18.35,Sundargarh
2018,159,34.5,26.95,67.98,2.24,15.26,Sundargarh
2018,160,33.9,27.43,67.0,2.54,15.2,Sundargarh
2018,161,35.31,26.53,66.48,2.83,13.3,Sundargarh
2018,162,36.34,26.42,68.98,4.69,11.86,Sundargarh
2018,163,35.62,26.5,72.19,6.1,17.88,Sundargarh
2018,164,38.61,25.58,64.57,6.11,11.49,Sundargarh
2018,165,39.87,26.23,57.0,5.21,22.18,Sundargarh
2018,166,40.5,27.75,44.83,5.74,26.0,Sundargarh
2018,167,40.77,28.0,43.38,5.73,22.23,Sundargarh
2018,168,40.62,27.51,42.29,4.99,25.41,Sundargarh
2018,169,40.04,27.5,45.43,4.88,25.05,Sundargarh
2018,170,39.63,27.69,50.56,4.34,26.82,Sundargarh
2018,171,37.54,27.99,55.82,3.04,23.34,Sundargarh
2018,172,34.37,28.21,65.72,3.25,13.71,Sundargarh
2018,173,35.38,26.19,67.31,2.65,21.53,Sundargarh
2018,174,35.48,26.63,60.98,3.86,19.57,Sundargarh
2018,175,35.51,26.41,61.15,4.16,15.37,Sundargarh
2018,176,33.51,27.25,64.94,4.2,17.9,Sundargarh
2018,177,33.31,26.06,67.18,2.65,9.05,Sundargarh
2018,178,32.53,25.47,73.63,1.81,6.68,Sundargarh
2018,179,30.36,24.51,80.74,4.39,15.48,Sundargarh
2018,180,33.77,23.5,67.64,3.42,13.76,Sundargarh
2018,181,35.81,25.56,59.4,3.41,17.22,Sundargarh
2018,182,32.65,25.81,70.14,4.53,13.95,Sundargarh
2018,183,29.74,24.49,83.12,4.26,16.98,Sundargarh
2018,184,33.22,24.66,75.44,4.56,11.52,Sundargarh
2018,185,30.2,24.93,77.44,5.86,12.86,Sundargarh
2018,186,32.43,24.55,74.83,5.16,12.46,Sundargarh
2018,187,32.96,24.28,73.85,2.5,19.79,Sundargarh
2018,188,33.38,24.26,74.51,1.69,19.92,Sundargarh
2018,189,31.97,26.34,78.43,1.95,18.87,Sundargarh
2018,190,33.97,25.67,78.12,3.44,18.26,Sundargarh
2018,191,33.0,25.25,81.22,4.47,17.69,Sundargarh
2018,192,30.71,25.2,84.43,2.59,15.89,Sundargarh
2018,193,32.02,24.72,82.62,2.44,14.17,Sundargarh
2018,194,31.23,25.44,84.17,3.43,15.93,Sundargarh
2018,195,31.43,25.67,83.61,3.08,16.78,Sundargarh
2018,196,33.48,25.58,80.82,3.43,16.57,Sundargarh
2018,197,32.84,25.88,80.93,2.87,15.65,Sundargarh
2018,198,30.5,25.43,86.88,2.82,7.75,Sundargarh
2018,199,31.61,24.54,85.15,3.97,10.69,Sundargarh
2018,200,29.42,24.79,88.1,4.19,16.6,Sundargarh
2018,201,30.37,25.03,87.3,3.35,15.01,Sundargarh
2018,202,29.77,25.48,89.85,6.03,14.16,Sundargarh
2018,203,30.94,25.19,87.16,8.06,5.28,Sundargarh
2018,204,28.95,23.95,86.67,8.21,5.76,Sundargarh
2018,205,30.08,23.68,84.35,5.23,8.91,Sundargarh
2018,206,30.4,23.93,85.53,4.86,7.39,Sundargarh
2018,207,30.34,24.12,85.34,6.01,6.1,Sundargarh
2018,208,30.57,23.64,83.49,4.37,11.87,Sundargarh
2018,209,31.16,24.12,83.05,3.93,12.95,Sundargarh
2018,210,29.64,24.48,88.34,4.89,10.07,Sundargarh
2018,211,29.31,24.75,89.28,4.26,12.19,Sundargarh
2018,212,30.99,23.59,84.35,5.1,8.92,Sundargarh
2018,213,30.69,23.92,83.87,5.32,6.05,Sundargarh
2018,214,30.79,24.11,84.63,4.59,10.21,Sundargarh
2018,215,31.13,24.25,83.39,4.61,12.63,Sundargarh
2018,216,31.48,24.28,82.65,4.5,18.12,Sundargarh
2018,217,30.83,24.56,83.26,4.18,11.47,Sundargarh
2018,218,28.12,24.61,89.68,4.17,7.5,Sundargarh
2018,219,27.59,24.45,92.22,3.35,14.69,Sundargarh
2018,220,30.84,24.01,86.9,5.88,14.15,Sundargarh
2018,221,30.92,22.27,85.86,3.64,15.82,Sundargarh
2018,222,30.98,24.34,86.8,3.55,21.82,Sundargarh
2018,223,31.21,25.2,86.87,1.76,16.08,Sundargarh
2018,224,29.42,25.41,90.15,2.23,13.73,Sundargarh
2018,225,30.44,24.94,88.79,4.13,16.58,Sundargarh
2018,226,29.61,24.82,90.56,3.45,15.97,Sundargarh
2018,227,30.92,25.53,88.1,4.63,15.09,Sundargarh
2018,228,31.48,24.65,87.02,5.42,15.05,Sundargarh
2018,229,31.64,25.45,82.3,3.1,15.56,Sundargarh
2018,230,29.04,25.57,88.82,1.11,20.6,Sundargarh
2018,231,30.38,25.19,88.96,1.89,18.71,Sundargarh
2018,232,30.45,25.57,86.71,3.07,11.98,Sundargarh
2018,233,29.3,24.94,89.09,3.81,15.61,Sundargarh
2018,234,28.42,23.8,88.91,4.6,10.13,Sundargarh
2018,235,29.5,23.89,89.23,4.09,15.81,Sundargarh
2018,236,29.3,24.38,90.41,6.04,12.38,Sundargarh
2018,237,26.75,24.74,93.27,5.85,10.0,Sundargarh
2018,238,28.39,23.99,90.96,4.99,12.15,Sundargarh
2018,239,30.42,24.22,87.11,3.27,11.69,Sundargarh
2018,240,29.9,25.02,91.82,3.25,9.94,Sundargarh
2018,241,29.89,22.96,89.2,4.38,13.45,Sundargarh
2018,242,29.73,23.91,89.38,4.01,16.01,Sundargarh
2018,243,29.9,24.22,89.39,3.62,11.42,Sundargarh
2018,244,29.44,24.06,89.59,3.76,12.85,Sundargarh
2018,245,28.34,24.29,91.33,4.36,9.57,Sundargarh
2018,246,29.46,23.43,88.4,3.62,12.85,Sundargarh
2018,247,29.29,23.96,88.7,4.37,12.44,Sundargarh
2018,248,28.14,23.87,91.42,4.8,9.69,Sundargarh
2018,249,29.62,24.12,90.15,3.93,15.25,Sundargarh
2018,250,28.66,23.57,90.61,4.21,7.07,Sundargarh
2018,251,30.11,22.27,86.67,2.38,10.97,Sundargarh
2018,252,30.22,22.75,85.72,2.76,17.13,Sundargarh
2018,253,28.19,23.78,89.87,2.51,12.16,Sundargarh
2018,254,29.79,22.71,85.88,2.52,18.34,Sundargarh
2018,255,30.02,22.87,86.73,3.33,19.57,Sundargarh
2018,256,30.4,22.77,87.26,3.61,14.52,Sundargarh
2018,257,30.37,22.95,84.28,3.06,19.21,Sundargarh
2018,258,31.29,23.57,81.97,1.6,17.47,Sundargarh
2018,259,27.84,24.24,88.18,2.39,14.35,Sundargarh
2018,260,30.12,23.79,81.5,2.19,17.26,Sundargarh
2018,261,31.08,23.56,77.8,1.73,21.69,Sundargarh
2018,262,31.47,23.43,80.49,2.33,20.22,Sundargarh
2018,263,28.36,23.73,90.65,5.53,8.79,Sundargarh
2018,264,28.54,23.62,90.65,8.85,7.55,Sundargarh
2018,265,29.08,23.32,88.25,4.92,12.41,Sundargarh
2018,266,30.05,23.45,84.37,1.99,18.98,Sundargarh
2018,267,30.21,24.29,81.82,1.85,21.09,Sundargarh
2018,268,30.03,23.01,86.87,2.69,18.19,Sundargarh
2018,269,30.45,23.27,81.97,2.23,18.2,Sundargarh
2018,270,30.83,22.57,77.29,1.75,19.6,Sundargarh
2018,271,31.77,23.16,75.2,1.29,20.57,Sundargarh
2018,272,31.79,22.76,77.71,2.46,20.55,Sundargarh
2018,273,31.66,21.82,71.62,2.09,21.75,Sundargarh
2018,274,31.84,21.32,64.75,1.27,22.16,Sundargarh
2018,275,31.32,22.96,70.52,1.77,21.53,Sundargarh
2018,276,31.81,21.69,73.53,1.54,21.31,Sundargarh
2018,277,31.6,22.17,68.24,1.08,20.4,Sundargarh
2018,278,31.51,22.4,67.56,1.18,18.94,Sundargarh
2018,279,31.24,22.32,65.5,1.52,21.16,Sundargarh
2018,280,31.12,21.52,64.2,1.03,21.3,Sundargarh
2018,281,31.07,23.25,64.55,1.27,20.57,Sundargarh
2018,282,30.59,20.24,68.79,2.39,22.09,Sundargarh
2018,283,28.95,17.93,79.49,4.63,16.35,Sundargarh
2018,284,25.74,20.68,89.59,6.99,9.32,Sundargarh
2018,285,25.21,22.14,91.3,7.14,8.24,Sundargarh
2018,286,29.06,21.14,78.79,3.37,12.73,Sundargarh
2018,287,29.23,19.94,74.91,1.47,19.66,Sundargarh
2018,288,29.29,19.06,70.79,1.81,20.51,Sundargarh
2018,289,29.42,18.11,65.45,1.66,20.81,Sundargarh
2018,290,28.73,17.6,75.02,2.46,20.11,Sundargarh
2018,291,29.51,18.8,77.28,2.5,18.75,Sundargarh
2018,292,30.48,19.61,71.71,1.65,19.42,Sundargarh
2018,293,30.61,20.42,69.94,1.6,19.58,Sundargarh
2018,294,30.22,20.06,67.5,1.22,18.84,Sundargarh
2018,295,29.73,20.72,75.69,1.62,16.44,Sundargarh
2018,296,29.59,21.48,74.6,1.21,16.26,Sundargarh
2018,297,29.07,19.61,70.7,2.4,19.0,Sundargarh
2018,298,28.85,16.92,55.85,1.29,19.49,Sundargarh
2018,299,28.92,16.62,61.73,1.9,19.73,Sundargarh
2018,300,28.06,15.59,66.41,2.53,19.64,Sundargarh
2018,301,27.78,15.48,69.83,2.52,17.73,Sundargarh
2018,302,27.22,16.69,81.95,2.66,17.62,Sundargarh
2018,303,27.78,17.38,85.13,3.14,16.83,Sundargarh
2018,304,27.86,19.18,84.9,3.16,12.85,Sundargarh
2018,305,28.24,19.77,84.56,2.96,17.29,Sundargarh
2018,306,28.22,19.74,82.22,1.71,17.81,Sundargarh
2018,307,28.36,20.41,75.64,1.01,16.97,Sundargarh
2018,308,28.79,19.75,74.88,1.16,16.75,Sundargarh
2018,309,29.4,20.31,74.75,1.51,15.05,Sundargarh
2018,310,28.66,20.46,77.78,1.95,14.7,Sundargarh
2018,311,28.6,19.67,78.91,1.55,15.54,Sundargarh
2018,312,27.92,18.5,78.81,1.73,14.94,Sundargarh
2018,313,27.52,17.34,72.87,1.53,16.37,Sundargarh
2018,314,27.07,15.33,64.47,1.79,16.76,Sundargarh
2018,315,26.98,14.48,67.42,2.15,17.31,Sundargarh
2018,316,26.78,14.45,66.21,1.92,16.88,Sundargarh
2018,317,27.68,14.92,63.89,1.65,16.43,Sundargarh
2018,318,28.28,16.57,60.62,1.02,16.58,Sundargarh
2018,319,29.06,16.48,59.94,1.28,16.66,Sundargarh
2018,320,28.43,17.65,63.01,1.68,16.37,Sundargarh
2018,321,28.07,16.65,63.87,1.7,16.19,Sundargarh
2018,322,28.14,15.8,66.83,1.57,16.01,Sundargarh
2018,323,28.21,15.83,69.46,1.46,16.09,Sundargarh
2018,324,28.58,16.87,63.04,1.37,15.03,Sundargarh
2018,325,28.08,16.41,61.67,1.6,15.81,Sundargarh
2018,326,26.89,15.28,59.2,1.73,16.42,Sundargarh
2018,327,27.57,15.08,61.33,2.21,16.29,Sundargarh
2018,328,26.91,13.06,58.9,2.53,16.54,Sundargarh
2018,329,26.28,12.22,54.17,2.17,17.1,Sundargarh
2018,330,26.36,12.0,54.71,1.71,16.48,Sundargarh
2018,331,26.02,12.48,62.59,2.22,15.15,Sundargarh
2018,332,26.32,13.77,70.9,1.65,15.55,Sundargarh
2018,333,26.65,14.89,67.36,1.32,13.84,Sundargarh
2018,334,26.36,14.6,68.5,1.5,13.08,Sundargarh
2018,335,26.56,14.51,63.97,1.46,13.37,Sundargarh
2018,336,26.23,14.08,63.1,1.84,12.0,Sundargarh
2018,337,26.24,15.09,64.15,1.28,13.27,Sundargarh
2018,338,25.83,13.55,68.13,1.51,13.63,Sundargarh
2018,339,24.7,14.71,69.41,1.7,10.7,Sundargarh
2018,340,26.22,13.58,60.33,1.76,13.73,Sundargarh
2018,341,26.38,13.79,57.69,2.2,13.5,Sundargarh
2018,342,25.73,11.92,55.11,2.33,13.7,Sundargarh
2018,343,26.06,11.67,55.22,2.34,14.59,Sundargarh
2018,344,26.45,12.29,64.64,2.17,13.59,Sundargarh
2018,345,26.45,14.57,74.87,2.06,7.11,Sundargarh
2018,346,26.07,15.57,72.9,1.87,12.17,Sundargarh
2018,347,25.88,14.5,75.64,2.38,9.29,Sundargarh
2018,348,26.08,15.23,69.63,2.28,12.02,Sundargarh
2018,349,25.45,12.69,57.82,3.59,15.28,Sundargarh
2018,350,22.87,12.95,55.17,3.98,9.22,Sundargarh
2018,351,18.19,13.47,84.22,5.07,2.81,Sundargarh
2018,352,19.97,12.92,88.68,5.72,5.84,Sundargarh
2018,353,21.86,10.0,77.4,1.96,16.91,Sundargarh
2018,354,22.55,10.17,72.2,1.51,16.6,Sundargarh
2018,355,23.02,9.87,60.05,1.61,16.04,Sundargarh
2018,356,22.6,8.47,53.69,1.72,15.75,Sundargarh
2018,357,23.32,7.67,53.8,1.82,16.56,Sundargarh
2018,358,23.68,8.74,52.16,1.78,16.55,Sundargarh
2018,359,24.53,10.04,51.05,1.95,16.0,Sundargarh
2018,360,24.03,9.01,59.21,2.5,15.38,Sundargarh
2018,361,23.01,10.52,66.97,1.81,13.08,Sundargarh
2018,362,22.3,9.34,49.92,2.69,14.56,Sundargarh
2018,363,21.51,5.73,45.2,2.15,16.92,Sundargarh
2018,364,21.71,5.51,49.22,2.39,16.49,Sundargarh
2018,365,21.7,5.3,50.63,2.27,16.03,Sundargarh
2019,1,23.04,6.77,49.32,1.89,16.41,Sundargarh
2019,2,24.95,8.23,51.06,2.2,15.66,Sundargarh
2019,3,24.77,9.54,49.04,2.15,15.66,Sundargarh
2019,4,24.64,8.02,46.27,2.18,15.98,Sundargarh
2019,5,23.7,8.26,50.23,1.87,14.32,Sundargarh
2019,6,24.85,9.82,51.91,2.04,15.58,Sundargarh
2019,7,25.27,12.44,52.34,1.5,14.53,Sundargarh
2019,8,23.76,9.98,55.82,2.75,13.21,Sundargarh
2019,9,24.03,9.52,55.68,2.37,14.2,Sundargarh
2019,10,24.44,8.71,48.39,2.09,15.77,Sundargarh
2019,11,23.27,8.61,51.69,1.75,15.05,Sundargarh
2019,12,24.41,9.67,53.08,1.77,14.94,Sundargarh
2019,13,25.04,12.01,54.38,1.44,14.63,Sundargarh
2019,14,25.37,12.78,59.79,2.37,10.17,Sundargarh
2019,15,24.7,10.33,46.86,2.76,15.65,Sundargarh
2019,16,24.39,7.51,40.55,2.43,17.26,Sundargarh
2019,17,25.34,9.21,40.49,2.18,17.6,Sundargarh
2019,18,26.34,8.99,40.9,2.28,17.05,Sundargarh
2019,19,26.56,8.63,40.45,2.3,17.37,Sundargarh
2019,20,27.43,9.49,38.64,1.89,17.15,Sundargarh
2019,21,28.81,11.26,41.94,1.92,17.99,Sundargarh
2019,22,27.65,10.96,46.96,2.39,17.45,Sundargarh
2019,23,27.66,11.8,63.33,2.29,17.16,Sundargarh
2019,24,28.13,12.58,60.2,1.59,17.48,Sundargarh
2019,25,27.29,12.58,58.97,3.2,10.77,Sundargarh
2019,26,21.26,14.81,68.66,2.46,3.01,Sundargarh
2019,27,21.1,13.66,77.95,2.22,11.32,Sundargarh
2019,28,23.82,12.81,68.42,2.55,10.13,Sundargarh
2019,29,24.01,8.63,41.86,3.79,17.87,Sundargarh
2019,30,23.92,6.39,35.35,2.18,19.89,Sundargarh
2019,31,25.06,7.55,35.35,1.87,19.26,Sundargarh
2019,32,26.17,9.82,39.08,2.23,18.61,Sundargarh
2019,33,28.99,11.07,37.52,2.11,18.49,Sundargarh
2019,34,28.43,12.55,43.56,1.96,17.72,Sundargarh
2019,35,28.76,12.54,43.48,2.21,18.7,Sundargarh
2019,36,28.93,12.95,46.95,2.47,17.47,Sundargarh
2019,37,29.32,14.43,49.28,2.03,16.73,Sundargarh
2019,38,29.25,15.74,45.97,2.07,17.59,Sundargarh
2019,39,29.33,16.23,62.66,3.64,8.02,Sundargarh
2019,40,26.24,12.36,55.2,3.88,16.18,Sundargarh
2019,41,25.99,8.45,32.15,2.27,20.96,Sundargarh
2019,42,26.43,8.7,34.35,1.92,20.71,Sundargarh
2019,43,28.43,9.98,33.78,1.77,20.03,Sundargarh
2019,44,30.1,11.73,36.04,1.94,20.13,Sundargarh
2019,45,31.7,14.34,35.4,1.46,19.46,Sundargarh
2019,46,30.98,14.28,43.04,2.33,17.24,Sundargarh
2019,47,27.88,16.36,65.38,2.62,17.23,Sundargarh
2019,48,28.31,13.78,46.84,3.78,18.18,Sundargarh
2019,49,29.05,11.05,36.43,2.92,21.02,Sundargarh
2019,50,31.99,16.19,32.61,1.72,21.05,Sundargarh
2019,51,33.34,16.06,37.08,1.2,20.56,Sundargarh
2019,52,33.67,16.66,42.49,2.29,20.98,Sundargarh
2019,53,34.38,19.36,45.18,2.71,18.74,Sundargarh
2019,54,34.46,20.31,45.63,3.42,18.92,Sundargarh
2019,55,33.72,17.92,43.77,2.59,19.76,Sundargarh
2019,56,32.82,18.69,47.63,3.11,16.35,Sundargarh
2019,57,31.25,17.94,49.51,2.4,14.63,Sundargarh
2019,58,30.59,18.05,54.4,3.31,14.9,Sundargarh
2019,59,29.25,15.95,52.14,2.77,18.56,Sundargarh
2019,60,28.69,13.36,40.68,2.84,21.01,Sundargarh
2019,61,29.92,13.63,38.45,2.56,22.06,Sundargarh
2019,62,30.87,15.49,50.01,1.94,11.12,Sundargarh
2019,63,32.12,19.57,56.37,3.02,14.0,Sundargarh
2019,64,32.03,19.63,49.04,2.33,14.6,Sundargarh
2019,65,32.0,18.73,45.83,3.31,18.66,Sundargarh
2019,66,30.97,15.61,36.51,2.94,20.88,Sundargarh
2019,67,31.54,15.08,32.98,2.66,22.6,Sundargarh
2019,68,33.15,15.35,33.91,2.44,21.68,Sundargarh
2019,69,34.48,17.8,40.85,2.35,21.51,Sundargarh
2019,70,35.71,17.8,35.12,2.73,21.1,Sundargarh
2019,71,36.24,19.57,35.98,2.11,19.8,Sundargarh
2019,72,37.27,21.45,33.17,1.9,20.32,Sundargarh
2019,73,36.66,22.82,37.0,2.1,16.3,Sundargarh
2019,74,35.4,23.12,49.11,2.4,14.65,Sundargarh
2019,75,34.1,21.64,57.18,2.76,19.39,Sundargarh
2019,76,35.3,20.27,45.52,2.08,14.97,Sundargarh
2019,77,31.85,19.77,57.46,3.27,16.69,Sundargarh
2019,78,32.31,19.75,49.99,2.04,19.52,Sundargarh
2019,79,34.73,18.05,36.23,2.27,22.86,Sundargarh
2019,80,34.95,21.04,47.6,2.67,22.04,Sundargarh
2019,81,33.83,23.73,48.68,2.57,18.45,Sundargarh
2019,82,35.82,19.54,36.96,3.57,24.83,Sundargarh
2019,83,36.52,18.62,27.33,2.94,25.98,Sundargarh
2019,84,37.07,19.11,31.37,2.71,23.91,Sundargarh
2019,85,37.04,22.07,31.4,1.57,20.48,Sundargarh
2019,86,35.95,20.27,36.97,2.84,24.27,Sundargarh
2019,87,36.46,18.44,29.02,2.73,25.3,Sundargarh
2019,88,38.2,19.7,30.37,2.96,24.9,Sundargarh
2019,89,38.84,20.85,32.19,2.38,24.71,Sundargarh
2019,90,39.99,22.95,28.36,2.8,21.36,Sundargarh
2019,91,39.93,24.34,26.98,3.18,21.94,Sundargarh
2019,92,39.57,21.93,18.04,3.75,26.45,Sundargarh
2019,93,39.8,21.61,18.67,2.58,25.24,Sundargarh
2019,94,40.4,23.3,22.38,2.48,23.7,Sundargarh
2019,95,40.96,23.91,25.64,3.62,21.05,Sundargarh
2019,96,41.29,23.96,24.68,2.62,19.81,Sundargarh
2019,97,40.85,24.39,24.37,2.77,21.52,Sundargarh
2019,98,40.15,23.98,25.83,3.89,21.47,Sundargarh
2019,99,40.36,23.64,26.42,2.75,21.56,Sundargarh
2019,100,41.44,24.42,24.44,2.63,24.54,Sundargarh
2019,101,41.74,24.68,24.99,1.87,22.53,Sundargarh
2019,102,39.9,25.68,30.18,3.14,21.19,Sundargarh
2019,103,41.66,25.78,28.72,2.07,23.48,Sundargarh
2019,104,42.4,26.93,22.64,2.35,23.4,Sundargarh
2019,105,42.72,27.76,22.09,3.06,22.45,Sundargarh
2019,106,40.61,27.18,25.11,3.3,18.14,Sundargarh
2019,107,40.29,25.91,27.95,3.2,20.96,Sundargarh
2019,108,39.22,24.89,38.09,2.96,20.63,Sundargarh
2019,109,38.26,25.96,34.65,1.99,21.91,Sundargarh
2019,110,38.48,25.93,36.98,2.29,23.76,Sundargarh
2019,111,39.62,27.4,29.12,2.25,16.02,Sundargarh
2019,112,38.78,23.9,33.74,1.81,25.01,Sundargarh
2019,113,39.76,24.5,31.42,2.07,24.59,Sundargarh
2019,114,40.31,22.99,38.44,1.58,24.45,Sundargarh
2019,115,42.72,24.66,32.4,2.89,25.29,Sundargarh
2019,116,42.72,26.11,34.08,2.6,23.84,Sundargarh
2019,117,44.5,28.8,21.07,2.7,24.71,Sundargarh
2019,118,44.13,28.31,15.79,3.66,27.69,Sundargarh
2019,119,43.68,26.19,22.07,2.81,26.29,Sundargarh
2019,120,43.74,26.14,35.68,3.38,24.82,Sundargarh
2019,121,41.18,27.11,37.78,5.65,25.02,Sundargarh
2019,122,40.19,25.39,52.82,4.9,19.63,Sundargarh
2019,123,32.73,24.96,57.31,5.27,9.55,Sundargarh
2019,124,40.54,23.55,41.15,1.64,24.1,Sundargarh
2019,125,40.07,25.76,44.86,2.17,23.72,Sundargarh
2019,126,41.48,26.65,32.24,1.72,27.13,Sundargarh
2019,127,42.52,26.16,20.98,1.95,28.15,Sundargarh
2019,128,43.56,24.59,31.59,2.17,26.76,Sundargarh
2019,129,44.68,27.4,17.11,3.83,26.91,Sundargarh
2019,130,44.84,26.87,16.34,2.91,27.96,Sundargarh
2019,131,44.07,26.72,21.0,1.72,23.95,Sundargarh
2019,132,43.37,30.05,26.27,2.58,24.85,Sundargarh
2019,133,43.73,29.45,20.2,2.6,25.37,Sundargarh
2019,134,42.73,29.44,20.19,3.05,22.19,Sundargarh
2019,135,43.04,27.94,21.59,2.31,25.56,Sundargarh
2019,136,42.57,28.88,28.63,2.1,23.43,Sundargarh
2019,137,43.67,29.21,31.02,3.02,25.27,Sundargarh
2019,138,43.5,28.3,23.19,2.98,24.37,Sundargarh
2019,139,43.12,29.46,22.68,3.31,23.89,Sundargarh
2019,140,42.98,29.81,28.76,2.36,24.07,Sundargarh
2019,141,43.88,29.92,28.73,1.87,25.19,Sundargarh
2019,142,44.07,29.03,28.55,2.18,23.93,Sundargarh
2019,143,44.72,30.96,27.47,4.11,24.47,Sundargarh
2019,144,44.82,30.69,24.5,5.17,24.07,Sundargarh
2019,145,45.21,30.04,23.91,3.21,20.23,Sundargarh
2019,146,43.7,31.3,26.36,3.38,26.39,Sundargarh
2019,147,43.8,29.91,23.87,2.5,24.78,Sundargarh
2019,148,43.96,30.75,26.88,1.99,21.84,Sundargarh
2019,149,42.21,29.13,40.32,2.26,25.38,Sundargarh
2019,150,43.31,29.01,34.25,2.78,24.41,Sundargarh
2019,151,44.56,28.83,32.95,3.09,22.13,Sundargarh
2019,152,43.28,30.41,33.23,4.74,22.74,Sundargarh
2019,153,44.98,31.01,31.28,3.48,14.14,Sundargarh
2019,154,42.64,30.65,40.48,4.48,21.18,Sundargarh
2019,155,43.22,29.52,41.3,3.84,22.36,Sundargarh
2019,156,45.0,30.78,33.08,4.03,22.8,Sundargarh
2019,157,43.22,30.05,40.43,2.34,21.07,Sundargarh
2019,158,43.34,30.36,39.03,3.88,18.72,Sundargarh
2019,159,40.79,29.66,43.21,2.41,17.4,Sundargarh
2019,160,43.71,30.93,34.55,1.71,25.14,Sundargarh
2019,161,44.25,29.31,36.35,2.71,25.57,Sundargarh
2019,162,45.03,30.98,30.36,3.83,24.52,Sundargarh
2019,163,45.66,32.93,29.87,3.87,22.55,Sundargarh
2019,164,43.31,33.21,33.77,5.9,22.26,Sundargarh
2019,165,39.59,30.12,47.38,5.3,23.2,Sundargarh
2019,166,42.49,30.67,45.76,4.09,20.38,Sundargarh
2019,167,37.93,28.45,58.9,4.98,21.52,Sundargarh
2019,168,41.05,28.8,47.38,4.6,20.61,Sundargarh
2019,169,41.02,30.83,43.35,4.39,18.95,Sundargarh
2019,170,38.63,30.32,43.21,3.57,22.6,Sundargarh
2019,171,38.74,28.06,55.6,2.24,18.38,Sundargarh
2019,172,33.68,27.43,71.17,2.13,11.22,Sundargarh
2019,173,31.87,26.19,79.61,2.78,12.23,Sundargarh
2019,174,33.21,25.62,73.55,2.66,17.77,Sundargarh
2019,175,36.52,26.29,63.76,2.55,22.05,Sundargarh
2019,176,37.94,27.53,57.31,2.69,26.01,Sundargarh
2019,177,37.21,28.35,59.12,4.01,22.86,Sundargarh
2019,178,34.01,27.89,70.17,3.64,13.94,Sundargarh
2019,179,35.92,26.88,67.33,4.61,16.29,Sundargarh
2019,180,33.2,26.77,71.91,3.5,17.09,Sundargarh
2019,181,33.22,26.02,69.78,2.2,12.6,Sundargarh
2019,182,33.62,26.35,72.65,3.24,8.7,Sundargarh
2019,183,30.66,26.13,86.47,4.28,5.75,Sundargarh
2019,184,31.76,25.44,83.34,7.42,8.63,Sundargarh
2019,185,32.69,25.06,80.55,5.65,8.06,Sundargarh
2019,186,32.12,25.0,80.16,4.97,15.24,Sundargarh
2019,187,30.04,24.38,85.41,6.33,10.26,Sundargarh
2019,188,31.68,24.78,82.79,7.15,7.67,Sundargarh
2019,189,30.65,24.35,85.84,6.44,12.53,Sundargarh
2019,190,30.91,24.66,83.49,6.5,11.96,Sundargarh
2019,191,31.83,25.04,81.39,5.72,12.68,Sundargarh
2019,192,32.15,25.33,79.14,5.57,17.38,Sundargarh
2019,193,32.16,25.09,79.24,4.72,15.57,Sundargarh
2019,194,32.35,25.45,77.59,5.38,17.61,Sundargarh
2019,195,32.62,25.64,77.47,5.49,20.88,Sundargarh
2019,196,33.56,25.3,77.24,4.06,21.49,Sundargarh
2019,197,33.13,25.39,78.31,2.54,17.54,Sundargarh
2019,198,34.21,25.66,73.44,1.89,16.45,Sundargarh
2019,199,34.41,26.6,71.85,1.56,19.99,Sundargarh
2019,200,33.05,26.75,78.11,2.54,23.31,Sundargarh
2019,201,34.0,24.73,76.4,3.99,22.91,Sundargarh
2019,202,33.48,25.61,76.8,2.96,21.47,Sundargarh
2019,203,33.46,25.46,77.32,2.85,22.97,Sundargarh
2019,204,32.61,25.92,78.94,2.66,19.82,Sundargarh
2019,205,32.3,25.65,78.41,2.52,12.96,Sundargarh
2019,206,30.81,25.8,85.25,3.63,8.33,Sundargarh
2019,207,31.01,25.27,84.6,3.23,15.51,Sundargarh
2019,208,29.11,24.54,86.41,4.74,9.5,Sundargarh
2019,209,31.07,24.18,82.56,2.08,13.85,Sundargarh
2019,210,31.14,24.88,84.66,3.56,14.1,Sundargarh
2019,211,30.09,23.89,86.42,6.2,8.27,Sundargarh
2019,212,29.18,24.05,85.19,6.93,7.84,Sundargarh
2019,213,29.14,23.68,87.41,5.2,7.54,Sundargarh
2019,214,32.05,24.29,82.36,3.31,15.86,Sundargarh
2019,215,33.18,24.49,81.87,2.46,13.73,Sundargarh
2019,216,32.85,25.19,81.34,5.9,10.36,Sundargarh
2019,217,30.39,24.64,85.24,4.67,16.55,Sundargarh
2019,218,29.85,25.62,89.87,3.76,11.17,Sundargarh
2019,219,31.72,26.02,86.45,5.55,14.85,Sundargarh
2019,220,28.12,24.41,88.67,6.73,8.04,Sundargarh
2019,221,30.92,23.63,83.83,4.25,15.54,Sundargarh
2019,222,31.17,24.03,82.36,3.06,17.68,Sundargarh
2019,223,30.78,24.81,87.49,3.56,12.1,Sundargarh
2019,224,29.16,25.53,90.25,3.53,15.39,Sundargarh
2019,225,31.75,24.73,86.71,2.56,11.3,Sundargarh
2019,226,28.36,24.32,90.46,5.34,6.18,Sundargarh
2019,227,30.41,23.7,85.53,4.57,16.32,Sundargarh
2019,228,30.56,23.73,85.39,2.7,19.64,Sundargarh
2019,229,31.51,24.47,84.93,2.68,17.54,Sundargarh
2019,230,27.81,24.75,93.72,3.62,4.29,Sundargarh
2019,231,29.55,24.14,88.89,3.22,15.87,Sundargarh
2019,232,31.0,24.64,85.57,3.05,13.72,Sundargarh
2019,233,28.42,24.76,89.85,2.51,13.01,Sundargarh
2019,234,31.49,23.8,79.87,1.24,17.92,Sundargarh
2019,235,30.65,25.21,84.05,2.07,12.7,Sundargarh
2019,236,30.05,24.97,89.77,4.87,15.44,Sundargarh
2019,237,27.72,24.4,90.02,2.25,10.72,Sundargarh
2019,238,29.79,23.75,86.17,1.82,11.51,Sundargarh
2019,239,30.23,24.21,86.45,3.21,11.35,Sundargarh
2019,240,29.68,23.85,86.05,3.08,15.17,Sundargarh
2019,241,28.36,24.23,89.56,1.83,17.13,Sundargarh
2019,242,30.92,24.04,86.32,1.79,17.93,Sundargarh
2019,243,30.64,24.74,87.84,2.88,19.56,Sundargarh
2019,244,31.19,23.86,83.59,2.19,20.75,Sundargarh
2019,245,31.36,25.56,81.11,1.49,13.38,Sundargarh
2019,246,30.43,24.64,84.1,1.66,14.07,Sundargarh
2019,247,30.61,25.17,86.02,1.67,16.71,Sundargarh
2019,248,30.92,25.52,88.65,1.84,14.35,Sundargarh
2019,249,31.6,25.37,87.07,3.57,14.65,Sundargarh
2019,250,31.08,25.26,85.9,3.0,7.42,Sundargarh
2019,251,29.22,25.66,92.34,4.27,7.3,Sundargarh
2019,252,29.63,24.86,89.63,4.59,12.57,Sundargarh
2019,253,30.87,24.65,89.85,3.51,11.04,Sundargarh
2019,254,29.17,25.06,91.78,3.73,9.5,Sundargarh
2019,255,27.34,24.71,93.4,4.65,3.95,Sundargarh
2019,256,29.04,24.0,88.58,3.89,11.03,Sundargarh
2019,257,29.01,23.89,89.38,2.73,15.35,Sundargarh
2019,258,30.04,24.05,86.69,2.19,16.7,Sundargarh
2019,259,30.9,24.97,83.3,1.41,16.72,Sundargarh
2019,260,28.37,25.2,90.76,3.11,17.51,Sundargarh
2019,261,30.26,24.14,87.86,3.19,15.52,Sundargarh
2019,262,30.1,24.11,88.48,3.45,17.03,Sundargarh
2019,263,29.82,24.0,86.75,2.03,17.99,Sundargarh
2019,264,30.56,23.37,83.59,1.8,20.97,Sundargarh
2019,265,30.76,23.22,82.87,1.91,18.13,Sundargarh
2019,266,29.57,23.81,88.34,2.49,17.66,Sundargarh
2019,267,29.1,24.23,91.7,4.03,15.13,Sundargarh
2019,268,28.12,23.61,91.36,4.58,9.74,Sundargarh
2019,269,27.87,23.53,91.5,3.36,10.83,Sundargarh
2019,270,26.29,23.29,91.85,3.13,11.34,Sundargarh
2019,271,26.68,22.92,93.39,3.41,4.17,Sundargarh
2019,272,26.09,22.76,93.74,4.31,7.52,Sundargarh
2019,273,27.05,22.43,91.52,3.33,12.07,Sundargarh
2019,274,27.67,22.72,92.65,3.17,17.83,Sundargarh
2019,275,28.76,22.83,88.85,2.2,13.88,Sundargarh
2019,276,28.63,22.64,87.93,2.66,18.72,Sundargarh
2019,277,28.81,21.31,86.06,2.4,15.84,Sundargarh
2019,278,28.61,22.66,86.33,1.33,14.89,Sundargarh
2019,279,28.51,23.16,88.8,2.32,14.09,Sundargarh
2019,280,28.86,22.27,83.06,1.86,13.22,Sundargarh
2019,281,28.18,22.32,86.23,2.05,12.37,Sundargarh
2019,282,28.49,22.17,85.1,1.61,12.84,Sundargarh
2019,283,28.73,21.22,83.44,2.12,17.6,Sundargarh
2019,284,28.84,21.88,79.39,1.6,14.91,Sundargarh
2019,285,28.62,21.55,80.49,1.76,14.12,Sundargarh
2019,286,29.05,20.46,74.98,1.61,18.43,Sundargarh
2019,287,29.26,20.43,70.58,1.04,18.19,Sundargarh
2019,288,28.63,19.32,73.56,1.54,18.13,Sundargarh
2019,289,28.03,19.9,77.43,1.71,17.57,Sundargarh
2019,290,28.39,20.44,81.9,1.97,18.18,Sundargarh
2019,291,28.14,21.38,84.63,1.83,15.59,Sundargarh
2019,292,28.37,22.87,79.05,0.77,16.36,Sundargarh
2019,293,28.99,22.16,75.85,0.93,14.5,Sundargarh
2019,294,28.51,22.01,79.98,1.56,13.0,Sundargarh
2019,295,28.93,21.52,79.97,1.58,14.03,Sundargarh
2019,296,25.61,20.97,90.39,3.49,7.69,Sundargarh
2019,297,25.31,19.84,93.0,7.02,6.18,Sundargarh
2019,298,27.05,21.26,90.28,3.91,9.33,Sundargarh
2019,299,27.73,19.84,86.89,2.39,7.24,Sundargarh
2019,300,28.84,21.0,84.53,1.5,15.86,Sundargarh
2019,301,29.04,21.18,80.6,1.4,15.7,Sundargarh
2019,302,28.43,20.69,79.64,1.65,15.25,Sundargarh
2019,303,28.03,20.02,79.05,2.1,16.37,Sundargarh
2019,304,27.81,18.4,81.25,2.06,15.02,Sundargarh
2019,305,28.21,20.12,79.09,1.55,12.86,Sundargarh
2019,306,28.25,18.39,76.33,2.03,14.72,Sundargarh
2019,307,27.75,18.12,79.07,2.17,12.27,Sundargarh
2019,308,28.59,18.33,80.87,2.11,14.88,Sundargarh
2019,309,28.4,19.0,81.33,2.33,13.7,Sundargarh
2019,310,27.08,18.16,79.31,2.33,14.45,Sundargarh
2019,311,26.22,16.7,75.36,2.31,15.38,Sundargarh
2019,312,25.39,15.34,82.8,3.09,13.37,Sundargarh
2019,313,27.66,17.89,86.1,4.3,7.97,Sundargarh
2019,314,28.54,18.39,85.24,3.31,16.01,Sundargarh
2019,315,26.78,16.7,82.05,2.79,17.75,Sundargarh
2019,316,26.32,14.9,72.47,2.17,17.32,Sundargarh
2019,317,25.9,14.28,71.35,1.61,16.42,Sundargarh
2019,318,25.33,13.77,72.19,1.68,17.25,Sundargarh
2019,319,25.38,13.42,73.09,1.61,17.28,Sundargarh
2019,320,25.5,14.28,74.12,1.61,17.2,Sundargarh
2019,321,26.29,13.93,76.13,1.89,16.3,Sundargarh
2019,322,26.1,13.51,76.21,2.09,17.09,Sundargarh
2019,323,25.52,13.72,73.28,1.85,16.99,Sundargarh
2019,324,25.09,13.62,69.54,1.21,14.95,Sundargarh
2019,325,24.32,14.33,76.22,1.55,14.89,Sundargarh
2019,326,24.84,14.66,82.06,1.85,15.24,Sundargarh
2019,327,25.35,13.72,78.2,1.75,15.46,Sundargarh
2019,328,25.11,14.32,75.59,1.61,15.62,Sundargarh
2019,329,25.6,14.68,73.53,1.16,15.69,Sundargarh
2019,330,25.82,14.12,80.62,1.97,14.95,Sundargarh
2019,331,25.7,15.02,85.1,1.76,14.07,Sundargarh
2019,332,25.63,15.11,84.52,1.71,14.38,Sundargarh
2019,333,25.41,15.51,81.47,1.09,14.54,Sundargarh
2019,334,25.78,15.04,78.24,1.37,14.09,Sundargarh
2019,335,25.6,15.32,80.77,1.81,12.1,Sundargarh
2019,336,24.88,15.4,76.99,2.2,13.35,Sundargarh
2019,337,24.52,14.09,78.35,1.62,12.82,Sundargarh
2019,338,23.72,13.96,75.77,2.49,13.91,Sundargarh
2019,339,22.84,10.87,72.5,2.35,16.02,Sundargarh
2019,340,22.91,10.57,79.56,2.71,14.98,Sundargarh
2019,341,22.87,12.65,79.95,1.63,15.12,Sundargarh
2019,342,23.83,12.47,76.07,1.49,14.69,Sundargarh
2019,343,23.93,12.46,76.78,1.61,13.45,Sundargarh
2019,344,23.16,13.05,77.91,1.64,12.92,Sundargarh
2019,345,24.11,12.95,77.76,1.4,11.46,Sundargarh
2019,346,23.2,13.41,80.65,1.83,11.68,Sundargarh
2019,347,23.7,12.8,85.4,2.96,8.82,Sundargarh
2019,348,22.75,16.43,90.28,2.16,12.02,Sundargarh
2019,349,22.95,15.94,88.01,1.82,11.52,Sundargarh
2019,350,22.4,16.44,90.84,2.38,7.22,Sundargarh
2019,351,23.33,13.65,84.34,2.6,6.72,Sundargarh
2019,352,21.84,10.43,78.79,2.97,14.29,Sundargarh
2019,353,20.44,7.11,75.21,2.6,15.61,Sundargarh
2019,354,20.77,6.73,71.03,2.05,15.65,Sundargarh
2019,355,21.89,9.15,65.66,1.81,14.01,Sundargarh
2019,356,23.12,10.42,67.76,1.7,13.48,Sundargarh
2019,357,22.67,12.12,72.91,1.94,10.79,Sundargarh
2019,358,23.36,10.95,78.57,2.05,13.08,Sundargarh
2019,359,23.15,13.94,79.34,1.45,11.04,Sundargarh
2019,360,21.18,15.06,87.93,1.6,5.03,Sundargarh
2019,361,19.8,7.49,73.43,3.88,12.71,Sundargarh
2019,362,18.26,3.09,62.89,2.14,16.85,Sundargarh
2019,363,19.4,5.53,73.18,1.96,16.32,Sundargarh
2019,364,20.43,7.63,68.37,2.08,15.79,Sundargarh
2019,365,20.57,7.28,74.64,2.4,16.16,Sundargarh
2020,1,19.83,9.99,78.29,2.76,6.58,Sundargarh
2020,2,21.74,10.19,84.22,3.0,6.03,Sundargarh
2020,3,19.41,14.62,90.68,3.02,7.69,Sundargarh
2020,4,20.74,14.26,88.25,1.35,9.4,Sundargarh
2020,5,21.41,11.1,78.12,2.76,15.38,Sundargarh
2020,6,20.26,7.3,68.37,1.97,16.69,Sundargarh
2020,7,21.18,8.23,68.11,1.67,16.22,Sundargarh
2020,8,22.59,11.14,72.5,1.83,9.03,Sundargarh
2020,9,21.58,12.68,87.03,2.37,8.13,Sundargarh
2020,10,20.14,8.11,75.76,3.26,15.03,Sundargarh
2020,11,18.89,5.19,69.84,2.29,16.86,Sundargarh
2020,12,19.63,5.05,67.61,2.34,17.25,Sundargarh
2020,13,21.41,7.65,62.3,1.94,16.2,Sundargarh
2020,14,23.77,10.2,61.97,1.63,17.12,Sundargarh
2020,15,23.75,10.47,68.88,1.84,16.77,Sundargarh
2020,16,24.64,11.28,73.73,2.19,16.51,Sundargarh
2020,17,24.4,10.86,75.52,2.3,17.28,Sundargarh
2020,18,24.23,11.85,78.16,1.91,16.0,Sundargarh
2020,19,22.83,13.9,85.06,2.69,11.21,Sundargarh
2020,20,21.98,9.84,75.81,3.02,13.68,Sundargarh
2020,21,22.67,8.22,64.45,1.92,15.83,Sundargarh
2020,22,23.72,10.31,73.41,2.15,14.71,Sundargarh
2020,23,24.17,13.43,84.8,2.86,11.44,Sundargarh
2020,24,22.73,9.59,62.95,3.09,19.17,Sundargarh
2020,25,22.74,7.64,62.75,2.77,18.78,Sundargarh
2020,26,22.88,8.57,65.84,3.15,18.52,Sundargarh
2020,27,23.87,7.79,59.06,1.84,18.85,Sundargarh
2020,28,24.54,11.87,63.98,1.71,14.22,Sundargarh
2020,29,24.74,15.04,80.22,2.27,11.31,Sundargarh
2020,30,24.01,12.45,75.04,3.46,12.3,Sundargarh
2020,31,22.29,8.41,63.41,2.88,19.01,Sundargarh
2020,32,23.23,8.86,63.83,2.63,16.51,Sundargarh
2020,33,23.31,8.93,65.02,2.93,17.22,Sundargarh
2020,34,23.21,8.88,59.86,2.72,16.73,Sundargarh
2020,35,17.98,9.84,78.87,2.53,9.89,Sundargarh
2020,36,23.79,13.31,81.42,2.16,14.53,Sundargarh
2020,37,24.85,11.18,69.73,2.11,12.34,Sundargarh
2020,38,17.13,13.42,88.74,4.43,2.8,Sundargarh
2020,39,21.3,12.79,86.66,3.13,3.3,Sundargarh
2020,40,23.36,10.09,66.49,2.77,18.5,Sundargarh
2020,41,23.09,7.2,56.43,2.57,18.92,Sundargarh
2020,42,23.76,7.3,54.97,2.38,20.2,Sundargarh
2020,43,24.65,8.24,59.21,3.0,19.15,Sundargarh
2020,44,26.01,9.45,61.33,3.18,20.47,Sundargarh
2020,45,28.48,12.01,63.62,3.28,20.83,Sundargarh
2020,46,26.27,11.13,60.35,2.85,20.42,Sundargarh
2020,47,26.78,10.08,54.71,2.91,20.98,Sundargarh
2020,48,27.19,10.2,53.89,2.92,19.44,Sundargarh
2020,49,27.41,9.38,52.15,2.83,21.39,Sundargarh
2020,50,27.66,10.8,47.54,2.17,21.56,Sundargarh
2020,51,28.03,12.55,47.48,1.94,18.8,Sundargarh
2020,52,28.7,13.78,60.39,2.36,20.08,Sundargarh
2020,53,28.64,13.97,60.82,1.68,19.22,Sundargarh
2020,54,28.73,15.1,63.13,2.18,16.12,Sundargarh
2020,55,26.3,15.9,66.98,2.23,8.38,Sundargarh
2020,56,23.87,16.36,80.18,2.57,5.6,Sundargarh
2020,57,25.68,12.13,67.33,2.72,16.84,Sundargarh
2020,58,26.11,11.73,67.92,2.74,20.59,Sundargarh
2020,59,26.62,12.58,63.25,2.46,20.67,Sundargarh
2020,60,27.67,13.03,58.92,1.78,20.48,Sundargarh
2020,61,29.24,14.65,60.7,1.71,19.85,Sundargarh
2020,62,29.7,16.23,64.47,2.9,15.89,Sundargarh
2020,63,29.28,17.35,63.48,1.97,15.02,Sundargarh
2020,64,29.57,17.34,67.36,2.32,19.01,Sundargarh
2020,65,28.91,18.41,75.79,2.87,15.33,Sundargarh
2020,66,29.09,18.96,75.34,2.99,18.0,Sundargarh
2020,67,27.9,19.95,79.54,3.07,18.12,Sundargarh
2020,68,28.85,17.87,66.76,2.43,20.97,Sundargarh
2020,69,29.54,14.34,55.15,2.81,22.72,Sundargarh
2020,70,29.38,15.06,55.67,2.26,13.26,Sundargarh
2020,71,30.11,16.58,67.49,2.66,8.65,Sundargarh
2020,72,29.63,19.75,76.28,2.83,11.95,Sundargarh
2020,73,30.23,18.97,78.24,2.74,14.7,Sundargarh
2020,74,29.79,20.31,76.46,3.28,10.11,Sundargarh
2020,75,28.88,19.59,76.11,2.37,17.94,Sundargarh
2020,76,29.66,18.17,66.93,2.32,20.4,Sundargarh
2020,77,30.38,16.0,56.91,2.25,22.15,Sundargarh
2020,78,30.57,16.01,58.31,2.62,19.3,Sundargarh
2020,79,31.23,17.53,66.52,2.09,12.71,Sundargarh
2020,80,30.56,18.68,65.27,2.0,22.41,Sundargarh
2020,81,29.51,18.48,63.62,2.14,17.31,Sundargarh
2020,82,30.19,18.01,59.11,1.92,21.33,Sundargarh
2020,83,28.98,18.02,57.4,1.62,22.52,Sundargarh
2020,84,30.69,20.45,54.69,1.22,21.76,Sundargarh
2020,85,33.68,19.69,53.89,2.18,23.36,Sundargarh
2020,86,33.82,19.4,50.71,2.03,24.07,Sundargarh
2020,87,34.89,20.95,53.96,2.08,23.81,Sundargarh
2020,88,34.09,22.18,59.2,3.2,21.38,Sundargarh
2020,89,34.56,21.17,53.05,3.22,24.28,Sundargarh
2020,90,34.93,21.25,49.78,2.63,23.63,Sundargarh
2020,91,35.04,21.15,49.48,2.33,22.75,Sundargarh
2020,92,36.38,22.15,47.39,3.33,23.45,Sundargarh
2020,93,36.94,20.46,46.14,2.82,24.42,Sundargarh
2020,94,35.98,21.18,43.09,3.52,24.27,Sundargarh
2020,95,36.1,20.49,39.1,3.06,23.32,Sundargarh
2020,96,35.41,23.68,40.97,2.91,24.54,Sundargarh
2020,97,36.46,19.34,34.1,2.87,26.79,Sundargarh
2020,98,36.28,21.22,42.86,2.36,22.94,Sundargarh
2020,99,36.17,24.0,42.51,1.86,21.55,Sundargarh
2020,100,35.97,21.84,43.38,2.25,24.89,Sundargarh
2020,101,37.1,22.7,38.16,1.73,22.74,Sundargarh
2020,102,37.86,21.57,36.85,3.19,24.55,Sundargarh
2020,103,38.03,23.18,36.07,2.59,24.36,Sundargarh
2020,104,39.14,21.75,35.32,2.75,25.74,Sundargarh
2020,105,39.22,24.36,33.87,1.67,24.08,Sundargarh
2020,106,39.53,24.45,36.22,2.68,20.48,Sundargarh
2020,107,38.59,25.13,38.06,3.14,23.93,Sundargarh
2020,108,39.57,24.24,37.57,2.3,25.13,Sundargarh
2020,109,40.41,24.95,35.22,2.3,21.11,Sundargarh
2020,110,39.42,23.96,35.46,2.87,18.54,Sundargarh
2020,111,38.55,24.73,36.6,2.45,21.48,Sundargarh
2020,112,38.23,25.71,48.15,2.96,17.29,Sundargarh
2020,113,36.04,24.16,51.99,2.61,21.56,Sundargarh
2020,114,37.86,25.03,38.48,2.3,20.14,Sundargarh
2020,115,35.47,23.98,56.24,3.34,17.4,Sundargarh
2020,116,35.84,23.88,57.83,2.73,18.11,Sundargarh
2020,117,35.22,25.13,61.57,3.54,16.95,Sundargarh
2020,118,32.49,23.62,66.88,1.94,23.87,Sundargarh
2020,119,34.96,22.55,54.43,2.06,23.6,Sundargarh
2020,120,35.6,21.81,50.08,2.63,22.03,Sundargarh
2020,121,36.35,22.78,46.39,2.4,23.86,Sundargarh
2020,122,38.11,23.35,43.9,2.74,21.14,Sundargarh
2020,123,37.73,23.41,48.17,3.27,23.71,Sundargarh
2020,124,38.38,22.86,46.48,2.33,25.19,Sundargarh
2020,125,38.88,24.27,50.16,2.4,14.41,Sundargarh
2020,126,38.06,25.08,55.97,3.22,22.56,Sundargarh
2020,127,38.03,24.38,46.72,2.97,24.71,Sundargarh
2020,128,36.82,22.28,49.53,2.93,23.49,Sundargarh
2020,129,38.24,24.06,44.12,2.71,25.14,Sundargarh
2020,130,38.71,25.02,48.77,3.37,26.44,Sundargarh
2020,131,39.92,25.39,44.9,3.08,24.57,Sundargarh
2020,132,39.31,25.12,41.54,2.63,24.98,Sundargarh
2020,133,39.26,24.54,36.3,1.6,25.55,Sundargarh
2020,134,38.57,25.23,41.98,2.25,25.05,Sundargarh
2020,135,40.28,26.47,41.81,2.34,23.99,Sundargarh
2020,136,41.24,26.95,39.01,2.5,24.09,Sundargarh
2020,137,40.4,25.83,43.95,2.55,22.01,Sundargarh
2020,138,40.86,26.43,43.26,2.3,22.35,Sundargarh
2020,139,41.57,26.2,38.3,3.09,24.21,Sundargarh
2020,140,39.65,25.95,44.52,3.52,18.76,Sundargarh
2020,141,39.74,24.76,40.13,6.75,14.11,Sundargarh
2020,142,39.51,24.12,40.37,3.28,24.51,Sundargarh
2020,143,41.32,25.27,29.9,1.85,27.22,Sundargarh
2020,144,42.41,24.62,33.49,1.69,27.44,Sundargarh
2020,145,43.67,25.85,37.13,3.16,25.92,Sundargarh
2020,146,43.73,27.3,33.52,3.42,24.07,Sundargarh
2020,147,43.97,28.84,33.22,3.72,23.52,Sundargarh
2020,148,43.42,27.64,34.25,3.99,25.44,Sundargarh
2020,149,42.39,28.66,37.02,2.13,23.05,Sundargarh
2020,150,39.36,27.89,51.64,3.26,23.85,Sundargarh
2020,151,37.18,26.41,60.7,3.06,24.18,Sundargarh
2020,152,39.11,27.7,47.37,1.58,23.82,Sundargarh
2020,153,36.22,27.6,56.1,3.57,23.61,Sundargarh
2020,154,34.04,26.18,57.35,2.34,15.3,Sundargarh
2020,155,32.63,25.69,58.27,2.23,17.76,Sundargarh
2020,156,32.86,26.89,60.05,2.45,18.19,Sundargarh
2020,157,35.83,26.0,56.43,5.72,20.16,Sundargarh
2020,158,37.14,24.72,49.47,3.14,24.06,Sundargarh
2020,159,37.83,26.63,47.23,2.04,20.06,Sundargarh
2020,160,39.08,27.48,48.22,1.34,22.6,Sundargarh
2020,161,39.42,28.1,46.32,1.73,20.89,Sundargarh
2020,162,36.7,27.77,55.96,2.41,19.53,Sundargarh
2020,163,33.0,27.74,67.44,2.42,19.72,Sundargarh
2020,164,32.65,26.58,73.62,1.95,15.34,Sundargarh
2020,165,31.13,26.37,80.67,2.07,15.64,Sundargarh
2020,166,30.39,25.86,84.07,1.93,8.02,Sundargarh
2020,167,29.14,25.63,88.65,2.32,14.92,Sundargarh
2020,168,29.49,25.2,88.95,4.61,14.16,Sundargarh
2020,169,32.26,24.66,80.84,4.51,5.98,Sundargarh
2020,170,31.69,24.65,82.35,4.93,12.33,Sundargarh
2020,171,29.82,24.71,84.52,4.49,12.0,Sundargarh
2020,172,31.29,24.92,85.87,3.69,7.09,Sundargarh
2020,173,30.71,25.59,86.28,3.73,10.77,Sundargarh
2020,174,32.21,25.28,84.35,2.5,12.45,Sundargarh
2020,175,31.9,25.36,82.72,4.12,9.12,Sundargarh
2020,176,32.08,25.21,83.33,3.28,19.38,Sundargarh
2020,177,31.9,25.76,82.99,2.98,19.16,Sundargarh
2020,178,29.38,25.66,88.58,3.32,10.75,Sundargarh
2020,179,31.85,24.66,82.96,3.52,15.54,Sundargarh
2020,180,31.53,25.26,84.42,3.55,16.12,Sundargarh
2020,181,29.81,25.3,88.52,2.51,16.5,Sundargarh
2020,182,30.82,24.78,78.96,1.68,22.55,Sundargarh
2020,183,31.97,25.14,79.62,1.95,18.91,Sundargarh
2020,184,32.12,25.43,80.4,1.74,19.71,Sundargarh
2020,185,31.25,25.89,82.98,1.69,16.81,Sundargarh
2020,186,32.01,26.41,80.68,1.99,21.1,Sundargarh
2020,187,29.27,26.25,87.62,2.24,10.07,Sundargarh
2020,188,29.36,25.22,89.33,6.68,10.1,Sundargarh
2020,189,31.08,24.45,83.02,5.67,12.26,Sundargarh
2020,190,31.71,24.28,82.09,2.78,13.82,Sundargarh
2020,191,30.25,25.35,85.85,3.39,14.37,Sundargarh
2020,192,30.14,25.32,87.25,3.4,15.95,Sundargarh
2020,193,29.24,25.12,87.66,3.98,10.31,Sundargarh
2020,194,31.41,24.62,85.31,3.99,14.99,Sundargarh
2020,195,31.24,24.88,84.85,3.18,17.34,Sundargarh
2020,196,29.28,25.27,89.94,3.15,16.14,Sundargarh
2020,197,30.54,25.48,87.16,3.58,15.22,Sundargarh
2020,198,31.67,24.16,82.73,3.0,20.74,Sundargarh
2020,199,31.4,24.77,83.25,2.65,16.61,Sundargarh
2020,200,30.95,24.98,83.61,3.2,18.86,Sundargarh
2020,201,29.74,25.24,87.39,2.51,15.44,Sundargarh
2020,202,29.41,24.91,90.19,2.98,15.3,Sundargarh
2020,203,29.5,24.5,86.98,3.55,10.07,Sundargarh
2020,204,29.39,24.32,89.69,3.92,16.92,Sundargarh
2020,205,28.28,24.37,88.35,3.22,7.65,Sundargarh
2020,206,29.98,23.48,87.65,2.89,11.8,Sundargarh
2020,207,30.99,23.66,82.69,2.14,17.77,Sundargarh
2020,208,31.77,24.13,81.77,3.14,20.91,Sundargarh
2020,209,29.35,24.66,87.31,2.69,14.24,Sundargarh
2020,210,30.52,24.66,85.85,2.09,13.29,Sundargarh
2020,211,31.79,24.2,81.04,1.87,17.62,Sundargarh
2020,212,31.72,24.83,80.2,1.86,18.16,Sundargarh
2020,213,32.14,25.03,77.77,1.19,16.7,Sundargarh
2020,214,30.76,26.67,79.14,1.18,17.32,Sundargarh
2020,215,32.53,25.64,82.35,2.48,16.02,Sundargarh
2020,216,29.52,25.59,88.98,3.81,10.74,Sundargarh
2020,217,29.6,25.42,90.55,4.43,16.39,Sundargarh
2020,218,29.58,25.54,89.58,3.48,13.36,Sundargarh
2020,219,30.84,24.19,85.97,3.87,10.24,Sundargarh
2020,220,31.57,24.5,85.48,2.71,17.79,Sundargarh
2020,221,31.24,24.04,83.49,2.64,15.12,Sundargarh
2020,222,31.48,25.41,86.76,2.48,17.0,Sundargarh
2020,223,31.8,25.24,85.65,2.82,15.73,Sundargarh
2020,224,30.99,25.37,87.01,2.42,14.85,Sundargarh
2020,225,30.46,25.76,87.38,2.46,16.22,Sundargarh
2020,226,31.73,24.95,83.26,1.72,16.03,Sundargarh
2020,227,31.34,24.67,84.99,1.7,14.58,Sundargarh
2020,228,30.61,25.56,88.55,3.18,12.52,Sundargarh
2020,229,29.17,24.76,91.15,4.81,12.12,Sundargarh
2020,230,29.16,24.71,92.06,4.2,11.05,Sundargarh
2020,231,30.4,24.89,89.4,3.69,9.19,Sundargarh
2020,232,31.53,25.49,88.22,2.62,17.17,Sundargarh
2020,233,28.13,24.96,88.62,2.44,8.12,Sundargarh
2020,234,28.34,24.55,91.15,3.52,9.5,Sundargarh
2020,235,29.32,24.22,89.28,3.76,11.97,Sundargarh
2020,236,29.25,24.47,89.25,2.76,15.21,Sundargarh
2020,237,27.74,24.43,92.34,3.04,13.79,Sundargarh
2020,238,28.67,24.06,91.37,3.54,15.11,Sundargarh
2020,239,28.27,24.66,93.72,4.0,11.11,Sundargarh
2020,240,28.25,23.73,93.97,8.76,5.71,Sundargarh
2020,241,28.24,23.02,91.94,8.27,10.73,Sundargarh
2020,242,29.07,23.58,89.42,4.61,14.25,Sundargarh
2020,243,29.93,23.43,87.69,3.01,20.37,Sundargarh
2020,244,29.45,24.28,88.62,2.62,21.76,Sundargarh
2020,245,30.81,24.26,86.63,1.59,13.59,Sundargarh
2020,246,27.82,24.35,83.23,1.41,14.4,Sundargarh
2020,247,29.85,23.86,80.57,1.15,16.7,Sundargarh
2020,248,30.61,23.84,83.67,1.77,20.83,Sundargarh
2020,249,31.08,24.43,83.36,1.88,19.54,Sundargarh
2020,250,30.89,25.42,84.34,1.47,17.29,Sundargarh
2020,251,31.1,25.43,82.31,1.52,15.52,Sundargarh
2020,252,30.15,24.81,87.81,2.39,14.84,Sundargarh
2020,253,30.01,24.41,85.36,1.58,15.42,Sundargarh
2020,254,31.11,25.53,82.05,1.6,13.51,Sundargarh
2020,255,30.62,24.89,87.99,2.08,14.35,Sundargarh
2020,256,30.72,24.69,85.97,2.4,16.37,Sundargarh
2020,257,29.19,24.73,85.36,1.93,20.19,Sundargarh
2020,258,30.79,24.25,86.02,2.36,22.29,Sundargarh
2020,259,29.68,24.99,88.53,2.19,20.21,Sundargarh
2020,260,31.06,24.62,86.22,1.97,19.74,Sundargarh
2020,261,31.57,25.16,82.74,1.35,18.22,Sundargarh
2020,262,31.32,25.5,80.94,0.98,7.5,Sundargarh
2020,263,31.71,25.48,79.91,1.35,16.21,Sundargarh
2020,264,31.79,25.96,83.59,1.87,14.92,Sundargarh
2020,265,30.54,25.76,88.96,3.09,10.99,Sundargarh
2020,266,27.79,25.06,93.28,3.41,10.74,Sundargarh
2020,267,29.64,25.06,90.17,3.73,12.83,Sundargarh
2020,268,29.03,25.22,90.77,3.77,12.65,Sundargarh
2020,269,30.25,24.82,87.73,2.68,13.02,Sundargarh
2020,270,31.29,23.72,81.6,1.95,14.09,Sundargarh
2020,271,30.4,23.36,81.83,2.25,18.45,Sundargarh
2020,272,30.62,21.44,80.37,2.2,21.19,Sundargarh
2020,273,30.33,22.96,82.7,2.3,19.05,Sundargarh
2020,274,29.02,23.24,83.03,2.42,16.53,Sundargarh
2020,275,26.95,23.0,86.37,2.71,9.69,Sundargarh
2020,276,29.27,22.06,86.8,2.27,15.37,Sundargarh
2020,277,28.25,24.06,88.48,1.28,16.28,Sundargarh
2020,278,29.72,23.23,85.53,1.86,13.61,Sundargarh
2020,279,28.78,24.28,88.6,1.73,14.84,Sundargarh
2020,280,29.27,24.01,89.47,2.74,15.63,Sundargarh
2020,281,28.48,24.08,88.43,1.79,15.08,Sundargarh
2020,282,30.03,24.06,83.0,1.04,16.49,Sundargarh
2020,283,28.4,24.51,89.48,1.34,16.25,Sundargarh
2020,284,29.96,24.66,86.55,0.83,12.43,Sundargarh
2020,285,30.21,24.39,84.03,1.97,17.49,Sundargarh
2020,286,30.55,23.23,83.27,2.32,20.37,Sundargarh
2020,287,29.39,23.18,89.46,4.22,18.99,Sundargarh
2020,288,29.64,23.85,88.72,4.48,16.71,Sundargarh
2020,289,29.16,24.14,89.39,3.69,19.08,Sundargarh
2020,290,29.5,24.27,88.51,3.03,17.15,Sundargarh
2020,291,30.37,23.45,82.05,1.75,19.27,Sundargarh
2020,292,30.77,23.39,82.62,1.98,16.35,Sundargarh
2020,293,30.02,22.6,83.88,2.48,18.48,Sundargarh
2020,294,30.67,22.53,81.45,2.47,18.55,Sundargarh
2020,295,29.96,21.37,83.97,3.25,17.3,Sundargarh
2020,296,30.15,21.91,85.52,3.18,15.1,Sundargarh
2020,297,29.07,22.41,85.18,2.99,15.7,Sundargarh
2020,298,29.98,20.06,76.65,2.67,16.6,Sundargarh
2020,299,29.95,19.66,66.36,1.86,17.19,Sundargarh
2020,300,28.9,19.07,70.67,2.45,18.45,Sundargarh
2020,301,29.03,18.03,69.5,2.05,19.41,Sundargarh
2020,302,28.58,17.67,69.66,1.71,19.2,Sundargarh
2020,303,28.18,17.13,72.87,2.24,18.28,Sundargarh
2020,304,28.29,17.67,71.89,2.82,18.75,Sundargarh
2020,305,29.06,17.87,75.63,2.45,19.12,Sundargarh
2020,306,28.52,17.76,75.59,2.32,17.84,Sundargarh
2020,307,28.66,17.71,73.85,1.87,18.4,Sundargarh
2020,308,28.54,18.15,73.93,1.91,16.74,Sundargarh
2020,309,28.5,17.4,68.81,1.82,16.17,Sundargarh
2020,310,28.17,17.89,68.8,1.28,16.2,Sundargarh
2020,311,27.45,16.38,67.74,1.68,17.28,Sundargarh
2020,312,26.56,14.09,66.26,2.18,17.21,Sundargarh
2020,313,26.32,13.79,72.2,2.53,17.11,Sundargarh
2020,314,25.89,13.82,69.97,2.4,17.11,Sundargarh
2020,315,25.77,13.9,77.32,2.6,18.2,Sundargarh
2020,316,27.09,17.0,85.23,3.17,11.3,Sundargarh
2020,317,25.99,18.27,85.46,2.72,10.7,Sundargarh
2020,318,26.68,17.93,81.88,2.78,17.74,Sundargarh
2020,319,27.69,17.74,82.35,2.72,17.27,Sundargarh
2020,320,27.87,17.42,80.68,2.0,16.72,Sundargarh
2020,321,28.3,18.29,77.23,1.4,15.94,Sundargarh
2020,322,27.94,18.23,77.28,1.82,14.43,Sundargarh
2020,323,27.96,19.18,75.15,0.79,14.02,Sundargarh
2020,324,27.03,18.34,78.26,1.53,14.09,Sundargarh
2020,325,27.57,18.74,84.58,2.22,13.67,Sundargarh
2020,326,26.05,16.3,83.02,2.88,11.58,Sundargarh
2020,327,24.0,12.26,63.6,2.47,16.69,Sundargarh
2020,328,23.78,10.86,67.33,2.0,17.08,Sundargarh
2020,329,24.14,11.75,70.86,1.88,16.48,Sundargarh
2020,330,24.25,11.51,72.93,2.51,16.48,Sundargarh
2020,331,21.29,13.16,76.17,2.32,10.1,Sundargarh
2020,332,25.07,15.51,79.46,3.1,5.9,Sundargarh
2020,333,26.5,13.27,78.05,2.84,16.69,Sundargarh
2020,334,26.13,13.92,72.57,2.09,16.72,Sundargarh
2020,335,25.47,13.59,70.09,1.64,16.97,Sundargarh
2020,336,25.04,13.38,70.74,1.51,15.97,Sundargarh
2020,337,25.12,13.55,69.41,2.1,16.29,Sundargarh
2020,338,24.45,12.01,66.65,2.09,15.81,Sundargarh
2020,339,24.68,12.3,66.04,1.95,14.68,Sundargarh
2020,340,24.99,12.17,65.75,1.4,15.57,Sundargarh
2020,341,25.59,12.78,64.64,1.3,15.96,Sundargarh
2020,342,25.9,13.69,66.65,1.87,15.41,Sundargarh
2020,343,25.72,12.67,70.66,2.25,15.48,Sundargarh
2020,344,25.9,12.35,67.93,1.93,15.31,Sundargarh
2020,345,25.87,13.05,64.49,1.75,15.52,Sundargarh
2020,346,25.67,13.85,68.16,1.94,15.31,Sundargarh
2020,347,25.11,13.25,68.92,2.02,13.51,Sundargarh
2020,348,25.48,14.38,71.23,1.83,10.27,Sundargarh
2020,349,25.09,15.33,81.02,1.87,10.99,Sundargarh
2020,350,23.48,17.14,86.44,2.04,7.61,Sundargarh
2020,351,25.25,16.35,84.67,1.62,8.92,Sundargarh
2020,352,24.73,15.93,82.3,2.34,8.37,Sundargarh
2020,353,23.92,12.96,76.69,2.45,13.54,Sundargarh
2020,354,22.05,8.69,63.48,2.83,16.1,Sundargarh
2020,355,22.36,7.17,61.35,2.86,16.64,Sundargarh
2020,356,21.52,6.98,63.4,2.52,15.71,Sundargarh
2020,357,22.27,7.91,62.83,2.22,15.66,Sundargarh
2020,358,22.9,8.58,63.03,1.82,14.04,Sundargarh
2020,359,23.36,9.86,64.78,1.65,13.5,Sundargarh
2020,360,23.6,9.67,66.47,2.65,14.96,Sundargarh
2020,361,22.99,8.76,61.01,2.46,15.42,Sundargarh
2020,362,22.73,8.58,62.12,2.01,15.75,Sundargarh
2020,363,23.29,10.99,63.66,1.61,15.2,Sundargarh
2020,364,24.56,11.35,70.07,1.96,14.08,Sundargarh
2020,365,23.55,11.56,76.25,2.65,12.33,Sundargarh
2020,366,23.76,11.12,70.59,2.39,12.89,Sundargarh
2021,1,23.3,10.91,70.4,2.29,13.28,Sundargarh
2021,2,24.63,12.19,68.63,2.09,15.08,Sundargarh
2021,3,25.23,12.98,65.53,1.64,15.65,Sundargarh
2021,4,26.08,12.77,64.26,1.62,12.46,Sundargarh
2021,5,26.83,13.54,67.6,1.98,15.83,Sundargarh
2021,6,27.56,14.73,68.5,2.0,14.59,Sundargarh
2021,7,28.06,16.47,68.2,1.92,12.16,Sundargarh
2021,8,27.06,16.82,69.52,3.41,10.03,Sundargarh
2021,9,27.73,16.73,69.89,2.16,13.76,Sundargarh
2021,10,27.31,17.1,70.2,1.59,14.06,Sundargarh
2021,11,27.69,16.67,71.95,2.47,13.82,Sundargarh
2021,12,26.55,14.49,72.42,2.47,14.58,Sundargarh
2021,13,25.66,12.19,62.79,2.58,14.92,Sundargarh
2021,14,24.56,9.51,53.09,2.82,16.42,Sundargarh
2021,15,23.64,7.42,49.6,2.5,14.99,Sundargarh
2021,16,24.94,7.83,47.45,2.42,16.05,Sundargarh
2021,17,24.28,8.2,52.67,3.0,14.75,Sundargarh
2021,18,24.21,8.88,61.98,2.3,13.5,Sundargarh
2021,19,25.15,11.62,60.81,2.1,12.9,Sundargarh
2021,20,26.49,13.63,66.96,2.77,12.06,Sundargarh
2021,21,26.53,11.19,47.39,2.8,17.67,Sundargarh
2021,22,25.24,8.9,45.85,2.6,18.6,Sundargarh
2021,23,25.46,8.68,50.95,2.42,18.1,Sundargarh
2021,24,26.53,11.42,49.22,1.84,16.99,Sundargarh
2021,25,26.73,12.11,58.38,2.42,13.85,Sundargarh
2021,26,26.22,12.7,65.19,2.58,13.51,Sundargarh
2021,27,25.94,12.25,59.82,2.55,12.0,Sundargarh
2021,28,25.96,11.88,59.92,2.28,13.77,Sundargarh
2021,29,23.92,12.38,68.96,2.32,6.66,Sundargarh
2021,30,25.18,10.81,50.6,3.31,15.74,Sundargarh
2021,31,24.55,7.24,38.63,2.54,19.37,Sundargarh
2021,32,24.94,7.5,42.54,2.33,19.62,Sundargarh
2021,33,26.39,8.57,42.81,2.28,19.87,Sundargarh
2021,34,27.4,9.56,44.1,2.4,17.89,Sundargarh
2021,35,28.04,10.18,41.26,2.27,19.75,Sundargarh
2021,36,28.04,10.44,42.87,1.97,19.29,Sundargarh
2021,37,27.32,10.99,51.65,3.12,16.08,Sundargarh
2021,38,26.7,12.27,54.05,3.16,17.32,Sundargarh
2021,39,26.98,9.61,42.2,2.66,19.49,Sundargarh
2021,40,27.76,9.91,42.11,2.32,19.5,Sundargarh
2021,41,29.27,12.1,39.21,2.04,19.99,Sundargarh
2021,42,29.54,12.5,41.51,1.93,19.51,Sundargarh
2021,43,29.4,12.4,46.19,1.98,17.3,Sundargarh
2021,44,29.68,14.4,44.63,1.59,18.25,Sundargarh
2021,45,29.77,14.25,44.7,2.26,18.23,Sundargarh
2021,46,29.83,13.95,43.68,2.7,18.4,Sundargarh
2021,47,29.83,15.25,53.06,2.0,15.26,Sundargarh
2021,48,28.76,16.92,60.44,2.63,6.39,Sundargarh
2021,49,27.86,17.1,57.41,2.74,15.22,Sundargarh
2021,50,27.58,15.95,56.62,2.22,13.52,Sundargarh
2021,51,28.78,17.64,49.45,2.49,12.22,Sundargarh
2021,52,30.01,15.2,45.12,2.01,16.82,Sundargarh
2021,53,30.62,14.65,41.71,2.35,19.5,Sundargarh
2021,54,31.64,13.87,37.83,2.79,21.57,Sundargarh
2021,55,32.36,15.34,36.94,2.75,22.26,Sundargarh
2021,56,33.8,15.2,37.41,3.18,22.04,Sundargarh
2021,57,33.87,16.39,37.17,3.19,22.2,Sundargarh
2021,58,34.05,15.33,32.4,2.69,23.2,Sundargarh
2021,59,34.27,16.81,37.23,2.79,21.6,Sundargarh
2021,60,35.24,17.9,34.34,2.2,22.42,Sundargarh
2021,61,34.39,17.9,31.72,2.71,21.93,Sundargarh
2021,62,33.37,15.04,27.63,2.78,23.73,Sundargarh
2021,63,34.31,15.21,28.38,2.72,23.21,Sundargarh
2021,64,33.98,16.73,29.85,3.6,22.68,Sundargarh
2021,65,35.01,16.83,26.68,2.79,23.58,Sundargarh
2021,66,34.74,15.83,25.27,1.91,22.54,Sundargarh
2021,67,35.04,17.42,27.93,2.03,20.24,Sundargarh
2021,68,35.45,18.88,31.79,2.59,18.38,Sundargarh
2021,69,35.86,20.49,35.14,2.38,16.83,Sundargarh
2021,70,36.14,20.18,36.46,2.09,17.47,Sundargarh
2021,71,36.2,20.45,42.55,1.95,15.67,Sundargarh
2021,72,31.68,21.17,53.49,2.73,12.43,Sundargarh
2021,73,33.84,19.43,43.39,1.58,22.18,Sundargarh
2021,74,34.34,17.94,35.38,2.01,23.53,Sundargarh
2021,75,35.55,18.72,34.07,2.47,23.95,Sundargarh
2021,76,35.4,20.41,35.38,2.2,21.32,Sundargarh
2021,77,36.17,20.53,29.61,2.4,20.49,Sundargarh
2021,78,36.04,21.1,32.46,1.89,17.57,Sundargarh
2021,79,35.49,21.43,37.91,2.56,14.49,Sundargarh
2021,80,36.26,21.49,35.73,1.98,17.83,Sundargarh
2021,81,36.99,23.49,29.68,1.21,21.71,Sundargarh
2021,82,37.86,23.38,29.19,1.61,12.81,Sundargarh
2021,83,37.8,23.61,33.44,3.27,19.7,Sundargarh
2021,84,36.24,22.58,29.78,2.28,20.77,Sundargarh
2021,85,36.88,21.87,28.22,2.14,21.93,Sundargarh
2021,86,37.5,20.61,22.05,2.3,21.29,Sundargarh
2021,87,38.07,22.33,23.06,1.89,21.56,Sundargarh
2021,88,39.55,23.33,23.44,2.7,23.11,Sundargarh
2021,89,40.65,21.85,21.41,4.33,24.27,Sundargarh
2021,90,41.13,22.42,16.23,4.98,23.84,Sundargarh
2021,91,39.61,22.48,15.52,2.87,24.51,Sundargarh
2021,92,39.01,21.34,13.45,2.88,24.27,Sundargarh
2021,93,38.44,20.01,23.98,2.79,20.67,Sundargarh
2021,94,38.26,22.68,32.75,2.59,19.54,Sundargarh
2021,95,38.12,21.34,21.44,2.81,23.7,Sundargarh
2021,96,39.64,20.94,19.53,2.45,24.15,Sundargarh
2021,97,40.48,22.88,24.96,2.07,22.82,Sundargarh
2021,98,40.88,23.75,25.38,2.33,21.25,Sundargarh
2021,99,40.01,24.28,27.27,1.23,19.06,Sundargarh
2021,100,38.83,24.12,38.83,1.7,22.71,Sundargarh
2021,101,39.37,25.03,30.45,1.62,19.61,Sundargarh
2021,102,39.34,26.14,28.03,1.16,18.87,Sundargarh
2021,103,40.55,25.36,21.0,1.84,24.78,Sundargarh
2021,104,40.53,24.9,16.82,2.17,21.99,Sundargarh
2021,105,40.74,23.48,18.3,3.09,17.22,Sundargarh
2021,106,40.08,23.68,22.12,2.68,21.27,Sundargarh
2021,107,39.33,23.89,35.91,2.55,23.21,Sundargarh
2021,108,39.92,24.6,31.8,1.95,21.1,Sundargarh
2021,109,39.88,23.95,23.05,2.38,25.93,Sundargarh
2021,110,39.45,24.91,24.6,1.3,24.39,Sundargarh
2021,111,40.16,26.21,29.06,2.29,20.44,Sundargarh
2021,112,38.95,26.4,32.91,2.82,20.66,Sundargarh
2021,113,37.57,25.42,29.11,2.99,20.67,Sundargarh
2021,114,39.19,24.57,27.49,2.16,25.12,Sundargarh
2021,115,40.66,24.09,23.71,2.93,24.07,Sundargarh
2021,116,38.86,25.04,19.76,2.84,24.13,Sundargarh
2021,117,41.21,24.12,16.43,2.18,26.04,Sundargarh
2021,118,41.91,24.1,14.71,1.88,25.28,Sundargarh
2021,119,41.82,25.82,17.58,1.45,23.9,Sundargarh
2021,120,41.43,24.36,30.63,2.13,23.03,Sundargarh
2021,121,40.34,24.28,35.89,2.55,23.71,Sundargarh
2021,122,40.89,26.63,33.9,3.72,14.81,Sundargarh
2021,123,39.31,27.12,31.26,2.25,18.37,Sundargarh
2021,124,38.97,25.98,33.46,1.47,20.79,Sundargarh
2021,125,40.01,26.53,37.16,3.34,19.03,Sundargarh
2021,126,39.77,27.53,39.49,3.39,23.53,Sundargarh
2021,127,39.22,26.76,42.67,2.64,22.04,Sundargarh
2021,128,36.78,26.95,51.22,2.11,19.87,Sundargarh
2021,129,37.87,25.93,48.54,1.97,21.71,Sundargarh
2021,130,35.19,27.32,52.53,2.83,22.65,Sundargarh
2021,131,35.88,25.2,61.7,2.71,15.39,Sundargarh
2021,132,38.72,24.62,52.63,2.95,23.37,Sundargarh
2021,133,38.58,25.55,49.03,3.61,21.22,Sundargarh
2021,134,38.01,24.05,48.16,3.14,25.77,Sundargarh
2021,135,38.54,27.53,39.11,2.03,23.48,Sundargarh
2021,136,38.79,25.99,50.4,2.67,25.84,Sundargarh
2021,137,39.33,27.44,51.07,2.83,27.09,Sundargarh
2021,138,40.11,27.71,49.44,3.47,26.42,Sundargarh
2021,139,36.89,28.37,56.84,3.03,19.94,Sundargarh
2021,140,34.62,27.76,68.16,2.91,22.61,Sundargarh
2021,141,34.95,27.97,63.17,2.01,21.96,Sundargarh
2021,142,38.7,25.69,46.19,3.57,24.43,Sundargarh
2021,143,40.08,24.75,38.35,3.89,26.39,Sundargarh
2021,144,39.95,26.08,35.93,5.43,22.95,Sundargarh
2021,145,37.66,26.5,31.15,6.84,12.48,Sundargarh
2021,146,29.67,25.89,71.89,6.28,4.28,Sundargarh
2021,147,29.73,24.64,76.39,8.3,7.95,Sundargarh
2021,148,36.57,24.14,60.44,3.58,21.2,Sundargarh
2021,149,39.23,25.5,54.5,2.57,22.67,Sundargarh
2021,150,39.91,26.52,53.52,3.41,22.18,Sundargarh
2021,151,40.25,27.05,50.64,2.43,23.03,Sundargarh
2021,152,37.48,27.63,58.11,2.38,23.61,Sundargarh
2021,153,33.94,27.1,65.75,1.54,17.79,Sundargarh
2021,154,36.15,26.72,58.15,1.29,22.08,Sundargarh
2021,155,36.93,26.77,56.09,2.6,24.95,Sundargarh
2021,156,36.79,27.43,52.82,3.46,25.16,Sundargarh
2021,157,37.38,27.2,51.64,4.12,22.04,Sundargarh
2021,158,39.18,28.14,49.95,4.63,22.27,Sundargarh
2021,159,38.89,27.61,59.83,4.57,21.86,Sundargarh
2021,160,34.12,26.56,74.62,3.59,17.81,Sundargarh
2021,161,33.21,25.06,75.44,3.27,14.45,Sundargarh
2021,162,34.22,26.27,69.69,3.01,9.94,Sundargarh
2021,163,31.53,25.63,80.99,3.28,13.78,Sundargarh
2021,164,32.75,25.67,79.24,2.7,12.6,Sundargarh
2021,165,31.37,26.0,83.05,5.64,7.23,Sundargarh
2021,166,32.91,24.88,77.47,5.41,10.59,Sundargarh
2021,167,32.18,25.18,79.38,4.84,11.72,Sundargarh
2021,168,29.82,24.69,84.66,5.2,6.74,Sundargarh
2021,169,29.1,24.32,83.99,5.41,9.15,Sundargarh
2021,170,30.16,23.82,85.04,4.2,7.78,Sundargarh
2021,171,32.24,23.63,77.31,5.1,18.46,Sundargarh
2021,172,32.64,23.76,76.4,3.96,20.72,Sundargarh
2021,173,32.0,24.82,80.34,3.08,10.17,Sundargarh
2021,174,32.17,24.99,80.55,2.3,11.58,Sundargarh
2021,175,33.38,24.86,74.95,1.7,14.16,Sundargarh
2021,176,31.5,25.16,81.46,2.6,12.58,Sundargarh
2021,177,31.69,24.9,77.24,2.26,15.3,Sundargarh
2021,178,32.69,26.37,77.26,2.41,20.19,Sundargarh
2021,179,33.22,25.17,77.84,3.67,21.31,Sundargarh
2021,180,31.21,25.48,81.74,4.12,18.36,Sundargarh
2021,181,33.92,25.94,77.57,5.11,18.27,Sundargarh
2021,182,33.41,26.24,78.46,4.7,18.42,Sundargarh
2021,183,30.32,25.66,86.53,3.28,13.42,Sundargarh
2021,184,29.81,25.12,86.27,3.5,11.73,Sundargarh
2021,185,29.91,24.9,85.85,3.2,12.4,Sundargarh
2021,186,30.38,24.92,85.37,3.43,15.37,Sundargarh
2021,187,31.91,24.99,80.67,2.82,18.56,Sundargarh
2021,188,30.72,25.28,85.87,2.82,14.9,Sundargarh
2021,189,30.53,25.87,88.44,4.4,6.33,Sundargarh
2021,190,30.95,25.55,85.28,5.44,15.09,Sundargarh
2021,191,32.05,24.97,81.24,3.21,18.33,Sundargarh
2021,192,32.37,24.77,80.37,3.95,19.94,Sundargarh
2021,193,32.05,24.71,82.02,5.06,10.63,Sundargarh
2021,194,31.78,24.56,82.2,4.37,17.77,Sundargarh
2021,195,31.56,24.47,83.07,4.53,18.57,Sundargarh
2021,196,32.09,24.6,80.65,4.15,17.23,Sundargarh
2021,197,32.26,24.24,80.03,2.85,21.56,Sundargarh
2021,198,32.01,25.31,80.9,2.88,21.91,Sundargarh
2021,199,31.49,25.26,83.77,3.12,15.13,Sundargarh
2021,200,31.81,24.81,81.99,2.8,17.83,Sundargarh
2021,201,30.41,25.27,83.79,2.54,9.46,Sundargarh
2021,202,31.26,25.43,84.25,3.34,16.44,Sundargarh
2021,203,31.01,25.34,86.91,3.76,19.5,Sundargarh
2021,204,31.99,24.85,85.65,2.92,7.24,Sundargarh
2021,205,28.74,25.75,89.57,3.69,10.67,Sundargarh
2021,206,31.54,25.06,85.77,4.64,16.54,Sundargarh
2021,207,30.73,24.79,82.87,5.19,14.68,Sundargarh
2021,208,30.64,25.23,86.84,5.77,6.42,Sundargarh
2021,209,29.1,24.43,88.29,6.81,10.77,Sundargarh
2021,210,26.88,24.7,91.29,7.1,8.77,Sundargarh
2021,211,28.72,24.1,89.0,7.25,5.47,Sundargarh
2021,212,28.38,24.17,89.92,7.24,4.96,Sundargarh
2021,213,30.4,23.67,85.74,5.91,9.71,Sundargarh
2021,214,30.04,23.45,86.23,4.29,13.62,Sundargarh
2021,215,30.15,24.53,87.15,4.25,14.25,Sundargarh
2021,216,29.52,24.17,87.26,4.19,12.43,Sundargarh
2021,217,29.43,24.36,88.32,2.86,15.46,Sundargarh
2021,218,31.39,24.32,83.36,3.33,16.92,Sundargarh
2021,219,31.21,24.28,84.02,3.15,18.95,Sundargarh
2021,220,31.44,24.92,83.85,3.36,10.62,Sundargarh
2021,221,31.36,24.02,84.57,3.44,13.15,Sundargarh
2021,222,30.66,25.57,87.7,4.08,17.13,Sundargarh
2021,223,30.46,25.34,88.58,3.76,13.38,Sundargarh
2021,224,30.89,25.23,86.1,2.45,17.51,Sundargarh
2021,225,31.84,24.74,83.03,1.95,17.84,Sundargarh
2021,226,31.56,25.05,82.14,2.33,17.26,Sundargarh
2021,227,31.84,24.67,80.77,1.51,15.32,Sundargarh
2021,228,31.8,26.08,81.88,2.14,16.11,Sundargarh
2021,229,29.78,24.98,84.89,2.1,14.71,Sundargarh
2021,230,30.18,24.59,87.74,2.6,13.0,Sundargarh
2021,231,29.77,25.09,88.2,3.69,11.69,Sundargarh
2021,232,28.71,24.35,90.55,3.27,12.33,Sundargarh
2021,233,29.17,24.53,87.04,3.13,15.55,Sundargarh
2021,234,30.73,23.45,83.91,2.16,19.43,Sundargarh
2021,235,31.2,23.34,84.45,2.89,19.44,Sundargarh
2021,236,31.13,24.3,86.52,3.36,17.4,Sundargarh
2021,237,28.92,25.39,90.39,3.62,14.74,Sundargarh
2021,238,29.76,25.22,90.42,3.16,11.15,Sundargarh
2021,239,31.12,24.25,83.7,1.2,13.79,Sundargarh
2021,240,29.75,24.7,86.98,1.1,17.55,Sundargarh
2021,241,30.21,24.86,85.97,3.07,17.01,Sundargarh
2021,242,30.24,24.39,88.58,4.97,14.47,Sundargarh
2021,243,30.43,24.44,87.04,4.4,15.93,Sundargarh
2021,244,30.66,24.26,84.47,2.96,20.03,Sundargarh
2021,245,30.61,23.81,83.73,1.77,18.76,Sundargarh
2021,246,30.89,23.81,81.47,1.52,16.56,Sundargarh
2021,247,31.2,24.78,79.11,1.41,18.79,Sundargarh
2021,248,32.01,25.03,83.21,2.57,19.71,Sundargarh
2021,249,29.99,25.09,88.87,4.53,16.75,Sundargarh
2021,250,29.38,24.23,88.45,6.23,12.47,Sundargarh
2021,251,30.22,24.68,86.7,3.61,14.36,Sundargarh
2021,252,28.77,24.32,89.45,2.57,16.28,Sundargarh
2021,253,30.97,23.75,83.11,1.51,16.35,Sundargarh
2021,254,30.69,24.33,86.81,2.39,9.53,Sundargarh
2021,255,29.46,23.9,85.6,2.27,17.15,Sundargarh
2021,256,30.95,24.18,86.11,2.34,9.1,Sundargarh
2021,257,29.21,25.23,92.48,4.8,5.14,Sundargarh
2021,258,28.25,25.36,93.31,3.73,8.38,Sundargarh
2021,259,29.15,23.66,90.79,3.89,14.32,Sundargarh
2021,260,29.44,22.93,89.87,2.54,14.15,Sundargarh
2021,261,29.67,23.55,86.41,1.98,18.15,Sundargarh
2021,262,28.98,23.84,88.25,2.05,8.3,Sundargarh
2021,263,29.11,22.69,88.54,1.84,15.43,Sundargarh
2021,264,30.7,24.15,85.38,1.64,16.85,Sundargarh
2021,265,29.47,24.43,89.3,3.72,8.67,Sundargarh
2021,266,28.42,24.34,91.85,4.13,14.38,Sundargarh
2021,267,30.47,23.2,84.3,2.55,17.06,Sundargarh
2021,268,30.69,23.47,83.07,1.74,19.08,Sundargarh
2021,269,30.28,24.26,86.44,4.18,17.03,Sundargarh
2021,270,29.89,23.99,88.03,5.53,17.85,Sundargarh
2021,271,29.0,24.11,86.36,2.99,16.35,Sundargarh
2021,272,27.42,23.39,90.05,2.05,16.45,Sundargarh
2021,273,28.76,23.79,91.77,3.13,12.59,Sundargarh
2021,274,29.6,24.2,89.09,2.71,14.05,Sundargarh
2021,275,29.75,23.79,88.29,2.61,18.29,Sundargarh
2021,276,30.04,23.2,87.51,2.58,17.05,Sundargarh
2021,277,31.07,23.5,83.1,1.55,17.64,Sundargarh
2021,278,31.23,25.04,79.82,1.25,16.05,Sundargarh
2021,279,30.63,24.26,84.22,1.4,17.31,Sundargarh
2021,280,31.0,24.03,81.94,1.64,18.17,Sundargarh
2021,281,31.06,23.2,82.68,2.08,17.55,Sundargarh
2021,282,30.43,22.13,77.77,2.3,19.9,Sundargarh
2021,283,30.5,21.1,75.91,2.17,18.95,Sundargarh
2021,284,29.77,21.58,78.14,1.81,17.42,Sundargarh
2021,285,30.83,21.25,79.42,2.11,17.01,Sundargarh
2021,286,30.41,22.42,80.73,1.85,18.81,Sundargarh
2021,287,30.74,22.5,84.53,2.48,16.56,Sundargarh
2021,288,28.86,24.41,88.75,2.35,17.46,Sundargarh
2021,289,30.04,24.6,88.95,2.13,17.93,Sundargarh
2021,290,28.82,23.73,87.55,2.24,11.93,Sundargarh
2021,291,29.32,24.65,86.71,1.6,9.85,Sundargarh
2021,292,29.19,24.17,91.18,3.12,10.21,Sundargarh
2021,293,28.59,22.4,83.94,2.74,18.28,Sundargarh
2021,294,28.03,19.54,77.77,2.87,18.53,Sundargarh
2021,295,28.03,16.39,75.74,2.58,20.49,Sundargarh
2021,296,28.46,17.11,72.72,1.72,20.39,Sundargarh
2021,297,28.39,17.96,69.56,0.97,19.15,Sundargarh
2021,298,27.88,18.13,71.8,1.44,17.84,Sundargarh
2021,299,27.82,19.36,77.54,1.84,16.27,Sundargarh
2021,300,28.07,19.89,82.29,3.28,15.42,Sundargarh
2021,301,28.3,19.18,81.99,3.33,16.9,Sundargarh
2021,302,27.88,19.05,82.87,2.91,16.22,Sundargarh
2021,303,28.08,18.73,80.97,2.09,15.89,Sundargarh
2021,304,26.96,17.83,74.07,2.78,15.57,Sundargarh
2021,305,26.61,15.88,72.45,2.13,15.7,Sundargarh
2021,306,25.98,16.99,77.12,1.76,14.11,Sundargarh
2021,307,27.06,19.7,85.68,1.82,14.85,Sundargarh
2021,308,27.56,19.47,78.96,0.84,13.86,Sundargarh
2021,309,26.95,19.18,76.89,1.29,17.0,Sundargarh
2021,310,27.24,18.35,72.03,1.9,18.06,Sundargarh
2021,311,25.65,15.28,66.88,1.74,17.95,Sundargarh
2021,312,25.91,14.06,68.34,1.89,17.44,Sundargarh
2021,313,25.52,14.07,70.11,2.24,17.02,Sundargarh
2021,314,25.98,13.32,72.1,1.81,16.46,Sundargarh
2021,315,25.71,14.23,80.94,2.32,13.95,Sundargarh
2021,316,26.03,18.4,88.08,2.88,9.7,Sundargarh
2021,317,27.27,21.19,90.93,3.05,3.81,Sundargarh
2021,318,27.57,21.02,87.09,1.92,4.81,Sundargarh
2021,319,28.25,21.73,88.21,1.26,11.27,Sundargarh
2021,320,26.87,19.96,89.87,3.07,12.6,Sundargarh
2021,321,26.53,20.04,88.84,2.86,14.66,Sundargarh
2021,322,27.91,19.18,81.16,1.67,15.95,Sundargarh
2021,323,26.81,18.23,80.18,1.46,16.33,Sundargarh
2021,324,28.1,18.21,80.46,1.88,13.03,Sundargarh
2021,325,27.9,19.11,78.92,1.55,10.5,Sundargarh
2021,326,28.36,19.44,79.09,1.74,9.53,Sundargarh
2021,327,27.96,17.88,75.31,2.27,15.37,Sundargarh
2021,328,27.21,15.55,68.49,2.05,15.17,Sundargarh
2021,329,26.68,16.86,64.51,1.05,13.53,Sundargarh
2021,330,26.0,14.92,67.64,1.84,13.8,Sundargarh
2021,331,25.36,12.58,68.05,2.87,14.81,Sundargarh
2021,332,25.19,12.11,68.17,2.64,15.65,Sundargarh
2021,333,24.83,11.93,67.35,2.32,15.12,Sundargarh
2021,334,24.73,11.98,73.03,3.0,12.95,Sundargarh
2021,335,24.49,12.2,70.4,2.63,14.62,Sundargarh
2021,336,25.51,12.13,75.36,2.51,16.64,Sundargarh
2021,337,25.75,13.93,82.94,2.55,14.59,Sundargarh
2021,338,22.38,16.57,89.81,3.49,9.64,Sundargarh
2021,339,23.4,17.92,89.78,5.07,9.36,Sundargarh
2021,340,25.72,17.96,86.34,2.81,13.0,Sundargarh
2021,341,26.2,16.0,82.41,3.01,15.09,Sundargarh
2021,342,25.9,15.89,75.97,3.64,14.86,Sundargarh
2021,343,25.06,15.1,78.46,3.16,12.52,Sundargarh
2021,344,25.36,14.73,76.35,1.99,14.01,Sundargarh
2021,345,25.63,13.92,70.25,1.53,12.79,Sundargarh
2021,346,24.94,13.54,73.45,1.89,11.72,Sundargarh
2021,347,24.36,13.49,72.13,1.35,12.63,Sundargarh
2021,348,24.02,13.16,64.31,1.28,13.47,Sundargarh
2021,349,24.54,12.58,67.66,2.28,13.25,Sundargarh
2021,350,24.61,12.07,71.69,2.75,12.82,Sundargarh
2021,351,24.98,11.76,68.92,1.79,14.94,Sundargarh
2021,352,24.53,13.01,72.97,2.24,12.04,Sundargarh
2021,353,23.11,9.45,54.44,3.18,15.02,Sundargarh
2021,354,22.33,5.61,50.71,2.32,15.47,Sundargarh
2021,355,22.04,6.27,54.63,2.77,15.46,Sundargarh
2021,356,22.34,7.59,50.25,2.27,15.6,Sundargarh
2021,357,23.48,8.17,53.97,2.16,15.03,Sundargarh
2021,358,24.73,10.46,57.93,1.93,14.21,Sundargarh
2021,359,24.65,12.68,62.15,1.39,13.33,Sundargarh
2021,360,25.42,12.0,65.9,1.8,11.65,Sundargarh
2021,361,24.41,12.55,69.69,2.03,7.98,Sundargarh
2021,362,24.26,13.88,83.78,2.65,5.27,Sundargarh
2021,363,21.55,15.48,91.32,2.42,2.59,Sundargarh
2021,364,21.08,14.96,87.32,3.16,9.1,Sundargarh
2021,365,23.26,12.07,79.62,2.25,13.71,Sundargarh
2022,1,23.2,10.94,71.78,2.22,14.78,Sundargarh
2022,2,22.98,11.22,68.51,2.11,15.29,Sundargarh
2022,3,22.96,9.82,69.28,2.06,15.93,Sundargarh
2022,4,24.75,10.49,65.87,1.51,16.24,Sundargarh
2022,5,24.47,10.65,68.85,1.87,15.72,Sundargarh
2022,6,24.88,11.87,67.37,1.62,15.18,Sundargarh
2022,7,25.28,12.22,69.93,2.16,14.53,Sundargarh
2022,8,24.86,12.3,75.04,1.7,15.0,Sundargarh
2022,9,25.46,14.06,71.65,1.37,14.05,Sundargarh
2022,10,23.09,14.69,82.53,2.14,6.25,Sundargarh
2022,11,19.8,14.71,93.0,2.24,3.5,Sundargarh
2022,12,20.13,14.9,91.33,1.99,4.76,Sundargarh
2022,13,23.35,12.21,81.54,1.92,13.23,Sundargarh
2022,14,20.72,14.27,91.18,3.13,4.63,Sundargarh
2022,15,22.12,13.68,84.02,2.3,9.57,Sundargarh
2022,16,22.85,11.88,74.1,2.12,12.68,Sundargarh
2022,17,22.23,9.76,67.57,2.03,15.01,Sundargarh
2022,18,22.93,8.02,64.88,2.42,16.17,Sundargarh
2022,19,22.67,7.7,59.64,2.4,16.88,Sundargarh
2022,20,23.59,9.1,58.67,2.34,16.76,Sundargarh
2022,21,24.52,11.46,62.11,1.62,15.99,Sundargarh
2022,22,25.04,12.2,62.83,1.49,15.83,Sundargarh
2022,23,23.39,12.71,78.59,2.36,5.35,Sundargarh
2022,24,23.77,12.62,75.68,2.62,11.59,Sundargarh
2022,25,22.39,10.7,73.48,2.83,10.61,Sundargarh
2022,26,22.39,8.94,63.91,3.15,12.59,Sundargarh
2022,27,21.78,7.69,58.86,3.38,16.91,Sundargarh
2022,28,21.63,6.44,57.59,3.15,18.36,Sundargarh
2022,29,22.28,5.64,54.42,2.79,18.91,Sundargarh
2022,30,23.78,8.03,55.06,2.93,18.9,Sundargarh
2022,31,25.41,9.76,57.37,2.05,19.35,Sundargarh
2022,32,27.02,10.64,54.13,2.88,19.07,Sundargarh
2022,33,26.45,11.53,48.63,1.64,18.3,Sundargarh
2022,34,26.56,12.99,52.58,2.17,18.02,Sundargarh
2022,35,23.8,12.41,75.89,4.42,10.76,Sundargarh
2022,36,23.93,7.84,54.14,3.21,19.04,Sundargarh
2022,37,23.85,8.28,54.66,2.61,19.88,Sundargarh
2022,38,24.89,8.18,55.57,2.56,19.94,Sundargarh
2022,39,26.15,9.08,46.86,2.05,19.8,Sundargarh
2022,40,27.06,11.85,48.95,1.47,18.0,Sundargarh
2022,41,25.75,14.16,68.39,2.21,11.94,Sundargarh
2022,42,24.65,11.17,57.32,3.85,19.64,Sundargarh
2022,43,25.61,9.06,46.3,2.74,21.65,Sundargarh
2022,44,25.94,8.88,48.87,2.45,20.74,Sundargarh
2022,45,27.16,9.98,46.72,1.96,20.3,Sundargarh
2022,46,27.59,10.47,46.96,2.08,20.24,Sundargarh
2022,47,27.73,11.72,52.41,2.5,17.53,Sundargarh
2022,48,28.37,14.34,53.07,3.0,15.11,Sundargarh
2022,49,27.96,11.87,45.47,2.63,19.17,Sundargarh
2022,50,29.16,12.14,49.03,2.86,20.0,Sundargarh
2022,51,28.45,16.72,59.65,3.86,9.46,Sundargarh
2022,52,29.01,14.49,39.41,3.06,21.4,Sundargarh
2022,53,30.01,11.93,34.25,2.33,21.44,Sundargarh
2022,54,30.75,11.4,46.43,2.43,21.2,Sundargarh
2022,55,32.07,15.06,62.36,2.72,20.57,Sundargarh
2022,56,31.47,17.93,52.36,2.29,17.88,Sundargarh
2022,57,31.26,15.19,48.2,2.48,19.77,Sundargarh
2022,58,30.12,15.91,60.19,2.72,13.86,Sundargarh
2022,59,30.77,17.76,56.36,2.04,18.43,Sundargarh
2022,60,31.15,19.0,51.88,1.57,18.32,Sundargarh
2022,61,32.0,16.49,52.28,1.9,21.16,Sundargarh
2022,62,32.94,15.79,44.33,2.19,20.19,Sundargarh
2022,63,32.44,15.79,42.58,2.36,21.17,Sundargarh
2022,64,32.81,18.82,44.93,2.22,20.06,Sundargarh
2022,65,32.69,16.11,35.69,2.85,22.03,Sundargarh
2022,66,32.8,15.36,40.15,2.61,22.35,Sundargarh
2022,67,33.23,14.41,39.91,2.69,21.99,Sundargarh
2022,68,34.12,15.92,36.5,3.57,23.86,Sundargarh
2022,69,34.27,16.56,36.85,3.34,22.7,Sundargarh
2022,70,34.0,17.71,43.32,2.85,21.75,Sundargarh
2022,71,34.13,17.59,37.46,3.26,22.46,Sundargarh
2022,72,34.2,17.06,34.26,2.8,24.42,Sundargarh
2022,73,35.87,17.02,31.56,2.25,23.17,Sundargarh
2022,74,36.13,20.52,34.81,2.08,23.56,Sundargarh
2022,75,37.59,20.16,35.85,2.36,22.73,Sundargarh
2022,76,37.52,20.62,35.85,1.68,21.79,Sundargarh
2022,77,37.05,20.87,49.76,2.87,22.43,Sundargarh
2022,78,36.83,20.91,41.59,2.04,22.46,Sundargarh
2022,79,37.43,21.32,39.58,1.34,20.84,Sundargarh
2022,80,38.98,25.28,35.11,1.91,15.04,Sundargarh
2022,81,38.56,22.46,35.9,2.24,19.78,Sundargarh
2022,82,38.15,20.76,30.86,2.98,22.39,Sundargarh
2022,83,38.55,20.67,28.58,2.42,22.43,Sundargarh
2022,84,38.1,24.0,32.7,2.77,13.08,Sundargarh
2022,85,39.02,23.79,31.82,3.25,17.74,Sundargarh
2022,86,38.77,21.32,23.13,3.04,24.31,Sundargarh
2022,87,38.83,20.93,20.49,3.18,24.82,Sundargarh
2022,88,39.81,20.71,24.9,2.41,23.81,Sundargarh
2022,89,40.51,20.49,25.12,2.46,22.49,Sundargarh
2022,90,40.93,22.23,26.06,2.78,22.18,Sundargarh
2022,91,41.02,24.55,23.26,2.3,23.07,Sundargarh
2022,92,41.45,23.07,24.41,1.99,23.53,Sundargarh
2022,93,41.21,22.96,27.37,3.0,22.68,Sundargarh
2022,94,40.8,21.51,27.26,2.72,23.54,Sundargarh
2022,95,39.96,22.46,34.2,2.16,22.41,Sundargarh
2022,96,41.35,23.12,24.14,1.16,22.86,Sundargarh
2022,97,41.13,23.45,23.25,1.58,22.75,Sundargarh
2022,98,40.9,25.25,24.02,2.17,21.5,Sundargarh
2022,99,41.16,24.79,26.04,2.57,23.07,Sundargarh
2022,100,41.8,24.8,27.78,3.19,23.24,Sundargarh
2022,101,43.16,26.19,23.31,3.59,24.38,Sundargarh
2022,102,42.71,26.0,22.68,2.28,23.1,Sundargarh
2022,103,42.07,26.21,27.42,3.42,22.58,Sundargarh
2022,104,42.02,28.9,26.0,4.56,18.11,Sundargarh
2022,105,41.95,27.38,24.39,4.14,21.95,Sundargarh
2022,106,42.18,26.06,23.29,3.53,23.42,Sundargarh
2022,107,42.17,25.9,25.53,3.1,24.36,Sundargarh
2022,108,42.69,26.15,16.69,2.27,25.9,Sundargarh
2022,109,42.97,26.22,20.79,1.99,23.32,Sundargarh
2022,110,43.75,26.58,19.85,1.33,22.32,Sundargarh
2022,111,41.99,26.39,34.85,2.6,22.38,Sundargarh
2022,112,40.23,28.21,28.37,2.65,17.67,Sundargarh
2022,113,41.46,27.16,32.0,3.17,24.09,Sundargarh
2022,114,40.52,28.94,27.44,4.12,23.53,Sundargarh
2022,115,42.48,26.52,20.8,2.23,25.81,Sundargarh
2022,116,43.25,26.02,15.72,2.5,26.02,Sundargarh
2022,117,43.92,27.61,17.29,2.19,25.35,Sundargarh
2022,118,44.24,27.61,14.46,1.8,25.76,Sundargarh
2022,119,44.6,27.39,16.09,2.78,25.33,Sundargarh
2022,120,44.96,28.47,17.94,2.69,23.88,Sundargarh
2022,121,43.98,28.71,18.97,1.32,21.89,Sundargarh
2022,122,42.14,28.78,28.49,3.38,20.77,Sundargarh
2022,123,42.86,28.34,31.36,2.84,22.01,Sundargarh
2022,124,42.68,27.89,34.44,3.14,24.28,Sundargarh
2022,125,41.69,28.99,31.24,2.0,23.69,Sundargarh
2022,126,40.16,27.62,38.78,3.99,22.54,Sundargarh
2022,127,41.36,26.08,28.83,3.88,24.83,Sundargarh
2022,128,41.05,25.97,34.42,3.26,25.26,Sundargarh
2022,129,39.93,25.66,44.6,4.09,26.46,Sundargarh
2022,130,39.01,26.44,50.87,5.26,23.75,Sundargarh
2022,131,37.42,26.2,54.71,4.04,19.83,Sundargarh
2022,132,40.16,27.44,47.29,3.79,22.74,Sundargarh
2022,133,42.2,28.46,39.68,3.7,24.35,Sundargarh
2022,134,43.81,29.68,33.39,4.26,23.5,Sundargarh
2022,135,44.1,29.4,39.29,4.04,22.73,Sundargarh
2022,136,41.53,28.9,48.41,4.65,24.0,Sundargarh
2022,137,41.37,29.43,42.46,4.13,22.68,Sundargarh
2022,138,40.92,29.22,41.53,3.88,19.81,Sundargarh
2022,139,41.28,30.29,36.03,2.74,23.05,Sundargarh
2022,140,43.2,29.16,40.06,4.96,26.07,Sundargarh
2022,141,43.97,29.62,35.0,5.11,23.15,Sundargarh
2022,142,40.34,26.95,39.34,3.58,24.13,Sundargarh
2022,143,40.97,26.76,45.07,2.56,24.32,Sundargarh
2022,144,38.26,25.54,48.5,2.27,23.72,Sundargarh
2022,145,39.46,26.26,38.14,3.48,25.8,Sundargarh
2022,146,39.98,26.15,36.95,3.55,21.45,Sundargarh
2022,147,40.54,25.69,44.17,5.16,22.88,Sundargarh
2022,148,40.53,27.92,38.97,3.39,19.76,Sundargarh
2022,149,42.76,29.16,34.98,3.71,24.22,Sundargarh
2022,150,42.09,29.17,36.96,3.35,23.84,Sundargarh
2022,151,42.55,28.41,33.47,2.77,22.22,Sundargarh
2022,152,43.44,29.61,31.07,2.61,20.52,Sundargarh
2022,153,43.88,28.64,34.09,3.67,23.97,Sundargarh
2022,154,44.16,28.44,32.12,2.71,23.13,Sundargarh
2022,155,44.06,29.61,33.75,2.22,19.82,Sundargarh
2022,156,43.04,30.65,37.56,4.19,23.63,Sundargarh
2022,157,40.48,31.47,37.18,3.81,21.27,Sundargarh
2022,158,43.24,29.14,33.56,3.36,22.44,Sundargarh
2022,159,44.57,29.81,30.07,2.82,21.73,Sundargarh
2022,160,42.76,30.51,38.12,2.69,18.36,Sundargarh
2022,161,43.24,31.06,37.77,4.43,18.16,Sundargarh
2022,162,41.09,30.1,40.68,5.88,22.13,Sundargarh
2022,163,42.56,30.01,37.87,5.01,23.47,Sundargarh
2022,164,39.37,31.16,40.1,5.59,18.59,Sundargarh
2022,165,40.16,30.79,40.91,3.71,22.47,Sundargarh
2022,166,32.57,27.31,69.03,3.89,14.21,Sundargarh
2022,167,37.46,26.25,57.51,4.62,21.1,Sundargarh
2022,168,33.06,27.14,66.57,4.72,11.02,Sundargarh
2022,169,30.73,25.44,78.41,4.27,13.07,Sundargarh
2022,170,32.15,24.85,78.93,3.48,17.25,Sundargarh
2022,171,31.96,24.61,76.46,4.08,20.47,Sundargarh
2022,172,29.35,24.9,77.51,3.33,18.79,Sundargarh
2022,173,34.21,24.62,65.82,1.24,15.24,Sundargarh
2022,174,34.69,25.4,66.81,2.51,20.75,Sundargarh
2022,175,32.03,25.81,73.93,2.39,9.97,Sundargarh
2022,176,32.55,25.47,78.27,2.06,14.08,Sundargarh
2022,177,34.84,25.17,68.46,4.08,16.6,Sundargarh
2022,178,35.98,25.21,63.66,3.47,23.92,Sundargarh
2022,179,36.89,26.35,60.82,2.13,19.76,Sundargarh
2022,180,34.72,27.46,66.88,2.77,16.99,Sundargarh
2022,181,34.8,26.3,67.85,3.1,13.68,Sundargarh
2022,182,34.17,26.37,69.96,1.75,11.03,Sundargarh
2022,183,30.74,26.17,83.41,2.66,14.61,Sundargarh
2022,184,31.1,25.51,86.2,2.01,12.79,Sundargarh
2022,185,31.4,25.43,83.1,3.98,17.22,Sundargarh
2022,186,31.85,24.77,82.16,3.48,17.93,Sundargarh
2022,187,31.25,25.53,85.15,1.98,15.01,Sundargarh
2022,188,31.73,25.22,82.64,3.58,19.94,Sundargarh
2022,189,33.39,25.05,80.56,3.61,19.81,Sundargarh
2022,190,32.79,25.28,78.8,4.85,19.44,Sundargarh
2022,191,31.31,24.87,85.09,5.0,16.15,Sundargarh
2022,192,32.71,24.56,80.54,3.7,17.78,Sundargarh
2022,193,32.77,25.45,81.9,5.51,14.83,Sundargarh
2022,194,32.28,25.03,83.38,5.95,15.1,Sundargarh
2022,195,31.96,24.75,84.0,4.78,12.48,Sundargarh
2022,196,32.53,24.63,82.91,3.91,13.21,Sundargarh
2022,197,31.85,25.68,83.42,1.22,14.5,Sundargarh
2022,198,31.0,25.44,85.27,6.87,17.53,Sundargarh
2022,199,31.3,24.75,83.81,6.06,17.31,Sundargarh
2022,200,31.43,24.12,80.07,5.09,14.13,Sundargarh
2022,201,31.34,24.34,82.58,5.03,16.74,Sundargarh
2022,202,30.39,25.14,84.83,2.04,12.25,Sundargarh
2022,203,32.09,25.71,82.96,1.87,10.07,Sundargarh
2022,204,29.99,25.23,86.02,3.97,13.3,Sundargarh
2022,205,28.99,25.3,86.14,1.95,13.8,Sundargarh
2022,206,29.57,24.71,86.96,2.86,12.88,Sundargarh
2022,207,30.22,24.68,86.46,3.29,16.21,Sundargarh
2022,208,29.79,24.57,84.34,2.58,18.67,Sundargarh
2022,209,29.04,24.71,87.98,1.81,20.45,Sundargarh
2022,210,31.12,24.72,83.44,1.88,20.51,Sundargarh
2022,211,31.57,24.21,82.9,2.36,18.69,Sundargarh
2022,212,30.66,25.07,86.18,2.57,18.13,Sundargarh
2022,213,31.22,24.23,83.22,2.22,13.32,Sundargarh
2022,214,32.06,24.97,82.65,1.58,13.53,Sundargarh
2022,215,31.53,25.85,81.91,1.9,16.25,Sundargarh
2022,216,31.77,24.43,81.58,2.71,19.23,Sundargarh
2022,217,30.37,24.7,83.46,2.13,21.24,Sundargarh
2022,218,30.52,25.53,83.25,1.53,19.58,Sundargarh
2022,219,31.28,24.88,83.77,3.53,16.42,Sundargarh
2022,220,30.69,24.48,84.21,3.8,14.28,Sundargarh
2022,221,31.33,24.8,85.62,5.96,10.0,Sundargarh
2022,222,28.24,24.23,89.91,5.86,5.81,Sundargarh
2022,223,26.82,24.0,91.75,5.11,5.03,Sundargarh
2022,224,29.15,24.16,87.96,4.46,6.7,Sundargarh
2022,225,30.54,24.26,88.42,4.05,14.34,Sundargarh
2022,226,30.95,24.98,87.49,3.89,11.51,Sundargarh
2022,227,28.24,24.41,91.91,6.07,7.32,Sundargarh
2022,228,30.32,23.52,86.18,4.03,17.38,Sundargarh
2022,229,30.6,23.56,86.67,3.16,20.5,Sundargarh
2022,230,30.56,24.59,87.63,3.65,18.79,Sundargarh
2022,231,28.92,25.5,90.53,4.21,11.45,Sundargarh
2022,232,30.5,25.2,88.45,5.85,2.92,Sundargarh
2022,233,29.12,24.11,89.81,6.63,9.93,Sundargarh
2022,234,29.91,23.92,87.69,3.99,16.8,Sundargarh
2022,235,30.32,23.59,84.12,2.41,18.86,Sundargarh
2022,236,29.89,24.02,87.24,2.78,11.04,Sundargarh
2022,237,29.99,23.89,86.23,3.13,17.79,Sundargarh
2022,238,30.87,23.15,84.4,3.07,19.8,Sundargarh
2022,239,29.94,24.23,87.74,2.91,17.48,Sundargarh
2022,240,28.47,23.68,86.75,1.75,12.83,Sundargarh
2022,241,30.39,23.48,84.17,1.87,16.46,Sundargarh
2022,242,30.83,23.8,83.53,2.04,20.61,Sundargarh
2022,243,31.57,25.29,77.2,1.06,17.95,Sundargarh
2022,244,30.85,24.09,84.07,2.15,18.72,Sundargarh
2022,245,29.86,24.52,84.98,1.85,19.9,Sundargarh
2022,246,30.24,24.94,85.93,2.51,13.7,Sundargarh
2022,247,29.4,24.51,88.49,2.71,16.69,Sundargarh
2022,248,30.27,22.97,83.24,2.0,18.49,Sundargarh
2022,249,31.31,24.04,81.57,1.23,15.43,Sundargarh
2022,250,28.21,25.83,84.81,1.36,15.42,Sundargarh
2022,251,30.99,24.36,86.24,3.41,19.72,Sundargarh
2022,252,30.49,24.97,87.98,4.27,19.91,Sundargarh
2022,253,29.68,24.53,88.73,5.05,17.65,Sundargarh
2022,254,27.97,24.26,92.77,6.99,11.76,Sundargarh
2022,255,29.62,24.59,90.8,6.0,9.57,Sundargarh
2022,256,29.48,24.51,90.49,4.95,10.3,Sundargarh
2022,257,29.1,24.22,90.41,3.91,9.21,Sundargarh
2022,258,29.24,23.99,89.23,3.5,13.84,Sundargarh
2022,259,29.1,24.02,89.85,3.85,13.03,Sundargarh
2022,260,28.76,24.29,89.33,2.26,13.15,Sundargarh
2022,261,29.59,23.66,83.99,1.81,14.76,Sundargarh
2022,262,29.7,23.66,87.02,2.04,14.46,Sundargarh
2022,263,29.9,24.14,85.86,1.85,11.54,Sundargarh
2022,264,28.67,23.61,89.94,2.67,9.53,Sundargarh
2022,265,29.49,23.08,86.06,1.97,14.52,Sundargarh
2022,266,29.15,23.84,86.88,2.12,14.9,Sundargarh
2022,267,29.23,23.17,86.3,2.83,17.02,Sundargarh
2022,268,30.04,22.87,82.3,1.44,15.75,Sundargarh
2022,269,30.32,23.02,81.59,1.12,17.07,Sundargarh
2022,270,30.2,24.09,79.7,1.49,17.46,Sundargarh
2022,271,30.42,24.44,78.4,1.21,16.41,Sundargarh
2022,272,29.72,23.95,83.22,2.26,14.45,Sundargarh
2022,273,29.78,24.09,84.4,2.4,15.86,Sundargarh
2022,274,30.92,22.97,81.31,1.67,20.38,Sundargarh
2022,275,27.74,23.44,87.51,3.05,16.04,Sundargarh
2022,276,29.4,22.35,87.82,3.57,12.09,Sundargarh
2022,277,28.67,23.95,90.99,4.08,9.13,Sundargarh
2022,278,29.44,24.77,90.47,4.45,14.75,Sundargarh
2022,279,28.71,23.6,89.69,4.23,12.51,Sundargarh
2022,280,28.43,22.98,90.45,3.01,13.84,Sundargarh
2022,281,29.12,22.44,87.06,2.24,20.0,Sundargarh
2022,282,29.29,22.77,88.95,2.69,18.66,Sundargarh
2022,283,29.14,22.87,87.58,2.02,16.85,Sundargarh
2022,284,28.9,23.05,86.95,1.87,14.46,Sundargarh
2022,285,28.8,22.54,82.15,1.49,15.53,Sundargarh
2022,286,29.34,22.59,79.8,1.31,17.88,Sundargarh
2022,287,29.28,22.34,84.3,2.45,16.02,Sundargarh
2022,288,26.98,22.07,87.93,2.97,12.7,Sundargarh
2022,289,29.36,21.13,82.62,1.52,15.91,Sundargarh
2022,290,29.52,22.18,81.68,1.44,13.69,Sundargarh
2022,291,28.79,22.91,80.08,1.38,10.94,Sundargarh
2022,292,28.89,22.66,74.19,0.88,15.77,Sundargarh
2022,293,28.23,19.61,77.29,2.52,19.34,Sundargarh
2022,294,27.89,16.39,76.48,2.42,20.0,Sundargarh
2022,295,27.52,17.52,79.94,3.2,20.27,Sundargarh
2022,296,27.89,16.27,78.05,2.99,18.18,Sundargarh
2022,297,28.49,17.39,81.41,3.33,19.61,Sundargarh
2022,298,28.09,18.01,83.02,2.52,20.07,Sundargarh
2022,299,26.73,17.83,72.92,1.47,19.46,Sundargarh
2022,300,27.12,17.06,68.72,1.33,19.39,Sundargarh
2022,301,27.17,16.16,69.01,1.76,19.43,Sundargarh
2022,302,26.63,14.96,65.59,1.63,19.66,Sundargarh
2022,303,26.28,14.8,66.94,1.89,18.8,Sundargarh
2022,304,26.49,15.63,71.27,1.47,18.96,Sundargarh
2022,305,27.21,16.67,77.93,2.08,18.33,Sundargarh
2022,306,27.54,19.2,77.75,1.61,13.65,Sundargarh
2022,307,26.86,16.38,71.45,1.87,18.8,Sundargarh
2022,308,27.04,15.53,73.76,1.7,18.13,Sundargarh
2022,309,26.62,16.91,74.66,1.21,16.1,Sundargarh
2022,310,26.58,18.11,77.7,1.05,14.65,Sundargarh
2022,311,26.34,18.0,74.85,0.77,13.57,Sundargarh
2022,312,25.31,17.66,78.65,1.22,13.32,Sundargarh
2022,313,25.54,16.78,75.72,1.41,12.21,Sundargarh
2022,314,26.0,16.32,71.55,1.7,15.75,Sundargarh
2022,315,26.38,14.92,71.26,1.75,16.16,Sundargarh
2022,316,26.17,15.3,73.13,1.91,16.57,Sundargarh
2022,317,25.13,13.85,68.43,2.19,17.19,Sundargarh
2022,318,24.68,12.42,66.98,2.06,17.8,Sundargarh
2022,319,25.15,12.85,71.26,2.17,17.24,Sundargarh
2022,320,25.77,13.15,70.87,1.97,17.13,Sundargarh
2022,321,25.85,13.61,69.38,2.04,17.45,Sundargarh
2022,322,25.1,13.91,74.22,2.05,16.12,Sundargarh
2022,323,23.58,12.27,68.58,1.93,16.14,Sundargarh
2022,324,24.33,11.38,69.67,2.27,17.35,Sundargarh
2022,325,25.12,11.35,68.36,2.43,17.31,Sundargarh
2022,326,25.08,11.46,69.51,2.28,17.21,Sundargarh
2022,327,24.92,12.07,73.17,2.19,16.11,Sundargarh
2022,328,24.8,11.94,67.31,2.25,15.85,Sundargarh
2022,329,24.34,11.23,64.35,2.29,16.79,Sundargarh
2022,330,23.61,10.99,68.3,2.17,17.12,Sundargarh
2022,331,23.88,11.88,67.01,1.63,16.65,Sundargarh
2022,332,24.29,12.01,68.26,1.59,16.02,Sundargarh
2022,333,24.87,12.06,68.43,1.61,15.17,Sundargarh
2022,334,25.07,12.8,73.07,2.09,15.21,Sundargarh
2022,335,25.23,13.1,72.15,2.13,14.05,Sundargarh
2022,336,25.1,12.9,72.54,1.96,13.58,Sundargarh
2022,337,25.07,13.83,76.25,1.51,13.5,Sundargarh
2022,338,25.03,13.84,73.07,1.76,13.83,Sundargarh
2022,339,24.48,13.0,72.46,1.83,14.24,Sundargarh
2022,340,24.32,12.04,72.13,2.23,14.94,Sundargarh
2022,341,23.08,10.61,67.26,2.35,14.5,Sundargarh
2022,342,22.81,10.17,67.46,2.83,13.22,Sundargarh
2022,343,22.51,10.55,64.01,2.19,15.95,Sundargarh
2022,344,23.95,12.05,69.2,2.61,9.43,Sundargarh
2022,345,25.12,13.24,67.65,1.94,10.52,Sundargarh
2022,346,26.47,14.25,61.17,1.78,14.62,Sundargarh
2022,347,26.42,15.09,64.44,2.32,14.69,Sundargarh
2022,348,26.26,14.94,66.59,2.49,15.97,Sundargarh
2022,349,25.82,14.75,64.98,2.38,15.99,Sundargarh
2022,350,25.31,13.54,70.09,2.45,15.68,Sundargarh
2022,351,24.4,11.04,64.04,2.47,16.75,Sundargarh
2022,352,23.62,9.67,60.52,2.28,15.39,Sundargarh
2022,353,23.22,9.37,62.03,1.91,15.55,Sundargarh
2022,354,24.77,11.64,61.5,1.6,15.52,Sundargarh
2022,355,24.39,10.88,64.81,2.38,14.15,Sundargarh
2022,356,24.6,10.56,56.64,1.9,15.13,Sundargarh
2022,357,25.54,12.19,59.46,1.92,16.18,Sundargarh
2022,358,26.05,12.97,61.15,1.7,16.05,Sundargarh
2022,359,25.93,13.46,66.02,1.42,15.36,Sundargarh
2022,360,26.02,13.66,69.09,1.66,14.42,Sundargarh
2022,361,25.89,14.43,75.53,2.09,13.02,Sundargarh
2022,362,25.61,13.75,71.81,2.74,13.54,Sundargarh
2022,363,24.28,9.53,54.5,2.55,15.98,Sundargarh
2022,364,24.8,10.48,54.54,2.05,16.64,Sundargarh
2022,365,25.65,12.43,60.25,1.78,15.45,Sundargarh
2023,1,24.85,11.06,64.49,2.49,13.35,Sundargarh
2023,2,23.91,11.5,72.42,2.89,8.68,Sundargarh
2023,3,23.72,11.45,76.44,2.48,9.22,Sundargarh
2023,4,22.7,12.08,79.52,2.75,10.33,Sundargarh
2023,5,22.66,10.97,73.63,2.86,10.18,Sundargarh
2023,6,23.11,8.51,56.45,3.01,16.02,Sundargarh
2023,7,22.85,4.86,55.78,2.5,17.47,Sundargarh
2023,8,22.28,6.31,53.33,2.26,17.4,Sundargarh
2023,9,23.6,8.08,57.42,2.62,17.09,Sundargarh
2023,10,24.87,8.64,54.64,2.33,16.71,Sundargarh
2023,11,25.18,8.96,52.94,2.41,17.47,Sundargarh
2023,12,25.1,8.84,55.87,2.24,16.5,Sundargarh
2023,13,25.68,12.0,56.74,1.84,16.07,Sundargarh
2023,14,25.5,13.28,58.46,2.08,14.64,Sundargarh
2023,15,25.45,12.11,65.03,2.45,15.39,Sundargarh
2023,16,24.73,10.42,60.08,2.62,15.18,Sundargarh
2023,17,24.49,11.01,61.74,2.26,11.48,Sundargarh
2023,18,24.46,12.36,63.51,2.23,7.73,Sundargarh
2023,19,25.12,11.93,68.65,2.01,10.31,Sundargarh
2023,20,25.72,11.88,66.47,1.63,12.7,Sundargarh
2023,21,27.29,13.2,63.22,1.77,13.69,Sundargarh
2023,22,26.68,13.67,60.33,1.75,14.28,Sundargarh
2023,23,28.41,14.06,53.85,1.62,15.51,Sundargarh
2023,24,28.7,13.11,54.46,2.37,16.88,Sundargarh
2023,25,29.23,13.93,51.84,2.01,17.53,Sundargarh
2023,26,29.65,14.89,54.05,2.12,16.88,Sundargarh
2023,27,28.9,15.39,61.34,2.67,16.71,Sundargarh
2023,28,28.52,14.77,58.99,2.12,15.38,Sundargarh
2023,29,28.64,14.35,55.29,2.35,17.37,Sundargarh
2023,30,28.86,15.23,60.6,2.31,17.36,Sundargarh
2023,31,29.44,14.47,45.99,2.91,16.95,Sundargarh
2023,32,28.43,14.27,54.97,3.81,18.72,Sundargarh
2023,33,27.48,9.9,40.7,3.02,21.11,Sundargarh
2023,34,28.32,9.65,39.26,3.36,21.14,Sundargarh
2023,35,29.33,10.09,41.98,3.07,20.72,Sundargarh
2023,36,29.05,11.59,39.91,2.89,20.7,Sundargarh
2023,37,29.42,12.42,42.16,2.83,20.13,Sundargarh
2023,38,29.58,13.61,43.71,2.79,20.0,Sundargarh
2023,39,29.32,12.94,43.0,3.44,20.06,Sundargarh
2023,40,29.7,11.85,37.78,2.71,20.91,Sundargarh
2023,41,30.08,12.6,38.68,2.58,20.8,Sundargarh
2023,42,31.4,14.18,39.68,3.33,21.14,Sundargarh
2023,43,31.29,14.52,39.5,4.34,20.63,Sundargarh
2023,44,29.22,11.0,33.34,3.99,22.53,Sundargarh
2023,45,29.63,9.97,33.67,3.3,21.96,Sundargarh
2023,46,30.66,11.46,37.77,3.73,21.19,Sundargarh
2023,47,30.02,12.36,39.87,2.59,20.43,Sundargarh
2023,48,29.29,14.97,56.24,2.91,17.73,Sundargarh
2023,49,29.75,15.61,57.52,1.65,15.3,Sundargarh
2023,50,31.22,16.91,51.28,1.93,16.74,Sundargarh
2023,51,32.12,15.31,39.3,2.58,19.76,Sundargarh
2023,52,33.75,15.96,36.09,2.73,21.63,Sundargarh
2023,53,34.03,16.65,34.47,2.92,21.93,Sundargarh
2023,54,33.51,16.25,32.19,2.35,19.39,Sundargarh
2023,55,33.57,16.0,34.19,2.61,21.71,Sundargarh
2023,56,32.75,15.69,33.55,2.08,21.33,Sundargarh
2023,57,32.85,15.74,32.32,2.56,20.75,Sundargarh
2023,58,32.82,15.97,32.73,2.29,21.13,Sundargarh
2023,59,33.19,16.48,34.95,2.14,19.81,Sundargarh
2023,60,33.56,17.56,36.11,2.04,19.27,Sundargarh
2023,61,33.75,17.76,36.07,2.65,18.37,Sundargarh
2023,62,34.84,18.46,33.92,2.71,21.46,Sundargarh
2023,63,35.59,17.71,30.96,3.07,22.92,Sundargarh
2023,64,35.28,18.08,34.66,2.98,22.5,Sundargarh
2023,65,34.72,19.62,34.46,2.75,20.33,Sundargarh
2023,66,34.87,18.68,34.41,2.64,20.21,Sundargarh
2023,67,33.47,19.36,36.45,2.67,14.19,Sundargarh
2023,68,33.67,19.68,33.73,2.06,18.14,Sundargarh
2023,69,34.12,19.67,33.25,2.21,16.19,Sundargarh
2023,70,34.61,18.72,31.51,2.41,18.46,Sundargarh
2023,71,34.99,18.29,31.81,2.29,19.13,Sundargarh
2023,72,35.61,19.23,30.62,2.41,19.28,Sundargarh
2023,73,35.25,20.18,29.08,2.65,16.66,Sundargarh
2023,74,36.06,19.97,29.11,2.36,18.69,Sundargarh
2023,75,35.75,22.27,29.47,2.27,8.7,Sundargarh
2023,76,30.88,21.44,45.06,2.05,7.64,Sundargarh
2023,77,31.22,20.98,54.34,2.34,15.12,Sundargarh
2023,78,25.4,19.26,69.56,2.52,12.01,Sundargarh
2023,79,29.03,16.95,66.8,3.04,20.71,Sundargarh
2023,80,29.23,18.89,53.96,1.74,12.03,Sundargarh
2023,81,30.18,19.59,53.92,1.98,19.48,Sundargarh
2023,82,32.33,18.34,47.78,2.56,21.59,Sundargarh
2023,83,33.73,19.11,43.05,1.89,20.38,Sundargarh
2023,84,35.41,20.8,43.68,2.27,18.57,Sundargarh
2023,85,35.04,23.04,40.55,2.26,17.4,Sundargarh
2023,86,34.38,21.51,48.27,2.27,19.12,Sundargarh
2023,87,35.91,20.93,42.2,2.09,21.54,Sundargarh
2023,88,36.31,21.97,40.23,2.56,21.75,Sundargarh
2023,89,35.89,22.56,39.81,2.27,20.45,Sundargarh
2023,90,33.7,23.35,52.79,3.26,16.48,Sundargarh
2023,91,34.16,21.15,54.69,2.99,18.32,Sundargarh
2023,92,34.84,20.36,40.96,3.35,21.99,Sundargarh
2023,93,35.65,19.49,35.61,3.06,22.74,Sundargarh
2023,94,36.47,22.46,37.39,2.67,20.6,Sundargarh
2023,95,36.45,23.28,38.35,3.15,23.12,Sundargarh
2023,96,37.41,22.28,32.71,1.79,22.72,Sundargarh
2023,97,37.46,23.2,32.38,1.73,24.39,Sundargarh
2023,98,37.73,22.46,30.99,2.27,19.27,Sundargarh
2023,99,37.58,23.35,32.25,2.85,21.33,Sundargarh
2023,100,38.19,23.88,31.45,2.64,21.9,Sundargarh
2023,101,39.78,23.46,25.06,2.93,26.16,Sundargarh
2023,102,41.15,22.91,22.13,3.55,27.07,Sundargarh
2023,103,41.06,23.85,23.0,2.57,24.78,Sundargarh
2023,104,41.47,26.32,23.97,2.18,21.9,Sundargarh
2023,105,42.02,28.16,24.13,3.07,19.89,Sundargarh
2023,106,41.55,26.94,23.63,3.17,18.02,Sundargarh
2023,107,42.24,26.45,22.28,2.73,21.42,Sundargarh
2023,108,41.6,27.96,20.26,2.34,21.91,Sundargarh
2023,109,43.3,26.92,19.31,3.71,22.57,Sundargarh
2023,110,42.51,28.84,22.04,4.33,18.93,Sundargarh
2023,111,36.93,26.47,31.17,5.3,18.01,Sundargarh
2023,112,38.76,24.13,33.12,4.95,20.04,Sundargarh
2023,113,34.05,22.31,52.17,2.7,19.53,Sundargarh
2023,114,34.84,22.42,48.36,1.88,22.91,Sundargarh
2023,115,33.9,22.53,54.12,2.75,22.26,Sundargarh
2023,116,35.3,23.62,50.77,2.37,23.71,Sundargarh
2023,117,35.55,24.55,46.79,2.61,18.9,Sundargarh
2023,118,37.73,23.29,41.68,3.23,19.65,Sundargarh
2023,119,36.6,24.11,42.09,3.12,14.42,Sundargarh
2023,120,35.44,25.01,47.62,3.05,13.35,Sundargarh
2023,121,30.7,23.96,66.23,2.56,10.65,Sundargarh
2023,122,33.95,21.08,57.76,2.79,18.24,Sundargarh
2023,123,34.47,23.16,53.1,3.24,19.98,Sundargarh
2023,124,36.0,23.84,50.88,2.76,23.2,Sundargarh
2023,125,36.49,23.92,45.59,3.02,19.05,Sundargarh
2023,126,38.63,24.84,39.92,3.34,23.42,Sundargarh
2023,127,39.72,23.99,35.07,2.94,24.39,Sundargarh
2023,128,40.56,26.21,35.47,2.55,23.13,Sundargarh
2023,129,41.37,27.43,32.38,2.92,22.71,Sundargarh
2023,130,41.91,26.6,31.07,2.98,24.61,Sundargarh
2023,131,41.54,25.26,17.72,4.06,28.53,Sundargarh
2023,132,40.76,23.78,23.27,3.24,24.3,Sundargarh
2023,133,40.89,23.88,30.55,2.42,21.94,Sundargarh
2023,134,43.11,25.6,27.5,3.47,23.32,Sundargarh
2023,135,42.91,27.71,24.78,3.23,21.27,Sundargarh
2023,136,43.65,28.1,22.98,2.98,24.4,Sundargarh
2023,137,41.7,28.89,31.25,3.58,24.03,Sundargarh
2023,138,42.91,29.26,29.16,3.66,22.02,Sundargarh
2023,139,43.04,29.71,26.04,2.96,21.49,Sundargarh
2023,140,41.62,28.77,31.39,2.74,22.45,Sundargarh
2023,141,41.32,26.06,35.95,2.7,26.38,Sundargarh
2023,142,42.23,26.17,32.47,4.44,22.28,Sundargarh
2023,143,42.17,27.04,31.64,4.15,24.46,Sundargarh
2023,144,42.42,27.98,34.09,4.62,22.63,Sundargarh
2023,145,41.38,28.26,30.25,4.32,24.29,Sundargarh
2023,146,41.42,28.13,29.34,2.72,21.62,Sundargarh
2023,147,41.86,27.86,32.31,3.23,24.9,Sundargarh
2023,148,39.52,25.86,41.09,2.14,27.01,Sundargarh
2023,149,40.4,26.4,37.36,2.17,23.79,Sundargarh
2023,150,41.22,27.3,36.73,2.72,21.34,Sundargarh
2023,151,41.97,29.8,33.91,1.85,16.4,Sundargarh
2023,152,41.82,29.81,28.69,3.71,24.19,Sundargarh
2023,153,42.86,27.83,26.26,3.04,24.9,Sundargarh
2023,154,42.08,28.53,31.27,2.63,24.22,Sundargarh
2023,155,41.33,30.28,35.52,2.28,21.12,Sundargarh
2023,156,39.86,29.05,37.68,1.69,21.87,Sundargarh
2023,157,42.03,28.96,31.95,2.1,22.53,Sundargarh
2023,158,41.49,29.89,26.46,2.96,21.5,Sundargarh
2023,159,42.04,30.35,26.77,2.74,21.98,Sundargarh
2023,160,44.09,29.88,22.2,4.24,23.92,Sundargarh
2023,161,42.94,31.4,29.45,2.73,20.13,Sundargarh
2023,162,44.18,31.58,26.44,4.32,21.77,Sundargarh
2023,163,42.62,31.74,30.02,4.16,19.93,Sundargarh
2023,164,43.92,32.02,30.23,4.3,21.3,Sundargarh
2023,165,42.08,32.2,33.67,5.27,15.67,Sundargarh
2023,166,43.88,31.34,29.76,5.26,22.18,Sundargarh
2023,167,44.42,31.35,28.12,4.07,22.79,Sundargarh
2023,168,45.17,32.67,27.1,2.64,21.38,Sundargarh
2023,169,43.27,32.9,36.28,4.15,21.18,Sundargarh
2023,170,41.84,30.61,40.2,4.63,20.31,Sundargarh
2023,171,39.4,30.18,45.16,4.46,20.28,Sundargarh
2023,172,37.9,29.2,53.99,3.88,19.91,Sundargarh
2023,173,32.88,27.38,72.13,3.34,14.26,Sundargarh
2023,174,30.91,26.19,80.83,2.36,18.23,Sundargarh
2023,175,31.27,25.58,81.42,3.73,17.03,Sundargarh
2023,176,29.17,25.19,87.63,3.35,11.72,Sundargarh
2023,177,30.25,24.56,86.47,3.2,10.16,Sundargarh
2023,178,31.33,23.24,85.6,4.79,6.28,Sundargarh
2023,179,27.38,23.05,88.38,7.22,7.54,Sundargarh
2023,180,31.88,23.99,81.58,4.78,14.28,Sundargarh
2023,181,29.41,25.04,82.22,4.1,13.35,Sundargarh
2023,182,31.67,24.25,77.6,3.72,17.38,Sundargarh
2023,183,32.9,25.46,77.41,3.4,18.39,Sundargarh
2023,184,32.04,25.86,80.86,2.45,18.22,Sundargarh
2023,185,31.83,25.74,83.44,2.34,18.59,Sundargarh
2023,186,33.23,25.27,78.31,2.68,20.95,Sundargarh
2023,187,29.74,25.66,84.89,2.82,14.27,Sundargarh
2023,188,30.48,25.07,86.11,3.95,10.26,Sundargarh
2023,189,30.84,25.16,86.41,3.94,9.28,Sundargarh
2023,190,31.97,24.58,82.45,4.39,15.2,Sundargarh
2023,191,31.59,24.46,81.35,3.6,17.87,Sundargarh
2023,192,31.8,25.29,81.74,2.72,19.21,Sundargarh
2023,193,31.97,24.61,82.08,2.99,16.68,Sundargarh
2023,194,32.13,25.12,80.42,2.68,18.75,Sundargarh
2023,195,31.05,25.27,81.78,2.98,16.19,Sundargarh
2023,196,29.28,25.49,87.42,3.22,5.25,Sundargarh
2023,197,31.09,24.97,85.42,3.7,11.49,Sundargarh
2023,198,31.26,24.94,87.01,3.23,14.21,Sundargarh
2023,199,31.83,24.92,83.67,4.06,15.36,Sundargarh
2023,200,32.8,25.37,83.12,3.89,18.29,Sundargarh
2023,201,33.16,25.37,83.06,4.19,16.93,Sundargarh
2023,202,32.92,26.03,84.65,4.96,13.65,Sundargarh
2023,203,31.5,25.22,86.19,4.39,14.24,Sundargarh
2023,204,30.38,25.25,85.72,3.37,16.09,Sundargarh
2023,205,31.46,25.09,83.38,3.2,19.64,Sundargarh
2023,206,33.1,24.72,81.44,3.85,20.06,Sundargarh
2023,207,32.32,25.08,82.72,5.15,16.57,Sundargarh
2023,208,32.9,25.33,83.38,4.12,15.62,Sundargarh
2023,209,32.84,26.25,83.33,2.53,16.35,Sundargarh
2023,210,32.6,26.62,84.98,3.67,15.56,Sundargarh
2023,211,29.16,26.11,90.46,4.69,14.45,Sundargarh
2023,212,29.89,25.44,89.32,3.72,13.77,Sundargarh
2023,213,30.21,25.8,91.89,5.59,9.72,Sundargarh
2023,214,29.58,25.23,90.13,8.59,8.62,Sundargarh
2023,215,29.22,24.36,88.59,9.87,5.38,Sundargarh
2023,216,27.8,23.33,91.49,8.84,5.84,Sundargarh
2023,217,28.44,23.82,89.65,5.95,5.36,Sundargarh
2023,218,30.22,24.02,88.3,6.43,9.99,Sundargarh
2023,219,28.86,24.35,89.87,5.32,8.35,Sundargarh
2023,220,29.45,24.16,87.97,5.04,9.65,Sundargarh
2023,221,30.71,23.37,84.45,4.38,15.15,Sundargarh
2023,222,30.47,23.67,84.66,3.52,14.61,Sundargarh
2023,223,29.1,24.15,87.47,2.86,13.33,Sundargarh
2023,224,30.22,24.42,88.16,3.28,16.41,Sundargarh
2023,225,29.53,24.49,87.64,2.99,11.05,Sundargarh
2023,226,29.14,24.31,88.67,3.53,12.73,Sundargarh
2023,227,30.66,23.66,85.36,3.39,14.2,Sundargarh
2023,228,30.74,24.27,86.72,3.11,13.85,Sundargarh
2023,229,28.72,24.67,91.46,2.71,4.36,Sundargarh
2023,230,31.16,24.59,87.02,2.61,16.26,Sundargarh
2023,231,30.9,24.44,88.17,4.13,13.62,Sundargarh
2023,232,30.55,24.89,86.22,3.19,14.07,Sundargarh
2023,233,30.83,24.3,84.5,2.22,14.74,Sundargarh
2023,234,30.51,25.01,87.4,2.89,17.15,Sundargarh
2023,235,29.96,24.87,90.08,3.68,12.96,Sundargarh
2023,236,28.8,24.77,90.61,4.26,9.71,Sundargarh
2023,237,29.29,24.12,88.02,4.45,13.61,Sundargarh
2023,238,30.21,23.95,86.12,4.13,17.45,Sundargarh
2023,239,30.61,24.48,85.76,4.34,19.14,Sundargarh
2023,240,30.4,23.96,83.94,3.53,20.02,Sundargarh
2023,241,30.97,22.99,82.58,2.78,18.39,Sundargarh
2023,242,31.53,22.51,81.1,2.02,19.7,Sundargarh
2023,243,31.4,24.39,81.54,1.79,20.72,Sundargarh
2023,244,31.77,24.43,82.77,2.28,19.09,Sundargarh
2023,245,31.5,24.52,83.57,2.4,17.32,Sundargarh
2023,246,30.54,24.77,86.85,2.4,11.54,Sundargarh
2023,247,28.14,24.85,90.53,2.32,11.48,Sundargarh
2023,248,30.28,23.98,88.52,3.17,12.64,Sundargarh
2023,249,30.3,24.2,88.22,4.05,15.79,Sundargarh
2023,250,28.78,24.82,92.63,4.02,13.56,Sundargarh
2023,251,29.01,24.49,90.2,4.06,9.16,Sundargarh
2023,252,30.07,24.09,88.32,2.87,12.3,Sundargarh
2023,253,30.91,24.76,87.93,2.84,16.17,Sundargarh
2023,254,30.78,24.7,84.77,1.6,15.34,Sundargarh
2023,255,30.9,25.08,86.81,2.09,15.52,Sundargarh
2023,256,29.85,24.88,86.66,1.27,18.1,Sundargarh
2023,257,28.84,24.91,91.06,3.62,11.92,Sundargarh
2023,258,29.73,24.79,91.72,4.4,12.03,Sundargarh
2023,259,28.75,23.86,89.26,2.92,11.89,Sundargarh
2023,260,30.37,22.95,85.92,2.53,15.05,Sundargarh
2023,261,30.79,23.38,86.18,2.59,19.98,Sundargarh
2023,262,31.49,24.35,83.98,1.52,17.05,Sundargarh
2023,263,29.05,24.8,89.44,2.32,13.2,Sundargarh
2023,264,29.02,24.97,91.7,2.85,4.95,Sundargarh
2023,265,28.36,24.78,93.53,3.87,7.39,Sundargarh
2023,266,29.19,24.63,90.58,3.69,8.6,Sundargarh
2023,267,29.07,24.65,90.16,2.79,12.85,Sundargarh
2023,268,30.68,23.6,82.42,1.06,13.34,Sundargarh
2023,269,30.81,24.65,79.9,1.13,15.06,Sundargarh
2023,270,30.68,24.94,82.05,0.93,15.37,Sundargarh
2023,271,29.97,24.54,84.76,1.32,14.29,Sundargarh
2023,272,29.68,25.42,84.4,0.91,16.29,Sundargarh
2023,273,29.48,24.05,86.95,2.76,13.8,Sundargarh
2023,274,29.12,24.07,90.65,3.84,11.7,Sundargarh
2023,275,28.85,24.7,93.05,4.6,5.39,Sundargarh
2023,276,27.96,24.69,93.53,3.62,9.48,Sundargarh
2023,277,29.42,22.87,87.44,5.29,10.88,Sundargarh
2023,278,28.99,21.36,86.11,3.77,12.25,Sundargarh
2023,279,30.49,22.79,86.48,2.36,18.69,Sundargarh
2023,280,30.46,23.04,86.31,2.44,17.82,Sundargarh
2023,281,30.21,21.48,76.4,1.82,20.37,Sundargarh
2023,282,30.21,20.68,84.19,2.52,20.45,Sundargarh
2023,283,30.62,21.59,82.86,2.27,20.19,Sundargarh
2023,284,30.72,21.47,78.21,2.13,19.92,Sundargarh
2023,285,30.48,20.69,77.84,1.9,18.69,Sundargarh
2023,286,29.98,21.13,77.63,1.72,17.02,Sundargarh
2023,287,29.53,20.35,72.76,2.02,20.01,Sundargarh
2023,288,29.17,19.0,78.07,2.04,19.89,Sundargarh
2023,289,29.63,19.45,76.36,1.84,19.31,Sundargarh
2023,290,29.81,19.95,74.31,1.96,17.34,Sundargarh
2023,291,28.68,19.75,76.42,1.66,17.49,Sundargarh
2023,292,28.76,19.64,72.84,1.17,18.19,Sundargarh
2023,293,28.18,19.08,72.89,1.59,18.46,Sundargarh
2023,294,27.44,16.85,69.34,2.01,20.65,Sundargarh
2023,295,27.0,16.36,68.86,1.98,20.01,Sundargarh
2023,296,27.24,16.48,77.92,2.71,16.73,Sundargarh
2023,297,28.1,18.5,78.32,2.07,17.12,Sundargarh
2023,298,27.74,19.0,78.99,1.95,17.48,Sundargarh
2023,299,27.21,17.2,75.33,1.86,17.58,Sundargarh
2023,300,26.52,16.21,66.07,1.55,17.73,Sundargarh
2023,301,26.7,17.37,68.54,1.13,18.24,Sundargarh
2023,302,26.63,16.04,69.05,1.34,18.96,Sundargarh
2023,303,26.3,16.52,72.1,1.39,18.31,Sundargarh
2023,304,26.57,17.19,77.32,2.07,17.42,Sundargarh
2023,305,26.93,16.1,78.31,1.4,18.05,Sundargarh
2023,306,27.54,18.02,79.82,1.4,16.16,Sundargarh
2023,307,27.78,19.26,80.44,1.13,11.31,Sundargarh
2023,308,27.75,19.66,79.46,1.14,14.42,Sundargarh
2023,309,27.63,18.63,76.23,2.31,15.6,Sundargarh
2023,310,26.82,15.84,65.95,1.91,16.52,Sundargarh
2023,311,26.94,17.8,64.88,1.53,17.06,Sundargarh
2023,312,26.3,14.95,65.84,1.95,17.46,Sundargarh
2023,313,26.76,14.83,72.29,2.04,16.49,Sundargarh
2023,314,27.17,15.98,71.31,1.63,16.67,Sundargarh
2023,315,26.69,16.07,75.63,1.9,16.18,Sundargarh
2023,316,27.33,16.58,72.67,1.3,12.97,Sundargarh
2023,317,25.36,16.0,74.38,1.71,12.36,Sundargarh
2023,318,24.93,15.19,72.3,1.53,13.75,Sundargarh
2023,319,25.01,14.28,74.67,2.72,16.11,Sundargarh
2023,320,25.57,14.33,80.81,3.47,16.05,Sundargarh
2023,321,26.82,16.6,84.8,2.54,14.45,Sundargarh
2023,322,26.81,17.37,81.45,1.68,15.29,Sundargarh
2023,323,26.04,16.22,79.49,1.85,16.97,Sundargarh
2023,324,26.0,14.93,78.19,1.99,15.88,Sundargarh
2023,325,25.05,14.39,74.93,1.65,16.01,Sundargarh
2023,326,24.68,13.75,71.32,1.59,14.78,Sundargarh
2023,327,23.91,13.37,68.56,1.34,13.6,Sundargarh
2023,328,24.32,12.78,69.88,1.75,13.06,Sundargarh
2023,329,23.95,14.0,71.71,1.9,12.79,Sundargarh
2023,330,24.07,12.91,72.78,2.38,14.67,Sundargarh
2023,331,23.78,14.55,76.12,1.77,10.21,Sundargarh
2023,332,24.86,13.85,79.6,1.74,13.32,Sundargarh
2023,333,26.2,15.01,71.09,1.55,14.78,Sundargarh
2023,334,26.19,15.7,78.68,1.89,14.2,Sundargarh
2023,335,26.23,15.88,80.54,2.24,14.07,Sundargarh
2023,336,26.39,16.04,80.39,2.71,13.25,Sundargarh
2023,337,26.65,15.99,79.64,2.81,12.36,Sundargarh
2023,338,25.06,16.48,81.47,2.44,7.44,Sundargarh
2023,339,21.12,18.47,90.33,2.78,4.74,Sundargarh
2023,340,22.13,17.81,92.98,4.56,4.48,Sundargarh
2023,341,22.89,17.35,92.66,3.53,2.53,Sundargarh
2023,342,24.04,16.6,85.93,2.07,11.56,Sundargarh
2023,343,23.82,14.46,79.89,1.74,14.8,Sundargarh
2023,344,22.64,12.44,73.04,1.94,15.44,Sundargarh
2023,345,21.95,11.24,69.38,1.53,15.84,Sundargarh
2023,346,22.0,10.8,74.21,1.61,15.78,Sundargarh
2023,347,22.5,11.94,79.67,1.54,14.13,Sundargarh
2023,348,21.86,10.16,65.89,1.49,14.06,Sundargarh
2023,349,21.13,8.94,60.92,1.64,15.79,Sundargarh
2023,350,21.36,8.23,66.16,1.87,16.32,Sundargarh
2023,351,21.15,8.47,63.46,1.5,16.3,Sundargarh
2023,352,21.25,9.15,70.2,2.47,14.09,Sundargarh
2023,353,21.29,8.53,64.34,2.57,15.27,Sundargarh
2023,354,20.23,8.36,63.34,2.27,15.07,Sundargarh
2023,355,20.47,8.52,63.82,1.69,15.16,Sundargarh
2023,356,21.52,10.03,66.26,1.49,14.11,Sundargarh
2023,357,20.87,11.97,72.58,1.47,9.1,Sundargarh
2023,358,22.29,10.43,77.37,1.7,14.3,Sundargarh
2023,359,23.95,11.09,75.06,1.91,14.72,Sundargarh
2023,360,23.84,10.89,72.13,2.05,13.0,Sundargarh
2023,361,23.13,10.56,72.82,1.95,12.54,Sundargarh
2023,362,22.22,10.14,71.52,1.79,12.39,Sundargarh
2023,363,22.46,10.36,70.41,1.44,12.21,Sundargarh
2023,364,22.08,10.79,74.61,1.45,11.2,Sundargarh
2023,365,22.02,11.21,79.49,1.36,9.35,Sundargarh
2024,1,23.25,11.26,74.03,1.43,12.43,Sundargarh
2024,2,23.03,11.23,74.08,1.37,13.57,Sundargarh
2024,3,23.59,10.93,74.51,1.57,13.47,Sundargarh
2024,4,24.29,12.51,70.35,1.19,12.69,Sundargarh
2024,5,23.9,12.7,72.38,2.06,10.9,Sundargarh
2024,6,23.45,11.7,76.46,1.86,7.43,Sundargarh
2024,7,23.4,12.52,72.75,1.77,11.98,Sundargarh
2024,8,24.6,12.6,69.07,1.69,12.09,Sundargarh
2024,9,24.05,12.17,72.14,2.04,14.64,Sundargarh
2024,10,24.88,12.86,78.19,2.18,11.52,Sundargarh
2024,11,25.1,14.25,77.76,2.52,13.35,Sundargarh
2024,12,23.97,11.35,68.02,2.41,16.9,Sundargarh
2024,13,23.71,8.89,57.22,2.58,17.04,Sundargarh
2024,14,23.15,8.85,61.24,2.37,16.96,Sundargarh
2024,15,22.86,8.58,62.07,2.46,15.75,Sundargarh
2024,16,22.49,8.33,66.23,2.6,14.61,Sundargarh
2024,17,22.86,10.09,80.48,2.57,6.4,Sundargarh
2024,18,22.68,15.06,87.09,2.06,4.7,Sundargarh
2024,19,22.89,11.72,77.27,2.47,7.65,Sundargarh
2024,20,22.67,11.0,77.32,2.05,9.78,Sundargarh
2024,21,22.43,13.25,75.15,1.96,11.81,Sundargarh
2024,22,22.85,9.07,62.1,2.62,16.13,Sundargarh
2024,23,23.01,10.75,68.33,1.95,5.4,Sundargarh
2024,24,21.88,13.39,75.15,1.73,7.35,Sundargarh
2024,25,21.72,8.15,63.86,2.97,16.91,Sundargarh
2024,26,21.97,6.55,53.88,2.67,17.99,Sundargarh
2024,27,22.43,8.67,56.98,2.28,17.32,Sundargarh
2024,28,23.76,7.72,56.16,2.04,16.82,Sundargarh
2024,29,24.11,9.12,62.67,2.11,15.76,Sundargarh
2024,30,23.83,11.24,65.71,1.65,13.7,Sundargarh
2024,31,23.1,12.0,70.13,1.79,11.63,Sundargarh
2024,32,25.23,13.82,70.25,1.84,9.36,Sundargarh
2024,33,25.87,15.44,68.54,2.08,13.93,Sundargarh
2024,34,25.87,11.3,61.28,2.86,18.62,Sundargarh
2024,35,26.83,11.54,59.47,2.35,17.35,Sundargarh
2024,36,27.04,14.14,61.9,1.76,17.78,Sundargarh
2024,37,27.76,14.99,66.71,2.36,15.06,Sundargarh
2024,38,27.09,13.85,69.15,3.11,16.86,Sundargarh
2024,39,25.14,11.01,52.25,3.54,18.37,Sundargarh
2024,40,24.28,8.87,44.38,2.18,20.85,Sundargarh
2024,41,25.05,8.85,43.65,2.32,20.09,Sundargarh
2024,42,27.17,11.3,49.17,2.15,12.56,Sundargarh
2024,43,26.41,15.09,64.56,1.59,14.81,Sundargarh
2024,44,25.25,16.19,71.23,2.28,11.92,Sundargarh
2024,45,28.06,15.02,67.41,2.68,15.84,Sundargarh
2024,46,28.29,15.88,64.67,2.21,16.76,Sundargarh
2024,47,28.7,14.89,62.56,2.65,16.49,Sundargarh
2024,48,28.01,13.83,52.05,2.63,17.74,Sundargarh
2024,49,28.16,14.21,55.09,2.01,18.82,Sundargarh
2024,50,29.49,15.7,54.26,1.86,16.68,Sundargarh
2024,51,29.75,18.67,52.57,2.47,16.9,Sundargarh
2024,52,31.02,17.65,50.84,3.1,16.18,Sundargarh
2024,53,30.66,16.26,52.95,3.59,18.42,Sundargarh
2024,54,28.5,15.34,54.26,2.71,19.16,Sundargarh
2024,55,28.97,14.56,53.13,2.85,13.81,Sundargarh
2024,56,27.52,16.71,69.81,2.88,11.59,Sundargarh
2024,57,29.01,17.19,63.76,2.05,15.69,Sundargarh
2024,58,29.48,18.14,66.18,2.04,15.9,Sundargarh
2024,59,29.01,17.95,65.39,1.98,18.58,Sundargarh
2024,60,30.25,15.78,47.63,2.12,22.02,Sundargarh
2024,61,31.19,15.24,43.31,2.03,20.63,Sundargarh
2024,62,31.89,15.62,46.49,1.99,20.97,Sundargarh
2024,63,31.16,17.15,54.43,2.62,10.9,Sundargarh
2024,64,30.87,19.3,58.09,2.94,11.7,Sundargarh
2024,65,31.11,16.55,52.46,2.69,21.12,Sundargarh
2024,66,31.75,14.78,38.95,2.48,22.66,Sundargarh
2024,67,30.96,17.24,49.16,2.39,17.66,Sundargarh
2024,68,30.87,15.34,39.18,2.73,21.41,Sundargarh
2024,69,30.58,14.94,41.14,2.48,23.06,Sundargarh
2024,70,31.58,14.48,38.17,2.25,23.01,Sundargarh
2024,71,32.69,16.04,42.28,2.56,21.41,Sundargarh
2024,72,34.54,19.42,41.64,1.88,21.22,Sundargarh
2024,73,34.98,19.21,43.02,2.59,20.94,Sundargarh
2024,74,34.71,19.89,39.78,2.98,20.77,Sundargarh
2024,75,35.06,18.21,33.15,1.92,22.49,Sundargarh
2024,76,34.58,18.43,38.73,2.37,19.23,Sundargarh
2024,77,30.87,19.99,55.6,2.62,18.09,Sundargarh
2024,78,28.95,19.76,67.57,2.02,15.18,Sundargarh
2024,79,30.24,19.58,65.92,1.71,9.29,Sundargarh
2024,80,26.19,17.34,70.4,2.37,16.75,Sundargarh
2024,81,29.33,14.28,52.18,2.71,20.62,Sundargarh
2024,82,31.08,15.1,51.43,2.57,24.15,Sundargarh
2024,83,34.04,17.75,43.11,2.25,24.26,Sundargarh
2024,84,34.37,19.94,37.72,1.38,21.27,Sundargarh
2024,85,35.03,21.35,40.61,2.37,19.4,Sundargarh
2024,86,35.34,20.41,45.94,2.28,23.25,Sundargarh
2024,87,35.88,20.43,42.15,2.56,23.19,Sundargarh
2024,88,36.34,21.27,40.82,2.59,19.47,Sundargarh
2024,89,37.84,22.58,39.55,2.06,21.56,Sundargarh
2024,90,38.24,25.79,40.78,2.08,17.54,Sundargarh
2024,91,36.56,25.61,44.65,3.87,21.33,Sundargarh
2024,92,38.03,22.37,44.68,3.59,22.99,Sundargarh
2024,93,38.9,22.15,34.0,2.65,24.2,Sundargarh
2024,94,38.83,22.04,32.91,2.35,23.75,Sundargarh
2024,95,38.91,25.15,32.55,2.49,21.41,Sundargarh
2024,96,39.17,23.71,32.87,3.16,23.67,Sundargarh
2024,97,40.02,23.98,32.09,2.52,23.5,Sundargarh
2024,98,38.48,24.38,38.12,3.24,9.17,Sundargarh
2024,99,31.66,22.15,55.8,3.31,10.73,Sundargarh
2024,100,35.72,21.53,46.84,2.62,18.66,Sundargarh
2024,101,36.67,23.53,42.89,2.27,18.09,Sundargarh
2024,102,32.12,23.2,49.09,2.99,9.48,Sundargarh
2024,103,35.27,21.5,45.33,1.65,15.38,Sundargarh
2024,104,36.63,22.32,40.57,2.47,21.66,Sundargarh
2024,105,37.24,25.86,40.71,2.0,18.7,Sundargarh
2024,106,38.45,25.16,39.36,2.44,21.97,Sundargarh
2024,107,40.72,25.27,38.89,2.3,19.72,Sundargarh
2024,108,41.66,27.1,34.96,4.09,23.79,Sundargarh
2024,109,41.34,24.79,29.03,3.73,27.16,Sundargarh
2024,110,42.03,26.04,29.56,3.07,26.35,Sundargarh
2024,111,42.24,27.04,30.14,2.81,23.74,Sundargarh
2024,112,41.62,27.08,34.29,3.18,22.55,Sundargarh
2024,113,39.82,26.57,34.29,4.19,7.42,Sundargarh
2024,114,39.04,25.12,40.06,4.44,19.36,Sundargarh
2024,115,39.99,24.78,38.15,3.64,24.68,Sundargarh
2024,116,41.22,24.85,32.05,2.97,24.52,Sundargarh
2024,117,41.75,26.31,29.59,2.34,23.48,Sundargarh
2024,118,42.32,27.74,29.08,2.6,21.14,Sundargarh
2024,119,41.63,27.5,31.62,3.34,12.92,Sundargarh
2024,120,41.33,27.6,33.13,2.61,24.05,Sundargarh
2024,121,42.56,27.09,29.56,4.4,23.15,Sundargarh
2024,122,42.56,27.0,28.88,4.18,22.31,Sundargarh
2024,123,41.91,25.57,19.51,3.12,27.11,Sundargarh
2024,124,40.59,23.62,14.75,2.49,27.96,Sundargarh
2024,125,40.83,24.73,15.38,2.19,24.75,Sundargarh
2024,126,42.64,25.91,16.57,2.39,24.71,Sundargarh
2024,127,42.25,27.29,24.87,3.33,22.8,Sundargarh
2024,128,40.0,28.05,36.52,4.85,18.46,Sundargarh
2024,129,39.38,26.42,40.08,2.39,24.34,Sundargarh
2024,130,39.65,27.07,39.82,2.45,21.94,Sundargarh
2024,131,38.97,27.59,39.41,2.9,24.92,Sundargarh
2024,132,40.16,26.75,42.02,3.36,22.45,Sundargarh
2024,133,40.94,27.85,37.08,1.95,20.9,Sundargarh
2024,134,39.68,26.38,41.87,2.4,22.5,Sundargarh
2024,135,39.98,26.47,38.15,2.34,24.04,Sundargarh
2024,136,38.57,27.74,37.74,1.5,19.63,Sundargarh
2024,137,38.0,27.74,39.21,2.75,18.45,Sundargarh
2024,138,35.39,28.22,39.39,2.87,14.29,Sundargarh
2024,139,39.12,26.72,38.78,2.65,14.45,Sundargarh
2024,140,41.2,28.09,36.67,2.94,23.63,Sundargarh
2024,141,42.06,27.91,37.73,2.72,23.18,Sundargarh
2024,142,39.9,27.95,46.59,2.88,23.58,Sundargarh
2024,143,39.4,27.31,48.51,3.02,24.83,Sundargarh
2024,144,38.77,26.74,50.71,3.12,22.98,Sundargarh
2024,145,37.37,25.7,57.27,2.61,24.62,Sundargarh
2024,146,39.16,26.73,52.39,1.77,24.61,Sundargarh
2024,147,41.61,28.53,42.13,3.96,19.39,Sundargarh
2024,148,42.53,29.54,42.3,2.62,22.58,Sundargarh
2024,149,44.59,28.5,28.2,3.04,22.7,Sundargarh
2024,150,45.62,29.93,27.09,3.36,24.71,Sundargarh
2024,151,46.16,31.25,25.63,2.54,23.39,Sundargarh
2024,152,45.07,31.11,35.37,2.65,18.15,Sundargarh
2024,153,42.51,30.59,45.63,4.05,16.38,Sundargarh
2024,154,40.65,28.07,55.7,3.75,20.76,Sundargarh
2024,155,39.53,26.8,61.1,4.17,24.63,Sundargarh
2024,156,40.03,27.27,52.31,3.57,23.4,Sundargarh
2024,157,40.89,27.22,49.96,3.52,23.07,Sundargarh
2024,158,40.27,28.37,46.14,3.04,21.15,Sundargarh
2024,159,41.23,28.68,43.57,2.82,22.47,Sundargarh
2024,160,40.86,29.27,44.12,3.79,22.67,Sundargarh
2024,161,39.75,27.31,51.35,3.01,21.48,Sundargarh
2024,162,40.66,29.18,46.14,2.79,21.78,Sundargarh
2024,163,41.86,30.62,39.79,2.43,21.45,Sundargarh
2024,164,42.77,29.51,36.39,4.07,21.66,Sundargarh
2024,165,42.52,30.4,40.57,4.5,20.68,Sundargarh
2024,166,41.52,30.49,42.91,4.94,22.04,Sundargarh
2024,167,42.87,29.52,42.34,3.36,22.66,Sundargarh
2024,168,37.62,28.06,60.0,4.89,13.84,Sundargarh
2024,169,39.77,28.8,48.66,3.72,20.93,Sundargarh
2024,170,39.82,30.11,50.53,4.49,18.69,Sundargarh
2024,171,38.85,28.4,56.08,5.32,19.78,Sundargarh
2024,172,35.53,28.08,63.51,4.12,16.92,Sundargarh
2024,173,33.26,26.01,72.38,2.86,16.09,Sundargarh
2024,174,33.85,26.1,73.3,2.07,19.58,Sundargarh
2024,175,34.08,26.1,67.81,2.87,20.32,Sundargarh
2024,176,35.47,25.78,67.36,2.61,21.68,Sundargarh
2024,177,36.23,27.99,58.93,1.74,20.43,Sundargarh
2024,178,35.26,28.48,65.17,2.01,21.49,Sundargarh
2024,179,34.93,26.62,70.51,3.09,18.72,Sundargarh
2024,180,34.72,26.7,73.41,1.95,19.58,Sundargarh
2024,181,32.1,26.02,81.33,4.27,11.92,Sundargarh
2024,182,30.9,25.9,84.84,4.86,11.82,Sundargarh
2024,183,32.21,24.99,80.0,5.28,7.25,Sundargarh
2024,184,30.27,25.1,82.07,5.37,6.88,Sundargarh
2024,185,29.68,24.79,88.59,4.03,8.92,Sundargarh
2024,186,31.17,25.25,83.6,4.58,9.09,Sundargarh
2024,187,32.44,25.23,80.99,4.52,12.45,Sundargarh
2024,188,31.68,25.13,81.09,3.62,15.22,Sundargarh
2024,189,32.26,25.2,78.4,2.09,19.34,Sundargarh
2024,190,33.22,25.09,77.35,2.53,18.36,Sundargarh
2024,191,34.84,25.17,74.44,3.08,21.3,Sundargarh
2024,192,32.01,25.98,79.75,2.68,19.61,Sundargarh
2024,193,32.87,26.03,77.41,3.52,19.89,Sundargarh
2024,194,30.68,25.91,84.82,3.61,14.2,Sundargarh
2024,195,32.45,25.81,82.21,2.88,14.78,Sundargarh
2024,196,33.54,26.0,80.42,2.43,13.06,Sundargarh
2024,197,33.42,26.09,80.97,3.78,17.06,Sundargarh
2024,198,31.26,25.62,84.36,4.02,17.35,Sundargarh
2024,199,32.94,25.29,81.49,2.76,16.36,Sundargarh
2024,200,33.12,26.36,80.15,2.7,19.72,Sundargarh
2024,201,35.27,25.55,75.2,5.01,17.35,Sundargarh
2024,202,34.38,26.2,79.17,5.09,15.69,Sundargarh
2024,203,33.11,25.54,81.19,3.44,13.91,Sundargarh
2024,204,33.61,26.09,83.58,3.19,11.82,Sundargarh
2024,205,32.35,25.62,85.89,5.08,9.76,Sundargarh
2024,206,29.61,24.92,90.24,8.6,10.2,Sundargarh
2024,207,29.38,25.18,89.21,6.29,8.77,Sundargarh
2024,208,31.34,25.6,86.49,4.43,15.28,Sundargarh
2024,209,32.47,25.82,87.22,3.05,8.11,Sundargarh
2024,210,31.98,25.72,84.5,4.01,13.37,Sundargarh
2024,211,32.02,24.76,82.45,2.49,15.84,Sundargarh
2024,212,31.1,25.61,83.26,3.71,11.16,Sundargarh
2024,213,29.62,25.64,90.45,3.8,12.24,Sundargarh
2024,214,29.13,25.78,91.75,4.99,10.29,Sundargarh
2024,215,28.79,24.84,90.13,6.9,2.66,Sundargarh
2024,216,29.47,24.62,89.45,7.98,4.4,Sundargarh
2024,217,30.16,24.33,86.91,5.9,11.94,Sundargarh
2024,218,29.76,24.58,87.53,3.64,16.11,Sundargarh
2024,219,30.26,24.81,87.27,3.44,9.0,Sundargarh
2024,220,28.08,24.88,91.67,4.01,9.91,Sundargarh
2024,221,28.89,24.53,91.94,3.14,10.14,Sundargarh
2024,222,29.39,24.91,91.35,3.4,10.29,Sundargarh
2024,223,28.8,24.25,89.42,3.2,16.53,Sundargarh
2024,224,31.16,23.57,84.42,2.29,16.86,Sundargarh
2024,225,31.25,25.04,86.09,2.83,17.1,Sundargarh
2024,226,30.88,24.61,87.91,2.38,13.57,Sundargarh
2024,227,31.2,25.04,86.84,2.48,13.12,Sundargarh
2024,228,30.66,25.06,89.2,2.52,13.13,Sundargarh
2024,229,29.38,25.21,90.15,3.89,12.68,Sundargarh
2024,230,30.23,24.34,89.07,1.93,16.76,Sundargarh
2024,231,30.94,24.97,85.0,1.14,15.41,Sundargarh
2024,232,30.22,25.46,87.94,2.68,15.51,Sundargarh
2024,233,30.5,24.72,88.95,2.85,17.65,Sundargarh
2024,234,28.13,24.84,90.75,2.4,15.91,Sundargarh
2024,235,30.12,24.19,88.91,2.79,10.78,Sundargarh
2024,236,27.71,24.7,91.69,3.73,12.83,Sundargarh
2024,237,28.54,24.44,91.51,4.43,12.1,Sundargarh
2024,238,27.62,24.27,92.19,3.87,9.95,Sundargarh
2024,239,30.24,23.67,87.89,3.69,13.6,Sundargarh
2024,240,28.91,24.34,89.89,4.35,10.61,Sundargarh
2024,241,27.98,24.16,91.84,2.33,12.47,Sundargarh
2024,242,30.08,24.18,88.31,2.81,18.65,Sundargarh
2024,243,31.14,24.44,86.05,2.68,22.76,Sundargarh
2024,244,30.9,24.64,87.74,4.32,19.37,Sundargarh
2024,245,30.72,24.86,88.77,5.86,16.07,Sundargarh
2024,246,29.59,25.09,90.22,4.7,16.06,Sundargarh
2024,247,30.76,24.29,87.53,3.51,18.43,Sundargarh
2024,248,31.05,24.5,84.56,2.13,20.39,Sundargarh
2024,249,30.47,24.85,85.77,1.85,16.63,Sundargarh
2024,250,31.16,24.79,82.3,1.44,18.01,Sundargarh
2024,251,30.98,25.08,82.89,1.36,19.79,Sundargarh
2024,252,30.65,25.59,86.94,2.36,17.74,Sundargarh
2024,253,30.64,25.49,88.87,4.86,13.9,Sundargarh
2024,254,29.26,25.33,92.81,5.47,10.79,Sundargarh
2024,255,30.54,25.26,90.23,4.79,11.45,Sundargarh
2024,256,30.53,24.79,88.27,4.35,16.61,Sundargarh
2024,257,28.53,24.7,90.92,3.42,14.68,Sundargarh
2024,258,29.69,24.19,89.8,4.25,9.8,Sundargarh
2024,259,28.79,24.36,89.02,6.56,9.91,Sundargarh
2024,260,28.26,24.06,90.54,6.83,4.36,Sundargarh
2024,261,29.16,23.68,90.7,6.41,4.91,Sundargarh
2024,262,30.33,23.85,84.36,2.33,13.07,Sundargarh
2024,263,31.44,24.53,77.33,1.0,19.01,Sundargarh
2024,264,31.29,24.43,83.92,2.19,19.7,Sundargarh
2024,265,31.04,24.98,87.43,2.55,17.81,Sundargarh
2024,266,29.17,25.38,89.59,2.13,16.84,Sundargarh
2024,267,32.22,24.46,83.92,2.09,18.44,Sundargarh
2024,268,29.62,25.16,89.05,1.6,13.2,Sundargarh
2024,269,29.72,24.87,89.19,2.8,7.26,Sundargarh
2024,270,28.27,24.81,91.67,3.75,7.47,Sundargarh
2024,271,29.05,24.57,90.64,4.17,10.43,Sundargarh
2024,272,29.89,24.79,88.72,3.05,14.77,Sundargarh
2024,273,30.86,24.22,87.11,2.25,17.36,Sundargarh
2024,274,30.1,24.54,89.05,2.89,18.01,Sundargarh
2024,275,30.86,24.36,88.58,3.01,18.65,Sundargarh
2024,276,30.63,24.39,86.03,3.26,16.69,Sundargarh
2024,277,31.13,24.49,86.06,3.52,16.97,Sundargarh
2024,278,30.99,23.42,86.9,2.87,18.44,Sundargarh
2024,279,31.14,22.91,79.74,1.9,19.91,Sundargarh
2024,280,30.56,22.28,74.98,1.43,18.78,Sundargarh
2024,281,29.56,23.28,80.92,1.71,14.74,Sundargarh
2024,282,28.77,23.27,84.44,1.26,15.42,Sundargarh
2024,283,30.13,24.21,79.65,1.24,16.57,Sundargarh
2024,284,30.57,23.49,80.25,1.26,16.83,Sundargarh
2024,285,30.86,23.52,78.77,1.16,16.17,Sundargarh
2024,286,30.82,23.86,74.93,0.74,14.73,Sundargarh
2024,287,30.51,24.63,76.92,1.25,13.69,Sundargarh
2024,288,30.22,24.21,80.29,1.18,13.64,Sundargarh
2024,289,30.31,24.97,77.42,1.02,13.46,Sundargarh
2024,290,30.26,25.11,79.09,1.16,12.22,Sundargarh
2024,291,30.21,22.94,81.3,1.71,13.09,Sundargarh
2024,292,30.23,23.58,80.27,1.19,13.37,Sundargarh
2024,293,31.36,24.29,75.57,0.95,17.14,Sundargarh
2024,294,29.62,23.39,75.48,1.62,15.42,Sundargarh
2024,295,29.64,22.95,69.65,1.25,13.66,Sundargarh
2024,296,29.43,19.03,76.87,2.69,18.19,Sundargarh
2024,297,29.04,19.09,83.32,3.45,15.58,Sundargarh
2024,298,29.1,20.97,86.15,4.49,8.54,Sundargarh
2024,299,29.08,22.13,86.34,5.77,7.62,Sundargarh
2024,300,28.87,22.05,87.07,6.31,6.52,Sundargarh
2024,301,29.31,22.34,88.44,3.8,4.84,Sundargarh
2024,302,29.12,22.69,87.25,2.37,10.14,Sundargarh
2024,303,29.83,22.31,85.26,1.61,14.14,Sundargarh
2024,304,29.82,22.95,84.73,1.4,14.04,Sundargarh
2024,305,30.71,22.15,81.35,1.38,16.76,Sundargarh
2024,306,29.79,18.86,69.28,1.72,18.25,Sundargarh
2024,307,29.11,19.6,72.18,1.55,16.27,Sundargarh
2024,308,28.15,19.2,68.03,1.52,16.04,Sundargarh
2024,309,27.56,18.71,66.38,1.11,15.71,Sundargarh
2024,310,27.4,18.65,68.58,0.95,14.28,Sundargarh
2024,311,27.59,17.99,70.42,1.17,14.84,Sundargarh
2024,312,27.63,18.04,75.53,1.42,14.5,Sundargarh
2024,313,27.56,18.2,72.89,1.23,12.42,Sundargarh
2024,314,27.36,19.32,70.0,0.77,12.03,Sundargarh
2024,315,27.02,18.56,75.34,1.88,10.37,Sundargarh
2024,316,27.22,17.22,78.95,2.37,15.8,Sundargarh
2024,317,27.48,17.69,77.81,1.95,15.73,Sundargarh
2024,318,27.29,17.25,75.29,1.79,15.55,Sundargarh
2024,319,27.11,16.82,73.08,1.5,16.0,Sundargarh
2024,320,26.38,16.17,73.73,1.84,17.39,Sundargarh
2024,321,25.87,13.84,70.23,1.89,17.53,Sundargarh
2024,322,26.16,14.25,72.72,2.25,16.5,Sundargarh
2024,323,25.9,13.66,72.75,2.31,16.52,Sundargarh
2024,324,25.0,13.66,74.64,2.26,15.74,Sundargarh
2024,325,24.68,13.75,76.27,2.12,14.8,Sundargarh
2024,326,24.53,13.72,74.15,1.42,14.4,Sundargarh
2024,327,24.32,14.84,70.28,0.86,14.33,Sundargarh
2024,328,24.19,15.04,68.16,0.77,14.07,Sundargarh
2024,329,24.06,14.56,72.18,1.09,13.37,Sundargarh
2024,330,24.02,12.54,70.56,1.76,13.95,Sundargarh
2024,331,24.9,12.65,70.37,1.67,14.89,Sundargarh
2024,332,24.31,12.72,68.54,2.39,14.59,Sundargarh
2024,333,24.21,12.4,75.14,3.54,12.43,Sundargarh
2024,334,25.25,13.18,77.22,3.56,15.23,Sundargarh
2024,335,21.66,14.85,86.38,3.19,7.76,Sundargarh
2024,336,23.49,17.33,89.85,2.95,7.55,Sundargarh
2024,337,24.92,17.32,86.9,2.47,5.54,Sundargarh
2024,338,25.45,18.16,83.18,1.86,12.9,Sundargarh
2024,339,27.83,18.32,77.99,1.77,14.84,Sundargarh
2024,340,26.92,15.68,69.13,2.19,15.43,Sundargarh
2024,341,25.95,14.32,69.88,2.44,15.99,Sundargarh
2024,342,25.57,12.8,69.39,2.15,14.55,Sundargarh
2024,343,24.44,14.59,82.01,2.07,9.13,Sundargarh
2024,344,25.76,17.31,88.01,2.66,9.55,Sundargarh
2024,345,24.33,13.49,74.64,3.14,13.07,Sundargarh
2024,346,22.07,9.74,65.35,2.44,13.84,Sundargarh
2024,347,22.68,8.96,68.23,1.99,15.67,Sundargarh
2024,348,23.52,9.76,67.02,2.45,15.1,Sundargarh
2024,349,23.12,8.44,53.81,2.39,16.2,Sundargarh
2024,350,22.63,8.03,62.76,2.82,16.42,Sundargarh
2024,351,22.72,8.12,61.84,2.16,15.81,Sundargarh
2024,352,23.9,8.85,61.84,2.06,16.12,Sundargarh
2024,353,24.68,10.19,62.01,2.26,15.91,Sundargarh
2024,354,25.41,9.91,67.8,2.66,15.37,Sundargarh
2024,355,24.14,14.06,84.19,2.04,13.06,Sundargarh
2024,356,22.59,16.71,85.15,2.02,6.55,Sundargarh
2024,357,25.15,13.74,78.41,1.71,11.86,Sundargarh
2024,358,25.26,12.86,74.66,1.93,13.96,Sundargarh
2024,359,24.33,12.95,79.51,2.51,10.31,Sundargarh
2024,360,21.93,16.77,83.2,1.09,12.55,Sundargarh
2024,361,26.28,15.85,72.87,1.96,13.21,Sundargarh
2024,362,26.94,14.81,72.32,2.38,13.17,Sundargarh
2024,363,27.01,14.76,75.25,1.96,12.94,Sundargarh
2024,364,26.18,16.63,79.89,2.13,14.31,Sundargarh
2024,365,25.97,14.76,75.39,2.32,14.34,Sundargarh
2024,366,24.79,12.18,63.9,2.67,15.3,Sundargarh
